Date,Open,High,Low,Close,Volume,daily_return,return_5d,return_20d,ma10,ma20,ma50,ema20,ema50,volatility_20d,rsi,macd,macd_signal,bb_middle,bb_upper,bb_lower,skew_20d,kurt_20d,spy_return_1d,spy_return_5d,spy_return_20d,spy_rsi,spy_macd,spy_volatility_20d,spy_trend_strength,relative_strength_5d,relative_strength_20d,relative_strength_50d,relative_momentum_score,volume_sma_20,volume_ratio,volume_momentum,volume_trend,abnormal_volume_flag,market_regime
2024-06-27,182.7707183328629,184.62642010992184,182.6119540991644,183.99131774902344,18848900,,,,,,,183.99131774902344,183.99131774902344,,,0.0,0.0,,,,,,0.0,0.0,0.0,0.0,0.0,0.0,0.0,0.0,0.0,0.0,0.0,0.0,0.0,0.0,0.0,0.0,0.0
2024-06-28,182.9096500290429,183.71344974735644,180.56770738280355,180.75624084472656,29156600,-0.017582769360398487,,,,,,183.68321518670945,183.8644519880706,,,-0.2580688128783777,-0.05161376257567554,,,,,,-0.003934951287109856,0.0,0.0,0.0,-0.1675388955661674,0.0,0.0,0.0,0.0,0.0,0.0,0.0,0.0,0.0,0.0,0.0,0.0
2024-07-01,181.6295157623823,182.4730179096056,179.91275737108273,181.5898284912109,16006100,0.00461166730724627,,,,,,183.4838450252334,183.77525106662512,,,-0.39082150287404716,-0.11945531063534988,,,,,,0.002058023732368186,0.0,0.0,0.0,-0.20961236221069157,0.0,0.0,0.0,0.0,0.0,0.0,0.0,0.0,0.0,0.0,0.0,0.0
2024-07-02,180.6570078741676,184.1500780686585,180.17075176456584,183.82260131835935,17372500,0.012295693242843297,,,,,,183.51610752934062,183.77710793924214,,,-0.3122632822961293,-0.15801690496750578,,,,,,0.006729662300142714,0.0,0.0,0.0,0.04580236810375027,0.0,0.0,0.0,0.0,0.0,0.0,0.0,0.0,0.0,0.0,0.0,0.0
2024-07-03,183.43558380831385,184.6660859724945,182.59208172180752,184.39816284179688,10242100,0.0031310704957370206,,,,,,183.6001127971936,183.80146303345998,,,-0.20124252319541824,-0.16666202861308826,,,,,,0.004462634526017029,0.0,0.0,0.0,0.43631588850519165,0.0,0.0,0.0,0.0,0.0,0.0,0.0,0.0,0.0,0.0,0.0,0.0
2024-07-05,184.43786493247495,189.39960668236185,184.3783264542018,189.1416015625,20967500,0.025723893598510017,0.027991993733649467,,,,,184.12787363198467,184.01088023067726,,,0.2664268871327522,-0.08004424546392018,,,,,,0.005766484349109424,0.015136354467181645,0.0,0.0,0.985109117298407,0.0,0.0,0.012855639266467822,0.0,0.0,0.0,0.0,0.0,0.11239913204484075,0.0,0.0,0.0
2024-07-08,188.4469257746695,188.7148640407393,186.3431523395368,187.5835876464844,21035900,-0.008237288376247376,0.037771015649870066,,,,,184.45698925241322,184.1509864038462,,,0.5055123305608618,0.03706706974103621,,,,,,0.0011538715866978855,0.020322611235574328,0.0,0.0,1.453721164027911,0.0,0.0,0.017448404414295737,0.0,0.0,0.0,0.0,0.0,-0.2785201292331754,0.0,0.0,0.0
2024-07-09,188.853806406234,189.89577517091524,187.27597621110635,187.5339813232422,15121400,-0.0002644491656471626,0.032733952564523605,,,,,184.7500361163017,184.2836528712735,,,0.6831119618135801,0.166276048155545,,,,,,0.0009725098044246483,0.01921731156303963,0.0,0.0,1.8463826459300208,0.0,0.0,0.013516641001483976,0.0,0.0,0.0,0.0,0.0,-0.055272677291782535,0.0,0.0,0.0
2024-07-10,187.7026819141074,190.2827936474972,187.5836049591009,189.71714782714844,15952500,0.011641444865094774,0.03206649490603408,,,,,185.22309437447757,184.4967311048372,,,0.9886279528580815,0.33074642909605234,,,,,,0.009895281643110376,0.02242219779714527,0.0,0.0,2.561581658755813,0.0,0.0,0.00964429710888881,0.0,0.0,0.0,0.0,0.0,-0.08173837962296737,0.0,0.0,0.0
2024-07-11,188.3973506682917,189.39961710579536,183.66384453862597,184.1501007080078,25625800,-0.029343932179566434,-0.0013452527398652991,,185.26845703125,,,185.12090450148045,184.48313775594193,,,0.7726309910058262,0.4191233414780071,,,,,,-0.008622454289494041,0.009103150572020047,0.0,0.0,2.715566377465393,0.0,0.0,-0.010448403311885346,0.0,0.0,0.0,0.0,0.0,1.5020064244637332,0.0,0.0,0.0
2024-07-12,183.66383343758727,185.67829936578423,183.0783515483552,183.65391540527344,22898400,-0.002694461207605525,-0.029013639050810336,,185.234716796875,,,184.98119125422264,184.4506192323863,,,0.555015956960375,0.4463018645744807,,,,,,0.006307625614984769,0.009646087093366784,0.0,0.0,3.0787930593411375,0.0,0.0,-0.03865972614417712,0.0,0.0,0.0,0.0,0.0,0.0920901395016096,0.0,0.0,0.0
2024-07-15,183.50505596969933,186.79965977611928,183.50505596969933,185.1027374267578,16474000,0.007888870859557917,-0.01322530532043098,,185.66936645507812,,,184.99276708017834,184.47619249491066,,,0.49377042536843874,0.4557955767332723,,,,,,0.0027498410077320123,0.011255594209904185,0.0,0.0,3.448285350465767,0.0,0.0,-0.024480899530335165,0.0,0.0,0.0,0.0,0.0,-0.21686260155258397,0.0,0.0,0.0
2024-07-16,185.9263913901426,187.2362833659617,181.9669159388501,182.51271057128903,18290700,-0.013992374675137476,-0.026775258097348598,,185.76165466308595,,,184.75657122218888,184.39919320378823,,,0.23354719219923936,0.41134589982646574,,,,,,0.005930226787752568,0.016264242284444563,0.0,0.0,3.957974749017808,0.0,0.0,-0.04303950038179316,0.0,0.0,0.0,0.0,0.0,0.20959038184295098,0.0,0.0,0.0
2024-07-17,181.569963789314,182.14552760174087,178.52344733868037,179.6348876953125,20734100,-0.01576779429207187,-0.05314364171773178,,185.34288330078124,,,184.26879183867686,184.21235769365194,,42.32783216169269,-0.20256283178269996,0.2885641535046326,,,,,,-0.014021015983044616,-0.007802884800008014,0.0,63.08516461728937,3.6950218578928116,0.0,0.0,-0.04534075691772377,0.0,0.0,0.0,0.0,0.0,0.29973985268766645,0.0,0.0,0.0
2024-07-18,180.53794629801197,181.10359218286985,175.1197322388206,176.3303985595703,25315700,-0.018395586615374437,-0.04246374081997695,,184.5361068725586,,,183.51275438352386,183.90326125702128,,37.914860536188534,-0.8055420371065907,0.06974291538238794,,,,,,-0.0076850899114235816,-0.006864745505006931,0.0,57.04053171416621,3.113356905995488,0.0,0.0,-0.03559899531497002,0.0,0.0,0.0,0.0,0.0,-0.012101085624643959,0.0,0.0,0.0
2024-07-19,177.51126425121495,178.91046381081307,175.77465477022162,176.30059814453125,18881900,-0.000169003276136781,-0.04003898988222199,,183.25200653076172,,,182.82588236076265,183.60511760555107,,42.18043286523811,-1.2711589172682523,-0.19843745114774008,,,,,,-0.006640528727991368,-0.019643411025695334,0.0,55.16344411861749,2.3361671236179973,0.0,0.0,-0.020395578856526653,0.0,0.0,0.0,0.0,0.0,-0.17540526849037485,0.0,0.0,0.0
2024-07-22,179.20819962101348,181.3020554172828,178.8509535799711,180.27993774414065,24100300,0.02257133351497287,-0.026054718312988,,182.52164154052736,,,182.5834114448939,183.47471839529967,,47.929752648804566,-1.3040321297648632,-0.4195563868711647,,,,,,0.010310082054099778,-0.012252004095536062,0.0,59.176120356857375,2.141713405291398,0.0,0.0,-0.013802714217451939,0.0,0.0,0.0,0.0,0.0,0.4629294646109021,0.0,0.0,0.0
2024-07-23,180.65700705961785,182.2050679507552,180.15089974687697,180.39898681640625,36352700,0.0006603567416056944,-0.011581241373636697,,181.80814208984376,,,182.37537100408554,183.3541014706372,,44.20166032456691,-1.3054299385799197,-0.5967310972129157,,,,,,-0.0015686194110259288,-0.01961530833592262,0.0,54.97610560375975,1.897157184257594,0.0,0.0,0.008034066962285924,0.0,0.0,0.0,0.0,0.0,0.987496377940702,0.0,0.0,0.0
2024-07-24,172.2716763828317,174.84185492699467,170.5052975643539,171.30909729003906,49585200,-0.050387697219264616,-0.04634840432218945,,179.96733703613282,,,181.32144017417636,182.8817483655157,,32.79416134959389,-2.016767785896434,-0.8807384349496195,,,,,,-0.022662644692026945,-0.028207905779343734,0.0,41.18557804445731,0.7059365432602362,0.0,0.0,-0.018140498542845718,0.0,0.0,0.0,0.0,0.0,1.3914807008744048,0.0,0.0,0.0
2024-07-25,171.19994131459546,172.09304877138803,165.9107228003057,166.00003051757812,44852000,-0.030991154914979724,-0.058585292872812555,,178.15233001708984,181.71039352416992,,179.8622583021194,182.2197202146162,,20.02567748563996,-2.974615952555581,-1.2995139384708119,181.71039352416992,193.3968247986274,170.02396224971244,,,-0.0052103090560375875,-0.02578430774031193,0.0,35.92859068875097,-0.45515383630834094,0.0,0.0,-0.032800985132500626,0.0,0.0,0.0,23390715.0,1.9175129960755795,0.7717068854505307,0.9175129960755796,0.0,0.0
2024-07-26,165.87099888612107,166.80380863547714,162.8046465209646,165.72215270996094,41336900,-0.0016739623887463972,-0.060002322997781854,-0.09929362571326805,176.3591537475586,180.79693527221679,,178.51558157905666,181.5727567830611,0.01859858016078305,20.712550182402197,-3.713334928721764,-1.7822781365210023,180.79693527221679,194.42703601812644,167.16683452630713,-0.6105668886596595,0.56223468373754,0.01119966931668226,-0.008287921597352033,-0.003532307768309706,41.40505406352287,-0.8897505543154693,0.008734433094508397,0.0,-0.05171440140042982,-0.09576131794495835,0.0,0.0,24515115.0,1.6861801382534816,1.1892341342767412,0.6861801382534816,0.0,0.0
2024-07-29,167.5381777702437,169.12592608314606,166.70460877031735,168.23281860351562,20293800,0.015149850834660139,-0.0668245135391754,-0.06928348466800005,174.6721618652344,180.17076416015624,,177.53627081948133,181.0496219524907,0.01887570263668356,25.742098420887075,-4.049505110235373,-2.2357235312638766,180.17076416015624,194.91394732376065,165.42758099655182,-0.7850693877016387,0.6816561170711767,0.0005875724524460058,-0.01783145716688972,0.000992044129833447,41.19980670431946,-1.1951781760667473,0.008689453803484484,0.0,-0.04899305637228568,-0.0702755287978335,0.0,0.0,24071975.0,0.843046737959806,-0.15794409198225745,-0.15695326204019405,0.0,0.0
2024-07-30,168.9373636975669,169.9197787286118,167.1511339019872,168.98696899414062,18959700,0.004482778074368143,-0.06325987758390095,-0.06940289333265315,173.31958770751953,179.54062118530274,,176.7220515980203,180.57657673843775,0.01887284077339464,22.975370210142273,-4.206577955072419,-2.6298944160255853,179.54062118530274,195.08403281307085,163.99720955753463,-0.7845014669287379,0.6827442501877861,-0.005066212758226607,-0.021272080356453782,-0.006124613667110257,33.92680780888985,-1.635922167775675,0.008750155213935164,0.0,-0.041987797227447166,-0.06327827966554289,0.0,0.0,24219655.0,0.78282287670902,-0.4784513942568227,-0.21717712329098,0.0,0.0
2024-07-31,171.91443658888358,172.91670298864665,168.7091404604878,170.22743225097656,25729100,0.007340585278376999,-0.006314113238429786,-0.07395809312826307,172.37884216308595,178.8608627319336,,176.10351642211137,180.1707279350079,0.018687304239557438,29.542123971494163,-4.182748181051039,-2.9404651690306762,178.8608627319336,194.7998748987865,162.9218505650807,-0.7875176564700879,0.7717068533353997,0.016254615253643134,0.01770055141494753,0.0032787213601241927,45.575149168651485,-1.2760519890064188,0.009387229233082378,0.0,-0.024014664653377316,-0.07723681448838726,0.0,0.0,24637485.0,1.044307079233128,-0.48111331607011765,0.04430707923312789,0.0,0.0
2024-08-01,168.94730744825696,172.718234225876,167.58779504728142,169.45339965820312,24531400,-0.004547049688397031,0.020803424733462972,-0.0810461609447568,171.6911422729492,178.1136245727539,,175.47017196840582,179.7504405516038,0.018619053746465997,29.302856215899297,-4.178157673978575,-3.1880036700202563,178.1136245727539,194.35793621654497,161.86931292896284,-0.7303212237340334,0.7560731852288687,-0.014161096725278322,0.008543619422678228,-0.015323058969485603,37.58035076156029,-1.58739902958132,0.009854792346386854,0.0,0.012259805310784744,-0.0657231019752712,0.0,0.0,25351950.0,0.967633653427054,-0.45305894943369307,-0.03236634657294606,0.0,0.0
2024-08-02,165.16644779514462,167.22060083165107,163.40998712477472,165.384765625,29130100,-0.024010341730586582,-0.00203585989829258,-0.12560344070920737,170.59955902099608,176.9257827758789,,174.50965707855764,179.1870807505605,0.017733319558030335,23.30019334330686,-4.451510189046502,-3.4407049738255053,176.9257827758789,193.24888296932616,160.60268258243164,-0.7348414074237558,0.5508933291561984,-0.018618143441709534,-0.021195872900274804,-0.0391963745699454,31.392251259509976,-2.6010739377697973,0.01049684556406791,0.0,0.019160013001982223,-0.08640706613926197,0.0,0.0,25760080.0,1.1308233514802748,-0.29530032489131985,0.1308233514802749,0.0,0.0
2024-08-05,154.3101724717456,163.17183620146417,153.7445266292353,158.03147888183594,53630700,-0.0444616934055293,-0.0606382262768943,-0.15754101483729843,168.3747131347656,175.44817733764648,,172.94030677410797,178.35744930472816,0.01966124064796194,20.637955677007895,-5.201532780773249,-3.7928705352150542,175.44817733764648,193.0121755517202,157.88417912357278,-0.650851814717787,-0.19865692803883944,-0.029123806647390005,-0.050260415860232555,-0.0682537491079982,23.36180058802283,-4.575059343020371,0.012089044388363914,0.0,-0.010377810416661748,-0.08928726572930024,0.0,0.0,27389820.0,1.9580522982626392,1.6427135381249447,0.9580522982626392,0.0,0.0
2024-08-06,158.11084703677423,159.34136430659962,155.21319199044268,157.07879638671875,49004600,-0.006028434979270969,-0.07046799335062792,-0.16239822096044276,166.04269409179688,173.9254180908203,,171.42968673721373,177.52299232755132,0.01957858152537446,21.63713920071247,-5.80587805560242,-4.195472039292527,173.9254180908203,192.33787521304916,155.51296096859144,-0.6140783274347642,-0.1904189850841158,0.009219426109186468,-0.03662369260177234,-0.06057718129707679,29.766163255597846,-5.697782706094358,0.012385161604046372,0.0,-0.03384430074885558,-0.10182103966336598,0.0,0.0,29083980.0,1.6849344553255778,1.584671698391852,0.6849344553255778,0.0,0.0
2024-08-07,160.0161531809976,161.73291139086032,157.25742629410797,157.7238311767578,25138600,0.00410644087475065,-0.07345232732985096,-0.16863692616515502,164.68416748046874,172.32575225830078,,170.12436716002748,176.74655463536334,0.019237362526526407,24.92644898851637,-6.161748324076854,-4.588727296249393,172.32575225830078,190.51928677803832,154.13221773856324,-0.6335420540418022,-0.08616912774450121,-0.006683925516912992,-0.05836868285613561,-0.07599945903738703,30.042271988044618,-6.784444367746005,0.01202291081245514,0.0,-0.015083644473715352,-0.09263746712776799,0.0,0.0,29543285.0,0.8509074058622798,-0.022950666754764093,-0.1490925941377203,0.0,0.0
2024-08-08,159.28183313078614,162.43750885518617,158.98414073021175,160.7902069091797,25578800,0.01944142308453989,-0.05112433723075238,-0.12685246279538043,164.1631851196289,171.1577575683594,,169.2353995170896,176.12081550884633,0.01961305824762488,30.67989633434881,-6.125733537827102,-4.8961285445649345,171.1577575683594,189.15332237487476,153.162192761844,-0.7709290616828304,0.23942205860951354,0.023117361125918112,-0.022761888225783844,-0.04641677710073322,40.192538741485556,-6.624149951654772,0.013381351802701396,0.0,-0.028362449004968537,-0.08043568569464721,0.0,0.0,29540935.0,0.8658764524548732,0.04269629943664044,-0.1341235475451268,0.0,0.0
2024-08-09,158.78564981676743,162.53672526881738,157.84292193770273,162.4176483154297,28602300,0.010121520691675157,-0.017940693015813025,-0.11563198662539365,163.83273468017578,170.0959442138672,,168.58608987883628,175.58343640322215,0.0199528964669911,26.365536750125017,-5.89788351006365,-5.096479537664678,170.0959442138672,187.48274061030804,152.70914781742636,-0.8054660162097647,0.14312396784258852,0.004409692610797711,0.00016871607652002574,-0.04821526995213499,37.99062451114109,-6.240724176600111,0.013323789962885305,0.0,-0.01810940909233305,-0.06741671667325866,0.0,0.0,29826130.0,0.9589678580493011,-0.018118715692702736,-0.04103214195069894,0.0,0.0
2024-08-12,163.09245277727376,163.638232240746,160.60164879815585,161.04820251464844,15895300,-0.008431631752983337,0.019089384305946977,-0.12995234563523061,163.11427307128906,168.89321746826172,,167.86819584415173,175.01342723112123,0.019689860364369666,25.216116073151767,-5.761399723017092,-5.229463574735161,168.89321746826172,185.20372442900427,152.58271050751918,-0.7202990737470615,0.1646943516134001,0.000525405070076923,0.030712480790472174,-0.050326648156196474,38.55338880306298,-5.847377587382994,0.013287922715067367,0.0,-0.011623096484525197,-0.07962569747903414,0.0,0.0,29797195.0,0.5334495411396946,-0.7036156529748819,-0.4665504588603055,0.0,0.0
2024-08-13,162.1596237343071,163.46951549041373,161.72298810159427,162.9038848876953,18551700,0.011522527690913442,0.03708386258980201,-0.10743813744377306,162.50596466064454,167.91277618408202,,167.39540432448922,174.53854321765354,0.02001967370858773,36.78626839591609,-5.440779361834217,-5.271726732154972,167.91277618408202,183.09456054211623,152.7309918260478,-0.85077124524005,0.20988792191565525,0.016445611346070477,0.0380925600076103,-0.04039933885233604,50.47200583985582,-4.789144809044728,0.013835555354515106,0.0,-0.0010086974178082908,-0.06703879859143702,0.0,0.0,29810245.0,0.6223263176803814,-0.6214294168302568,-0.3776736823196186,0.0,0.0
2024-08-14,161.15734902797854,161.9710818575429,156.5032484754406,159.14288330078125,40591100,-0.02308724306671306,0.008997068568751265,-0.11407586052709728,161.397509765625,166.88817596435547,,166.60944994127894,173.93479184836443,0.020282938008993445,38.66841021596644,-5.427600808161799,-5.3029015473563375,166.88817596435547,181.4940021133051,152.28234981540584,-0.7885722075567976,-0.017699089219208455,0.003154779942889041,0.04837477248790445,-0.02368305443508123,53.1523373930538,-3.7722109439775977,0.013578750944754287,0.0,-0.039377703919153184,-0.09039280609201605,0.0,0.0,30803095.0,1.3177604393324762,0.6146921467384818,0.31776043933247616,0.0,0.0
2024-08-15,159.27189898700752,160.40317542086007,158.38870962322818,160.06578063964844,31524300,0.005799174425682008,-0.004505412882144233,-0.09223944398008688,160.45874786376953,166.07494506835937,,165.98624334112364,173.39090905586576,0.0202160445895547,40.84782585376211,-5.281801289697853,-5.298681495824641,166.07494506835937,180.27265332462989,151.87723681208885,-0.9709746701859704,0.2839196695064791,0.017140163092787875,0.04225001704322873,0.0007419692540060474,54.90397894418129,-2.206200320231119,0.014071770031366929,0.0,-0.04675542992537296,-0.09298141323409292,0.0,0.0,31113525.0,1.0132024577735887,0.232438581950678,0.013202457773588817,0.0,0.0
2024-08-16,160.23448454041534,163.79701137732062,159.8970897454957,161.7130889892578,24208600,0.010291446073148691,-0.004337948083102172,-0.0827422556066123,160.09158020019532,165.3455696105957,,165.57927625999355,172.9329553277635,0.020471225752313856,39.147688261592045,-4.975970216975782,-5.234139240054869,165.3455696105957,178.8113383374248,151.87980088376662,-0.9982581817618422,0.23770040073420765,0.0022421066199815876,0.040000768999834735,0.009690619010083612,55.370685550999774,-0.8574939507102499,0.013986703381673073,0.0,-0.04433871708293691,-0.09243287461669591,0.0,0.0,31379860.0,0.7714693437128145,-0.15361352059100142,-0.22853065628718547,0.0,0.0
2024-08-19,164.01535061555833,165.41456556424006,163.00315095672093,165.39471435546875,22416200,0.022766403073628094,0.026988887630863045,-0.08256727606483594,160.8279037475586,164.6013084411621,,165.5616989357531,172.63733803473232,0.020484647451137847,44.55156182872848,-4.385961851960474,-5.06450376243599,164.6013084411621,176.09218789137967,153.11042899094454,-0.9950300533855563,0.23629564045951806,0.009561430105987645,0.04939330709874579,0.008942426091553601,59.62821460504521,0.6219711347575867,0.013960256587219477,0.0,-0.02240441946788274,-0.09150970215638954,0.0,0.0,31295655.0,0.7162719553241497,0.4102407629928344,-0.2837280446758504,0.0,0.0
2024-08-20,165.62293103111787,167.34962258490438,165.54355648931903,165.90078735351562,18341500,0.003059789425671866,0.018396752587492626,-0.08036741069752007,161.7101028442383,163.87639846801758,,165.5939930707781,172.3731595766454,0.020520969223220414,43.288177700061745,-3.833351619104718,-4.818273333769736,163.87639846801758,172.68791711453343,155.06487982150173,-1.0074918020278893,0.23931864174311335,-0.0016262836738469844,0.03073561851334472,0.008884154764789765,54.72167049108167,1.7030877944681606,0.01396072054690983,0.0,-0.012338865925852094,-0.08925156546230983,0.0,0.0,30395095.0,0.6034361794230286,-0.011330498013659152,-0.39656382057697137,0.0,0.0
2024-08-21,163.88630724691845,165.57331138365288,163.40998432722168,164.58096313476562,22902000,-0.007955503043741485,0.0341710525861616,-0.03927482113738656,162.39581604003905,163.5399917602539,,165.49751402925313,172.0675832455913,0.017430965955515895,42.56736435227894,-3.461995088088372,-4.547017684633463,163.5399917602539,171.64186417808284,155.43811934242498,-0.9485850201631909,0.5368606467645046,0.0034365717663653594,0.03102515794960148,0.035825809858236246,61.33642286762298,2.680329447135591,0.01285413811925238,0.0,0.0031458946365601204,-0.07510063099562281,0.0,0.0,29060935.0,0.7880682435028329,-0.4357876480312186,-0.21193175649716708,0.0,0.0
2024-08-22,165.9801781592332,166.3076549289941,162.06040523845343,162.54666137695312,22493300,-0.012360492483852625,0.015499132465357057,-0.020803424733462972,162.57146148681642,163.36732330322266,,165.21648044331977,171.69421376054666,0.016249756491389582,45.384142701188956,-3.2938737856293585,-4.296388904832642,163.36732330322266,171.39530365941204,155.3393429470333,-1.0408623562709525,1.3913888262410552,-0.007848402853028458,0.005695472734065232,0.033078891923092435,66.2033202094367,3.0725517805792606,0.012943521046910792,0.0,0.009803659731291825,-0.05388231665655541,0.0,0.0,27943000.0,0.8049708334824464,-0.2864774158347687,-0.1950291665175536,0.0,0.0
2024-08-23,163.45964509800748,164.90846541930796,162.57645554427228,164.35275268554688,13955700,0.011111217500834103,0.016323129517762158,-0.008263228554668323,162.7649719238281,163.29885330200196,,165.1342206568652,171.40631332623295,0.016468695929843062,62.544307817994785,-2.9805421333234676,-4.0332195505308075,163.29885330200196,171.26539270203517,155.33231390196875,-1.1065286141814024,1.3547979673962622,0.010625273593212858,0.014107525087947215,0.03249206805879257,85.8860358779438,3.8053830244708706,0.012921972037468516,0.0,0.0022156044298149435,-0.04075529661346089,0.0,0.0,26573940.0,0.5251648795775109,-0.42352304552927467,-0.4748351204224891,0.0,0.0
2024-08-26,165.1069286953162,166.26797448558267,163.20162161831217,164.88861083984375,14190400,0.003260414842713999,-0.0030599739392958014,-0.019878450539150605,163.14901275634764,163.13164291381835,,165.1108292457203,171.15071715029612,0.016092530434434902,65.75896256800908,-2.6583415599966145,-3.7582439524239692,163.13164291381835,170.79682656201265,155.46645926562405,-1.1137254358151973,1.5532009377395388,-0.0023838081109496256,0.0021084969916655982,0.029425942766660107,82.79013341245108,4.2317490417975705,0.01295223454089067,0.0,-0.0051684709309614,-0.04930439330581071,0.0,0.0,26268770.0,0.5402003976585124,-0.3669578251443153,-0.45979960234148765,0.0,0.0
2024-08-27,164.5710342489987,165.16644927065664,163.20160392643822,163.41990661621094,11821900,-0.00890725087774169,-0.014954002189382143,-0.03294373768028658,163.20061492919922,162.85328979492186,,164.94978899529085,170.84754810974377,0.016136200665144686,61.12400422429455,-2.4927723131500272,-3.505149624569181,162.85328979492186,170.01069427878653,155.6958853110572,-0.9756695353652733,1.2876371136155293,0.0013731822465194998,0.005119183507228842,0.036088577364671526,88.16718360379389,4.577580640143765,0.012859309805705708,0.0,-0.020073185696610985,-0.0690323150449581,0.0,0.0,25911880.0,0.45623474637888106,-0.35545620587192983,-0.5437652536211189,0.0,0.0
2024-08-28,163.77715768210635,164.33288545251102,160.2940205808296,161.6039276123047,16407400,-0.01111234880442713,-0.018088577595837818,-0.05065872476979927,163.44671936035155,162.42211456298827,,164.63113553024453,170.48505318827557,0.016128743052656304,51.67073109687277,-2.4795095780331167,-3.3000216152619686,162.42211456298827,168.69318048900828,156.15104863696826,-0.8081034101172931,1.0434533098768357,-0.005805185168784366,-0.004138070459983378,0.013598241878306272,79.1236488986724,4.542325364458975,0.012500073680740268,0.0,-0.01395050713585444,-0.06425696664810554,0.0,0.0,25445795.0,0.6447980894289214,-0.2835822198934591,-0.35520191057107864,0.0,0.0
2024-08-29,163.05275436266322,164.70005625165825,159.0238224992912,160.5421142578125,19699800,-0.006570467501504806,-0.012332133445004945,-0.052588413206021145,163.49435272216797,161.97655029296874,,164.24170493287008,170.09513401453194,0.016148784062041354,46.05758365963105,-2.525565086456197,-3.1451303095008143,161.97655029296874,167.34555790416675,156.60754268177072,-0.7850475406704526,0.9964018509997525,8.919327757994644e-05,0.0038292097633896294,0.028249792801254614,78.065409201232,4.466819832480951,0.012001593796097833,0.0,-0.016161343208394574,-0.08083820600727576,0.0,0.0,25204215.0,0.7816073621019342,-0.12419253733333924,-0.21839263789806587,0.0,0.0
2024-08-30,161.37570354226852,162.40775443186422,160.4528267322231,162.12989807128906,22123800,0.009890138925956693,-0.01352490042263399,-0.019680576632379543,163.5360336303711,161.8138069152832,,164.04058046986236,169.78277182067927,0.015548123439990026,52.25306826142687,-2.4062062764652694,-2.9973455028937055,161.8138069152832,166.93964504680653,156.68796878375989,-1.0610914637538837,1.9811826306191191,0.009546186583304639,0.002757379195991838,0.057759169114945275,80.27069316660508,4.772120252489572,0.011143034846021383,0.0,-0.016282279618625828,-0.07743974574732482,0.0,0.0,24853900.0,0.8901540603285601,0.5852877318944947,-0.1098459396714399,0.0,0.0
2024-09-03,160.4825844537488,160.61159459119546,155.28267338679814,156.15594482421875,38945300,-0.036846709448022597,-0.05296100180082808,-0.011868104195997375,162.6121566772461,161.72003021240235,,163.2896627893249,169.24838644826906,0.01448127154675285,38.00290055582531,-2.7618250601250622,-2.950241414339977,161.72003021240235,167.19402702612538,156.24603339867932,-0.7028001064304452,0.70448642680602,-0.02057880743185614,-0.015531387548016862,0.06706885384323091,59.46111118009518,4.052986982925404,0.009951875116772414,0.0,-0.037429614252811216,-0.07893695803922829,0.0,0.0,24119630.0,1.6146723643770655,1.744482185139249,0.6146723643770655,0.0,0.0
2024-09-04,155.46131426900152,157.78340604462628,154.76667337142607,155.25291442871094,19353800,-0.005782875551259559,-0.049975503943225585,-0.011623987450938955,161.54736938476563,161.62873611450195,,162.52425818355212,168.69954440828639,0.014476437703904206,42.30173879136818,-3.081006588159738,-2.9763944491039296,161.62873611450195,167.4767747095373,155.7806975194666,-0.7059159169292133,0.7128539244412336,-0.0020469437874175433,-0.018893777105411624,0.05515668479304625,56.85977804189756,3.3553117765083016,0.009917860279308695,0.0,-0.03108172683781396,-0.0667806722439852,0.0,0.0,22637090.0,0.8549597143449091,0.6371141694651452,-0.14504028565509083,0.0,0.0
2024-09-05,155.10407049895832,158.22996215508203,154.78651171708566,156.03688049316406,18688700,0.005049606104580384,-0.03444871174478026,-0.010695597938546242,160.69296112060547,161.54438858032228,,161.90641268922946,168.2029693527914,0.014493705120136122,41.982706978219596,-3.2334277962856675,-3.0278011185402773,161.54438858032228,167.6715698637422,155.41720729690235,-0.7128448928834845,0.7048083466092849,-0.002432293987318923,-0.015565290094700424,0.05967300899736627,46.11234041546097,2.6660347800816453,0.009749490592065084,0.0,-0.018883421650079835,-0.07036860693591251,0.0,0.0,22314595.0,0.8375101587100281,0.13904092056023498,-0.16248984128997188,0.0,0.0
2024-09-06,156.09640040925774,156.62234382988387,149.39804896411633,149.7652130126953,37912100,-0.040193494388293116,-0.06712818810776777,-0.06856757080181941,159.4148162841797,160.99313888549804,169.91404998779296,160.75010795813097,167.47992008455233,0.016220338295478375,29.919989317831252,-3.8163019002817293,-3.185501274888568,160.99313888549804,169.0772861707849,152.90899160021118,-0.8572758697020876,0.5518997755716287,-0.01683009220076248,-0.03221973652171417,0.01829824626058607,36.716768112887785,1.3747945438898341,0.00948827428120596,-0.015814108607480407,-0.0349084515860536,-0.08686581706240548,0.0,0.0,22931260.0,1.6532933646036023,0.9244916192042558,0.6532933646036022,0.0,0.0
2024-09-09,151.54385960268257,152.4282209390493,146.2873778721235,147.7679443359375,39260500,-0.013335998638004831,-0.0885830060106284,-0.09019773486093796,157.75633544921874,160.26065368652343,169.18958251953126,159.513711422684,166.7069014277439,0.016036777498325945,18.59799689615825,-4.3888053018401365,-3.426162080278882,160.26065368652343,170.2350913278874,150.28621604515945,-0.6918351393594466,0.42219603683595563,0.011196137881657853,-0.03063804533861858,0.025178531634671986,37.60785329413602,0.8189276319324108,0.009736616216691798,-0.004796477296780463,-0.057944960672009826,-0.11537626649560995,-0.19694863676827257,-0.12342328797863078,23464170.0,1.6732106867619865,0.7745821242282067,0.6732106867619865,0.0,0.0
2024-09-10,149.4969156283568,150.31172831197244,147.40028159964342,147.71826171875,31118800,-0.00033622053423543186,-0.054033697628142585,-0.082769882480905,156.03930053710937,159.59415664672852,168.5288229370117,158.39033526040458,165.9622488901363,0.01603691973123174,17.07248192502003,-4.791296263385618,-3.6991889169002294,159.59415664672852,171.02248411820236,148.1658291752547,-0.7740731358871149,0.5134677319239193,0.00435591585377737,-0.00595941648464815,0.029103426895447315,40.94655114064453,0.5595627871040278,0.009758450719729153,-0.0006278228660153102,-0.048074281143494435,-0.11187330937635231,-0.1911738394249789,-0.11704047664827522,24225345.0,1.2845554934305372,-0.20096134835268953,0.2845554934305373,0.0,0.0
2024-09-11,148.97025775559644,150.54025030429756,146.5854677760219,150.20240783691406,29607700,0.01681678412174792,-0.03253083274076618,-0.07796914763289742,154.7175506591797,158.95908279418944,167.9010745239258,157.61053264864358,165.34421590765697,0.016350503300472812,25.01488797133061,-4.853871015701486,-3.930125336660481,158.95908279418944,171.00780795489402,146.91035763348486,-0.7122583624269567,0.4013683270827768,0.010258848410452215,0.006298130882773645,0.022839620089293744,44.695441311257795,0.7887068913385065,0.009348554122553528,0.009290811075236965,-0.038828963623539825,-0.10080876772219116,-0.18949802339785848,-0.10971191824786315,24778145.0,1.1949118870682207,0.5298132666453099,0.1949118870682208,0.0,0.0
2024-09-12,152.8256911821986,153.839233801539,151.68296725155358,153.71005249023438,29621500,0.023352785776435958,-0.01491203871530633,-0.034138069499964896,153.92816314697265,158.68744125366212,167.29882354736327,157.2390583478427,164.88797420501297,0.016777539255298495,35.39287071094316,-4.567769940291498,-4.057654257386685,158.68744125366212,170.96157922932156,146.41330327800267,-0.7852559657704793,0.77552810041782,0.008423348039961365,0.017248778358370576,0.02821157295097554,52.44428834681751,1.323173666861294,0.009480680904977548,0.017419020859927564,-0.032160817073676906,-0.062349642450940435,-0.182173590890917,-0.09222801680517811,24229665.0,1.2225303156275582,0.5849952110098615,0.2225303156275582,0.0,0.0
2024-09-13,154.44538523091353,157.37670989938488,154.22679282124855,156.46253967285156,29591200,0.017907008279709258,0.04471884041315066,-0.022511001117151652,153.52020568847655,158.50727920532228,166.74011108398437,157.16510418831973,164.55756500767333,0.017269810308350078,37.35298964390197,-4.0719906906841175,-4.060521544046171,158.50727920532228,170.8019926586672,146.21256575197737,-0.7572209729772351,0.5404062405587929,0.005222670911050553,0.0400659396211005,0.01616436075108041,49.89235301541133,1.9543797762132726,0.008791059295003567,0.02234011438372974,0.004652900792050163,-0.03867536186823206,-0.17062726253271332,-0.06821657453629841,24133010.0,1.2261711241158895,-0.21947874161547365,0.2261711241158894,0.0,0.0
2024-09-16,156.31346693580858,157.2475146303272,155.60797314926953,157.0587158203125,18379800,0.003810344308020852,0.06287406599670398,-0.028781672516653756,153.0130874633789,158.274560546875,166.09845336914063,157.15497196279523,164.26349249052194,0.017106924716630587,37.47389273821552,-3.589596991157947,-3.9663366334685266,158.274560546875,170.48971816960932,146.05940292414067,-0.7314037420640517,0.6133665215397051,0.0014768156945352828,0.030069129324527655,0.015388439086136962,51.85657975139831,2.491320828647531,0.008786294624525494,0.023544569143290554,0.03280493667217632,-0.04417011160279072,-0.18440801472634172,-0.06525772988565204,23841570.0,0.7709139960162019,-0.5318500783229965,-0.22908600398379805,0.0,0.0
2024-09-17,158.0126274199818,159.53293380012653,157.3766823666018,158.31072998046875,20715600,0.00797163120567368,0.07170723604835261,-0.04283077849619177,153.22856597900392,157.920361328125,165.51299621582032,157.2650441549546,164.03005082346104,0.016312023572509347,41.76937888003301,-3.070870347799854,-3.7872433763347924,157.920361328125,169.66809065893875,146.17263199731127,-0.869796920426044,0.9363148384865217,0.00040851156037757796,0.02602066479177534,0.006182691522926609,51.3809205850249,2.901527576809599,0.008540907424239652,0.023672665739552956,0.04568657125657727,-0.04901347001911838,-0.1700812123628942,-0.05780270370847843,23756540.0,0.871995669403036,-0.3343059501009036,-0.12800433059696403,0.0,0.0
2024-09-18,158.84730896980255,159.48325404924594,157.5952963589965,158.79762268066406,23677300,0.0030755508502511297,0.057224214761473435,-0.042815738165940864,153.58303680419922,157.56520309448243,164.93826904296876,157.411004014546,163.8248575629592,0.016312284246163284,45.27693685211555,-2.590624467685444,-3.547919594604923,157.56520309448243,168.7111542267923,146.41925196217255,-0.8698995200753553,0.9362450703003599,-0.0029656037238378063,0.012589887925351206,0.00483289571933776,52.92014792355138,3.059722531314037,0.008562384372722885,0.02042981863803962,0.04463432683612223,-0.047648633885278624,-0.1632722005264884,-0.05542883585854826,24023330.0,0.9855960851389045,-0.2002992464798009,-0.014403914861095444,0.0,0.0
2024-09-19,162.67293084972206,162.7524107202581,160.31793409819053,161.1128692626953,26587700,0.014579856693995419,0.04816091499891506,-0.021072266233066683,154.09063568115235,157.3917984008789,164.36618347167968,157.76356260960785,163.71850508059595,0.016658107010823753,50.92170358981645,-2.0001486295114432,-3.2383654015862273,157.3917984008789,168.18035704907277,146.60323975268506,-0.9818108078870842,0.9372030608254134,0.017064156245996998,0.02126639767687588,0.01847944355267339,60.086320870411534,3.8953249832932215,0.009334540979517345,0.037478264024069105,0.02689451732203918,-0.039551709785740075,-0.1679825797318445,-0.06021325739851513,24207615.0,1.098319681637369,-0.10241885117229044,0.09831968163736907,0.0,0.0
2024-09-20,162.46425419413836,162.69279293629415,161.03337393309369,162.55368041992188,40896400,0.008942868212950206,0.03893034562653974,4.3181711080864105e-05,155.369482421875,157.39214935302735,163.93425506591797,158.21976430582822,163.67282568213815,0.016569673435870014,50.687623739592745,-1.3997948904281543,-2.8706512993546127,157.39214935302735,168.1814144888662,146.6028842171885,-1.1806388200176465,1.3672507301827115,-0.0017284936532352413,0.014204289947258752,0.024761751351523698,55.41733416897599,4.42869893535476,0.009128722663917798,0.035176651561320944,0.02472605567928099,-0.024718569640442833,-0.14155906179362887,-0.04718385858493024,25127770.0,1.6275379788974509,0.38204601367974256,0.6275379788974509,0.0,0.0
2024-09-23,163.3088698512438,164.4416474906759,160.64583942390462,160.82470703125,24150900,-0.010636322624043015,0.023978237637229283,-0.02146630096939728,156.67515869140624,157.2157470703125,163.4776708984375,158.46785408920172,163.56113475465236,0.01652491966155506,58.785775129078765,-1.0514039988987918,-2.506801839263449,157.2157470703125,167.63485147135324,146.79664266927173,-1.0039161128840404,1.0574902838854647,0.0024987950515615864,0.015239257339304313,0.01652160082267895,70.10475494239925,4.907106482044242,0.008867202536650192,0.037332787877157846,0.00873898029792497,-0.03798790179207623,-0.14471160639145153,-0.05798684262853426,25637530.0,0.9420135247038228,0.31399144713217764,-0.05798647529617713,0.0,0.0
2024-09-24,161.9972194853163,162.18601827960998,159.67204679818846,161.26190185546875,23332100,0.0027184555923598364,0.018641641506953466,-0.021994902897797042,158.02952270507814,157.03441162109374,163.00085418701173,158.73395387646525,163.47096875860595,0.016518089298618283,61.50963046521621,-0.7315904198551664,-2.1517595553817923,157.03441162109374,167.00795691996237,147.0608663222251,-1.0000221196583832,1.0568402144518285,0.002861378152297034,0.017728486917377717,0.021866186426118484,72.74085443281095,5.353420047630607,0.008843838480585967,0.039865966279265516,0.0009131545895757487,-0.043861089323915525,-0.1493173723027169,-0.0640884356790189,26094615.0,0.8941346710806042,0.12630577921952546,-0.10586532891939582,0.0,0.0
2024-09-25,160.44711769027916,161.77862539142924,160.27819642927898,160.4669952392578,18869200,-0.004929289603215592,0.010512579032438074,-0.018069471694706074,159.0559814453125,156.8867660522461,162.5599398803711,158.89900543482645,163.35316587549426,0.016441387489801243,58.481898676199904,-0.5360983666856782,-1.8286273176425696,156.8867660522461,166.54472952253474,147.22880258195744,-1.0486664188611552,1.2010239732792558,-0.0022054649913506585,0.018504402818525056,0.01821430252273437,72.85513214419021,5.543600145659866,0.00887458223806873,0.03731174671061415,-0.007991823786086982,-0.036283774217440445,-0.13305585860845937,-0.05911048553732893,26446980.0,0.7134727670229266,-0.20306791737233554,-0.2865272329770734,0.0,0.0
2024-09-26,162.60335078741144,163.0405658423745,161.25196569121914,161.69911193847656,20319300,0.007678318506442183,0.003638707934779495,0.0005889976040696077,159.85488739013672,156.8915252685547,162.20122436523437,159.16568224469788,163.28830101521905,0.016356634601197607,78.31217306021125,-0.27853718245071946,-1.5186092906041997,156.8915252685547,166.55936489128018,147.2236856458292,-1.2339167631330956,1.6167381083449963,0.0039645812385114,0.0053862777344388935,0.028220103940943986,90.56104257116819,5.806080195429445,0.008751767569425233,0.04077793541833979,-0.0017475697996593986,-0.027631106336874378,-0.1305766620326,-0.05331844605637792,26642575.0,0.7626627681445957,-0.23576315363871259,-0.23733723185540437,0.0,0.0
2024-09-27,161.7786145898017,164.65030615932238,161.59976214731748,162.91139221191406,21101300,0.0074971362483347015,0.002200576394629339,0.014757984003479496,160.49977264404296,157.00998916625977,161.93284423828126,159.5224165272899,163.27352027783454,0.016354531666417548,87.31646159495098,0.02313609974493147,-1.2102602125343735,157.00998916625977,166.92117538510615,147.0988029474134,-1.368489771137825,1.8958321088155237,-0.0014501814141685276,0.005666573530025865,0.026637429099346965,86.91294561092232,5.880687560365118,0.008770918505984115,0.038494293005001595,-0.0034659971353965258,-0.011879445095867469,-0.11330871165645762,-0.04288471796257387,26712650.0,0.7899366030700811,-0.48403037920208136,-0.21006339692991896,0.0,0.0
2024-09-30,162.28537567750828,165.09743429522993,162.22574304110324,164.79934692382812,20413900,0.011588844010725907,0.02471411243923982,0.016464877140459855,161.27383575439453,157.14346160888672,161.7028192138672,160.0249813269602,163.3333566168931,0.01640821167267088,88.59461488937944,0.4098322254954496,-0.886241724928409,157.14346160888672,167.4104704745677,146.87645274320576,-1.3657584322762306,1.8663438536721386,0.0040071973467303845,0.0071797421993302635,0.02100466682931046,86.88293367508757,6.051124530958759,0.008584019055577761,0.041654431110511835,0.017534370239909558,-0.004539789688850604,-0.1135615438238865,-0.03352232109094252,26627155.0,0.7666571963846682,-0.1547354342902335,-0.2333428036153318,0.0,0.0
2024-10-01,166.62770671794624,168.08839566011457,163.53740758234116,165.93214416503906,28338100,0.006873796907305163,0.028960605424063646,0.06260536127411065,162.03597717285157,157.63227157592775,161.41586334228515,160.58756826392008,163.4352698540753,0.013815701124772109,87.85281933810492,0.79849441476415,-0.5492944969898973,157.63227157592775,168.60776135493418,146.6567817969213,-1.6182691104443916,4.230810588861982,-0.008958604559465067,-0.004691137864240247,0.033118230893720124,72.29189303395677,5.713917346241942,0.007345088283713794,0.031735784808393126,0.03365174328830389,0.029487130380390525,-0.10791742901087498,-0.014926185114060186,26096795.0,1.0858843011182024,0.21455419786474428,0.08588430111820244,0.0,0.0
2024-10-02,165.3657763102453,166.45881419785064,163.6864795384376,164.809326171875,17760200,-0.006766729851012343,0.027060586048506252,0.061553831554976624,162.63714752197265,158.11009216308594,161.10407012939453,160.98964044563007,163.48915441555766,0.01385082301616891,80.17309029539256,1.0043326500383216,-0.23856906758425353,158.11009216308594,169.474617368553,146.74556695761888,-1.5999048185452427,4.130566557440677,0.00042218331212562354,-0.0020700354716487457,0.03567436337415253,68.3749997194649,5.403372561624224,0.007300186119063281,0.03154347768664716,0.029130621520154998,0.025879468180824095,-0.11679933181425683,-0.020596414037759248,26017115.0,0.6826352575986999,-0.0587730269433786,-0.3173647424013001,0.0,0.0
2024-10-03,163.36851452885276,165.58438388776636,162.88161307671416,164.809326171875,15073100,0.0,0.019234578323360285,0.056220334904063085,163.0067932128906,158.5487144470215,160.97407470703126,161.3534200386058,163.5409258569819,0.013859113626380972,76.68378863276632,1.1541565363638142,0.03997605320536002,158.5487144470215,170.24853718035223,146.84889171369076,-1.537113719443753,3.9712792518596074,-0.0018281779867485026,-0.007827975658197817,0.03630155634614196,62.81856841326332,5.0172001709080405,0.007283071669483121,0.028603966311593083,0.027062553981558102,0.019918778557921124,-0.09028867609396685,-0.014435781184829207,25836335.0,0.5834070505743172,-0.25818802813089037,-0.41659294942568287,0.0,0.0
2024-10-04,166.99535885279488,167.16428010496523,164.4317010051406,166.00169372558594,19047400,0.007234830585178376,0.018969216773078834,0.1084128976701304,163.35159454345703,159.36053848266602,160.97410797119142,161.79611277069915,163.63742655771148,0.009473681155319812,77.5399480755035,1.3535047816571364,0.3026817988957153,159.36053848266602,170.74310719046485,147.97796977486718,-0.1816253489273709,-0.1640241468548079,0.009087314968778681,0.002642217138562053,0.06361957042813571,67.59889091403778,5.060802303415244,0.005981356811612422,0.03659108554893789,0.01632699963451678,0.044793327241994696,-0.06746174796158999,-0.0021138070283595045,24893100.0,0.7651678577597808,-0.09733523526986487,-0.23483214224021917,0.0,0.0
2024-10-07,166.65751850550026,167.4126985535878,161.71900154638254,161.94754028320312,22463100,-0.024422361913274515,-0.017304720521393424,0.09595853830807544,163.46387786865233,160.06951828002929,160.89861572265625,161.8105344385567,163.57115650773076,0.010841116075118125,59.55119302381771,1.1708564965925063,0.4763167384350735,160.06951828002929,170.0976358716151,150.04140068844347,-0.8514700846989377,1.6026621773184528,-0.00904048416232972,-0.010387725626125222,0.04233382136422703,58.34666973947095,4.632387852180045,0.0062464689448896975,0.02629053670218176,-0.0069169948952682025,0.053624716943848405,-0.06888202487944839,-0.007391434276956062,24053230.0,0.9338912071268599,0.10038258245607157,-0.06610879287314012,0.0,0.0
2024-10-08,162.90145376713176,163.68644249996592,161.83822486594266,163.3386688232422,23072700,0.008589994868748008,-0.01562973440045079,0.10574459056547014,163.6715545654297,160.8505386352539,160.8007327270508,161.95607104662196,163.56203934363316,0.01080882091615912,61.38520602163084,1.1253861112419372,0.6061306129964463,160.8505386352539,169.10451856549403,152.5965587050138,-0.9882746851689305,1.849993454390286,0.009457552416897164,0.008001874520196406,0.047628367102555025,65.9210901499182,4.663697614159332,0.006444729050086545,0.03487158513571671,-0.023631608920647196,0.05811622346291512,-0.0844702846832932,-0.016661890047008427,23650925.0,0.9755516961810162,-0.18580638786651182,-0.024448303818983823,0.0,0.0
2024-10-09,162.41456443992033,163.7957583809211,158.72807525360884,160.8346405029297,31181800,-0.015330284851422737,-0.024116873488095103,0.07078603345400314,163.70831909179688,161.38215026855468,160.63768615722657,161.84926813769889,163.45508252635068,0.011350513280240615,49.30897263386149,0.8771847055863304,0.6603414315144231,161.38215026855468,167.94479129582209,154.81950924128728,-0.7832200826440605,0.8539729946760818,0.006926701053480588,0.014555673691690973,0.044172963470088034,60.74972303518334,4.945414537753209,0.006270185862251009,0.04065703316230831,-0.038672547179786076,0.026613069983915105,-0.1163426228213017,-0.042800700005724224,23729630.0,1.3140449303255044,0.7557122104480805,0.31404493032550446,0.0,0.0
2024-10-10,159.85089649743236,162.03697180217182,159.38387269706766,161.05323791503906,14144100,0.0013591438475306639,-0.022790507940787408,0.047772968038451546,163.64373168945312,161.74930953979492,160.4542022705078,161.7734557355408,163.36089254159336,0.010345437212184328,46.03253116848536,0.690166478125974,0.6663064408367334,161.74930953979492,167.23853731326093,156.2600817663289,-1.0932535097640907,1.1769355425222239,-0.0017502523603367681,0.01463487837835764,0.03363869876887171,60.70643312882283,5.030815951507975,0.006148712867215254,0.03782494220867593,-0.03742538631914505,0.014134269269579836,-0.10307060964920678,-0.04212057556625733,22955760.0,0.6161460130267958,-0.061632975300369486,-0.3838539869732041,0.0,0.0
2024-10-11,161.10293319324816,162.86170956550862,160.21857182956228,162.20590209960938,15344300,0.00715703825326619,-0.02286598130890949,0.03670758789143158,163.57318267822265,162.0364776611328,160.30925231933594,161.81464110354733,163.31559879877045,0.009759316377271957,53.76696248490901,0.627727500074343,0.6585906526842554,162.0364776611328,166.92974764516742,157.1432076770982,-1.3468718794629633,1.5666974826424647,0.005988234357958255,0.011518760246655768,0.03442590346290153,62.760711569970965,5.310068494398706,0.006174300288680912,0.04260365331278698,-0.03438474155556526,0.002281684428530051,-0.11339059880625102,-0.04849788531109541,22243415.0,0.6898356210141293,-0.1944149857723364,-0.3101643789858706,0.0,0.0
2024-10-14,162.60337841595526,165.1769677351728,162.36489330123743,163.91502380371094,19016100,0.010536741770666325,0.012148894123783505,0.043654425337608105,163.48475036621093,162.37929306030273,160.27985748291016,162.01467755118196,163.33910566170928,0.009944583310682804,56.76646460183927,0.7079946760012774,0.6684714573476598,162.37929306030273,166.73540933169122,158.02317678891424,-1.347231544362269,1.4543756431035764,0.008178240416581328,0.029094718356675875,0.04134780840763419,65.52203491813042,5.838846415530725,0.00634047885525101,0.04912794568851381,-0.01694582423289237,0.0023066169299739148,-0.1087405745233968,-0.041126593942105084,22275230.0,0.8536881549595672,-0.15345166072358674,-0.1463118450404328,0.0,0.0
2024-10-15,164.7397308583214,166.61775729768382,163.58709086133464,164.41183471679688,20247200,0.003030905292005892,0.006570188806399591,0.03853879479351052,163.3327194213867,162.68434829711913,160.40746459960937,162.24297823362147,163.38117346779117,0.009854252138843294,60.21617123049872,0.8024453889423171,0.6952662436665913,162.68434829711913,166.68044254044764,158.68825405379062,-1.3128383418171272,1.4636300637591109,-0.007769497377991819,0.011532547550838768,0.032835134248328846,60.76961537971923,5.831726545051197,0.0067049266201693715,0.03859052754097158,-0.004962358744439177,0.005703660545181677,-0.0836709726136986,-0.0276432236043187,22251810.0,0.9099124970058615,-0.12246074364942117,-0.09008750299413845,0.0,0.0
2024-10-16,163.48772512033997,164.74968410008972,162.70273632699872,164.11373901367188,16406000,-0.001813103683433015,0.020388011565720232,0.03347730427739659,163.2631607055664,162.95015411376954,160.54816345214843,162.4211459269596,163.40990152841394,0.009885157053143696,56.57119408752044,0.8435208442571707,0.7249171637847072,162.95015411376954,166.5447442263248,159.35556400121428,-1.2214083012025465,1.2485764346211528,0.004346306574101622,0.008940349927435198,0.04040959495137986,60.993828612372695,5.9566612810299375,0.006639727505280606,0.040802097154096446,0.011447661638285034,-0.006932290673983266,-0.07383128729879496,-0.023105305444831064,21888245.0,0.7495347388518357,-0.473859751521721,-0.25046526114816425,0.0,0.0
2024-10-17,164.68012315374543,165.3160682513299,161.7289364078274,161.89785766601562,21453400,-0.01350210750771852,0.005244351258694602,0.00487228864405842,162.97201385498047,162.98940353393556,160.6316439819336,162.37130894972685,163.35060569067284,0.009952742129665864,47.38461850034959,0.6893242320070101,0.7177985774291679,162.98940353393556,166.5160247801407,159.46278228773042,-1.0582252341913925,0.4073838363850543,8.589743781750592e-05,0.010796163689722027,0.023041621396203915,62.16993553142618,5.990572169130246,0.0056198751419167855,0.03846824916617069,-0.005551812431027425,-0.018169332752145495,-0.09977701391225713,-0.041166053031810014,21631530.0,0.9917652611720021,0.5167737784659328,-0.008234738827997835,0.0,0.0
2024-10-18,162.1562268737477,163.66660222742627,162.04692309495266,162.384765625,19757700,0.003007500939196106,0.0011026943105978404,-0.0010391323929763718,162.61032104492188,162.98095779418946,160.66353515625,162.3725905378481,163.31272960966606,0.00976793995802393,43.28364033660072,0.5995010341572424,0.6941390687747828,162.98095779418946,166.51277791465577,159.44913767372316,-1.0575126615022972,0.5042316869661824,0.003846548369420555,0.008644241920553908,0.028754996959813983,62.127610282802614,6.123967330511391,0.005607591445325436,0.04040107903723719,-0.007541547609956067,-0.029794129352790355,-0.09511095642949274,-0.044148877797413055,20574595.0,0.9602959377815213,0.28762472058028066,-0.039704062218478664,0.0,0.0
2024-10-21,161.9177244301946,163.45790836208016,161.58981312891888,163.0306396484375,20946500,0.003977429908228247,-0.005395381916501352,0.01371637889418853,162.7186309814453,163.09125442504882,160.67579498291016,162.43526188171379,163.30166725824532,0.009473056491221396,41.70451161152508,0.5738175273507693,0.6700747604899802,163.09125442504882,166.4741859620509,159.70832288804672,-1.3300457954398426,1.3772961392590264,-0.0016422800212634314,-0.0011808177714727197,0.024505463997796628,68.54456406226339,6.083646031040985,0.0056425264091986465,0.03676354953523951,-0.004214564145028632,-0.010789085103608098,-0.09459556504490263,-0.03653307143117979,20414375.0,1.026066191103083,0.1015139802588334,0.026066191103083,0.0,0.0
2024-10-22,161.9475365199372,164.71987068710104,161.9475365199372,164.09385681152344,16568100,0.006521578798799332,-0.0019340329473310769,0.017561215162852584,162.79414978027344,163.23285217285155,160.73670806884766,162.5932233036004,163.33273351523664,0.009553025658610409,47.94745653059622,0.631970935000993,0.6624539953921829,163.23285217285155,166.5293496682671,159.93635467743601,-1.350745863052499,1.3539761448871879,-0.0005310730001248931,0.006105671707150373,0.02103979584293625,67.83423829653532,5.9584983167146675,0.005641779436488478,0.034313832970957726,-0.00803970465448145,-0.003478580680083665,-0.07829849244831766,-0.02993892592762759,20076175.0,0.8252617841795064,-0.1817090758228298,-0.1747382158204937,0.0,0.0
2024-10-23,163.7162316518581,164.769529234709,160.90415802479257,161.748779296875,18280500,-0.014291074390078928,-0.014410491961308947,0.007987836101162271,162.88556365966798,163.29694137573242,160.71360595703126,162.51280006486465,163.2706176635362,0.010069815689181317,42.26115511737384,0.4832590630740867,0.6266150089285637,163.29694137573242,166.41186686973592,160.18201588172892,-1.1881247911364987,0.5008848782514829,-0.009137472564623828,-0.007401727661692004,0.013946295779483586,61.342731517509016,5.37591310966252,0.006050842222703737,0.023497808241137088,-0.007008764299616943,-0.005958459678321315,-0.07668480210068551,-0.02988400869287459,20046740.0,0.9118939039464771,0.11425697915396804,-0.08810609605352292,0.0,0.0
2024-10-24,161.79849749810091,162.29533007096418,159.9900196550578,161.68919372558594,22412500,-0.00036838343725420497,-0.001288861652883333,-6.133746049519218e-05,162.94915924072265,163.29644546508788,160.76453216552736,162.4343613658857,163.20860103851854,0.009925374193496993,38.432844954953076,0.3564864219678441,0.5725892915364198,163.29644546508788,166.4124450136018,160.18044591657397,-1.1282109921637566,0.48137731558799834,0.0021628025973028375,-0.0053403722537241904,0.01212660331900417,57.649077067346404,4.955921722323069,0.00601313321045363,0.024363582674902556,0.0040515106008408575,-0.012187940779499362,-0.05253625459108302,-0.020224228256580507,20151400.0,1.1122056035808927,0.04470620041578499,0.11220560358089264,0.0,0.0
2024-10-25,162.63316747166715,164.54100267206263,162.38475119304076,164.22303771972656,19828900,0.01567107817014035,0.011320471397986642,0.008051281681432876,163.15087280273437,163.3620277404785,160.84767730712892,162.60471149482294,163.24838286915417,0.010405117512151342,56.64540458153796,0.4552306095571623,0.5491175551405683,163.3620277404785,166.4990457390772,160.22500974187983,-0.9336291892731319,0.30660450485227414,-0.00034551236644997374,-0.00949406843149525,0.013246292001780624,65.63690434379642,4.554747120600837,0.0059981711771740906,0.023008789371914896,0.020814539829481893,-0.005195010320347748,-0.02419499915103618,-0.002858489880634011,20087780.0,0.9871125629611635,0.0036036583205534267,-0.012887437038836547,0.0,0.0
2024-10-28,167.68098784367282,167.68098784367282,162.91139226813863,165.66384887695312,32138600,0.008773502044734593,0.016151621769956437,0.005245785066882558,163.32575531005858,163.40525283813477,160.92669250488282,162.89605791216866,163.34310702632277,0.010264627329248637,56.77085041230595,0.6423429786488271,0.5677626398422201,163.40525283813477,166.64771178369887,160.16279389257068,-0.9703002353173505,0.38533206947260334,0.0030916456720186947,-0.004797373664713223,0.01232231521955307,61.835568369093195,4.328462810006727,0.005974852265487701,0.025149527541176376,0.02094899543466966,-0.007076530152670513,-0.026626665377880165,-0.0042514000319603396,20674015.0,1.5545408088366,0.53431838254601,0.5545408088366,0.0,0.0
2024-10-29,166.66744336321565,169.30066498158368,166.03149830422933,168.60508728027344,42169000,0.0177542561232229,0.027491769383734876,0.016108651694248133,163.74508056640624,163.53889999389648,160.9908999633789,163.4397749948453,163.54945919314437,0.010899409348994768,72.06544528647908,1.0162495452544533,0.6574600209246668,163.53889999389648,167.38420286384408,159.69359712394888,-0.7500687947009835,0.17663508042533424,0.001618272212904115,-0.0026572030769907995,0.023126312339408317,57.892646640235334,4.1753190423866045,0.005533299485131888,0.02594399633718209,0.030148972460725676,-0.007017660645160184,-0.02337732344519794,-8.200387654414924e-05,21365560.0,1.97369036898635,1.5451922670674367,0.97369036898635,0.0,0.0
2024-10-30,179.53541113405987,180.8669339516748,172.95735272555387,173.35482788085938,68890800,0.02817080241885228,0.0717535466693231,0.05185083822302938,164.669189453125,163.9661750793457,161.13998077392577,164.38406574589425,163.9339834554077,0.01232051429860085,77.7827861383534,1.67651178016024,0.8612703727717815,163.9661750793457,169.7939192471073,158.1384309115841,-0.34415731901743357,0.5463047826085897,-0.0030252091843017137,0.0034950346820037392,0.019600682829296057,56.44950537063992,3.8701818179401926,0.005610594506278618,0.022010574002131186,0.06825851198731936,0.032250155393733326,0.003604175350547356,0.03470428091053335,23922090.0,2.87979854603005,2.768540247805038,1.8797985460300501,1.0,0.0
2024-10-31,172.03322375098372,175.6998499725552,169.91671248048732,170.02601623535156,44769000,-0.019202301350358608,0.05156078967104394,0.03165288145184353,165.48200531005858,164.22700958251954,161.2488818359375,164.92139436393782,164.17288670168003,0.013247364570276435,66.0808316359497,1.9091594764686306,1.0708481935111513,164.22700958251954,170.65019846448132,157.80382070055776,-0.29517339231904444,-0.10141710083019899,-0.019603301045631794,-0.01830000388204056,0.0014439615028432051,35.60528074404161,2.6982500406231793,0.007248585437459478,0.0016321861575121022,0.0698607935530845,0.030208919949000324,0.015667669567518194,0.038579127689867675,25406885.0,1.7620814200560202,0.9975013943112103,0.7620814200560202,0.0,0.0
2024-11-01,168.9926374988831,171.22838406204764,167.8101735573136,170.20489501953125,31796500,0.0010520671373730472,0.036425201864878964,0.025320231376033675,166.2640182495117,164.4371696472168,161.40204650878906,165.42458490256578,164.40943604747812,0.01318197936739983,63.802794319040544,2.0839460420981197,1.273467763228545,164.4371696472168,171.36042874661973,157.51391054781385,-0.22587040531169544,-0.06574176946237324,0.0042206988082120755,-0.013815805043448703,-0.0033857923694491365,31.379967463353097,1.9369242230402506,0.007008622189372468,0.005274690089580918,0.05024100690832767,0.02870602374548281,0.01732094860097555,0.03208932641826201,26044340.0,1.2208602713679824,0.6035433130430836,0.22086027136798245,0.0,0.0
2024-11-04,168.8535086611848,169.64844379948434,166.9456734265419,168.1678924560547,21492700,-0.01196794347919794,0.015115208273118519,0.038409673663297506,166.77774353027343,164.74818725585936,161.4783493041992,165.68585228861235,164.5568264948733,0.01215542407108307,57.720581514063596,2.0346424797117493,1.4257027065251857,164.74818725585936,171.7588573626769,157.73751714904182,0.020704895839046417,-0.11460993399918765,-0.002154001685066964,-0.01897303523093352,0.003539986300366005,34.59051681113705,1.222224476087149,0.00671151978171535,0.002777485405541573,0.03408824350405204,0.0348696873629315,0.006441654262907548,0.02513319504329703,25995820.0,0.8267752277096856,-0.33124964995363826,-0.17322477229031435,0.0,0.0
2024-11-05,168.35668494331605,169.4497227111904,167.77042612333224,168.66473388671875,18242100,0.0029544369225766864,0.0003537651645477702,0.03260749644801009,167.23483123779297,165.0144905090332,161.5538717651367,165.96955529795582,164.71792090239663,0.012058487337544705,59.278764216221084,2.012461597898323,1.543054484799813,165.0144905090332,172.2021165682409,157.8268644498255,0.08941226746186222,-0.003941273414600837,0.012091924203754711,-0.008714700985561818,0.0061589150711334195,42.37500888903245,1.186919571027829,0.006925252992653342,0.014273797225971505,0.009068466150109589,0.026448581376876668,-0.008624090376863736,0.00896431905004084,25754290.0,0.7083130616297324,-0.5674049657331215,-0.29168693837026766,0.0,0.0
2024-11-06,172.6989763253505,175.81908375189076,172.40087379932447,175.3917999267578,33695500,0.039884247791581506,0.011750304683169066,0.0905101001768518,168.59913330078126,165.74234848022462,161.79330963134765,166.8669119292703,165.13650439354805,0.01410695615011939,73.23745510389747,2.5087814276157303,1.7361998733629966,165.74234848022462,174.01425667853928,157.47044028190996,0.6592229867762227,1.1287494171722932,0.024865377121195964,0.01901672055109782,0.024083912820444642,58.51778041524399,2.266627008962814,0.00874674163106297,0.038354648881225806,-0.007266415867928755,0.06642618735640715,0.017533771931702358,0.025564514473393585,25879975.0,1.3019912113516339,-0.510885343180802,0.3019912113516338,0.0,0.0
2024-11-07,176.2861274447148,179.93287650946746,176.06751991171046,179.60496520996094,25352900,0.02402144960575403,0.056338136872830624,0.11519002992481608,170.39071044921874,166.6699348449707,162.15333038330078,168.08005986076464,165.70389501379955,0.01474269481393141,76.28142993943345,3.2051388503835767,2.029987668767113,166.6699348449707,176.70138292554694,156.63848676439446,0.4584945316772834,0.37625700506759147,0.007732273571293691,0.047429104670942523,0.0338118414099049,60.32982186554396,3.4439475559875063,0.008833445552878872,0.0449509392667858,0.0089090322018881,0.08137818851491119,0.041289867232469746,0.043859029316423014,26440415.0,0.9588692159332598,-0.43369519086868147,-0.041130784066740256,0.0,0.0
2024-11-08,179.5056020254642,179.7540183112244,176.95189049215537,177.22018432617188,22006200,-0.013277922918229046,0.04121673061068898,0.09256310671939882,171.69042510986327,167.42064895629883,162.48689178466796,168.95054790508914,166.15551420252004,0.015323485482346692,70.5645210939147,3.523953298000464,2.3287807946137833,167.42064895629883,178.2601576608689,156.58114025172875,0.5220597759645594,0.1161880791226081,0.0043317116431220715,0.04754489403319617,0.03210950261540124,63.245907493973924,4.528772322427244,0.008798829131004625,0.047949625611626585,-0.006328163422507194,0.06045360410399758,0.02924645125971459,0.027790630647068326,26773510.0,0.8219392974623051,-0.3079049580928719,-0.1780607025376949,0.0,0.0
2024-11-11,177.44869771632568,179.40621898146745,177.33939395971944,179.20748901367188,17450400,0.011213760413669283,0.06564628001449235,0.0932950797010148,173.04478912353517,168.18527221679688,162.82844360351564,169.92739943923988,166.667356351977,0.01533815533497753,71.33238595242427,3.8921091132501715,2.6414464583410613,168.18527221679688,180.0888163485682,156.28172808502555,0.5145262487767471,0.09747101930068777,0.0009528857307679051,0.05080652363765403,0.024712638715706836,63.98029152692536,5.371651631534974,0.008662582099859305,0.04759732043286602,0.01483975637683832,0.06858244098530797,0.03984064713768931,0.04108761483327853,26695225.0,0.653689938931026,-0.18807781246655841,-0.34631006106897394,0.0,0.0
2024-11-12,178.68086684117154,181.3339508577421,178.25358296080182,180.46945190429688,25134900,0.007041909339674524,0.06998924876320967,0.09766703969431156,174.2312255859375,168.98815307617187,163.3147137451172,170.93140443591196,167.20861500108757,0.015343049146808549,77.25700195999616,4.236865163615306,2.9605301993959103,168.98815307617187,181.9400325195678,156.03627363277593,0.4707628823754819,0.061061748322131015,-0.00310644007127725,0.035026790644141936,0.029528348114500114,68.27039503949189,5.825421492095074,0.008467404770554044,0.04264619719432113,0.03496245811906773,0.06813869157981145,0.07120022044354868,0.05810045671414262,26939610.0,0.9330090524695792,0.3778512342329008,-0.06699094753042081,0.0,0.0
2024-11-13,179.31680352847516,179.81363605883408,177.40895326922643,177.74681091308594,23184000,-0.01508643685943456,0.013427144184115614,0.08307087500016275,174.67042388916016,169.66980667114257,163.76459167480468,171.5804907670714,167.62187758587183,0.015919533401379155,71.69708462917721,4.241499082253625,3.2167239759674535,169.66980667114257,182.97179902276895,156.36781431951619,0.4509847602676931,-0.18109492435592134,0.0004858730531422939,0.0104055668069849,0.025571121687894216,67.67063075036452,6.137222224105585,0.0084428324339338,0.041409192578311535,0.003021577377130713,0.05749975331226853,0.05763307929378425,0.039384803327727834,27278510.0,0.8498997929139092,-0.31195560238013975,-0.15010020708609084,0.0,0.0
2024-11-14,177.15063600875868,177.68722372380293,173.2157301883655,174.46774291992188,31007500,-0.018447970888025966,-0.028602896829904245,0.07764083747072847,175.11459655761718,170.29830093383788,164.13320892333985,171.85546716258096,167.89034289308947,0.016242771828133416,63.569392754499944,3.9352153998830772,3.3604222607505783,170.29830093383788,183.23699160726252,157.35961026041323,0.3931901339906364,-0.24379459806802256,-0.006430102156933848,-0.0037943786054022155,0.018889074645307646,63.1453727993765,6.011412661873237,0.008615975983265706,0.033076290568308506,-0.02480851822450203,0.05875176282542083,0.035223430892702634,0.023055558497873812,27756215.0,1.1171371889142665,0.22303562906018648,0.11713718891426658,0.0,0.0
2024-11-15,172.6294588087237,173.03686519817956,170.13536450155812,171.39732360839844,32504600,-0.017598779351050142,-0.03285664519486409,0.055501253142252294,175.2338394165039,170.74892883300782,164.5658511352539,171.811834443135,168.02787154859178,0.016938997100100165,57.27987778198455,3.4054700580765314,3.369431820215769,170.74892883300782,183.14348325961373,158.35437440640192,0.4306329514170378,-0.4677462590449927,-0.012808744458971177,-0.020796150554071136,0.001984204149482194,54.08356243980205,5.250268528516358,0.009113945754008243,0.01817600645618432,-0.012060494640792951,0.0535170489927701,0.05711571407725757,0.03285742280974491,28393560.0,1.1447877617318858,0.4770655542528923,0.14478776173188568,0.0,1.0
2024-11-18,172.32140362031606,174.32861141194803,171.80469351153303,174.1894989013672,20135300,0.01629065865315482,-0.028001006765525638,0.0684463931258128,175.83600006103515,171.3068717956543,165.0942822265625,172.03827867725238,168.26950399379865,0.017204212781187857,57.11755259015064,3.174356265979725,3.3304167093685604,171.3068717956543,183.234356021321,159.3793875699876,0.31961529828842744,-0.6928804238183242,0.004097410127560819,-0.017719951426308667,0.007744743433894863,55.170157980258736,4.781702050356557,0.009145234917906166,0.020807313120499955,-0.010281055339216971,0.060701649691917936,0.09911308979373579,0.04984456138214558,28353000.0,0.7101647092018482,0.15385893733094935,-0.28983529079815185,0.0,1.0
2024-11-19,172.61950254558704,177.73687175049812,172.46051249052883,176.9916229248047,23434900,0.01608664150887873,-0.01927101203441617,0.07859993276954591,176.66868896484374,171.95176010131837,165.6797494506836,172.51002574844784,168.61154787344594,0.01742545809304076,54.877382435869166,3.180640467591445,3.3004614610131373,171.95176010131837,183.6292631823234,160.27425702031334,0.23804007942607655,-0.8533173275791226,0.0036553686844147393,-0.011057264355221585,0.011965849750777746,58.28623307012423,4.528149360919997,0.009170066373251,0.023005088418802253,-0.008213747679194583,0.06663408301876816,0.11923203683349248,0.05921745739102202,28696340.0,0.8166511826943784,-0.06763504131705322,-0.18334881730562155,0.0,1.0
2024-11-20,176.21655843045156,176.5544009125721,172.67911323618793,174.86517333984375,18997100,-0.012014408082264838,-0.01621203530144477,0.08109114702432962,176.61602630615235,172.6075798034668,166.17300476074217,172.734325519057,168.8567880878145,0.01730717191655366,56.706171307532806,2.9796860664345957,3.236306382097429,172.6075798034668,183.30450057289966,161.91065903403393,0.24355611917909858,-0.8241428217677356,0.0003390388159874025,-0.011202404487720696,0.021644191222399023,71.46504215197542,4.293537907239511,0.00887875255149714,0.022013788227961035,-0.005009630813724075,0.0594469558019306,0.09585286066099696,0.050096728549734494,28732170.0,0.661178741459486,-0.18059437543133194,-0.338821258540514,0.0,1.0
2024-11-21,172.79835394534456,173.0269078339117,162.6629730093742,166.56808471679688,59734400,-0.04744849111218852,-0.045278617530753684,0.030174502567507755,175.31233825683594,172.85152435302734,166.43016540527344,172.1470644902703,168.76703501444126,0.020790609174895648,45.88578335791403,2.1264106076619953,3.0143272272103423,172.85152435302734,182.68796261236943,163.01508609368526,-0.36846217948781057,0.17144654704194193,0.005368141194877163,0.0005391696912728783,0.02491183950332254,71.89001786300817,4.308574697702966,0.008927578023800965,0.02621100840663295,-0.04581778722202656,0.0052626630641852135,0.018543948804088606,-0.007337058451250915,30598265.0,1.9522152644929378,0.9264500524066759,0.9522152644929378,0.0,1.0
2024-11-22,164.79936934193785,165.40550568311707,162.8617101914929,163.7162628173828,38604600,-0.017121058360386354,-0.044814356661513566,-0.0030858940948872426,173.96194610595703,172.82618560791016,166.57523986816406,171.34413099761434,168.5689655165174,0.02092290320855694,45.05516333363222,1.2061615855061518,2.6526940988695045,172.82618560791016,182.75835651011397,162.89401470570635,-0.15969830852406786,-0.0011333397408008832,0.0030992895314962965,0.01666229783985007,0.02844367804716419,74.56969446628717,4.415077569611185,0.008928022829767622,0.02813970725008403,-0.06147665450136364,-0.03152957214205143,-0.01649661918324763,-0.036500948608887564,31537050.0,1.2241030787597444,0.18766574577136774,0.2241030787597445,0.0,1.0
2024-11-25,165.0378364955745,167.56175439657423,164.56088148234778,166.58795166015625,33135300,0.017540644975366115,-0.04363952643043789,0.0055781800885810195,172.69999237060546,172.8723907470703,166.76582458496094,170.89116153690404,168.4912786986209,0.021205139616862576,47.808735420271006,0.7005039221522225,2.2622560635260482,172.8723907470703,182.6719813559937,163.07280013814693,-0.19359498213586296,-0.13817342686670495,0.0033922103737351605,0.015948273488298748,0.02875183918942681,71.95857386085325,4.6061090561122455,0.00893119975345712,0.03033197266286373,-0.05958779991873664,-0.02317365910084579,-0.004217095428778128,-0.028992851482786852,31586885.0,1.0490208198750843,0.6456322975073627,0.049020819875084234,0.0,1.0
2024-11-26,166.56810877676074,168.74423807495256,166.51842248241155,168.0486602783203,20486700,0.008768392933625524,-0.05052760406792711,-0.0033001791993866325,171.45791320800782,172.84456939697264,166.96058319091796,170.62044713132465,168.4739211135111,0.020913332290397983,41.283362082850566,0.41287420191758883,1.8923796912043565,172.84456939697264,182.69818110664653,162.99095768729876,-0.15945025082706318,0.0031712399645770573,0.00522148547086676,0.0175335722820098,0.032452662515993325,63.26983480093342,4.94716472825678,0.008970896448101633,0.03430995422471696,-0.06806117634993691,-0.03575284171537996,-0.008501871031242558,-0.03743862969885314,30502770.0,0.6716340843798776,-0.1258038225040431,-0.32836591562012235,0.0,1.0
2024-11-27,167.9294049937709,168.40636000516253,166.95561742322607,168.15794372558594,19266500,0.0006503083516680164,-0.038356577734450115,-0.02997830645273447,170.4990264892578,172.584725189209,167.1477896118164,170.38592299744477,168.4615298433964,0.019843211393287742,34.945069575285785,0.19153593026871363,1.552210939017228,172.584725189209,182.6534220568699,162.51602832154808,-0.12168419907836799,0.45840007132366717,-0.0030300883971953185,0.014106534132264148,0.03244760967374538,54.81164457724753,5.015731213936533,0.008971029953551063,0.029787547879565016,-0.05246311186671426,-0.06242591612647985,-0.010999195643430548,-0.04196274121220822,28021555.0,0.6875599873026319,0.014181111853914574,-0.31244001269736815,0.0,1.0
2024-11-29,167.43256870496816,168.35666996658753,166.10106111500806,167.8797149658203,14257200,-0.0016545680424093767,0.007874439159539559,-0.012623369746899926,169.84022369384766,172.47741012573243,167.2831265258789,170.14723651824244,168.43871357368752,0.019394389384366828,36.99496187362229,-0.006254877987544205,1.2405177756162737,172.47741012573243,182.70542550296884,162.24939474849603,-0.2354951715694543,0.8252157349176468,0.006211946367561172,0.014957673435461505,0.0596334320182248,56.30036218862029,5.303062853769006,0.007488994057084597,0.03499858333922545,-0.007083234275921946,-0.07225680176512472,-0.016527065732562463,-0.03195570059120304,26495965.0,0.5380894789074487,-0.7613234585096695,-0.46191052109255126,0.0,1.0
2024-12-02,167.70088536324786,170.98991485352522,167.50215534937632,170.40365600585938,23789100,0.015034222809783282,0.04084745811682744,0.0011677747946399197,169.74085693359376,172.48734817504882,167.44012603759765,170.171657421825,168.51577013965505,0.01970117876920202,37.92261671552557,0.04019212019642282,1.0004526445323036,172.48734817504882,182.7064487028888,162.26824764720885,-0.314604782037547,0.6320397514419737,0.0017924311212933475,0.013635365678521083,0.05707117291920194,56.93515993027839,5.552168351253272,0.00748659667185998,0.035595043565897114,0.027212092438306357,-0.05590339812456202,-0.013969578994375231,-0.014220294893543631,26095595.0,0.9116136267442838,-0.3837755086181439,-0.08838637325571615,0.0,1.0
2024-12-03,170.40363650165742,171.5860852555961,169.7676914327812,170.25457763671875,22248700,-0.0008748542879590815,0.022010151034466796,0.012408344721388298,169.3473648071289,172.59168243408203,167.62872344970702,170.1795545851482,168.58395866895165,0.01949436084574836,35.545555188326446,0.06423189707354027,0.8132084950405509,172.59168243408203,182.66668984332358,162.51667502484048,-0.40522870693530183,0.8510704746964202,0.0004640487109774938,0.010677311801772671,0.05984461251567441,60.45327881503524,5.705959351645106,0.0074178909570419725,0.03485980062997363,0.011332839232694125,-0.04743626779428611,-0.0014706591672879465,-0.012524695909626645,26133395.0,0.8513513073980629,-0.3285499150452841,-0.1486486926019371,0.0,1.0
2024-12-04,170.06577798333072,173.801968511054,169.976351762093,173.265380859375,31615100,0.01768412494071403,0.031042916810016807,0.02727687564933534,168.97474060058593,172.82171478271485,167.86879302978517,170.47344280174121,168.76754385288982,0.01985501605013573,43.709899103906004,0.3225125275216385,0.7150693015367685,172.82171478271485,182.7278752790774,162.9155542863523,-0.4713506135986543,0.6535080699586303,0.006209406835690379,0.011670595096751057,0.05368454524166877,64.15232229447533,6.054543297641999,0.0071474493644645195,0.039989705655172576,0.01937232171326575,-0.026407669592333427,0.010790426435519418,0.0012516928521505803,26802045.0,1.1795779016116121,0.5432011988265557,0.1795779016116121,0.0,1.0
2024-12-05,174.24912670582898,174.94468929994056,171.23832242107443,171.54635620117188,21356200,-0.00992133944863638,0.020150177865610797,-0.021924877486813932,168.64285888671876,172.62944259643555,168.09038024902344,170.5756250302584,168.8765168861558,0.01780999746029187,45.71176816010237,0.384063618215265,0.6488681648724679,172.62944259643555,182.47465414900046,162.78423104387065,-0.7832024391968224,0.6937238317652359,-0.0016455346383350555,0.013075564603722167,0.026428147840725114,69.48751572557319,6.180492259997436,0.004920456744583385,0.036978535901474076,0.007074613261888629,-0.048353025327539045,0.0048033419540787214,-0.012158356703857232,26185080.0,0.815586585948945,0.10846287597643589,-0.18441341405105502,0.0,1.0
2024-12-06,170.9402105427862,173.97089221181594,170.77128929069295,173.60324096679688,21462400,0.011990256226794394,0.034093017147079685,-0.03341624902267015,169.34637451171875,172.32935638427733,168.32846282958985,170.8639694051668,169.0618786148084,0.017111440959613942,53.33731314562678,0.5919925894556854,0.6374930497891115,172.32935638427733,181.6301570038603,163.02855576469437,-0.9224061400981779,0.9537507252955166,0.0018955917276137768,0.008729767051148363,0.02048318141317118,89.81965365279407,6.298626918513037,0.004687488246441476,0.03768451327515808,0.025363250095931322,-0.05389943043584133,0.01157107911145605,-0.005655033742817987,25990555.0,0.8257769024170512,0.5053727239570183,-0.17422309758294888,0.0,1.0
2024-12-09,173.05609352730906,175.3441303590525,172.7476915668061,174.45875549316406,25389600,0.004927987067538719,0.02379702162707864,-0.015581909270139471,170.42062377929688,172.19128494262696,168.55941009521484,171.20632998497607,169.27352084533214,0.016938492484813585,50.432712515523704,0.8163997218533154,0.6732743842019523,172.19128494262696,181.26561085272354,163.1169590325304,-1.1076119907721704,1.39539540970759,-0.005149673070058869,0.0017395893194704914,0.01084931889131635,79.07142336726322,6.074741045504425,0.004813205129408458,0.03117147564131916,0.02205743230760815,-0.026431228161455822,0.012768060640285572,0.0027980882621459666,26159725.0,0.9705606614748434,0.06727871167887822,-0.029439338525156514,0.0,1.0
2024-12-10,181.89990276575224,185.3916590588329,180.10925267461994,184.2078399658203,54813000,0.05588188706893682,0.08195528439108624,0.027902578065623906,172.18261260986327,172.44130249023436,168.94757995605468,172.44456903077077,169.85918041868462,0.02103431896722771,59.48015332133788,1.7606183194496623,0.8907431712514944,172.44130249023436,182.54655287656158,162.33605210390715,0.19087288935524868,2.1036652061306422,-0.0031091970652838974,-0.001838212162813102,0.006747074234045192,72.19451119682785,5.683146018011485,0.004880574909169931,0.026948225011784305,0.08379349655389934,0.021155503831578715,0.0671571556290167,0.05736871867149825,28027855.0,1.9556616087816923,1.4636495615474163,0.9556616087816924,0.0,1.0
2024-12-11,184.34713540500277,194.59362011856476,183.8895340441932,194.38470458984372,67894100,0.05524664219455433,0.12189003726953107,0.07710586217619886,174.81621704101562,173.1370651245117,169.51663116455077,174.53410575068247,170.8209656802987,0.02421382562419144,71.16625950148173,3.292156355158653,1.3710258080329263,173.1370651245117,186.8440084693988,159.4301217796246,0.42796097852059584,1.1240681239964616,0.007730844472955134,-0.000328942917486863,0.017691476872505385,75.99624964925421,5.675842455000179,0.0050746495129287755,0.03351965828010201,0.12221898018701793,0.05941438530369347,0.10316510698723591,0.09493282415931577,30165815.0,2.2506966909397277,1.1475212793886467,1.2506966909397277,1.0,1.0
2024-12-12,193.98676747620544,194.16582489848335,190.71386920648584,190.9625701904297,34817500,-0.01760495717312127,0.11318348240803489,0.07435159713670436,177.0966796875,173.7978530883789,170.03969604492187,176.0987214116108,171.61083252383327,0.024324587921681667,79.57978535483537,4.181571087967001,1.9331348640197412,173.7978530883789,189.56055032811946,158.03515584863834,0.4266777291385066,1.0679686097957626,-0.005152639643455803,-0.003840672958678626,0.011955997273923824,66.35974829275779,5.36077603194633,0.0052517868566545585,0.026954811042688945,0.11702415536671351,0.06239559986278054,0.09633504033706042,0.09191826518885149,30747490.0,1.1323688535226777,0.6303228102377765,0.1323688535226778,0.0,1.0
2024-12-13,190.01749841639383,191.72856243728444,188.65462185235452,188.8336944580078,25143500,-0.011148130915388021,0.08773138915144951,0.08234159104516925,179.19207763671875,174.5161506652832,170.52018341064453,177.31157598745813,172.28623887419306,0.024024990086137298,80.99990129035021,4.660927916065646,2.478693474428922,174.5161506652832,191.6564768331384,157.37582449742797,0.4247925016823546,1.2255557807554658,-0.000198618165903941,-0.005922892638488553,0.01830279543108282,64.09593951460616,5.043455281637989,0.004990642202849281,0.025482552774242273,0.09365428178993807,0.06403879561408643,0.08168349786679818,0.0797921917569409,30454290.0,0.8256143879893441,0.17151390338452366,-0.17438561201065597,0.0,1.0
2024-12-16,191.8678375159964,197.96599073113543,191.61913652261555,195.63815307617188,44934900,0.03603413383238774,0.12140059994774921,0.14143061838677173,181.71552734375,175.7281921386719,171.11291259765625,179.05696428162133,173.20200021544713,0.024449053294037144,82.68115242834577,5.526182210571221,3.0881912216573824,175.7281921386719,195.2084775758314,156.24790670151236,0.2062266294796372,0.8531828020420711,0.00426995333865432,0.003489412629275712,0.03591973197912113,64.73568912157643,4.939031909463779,0.003848532630697383,0.028680734298642513,0.1179111873184735,0.1055108864076506,0.119523809311745,0.11431529434595637,31075805.0,1.4459770229604672,0.7698151999243785,0.44597702296046715,0.0,1.0
2024-12-17,196.2250798486302,200.37341051362355,193.9668706236853,194.4045867919922,43504000,-0.00630534619542944,0.055354575723073784,0.11605227650417405,184.13052825927736,176.73894653320312,171.76205352783202,180.51864261594235,174.03347419884105,0.02451511049643314,79.80243308558025,6.042707413390929,3.679094460004092,176.73894653320312,197.90766662893574,155.5702264374705,0.3458531167493311,0.871861432150463,-0.004119888826441431,0.002472030907257894,0.02744200656706064,55.90915523120873,4.605524975298408,0.004022051612874043,0.023176788742486323,0.05288254481581589,0.0886102699371134,0.1361512968907399,0.0925480372145564,32244240.0,1.349202214100875,-0.20631966869173368,0.3492022141008751,0.0,1.0
2024-12-18,194.20562099415744,195.97637074387896,186.76449197962532,187.42105102539065,34166100,-0.03592269031220818,-0.03582408183373553,0.058926111463574404,185.5460952758789,177.26041793823242,172.243701171875,181.17601484541365,174.5584772116469,0.026074036492972824,68.85139461702316,5.8214384665448335,4.10756326131224,177.26041793823242,198.9624660459566,155.55836983050824,0.3780653942110917,0.48338252558945216,-0.029803561159425507,-0.03486650254099477,-0.006809900102260347,36.6461776138696,2.883971091974445,0.008004710856425495,-0.00775803611091014,-0.0009575792927407623,0.06573601156583475,0.124565381654276,0.06311460464245666,32780800.0,1.042259493361968,-0.4967736519078978,0.04225949336196798,0.0,0.0
2024-12-19,190.63425468245924,192.0269739133516,187.40114237263663,187.53045654296875,32265200,0.000583741884807143,-0.017972703467692086,0.07242884881662803,187.1445053100586,177.89368209838867,172.77761749267577,181.78119976899032,175.06718228346344,0.025838575002521694,69.29449873907753,5.590465931625516,4.404143795374896,177.89368209838867,200.03611938950942,155.7512448072679,0.3190655188679199,0.5800510238266864,-0.00030704650479618234,-0.030165636418676423,-0.0074513681639797325,31.07043581079853,1.4882384221007214,0.008003254111147759,-0.008363445374811325,0.012192932950984336,0.07988021698060777,0.15045834623822762,0.08084383205660657,33444205.0,0.9647471064120077,-0.07330509083076042,-0.0352528935879923,0.0,0.0
2024-12-20,184.8146696474835,191.88772607244653,184.25758188521124,190.41542053222656,63462900,0.015383975714882148,0.00837629152338848,0.14316869798902654,188.82572326660156,179.08604888916017,173.36486114501952,182.60350650834616,175.66907397949336,0.022933829199766866,69.51065482051825,5.575935107893059,4.638502057878529,179.08604888916017,201.22891405697015,156.94318372135018,0.6573873405485064,0.6989654433946011,0.012010906155728973,-0.018322067820702115,-0.00089330549684008,39.384392720633365,0.9280145794709824,0.008381639065183666,0.0029697188519219922,0.026698359344090594,0.14406200348586662,0.15278956820566103,0.10784997701187275,33630630.0,1.887056531501194,1.5240280788275298,0.887056531501194,0.0,1.0
2024-12-23,191.6191324608379,194.08625719212253,189.16196548396,193.6186981201172,25675000,0.01682257444768509,-0.01032239838856186,0.18264792262017981,190.74171752929686,180.58117065429687,173.9931170654297,183.6525723761339,176.37298080853745,0.022305421558206372,71.49872187280349,5.756539254625068,4.862109497227838,180.58117065429687,202.3899837336353,158.77235757495845,0.5390177329482022,0.851405985763823,0.005988313845908255,-0.016642363490315892,0.0019842197523898264,43.14893485035651,0.756156462589388,0.008462566483492768,0.00839226446380506,0.006319965101754033,0.18066370286779,0.1641359737324799,0.11703988056734131,32984150.0,0.7784041729133538,-0.4286178449267718,-0.22159582708664616,0.0,1.0
2024-12-24,193.82758299009265,195.0909881591797,192.7730933133359,195.0909881591797,10403300,0.007604069510627198,0.003530787922827905,0.17109902736045624,191.8300323486328,182.00632247924804,174.61663635253908,184.74194530785252,177.10702031248422,0.022207555230237503,70.66823530121923,5.9498842814813315,5.079664454078537,182.00632247924804,203.6897822410064,160.32286271748967,0.6170108527448441,0.9915494994749963,0.011114993282984376,-0.0015990490435856541,0.009696165816590385,46.09800992500966,1.1313088937441762,0.008788978872587287,0.0189460497774659,0.005129836966413559,0.16140286154386585,0.15767292894011087,0.10806854248346343,31847550.0,0.3266593505622882,-0.7608656675248253,-0.6733406494377119,0.0,1.0
2024-12-26,194.13597478356783,195.72766709348628,193.36998671071595,194.58364868164065,12046600,-0.002600527488871407,0.03821661236591645,0.15790062449396136,191.8499267578125,183.33307189941405,175.22007263183593,185.67925039107044,177.7923782877453,0.022336268147979333,72.32806565786908,5.993088953528229,5.262349353968476,183.33307189941405,204.66496820121864,162.00117559760946,0.6847186092529576,0.9726732115639174,6.669503786849162e-05,0.02913956326087641,0.004518429157541304,46.98189076198315,1.4154846398946574,0.00871914562562274,0.01820289569350424,0.009077049105040036,0.15338219533642006,0.14283626980952535,0.10176517141699515,31425545.0,0.38333782278079825,-0.6474107375439397,-0.6166621772192018,0.0,1.0
2024-12-27,193.937030713524,194.30511850410315,189.6593706110804,191.75840759277344,18891400,-0.014519416754742887,0.022545410104283237,0.14034700558482505,191.92951049804688,184.51309509277343,175.77296600341796,186.25821774361359,178.34006571147188,0.022836313466998534,67.33800820584554,5.73326610028181,5.356532703231143,184.51309509277343,204.90060014605416,164.1255900394927,0.7000392899337001,0.7589418047723299,-0.010526583116915789,0.018619003514052324,-0.0030348249701936947,40.97293175250596,1.1255361807793633,0.009023919907195673,0.006984664766457178,0.003926406590230913,0.14338183055501874,0.1431817590597142,0.09682999873498795,31406790.0,0.6015068716032425,-0.4144961134597027,-0.3984931283967575,0.0,1.0
2024-12-30,188.8138024415549,191.54951344453465,188.13732782747584,190.24632263183597,14264700,-0.007885364610184964,-0.0008880473016206203,0.1332299597397424,192.07077331542968,185.6314254760742,176.33993530273438,186.63803725677764,178.8069777475646,0.023000098394962965,64.89024448904436,5.343742658828404,5.353974694350596,185.6314254760742,204.58025700542143,166.682593946727,0.7179598038570814,0.6951271552823853,-0.011411689511399481,-0.0049565339757497995,-0.02049650517798507,38.59613147950903,0.3530010070476237,0.00923187128248344,-0.004770271863507439,0.004068486674129179,0.15372646491772746,0.16162153569745663,0.10647216242977109,31407165.0,0.4541861705760453,-0.775227731477761,-0.5458138294239547,0.0,0.0
2024-12-31,190.0871254076539,190.96255767118524,187.53047217416017,188.31637573242188,17466900,-0.010144463623346422,-0.027385383948847042,0.10511933925846373,191.33859558105468,186.52706146240234,176.8585675048828,186.7978790163628,179.1798953155982,0.023197808097778865,54.54544532050063,4.823707245100195,5.247921204500516,186.52706146240234,204.08782661775544,168.96629630704925,0.856272373393373,0.7758853980298245,-0.0036380303829519622,-0.014478146498273392,-0.025806144037954337,38.434438016950985,-0.4241202955023482,0.009225459696271806,-0.008506728665602262,-0.01290723745057365,0.13092548329641807,0.15376939141900325,0.09059587908828255,31091055.0,0.561798240683695,-0.3196923076923077,-0.43820175931630495,0.0,0.0
2025-01-02,189.65937128935167,191.00236272405684,186.52574484771176,188.4457092285156,20370800,0.0006867883666021868,-0.03406245974438371,0.10684665190390485,190.74270782470703,187.43661804199218,177.36686889648436,186.954815227044,179.54326056708518,0.023178686395021113,41.55107454502368,4.3716182711257545,5.072660617825564,187.43661804199218,203.2456684942571,171.62756758972725,0.8477997813789013,0.7756916789717787,-0.00245680648417268,-0.027706419593556686,-0.028650303394741172,32.77814474050538,-1.1410720351403825,0.009219755188853762,-0.011041943807619074,-0.006356040150827025,0.13549695529864603,0.15078907646800754,0.09330999720527551,30997160.0,0.6571827870682346,0.9581094460411601,-0.34281721293176537,0.0,0.0
2025-01-03,190.375625937452,192.20607673113864,188.9928490622425,190.7934417724609,18596200,0.012458402759907727,-0.019478547837187055,0.10116308766441895,191.07994689941407,188.3130210876465,177.90086059570314,187.32039870755992,179.98444414376658,0.02306136461629318,49.75180768113175,4.154882004182724,4.889104895096996,188.3130210876465,202.69306221388536,173.93297996140763,0.8913241595742638,0.9077376761225606,0.012503295720092567,-0.015615199012566361,-0.0225744636969617,41.97794542579555,-1.1164695568031675,0.009593413611889857,0.0009647833603333079,-0.0038633488246206937,0.12373755136138065,0.14449910173166036,0.08812443475614011,30346215.0,0.6128012999314741,0.54368867564292,-0.38719870006852586,0.0,1.0
2025-01-06,192.97207816719848,197.1900526464094,192.84276396758787,195.84706115722656,29563600,0.026487385194259305,0.021321899862330795,0.14165678300713846,191.91160736083984,189.5280563354492,178.58282623291015,188.13246179800436,180.60650755605914,0.023251232127029703,59.47834340587045,4.34086303366243,4.779456522810083,189.5280563354492,201.910947873885,177.14516479701342,0.6694766180233008,0.49413237489453155,0.00576050990496646,0.0005881335373003616,-0.015323675213736676,44.969393714417485,-0.817031797487175,0.009713309386705027,0.00607387494099517,0.020733766325030434,0.15698045822087514,0.17729084296121522,0.1183350225023736,30756585.0,0.9612120461358112,0.5649237219052055,-0.038787953864188755,0.0,1.0
2025-01-07,196.085805432373,199.95559215597265,193.5888530048973,194.47422790527344,26487200,-0.007009720972279587,0.022223321927852924,0.12022233468825805,192.31748809814454,190.57160568237305,179.2385269165039,188.73643952250617,181.15033972661658,0.02341979817567057,48.15631410545324,4.3275923781569645,4.68908369387946,190.57160568237305,200.59716226157624,180.54604910316985,0.7775658186779242,0.5303790110096225,-0.011304045433904064,0.0006970842354268036,-0.02829645432967598,38.79871865316255,-1.1009465186357374,0.009970781827612234,-0.005679676465511234,0.02152623769242612,0.14851878901793403,0.18313469053520648,0.11772657241518887,31007825.0,0.8542101872672463,0.8568354048805793,-0.14578981273275374,0.0,0.0
2025-01-08,191.5694110447413,195.2700679108895,191.3803958585084,192.94223022460935,24864800,-0.007877638580523483,0.024564271026330298,0.10594753286641168,192.24984130859374,191.49577941894532,179.81291076660156,189.13699101794458,181.61276680496923,0.02362334078796363,47.70528674815745,4.145667207686245,4.580400396640817,191.49577941894532,198.08676137639506,184.90479746149558,0.8362883807478831,0.506350079440713,0.0014609060507264626,0.005818205853351577,-0.021839680886756252,40.92107700847536,-1.2433964066094632,0.009949017607383431,-0.004643789978857851,0.01874606517297872,0.12778721375316793,0.15340559581756863,0.09997962491457175,30981585.0,0.8025670733114526,0.42353823517624756,-0.1974329266885474,0.0,0.0
2025-01-10,193.29041142782185,195.49887742154428,189.32113818407663,191.04214477539065,26665200,-0.009847950067783273,0.013778162195916765,0.03710105286961962,191.84495697021484,191.83749465942384,180.3204766845703,189.31843423293944,181.98254633322105,0.020595376500326633,56.7607790644226,3.804315403446026,4.42518339800186,191.83749465942384,197.4776008889608,186.19738842988687,0.9095098734475616,1.3646452755160459,-0.015267429606369842,-0.007098686415962896,-0.03376947358544613,46.8861479736912,-2.0466967893661376,0.010440387180588158,-0.019893548974421953,0.02087684861187966,0.07087052645506575,0.15041342685997527,0.08072026730897357,29574195.0,0.9016373902992119,0.308991301274373,-0.09836260970078814,0.0,0.0
2025-01-13,189.08236847778903,190.1865861405531,186.38644345909503,190.01747131347656,21823700,-0.005363599027423005,-0.004067070921178528,-0.022466959453327995,191.38833923339843,191.61913299560547,180.74872436523438,189.3850091929906,182.29764143048598,0.016379118180536154,54.48993880048575,3.4117801763421767,4.222502753669923,191.61913299560547,197.18163644672865,186.0566295444823,0.42034701326652035,0.7685376988678922,0.0015505849049237685,-0.017839353633201882,-0.03969521803253662,47.79122445252873,-2.5821448054558687,0.010237168417515118,-0.018425899537344855,0.013772282712023354,0.017228258579208622,0.12428693766410737,0.051762492985113116,27270675.0,0.8002625530904534,0.17355696325055647,-0.19973744690954662,0.0,0.0
2025-01-14,190.2462913969121,190.98243652196967,187.33150825894856,188.67449951171875,17174900,-0.007067622742659707,-0.03662327942592747,-0.011981775676925821,191.07994842529297,191.5047294616699,181.05511779785155,189.31734160429804,182.5477142964167,0.01598181895964414,46.67171528740729,2.958225992273384,3.9696474013906156,191.5047294616699,197.21621171602467,185.79324720731515,0.40485421374740443,1.0557116694548399,0.0013759502770052112,-0.022121030907087946,-0.033393310453592506,41.985656018303665,-2.909488544904889,0.010234531537998135,-0.017212209211768914,-0.014502248518839522,0.021411534776666685,0.0812349612842207,0.029381415847349285,26388545.0,0.650846797350896,-0.4190524834593893,-0.349153202649104,0.0,0.0
2025-01-15,192.08668076451275,195.33969375687732,190.8630762218721,194.53390502929688,21776000,0.03105563037263659,0.0003068639205627832,0.03018640602065137,191.50870666503906,191.78973999023438,181.54527557373046,189.81415716858365,183.01776099182376,0.01723630473644357,51.58837387982681,3.0365822598066643,3.7830343730738254,191.78973999023438,197.5088997909571,186.07058018951167,0.284570043467833,0.36022823186618597,0.01819002884394938,0.007050358756213404,-0.015615190184519623,48.48295679822248,-2.3022265978700034,0.011155962302745227,-0.00021449350280955195,-0.006743494835650621,0.04580159620517099,0.0981810572121189,0.04574638619387975,26220170.0,0.8305056755924923,-0.1778670452142922,-0.16949432440750767,0.0,0.0
2025-01-16,193.13124318936408,194.4642768734046,191.8081520804567,191.9076385498047,17815400,-0.013500302063522929,-0.005362183662955822,-0.019068440729527403,191.86783294677736,191.60321426391602,181.97933044433594,190.01353634774756,183.36638364115635,0.015504117470878253,44.687959891326344,2.853864832760081,3.5972004650110767,191.60321426391602,197.0297480375572,186.17668049027483,0.23485446166115403,0.7052075622601341,-0.0019231016950377322,0.0036474638515637814,-0.021685619038086967,41.597148709859184,-1.8896230031465393,0.011095745984602903,-0.0028944816648753505,-0.009009647514519603,0.0026171783085595646,0.08794774536766159,0.027185092053900517,24864195.0,0.7165082159305781,-0.2835092178501335,-0.28349178406942194,0.0,0.0
2025-01-17,195.50881224351804,196.2051719482703,192.74325857357104,194.9815673828125,27735100,0.01601775133202965,0.020620699228714345,0.00296793712710941,192.52141876220702,191.63206329345704,182.51560394287108,190.48668216061088,183.82188104278993,0.0158893129410442,50.61161575273608,2.9234011733736622,3.462440606683594,191.63206329345704,197.12700763411692,186.13711895279715,0.05593463799099709,0.3389653456482479,0.010040005145707243,0.029441007671646924,-0.007775482917862009,47.03380615591894,-1.0789479561406097,0.011337782768379377,0.006109889741508162,-0.008820308442932578,0.010743420044971419,0.10718030767114528,0.03636780642439471,24075750.0,1.1519931881665162,0.04012345679012341,0.1519931881665161,0.0,1.0
2025-01-21,198.0356240505664,201.23887871445532,196.84184720049228,197.0209197998047,29971300,0.01045920619249241,0.03685686604456673,0.0512208672499308,193.1441665649414,192.11205673217773,183.08272766113282,191.10899050720076,184.33949040581012,0.01354031194696408,58.28892656978724,3.1072494829207074,3.391402381931017,192.11205673217773,197.7338702494263,186.49024321492917,0.6551667884203901,-0.6459438558995915,0.009153166884792174,0.037255300601249486,0.03206574832492315,56.42987646170745,-0.0025188249049961087,0.009141076377753613,0.01435289994807001,-0.0003984345566827585,0.019155118925007653,0.1189114567817473,0.0458893803833574,23866010.0,1.2558152787164676,0.37333724345550934,0.2558152787164675,0.0,1.0
2025-01-22,198.02566579041408,199.43828553458843,196.5036170079127,197.33924865722656,26200600,0.0016157109496053312,0.04592432558682713,0.05230506177544725,193.29338531494142,192.6024963378906,183.52167663574218,191.70234842625084,184.84928484704213,0.013534240621510069,61.60853596996129,3.241273685774189,3.361376642699651,192.6024963378906,198.25273330168554,186.9522593740957,0.6435087460681177,-0.6530236250091261,0.005621641854193671,0.041653115519750816,0.03818642384475468,65.40948195078366,1.1067518706042847,0.009171408430493189,0.01945908345874859,0.004271210067076314,0.014118637930692568,0.09562454014028221,0.03800479604601703,23562780.0,1.11194859010694,0.5255168880168153,0.11194859010693985,0.0,1.0
2025-01-23,197.1104509591117,199.25923110054316,194.1857249631917,196.95127868652344,26951400,-0.0019660051071594964,0.012426490163051529,0.03432420618051113,193.5410903930664,192.92928924560547,183.86860290527343,192.2022465462768,185.32387284074727,0.013226865446831456,64.88340174481483,3.27839163979678,3.3447796421190774,192.92928924560547,198.7986984249427,187.05988006626825,0.8535842411254965,-0.1952856845595068,0.005458160907185539,0.028627855472985297,0.03146419277533563,69.63026726158535,2.222830992180434,0.008904953576164503,0.02446760356406371,-0.01620136530993377,0.002860013405175499,0.06939432732101514,0.01868432513875229,21737205.0,1.239874215659281,0.23766531961792792,0.23987421565928094,0.0,1.0
2025-01-24,197.07065618338208,199.85609492474924,196.9711697228321,199.1696929931641,23877500,0.011263772042686693,0.03784140380360479,0.028669725222525644,194.16383666992186,193.20683898925782,184.30759307861328,192.86581287455178,185.86684618005776,0.012949436003209573,67.24247314578031,3.4470795924547986,3.365239632186222,193.20683898925782,199.7048387896187,186.70883918889695,0.9123935403913095,0.08259959076612372,-0.0029194682871930278,0.027600990275830517,0.022330827923201513,69.2394961348356,2.932304802754743,0.0088960363332883,0.0210722981384087,0.010240413527774272,0.006338897299324131,0.10408459739393439,0.040221302740344266,21647330.0,1.1030228670233235,0.34027302221673383,0.10302286702332343,0.0,1.0
2025-01-27,191.41022766272687,195.857002440664,189.7389491683093,190.81333923339844,41728900,-0.041955950396792896,-0.0213775497107912,-0.02192643015520024,194.14095611572264,192.99295654296876,184.5397100830078,192.67033919444194,186.06082629979662,0.01608162823053084,50.0268114847406,2.87335584128013,3.2668628740050036,192.99295654296876,199.51139865013462,186.4745144358029,-0.1622786111064999,1.5113735023515635,-0.014145255556364478,0.002995234344467246,-0.0032096212651037126,55.99160232956482,2.7802597378333758,0.009193841058080823,0.006540440837844244,-0.024372784055258445,-0.018716808890096526,0.06037420096555479,0.005761536006733274,23213610.0,1.7976049395160856,0.5045519936830947,0.7976049395160856,0.0,1.0
2025-01-28,191.7484641400102,194.46427471258815,189.68921264751984,194.28521728515625,24157900,0.0181951537859264,-0.01388534028481958,-0.0015336920574074986,194.56773071289064,192.97803497314453,184.816025390625,192.8241371078433,186.3833514364774,0.016634443120686748,47.80173450555047,2.6680713128216382,3.1471045617683306,192.97803497314453,199.48249658243677,186.4735733638523,-0.26558031284628153,1.0502205777880178,0.008592315317060173,0.0024378051374160936,0.005288068248217925,57.194499962827,3.033361689377898,0.009398355404697738,0.01486097302401485,-0.016323145422235674,-0.006821760305625424,0.06038000813532318,0.01241170080248736,23819175.0,1.0142206856450737,-0.1939655603861027,0.014220685645073769,0.0,1.0
2025-01-29,194.5438525780378,195.7674571519655,192.4249153665142,194.39463806152344,18218300,0.0005631966131864896,-0.014921565860513852,0.013747665626992589,195.1397445678711,193.10984649658204,185.14898193359375,192.97370862724142,186.6975195394204,0.016276972714714275,49.883847891639796,2.48555920786697,3.0147954909880585,193.10984649658204,199.6170875925649,186.60260540059917,-0.39603475441257585,1.4934093334298868,-0.0044828644654661964,-0.0076347099273954555,0.011428383030286815,61.049656744332665,2.9845505640086003,0.009124917225818057,0.010086866794919635,-0.007286855933118397,0.002319282596705774,0.08253241048630966,0.025854945716632344,23785520.0,0.7659407908677212,-0.3046609619627031,-0.2340592091322788,0.0,1.0
2025-01-30,196.97119600589963,200.35352360288596,196.64290885768256,199.82627868652344,24354700,0.02794130887129187,0.014597518833964873,0.050355538662508526,195.66898193359376,193.5888442993164,185.65615264892577,193.62633434717304,187.2123728393068,0.01721418320188193,59.019816452343406,2.7475332016162213,2.961343033113691,193.5888442993164,200.5994648330578,186.57822376557502,-0.4464834862488895,1.0650718023110746,0.005366979111198988,-0.007724704372655933,0.02859470139993081,62.538305732827574,3.165615456686396,0.008724196539298925,0.015041852944867724,0.022322223206620806,0.021760837262577715,0.12221450295667236,0.05543252114195696,24290020.0,1.0026628220149674,-0.09634749957330602,0.002662822014967464,0.0,1.0
2025-01-31,200.95037662702387,204.4122897562784,200.75141889398665,202.9598846435547,32001100,0.015681650970176264,0.019029961805085982,0.07776014621234917,196.77420654296876,194.32101974487304,186.28740386962892,194.5152438992094,187.82992232182633,0.017176428530544834,65.12625789835697,3.171446826321244,3.003363791755202,194.32101974487304,202.0363859019784,186.60565358776768,-0.650806207361316,1.3032556274047884,-0.005322014232943095,-0.010115671714563734,0.026856239959045514,68.96670882344965,3.0188549812241945,0.0087837773535212,0.009029203844635595,0.029145633519649716,0.050903906253303655,0.15325570720763282,0.07776841566019539,25016730.0,1.2791879674122077,0.3402198722646843,0.27918796741220775,0.0,1.0
2025-02-03,199.6471997728737,202.6912973186069,199.06026910715457,200.18438720703125,27838300,-0.013675103537814204,0.0491110737398206,0.06229209477134301,197.29448852539062,194.90795364379883,186.8073016357422,195.05516230947816,188.31441114085396,0.017612161954908865,62.35497299732096,3.2460238384748834,3.0518958010991386,194.90795364379883,202.52680329111564,187.28910399648203,-0.5253775085863928,0.7934099011073156,-0.006729450943770532,-0.0026695557334752706,0.0224580428153196,63.79251940960783,2.551836279375493,0.00893226273651653,0.0018495345649282566,0.05178062947329587,0.03983405195602341,0.12945637219286787,0.07369035120739571,25390105.0,1.0964231932085353,-0.3328772145922849,0.09642319320853537,0.0,1.0
2025-02-04,202.33317837712485,205.97416454187623,201.75619025433605,205.30764770507807,43856400,0.025592707650813562,0.05673324287840176,0.07607287649816974,198.12316131591797,195.6336639404297,187.37362213134764,196.0315894900115,188.98081257474513,0.01821126856118134,68.51199600069417,3.6761545419895754,3.176747549277226,195.6336639404297,204.2959105457139,186.9714173351455,-0.4941201535324546,0.4891627778256808,0.006708162080112823,-0.0045326706475327105,0.016605932482016472,65.64945233184481,2.4713546258383303,0.008633551619897959,0.008115266279966721,0.06126591352593447,0.05946694401615327,0.13710627134170594,0.08594637629459789,26653115.0,1.6454511977305466,0.815406140434392,0.6454511977305467,0.0,1.0
2025-02-05,190.0771871408914,191.74845039513903,187.0529748053441,190.33583068847656,70373900,-0.07292381547378268,-0.020879214640489807,-0.0281404808230723,197.42281951904297,195.35810241699218,187.68303527832032,195.4891362708177,189.03395053998952,0.024262937672188883,46.11560851424408,2.7769250514874386,3.096783049719269,195.35810241699218,204.3366355045467,186.37956932943766,-1.41495041571706,3.138487170575095,0.0040547333815506015,0.004004500059520799,0.014881762049676839,60.506950945995804,2.5715077814887763,0.00859090492830894,0.011670723280693868,-0.024883714700010606,-0.04302224287274914,0.061793659625368313,-0.0020374326491304773,28693630.0,2.4525966216195023,2.8628137641821683,1.4525966216195023,1.0,1.0
2025-02-06,188.51533691421105,191.1018330967084,187.7393910953624,190.60443115234372,29297400,0.0014111923272437377,-0.04614932327617649,-0.01989876393706347,196.788134765625,195.16461257934571,188.16376220703125,195.02392625953448,189.09553801498382,0.024228760071744578,48.73915859915809,2.0621814699895538,2.8898627337733265,195.16461257934571,204.38683012195108,185.94239503674035,-1.4779795655956678,3.3004290142581545,0.003475526445625654,0.0021156107013640124,0.030052773807300204,63.249039364374426,2.785370747674051,0.008120046829961657,0.014689315470748324,-0.0482649339775405,-0.04995153774436367,0.11955790535158228,0.0071138112098927024,28834140.0,1.0160663713223284,0.20294645386722077,0.016066371322328323,0.0,1.0
2025-02-07,190.05729013281345,190.1866043191136,182.28787402069705,184.376953125,49315000,-0.03267226260005629,-0.09155962790967631,-0.04439296202618925,195.3088607788086,194.73634872436523,188.57697601318358,194.00992881815023,188.91049547027856,0.0252280628445587,40.33018919399418,0.9819176649824328,2.508273720015148,194.73634872436523,205.1159904634168,184.35670698531365,-1.262756709335123,2.138369274528547,-0.009153513951071335,-0.0017445387488855824,0.019135310430398622,52.89936112585038,2.4859053048970736,0.008463248876400058,0.005157173050196867,-0.08981508916079073,-0.06352827245658788,0.11396983854190701,-0.013124507691823864,30056650.0,1.6407350785932564,0.5410407767233001,0.6407350785932564,0.0,1.0
2025-02-10,186.37651565839897,187.22208986080463,184.8942523913545,185.50108337402344,23105600,0.0060969130358787815,-0.07334889617451679,-0.029004392763083087,194.7776351928711,194.45929565429688,188.95523864746093,193.19956258537627,188.7767930351313,0.02521756986204437,39.31734130441797,0.21404139699316715,2.0494272554107518,194.45929565429688,205.52710947065512,183.39148183793864,-1.3660556761658826,2.3530487465102747,0.006791224986284927,0.011843993197228064,0.04196460893423093,51.67854933433,2.5429410431481756,0.007630512851386709,0.011667768508400957,-0.08519288937174485,-0.07096900169731402,0.09787514694388033,-0.019428914708392846,29878670.0,0.7733142070915473,-0.1700067892076743,-0.22668579290845275,0.0,1.0
2025-02-11,184.0685692836796,185.96864842614565,183.3224663388948,184.3570709228516,21239500,-0.0061671470072505175,-0.10204479480628859,-0.02978884179174701,193.78482055664062,194.17627563476563,189.28140686035155,192.3574205222787,188.60347059935563,0.025225256045794314,38.142847735937195,-0.481270534396657,1.54328769744927,194.17627563476563,205.98689995197097,182.3656513175603,-1.3596848093726943,2.3352052189863772,0.0007606438304508245,0.005866133036725563,0.0411427925875083,48.88539710870331,2.594731205682592,0.007635468284699357,0.012211274641547509,-0.10791092784301415,-0.07093163437925532,0.08589565272909572,-0.03098230316439125,29849460.0,0.7115539108580189,-0.5157035233170073,-0.2884460891419811,0.0,1.0
2025-02-12,182.26797191010567,184.14815067534644,180.8851950952408,182.65594482421875,22072600,-0.009227343926204612,-0.040349133615454225,-0.03189914218972756,192.61095123291017,193.87534790039064,189.5713668823242,191.4334704557968,188.3702342944483,0.025256292594516186,37.2493410621369,-1.1562483969503319,1.0033804785693496,193.87534790039064,206.55121684035728,181.199478960424,-1.3415700158236412,2.2784160255611403,-0.0032215873014570517,-0.0014233147441763405,0.03636267667585469,43.52310608760804,2.4527960281518517,0.007725370051737226,0.008729755515567327,-0.038925818871277884,-0.06826181886558225,0.07526068110394624,-0.010642318877637965,30094345.0,0.733446765496973,-0.6863524687419627,-0.26655323450302704,0.0,1.0
2025-02-13,183.36227049888035,185.3120777313061,182.18839394998832,185.1728057861328,21402500,0.013779244712435634,-0.028496847284046556,-0.0481206566112693,191.1456039428711,193.40729293823242,189.91722869873047,190.83721667773355,188.24484494118104,0.024370997021112353,37.58165403365922,-1.4711253533060642,0.5084793121942669,193.40729293823242,206.65900890558135,180.1555769708835,-1.498035684591378,2.6841271628805026,0.010557707169447816,0.005624291664947378,0.028594133382596976,51.63219744581713,2.8132439990052944,0.007031275809736282,0.019066095480830263,-0.034121138948993934,-0.07671478999386627,0.0876866786037962,-0.007716416779688003,30075670.0,0.711621719482891,-0.2694744243516489,-0.288378280517109,0.0,1.0
2025-02-14,184.0984022530252,185.4314357993617,183.3622571021092,184.26751708984372,20448400,-0.0048888857758879745,-0.0005935450895648842,-0.03981145053784907,189.2763671875,193.02528686523436,190.19450592041017,190.21153100269643,188.08887129995213,0.024236047071513382,43.30756223461964,-1.7732756241912568,0.05212832491716213,193.02528686523436,206.88553561256202,179.1650381179067,-1.5765374863146426,2.956258954467306,-4.93805942612946e-05,0.01486420701719604,0.030525145447025004,61.38911359876307,3.061225077543213,0.006996586127232935,0.01874011708125725,-0.015457752106760925,-0.07033659598487407,0.06790348952674319,-0.005963619521630603,30207320.0,0.6769352594007015,-0.5853513129879346,-0.32306474059929846,0.0,1.0
2025-02-18,184.63561754552703,184.993747571514,180.7956737255852,182.81512451171875,29916700,-0.007881978338139861,-0.014479478035656634,-0.062397912963777946,187.53944091796876,192.41696472167968,190.44571685791016,189.507111336889,187.88205770041355,0.02390113362521999,37.767878285861286,-2.105655151781434,-0.37942837042255717,192.41696472167968,206.96651792928498,177.86741151407438,-1.5019272146816507,2.9147038333595243,0.0029358976669520143,0.01097796565391862,0.02327695591441392,58.299550828413786,3.361016393088903,0.00671641483542456,0.021403162097720543,-0.025457443689575254,-0.08567486887819187,0.05781569166852352,-0.017772206966414534,30316400.0,0.9868157169057012,0.2947813517069455,-0.013184283094298796,0.0,1.0
2025-02-19,183.11356559747395,184.4963424448096,182.63604878465785,184.3073272705078,19549400,0.008162359447964729,-0.00026982231869254747,-0.0645291502151919,185.4394088745117,191.78128509521486,190.66655578613282,189.01189380675746,187.74187219335843,0.023838810696620874,39.55070770196307,-2.2230342749554666,-0.7481495513291391,191.78128509521486,206.59246979886973,176.97010039155998,-1.5021550426348869,2.9427020861338855,0.0023548173146026308,0.012588414941510973,0.016383458790582672,63.654090060798254,3.670527614686648,0.006458336404432881,0.023558479113787098,-0.01285823726020352,-0.08091260900577457,0.05166106167537343,-0.014036594863534887,29795305.0,0.6561235067068453,-0.07957343628616498,-0.34387649329315473,0.0,1.0
2025-02-20,183.83977159439488,184.34711614040583,181.77057757262895,183.60101318359372,20441500,-0.0038322626526803294,0.005174035590708392,-0.0696173496509851,184.76592712402345,191.0943733215332,190.90764892578125,188.49657184264663,187.57948556552455,0.023813770840437405,31.368510089588014,-2.34600839520229,-1.0677213201037692,191.0943733215332,206.09333537293713,176.09541127012926,-1.469210400189089,2.885782794052356,-0.004160245253420958,0.011634868841753354,0.006496889291536467,56.66839797976918,3.6712026639103215,0.00644696425636871,0.019104344052156264,-0.006460833251044962,-0.07611423894252156,0.06075234369614391,-0.007274242832474205,29507350.0,0.6927596005740942,-0.07389704882977088,-0.30724039942590575,0.0,1.0
2025-02-21,184.18795032658747,184.37696551099648,178.14949807767616,178.7264862060547,35199200,-0.026549564694747674,-0.03481245290155277,-0.09253452225347647,183.57813262939453,190.18313369750976,191.0101138305664,187.56608749630456,187.23230912005516,0.02436793181340165,23.242578420552803,-2.804471656906429,-1.4150713874643013,190.18313369750976,205.8819853862656,174.48428200875392,-1.253582380643747,2.0471561765576562,-0.017104107843856187,-0.016056431124965242,-0.01608868830504273,48.01110239779975,2.811091340654343,0.007407377069962173,0.0018685547373004164,-0.018756021776587528,-0.07644583394843374,0.039137275983548436,-0.01868819324715761,29919740.0,1.1764540734645421,0.6446303001985749,0.17645407346454214,0.0,1.0
2025-02-24,181.0443872261592,182.16850543528213,177.9604887236702,178.31861877441406,29854200,-0.0022820760386370598,-0.03228403144179304,-0.10468999527687017,182.97229919433593,189.14057998657228,191.0873110961914,186.68537618945786,186.88275263591237,0.024091822057600867,24.524850349417193,-3.1642431623963034,-1.764905742450702,189.14057998657228,205.0939748552688,173.18718511787574,-1.2199465333695623,2.1182950039234147,-0.004550406866907997,-0.020485405684669278,-0.01769808580727328,49.390552055327326,1.8910697818262179,0.007441018791215869,-0.002509066097248158,-0.01179862575712376,-0.0869919094695969,0.031154265549326543,-0.02254542322579804,30218575.0,0.9879420191057984,0.45997730873809206,-0.012057980894201662,0.0,0.0
2025-02-25,177.11489600513676,177.81127094293743,173.7823117406095,174.50851440429688,41913400,-0.02136683424481456,-0.04543721494382924,-0.0854490828293607,181.87304229736327,188.3253387451172,190.89332458496094,185.52567506706157,186.3974883915353,0.02284775189106054,12.98423312293481,-3.7139956231467863,-2.154723718589919,188.3253387451172,205.53569787341948,171.1149796168149,-1.3583204802449782,3.276322713155411,-0.004973182941032439,-0.02820978757304171,-0.0085590675716406,41.60367665767102,0.9157665388809164,0.006837709611876662,-0.007252956269528552,-0.01722742737078753,-0.0768900152577201,-0.04177185751435697,-0.04529643338095487,30227800.0,1.3865845347660102,0.40100345292094386,0.3865845347660101,0.0,0.0
2025-02-26,174.1603418876601,175.16508845335508,170.68847049649932,171.83248901367188,35431300,-0.015334640832625812,-0.0676849826948368,-0.11556580878991973,180.6205841064453,187.20270233154298,190.4422802734375,184.22156210959588,185.8263119453446,0.022342377139081507,18.431798660297645,-4.315860737537946,-2.5869511223795243,187.20270233154298,205.6601691190393,168.74523554404666,-1.2681260617028343,3.3291262631770784,0.0005049020314549235,-0.030003293759601757,-0.01650895222478055,38.68110935120738,0.16473538081515926,0.006508689270236051,-0.006390433965205409,-0.03768168893523505,-0.09905685656513918,-0.09804359968888499,-0.0782607150630864,30791470.0,1.1506855632420276,0.8123983344757384,0.15068556324202775,0.0,0.0
2025-02-27,173.08594510447406,173.65297546387492,167.06737815788244,167.6244659423828,39991000,-0.0244891003758565,-0.08701775095998521,-0.1377104450312472,179.11743621826173,185.86419372558595,189.97551818847657,182.64088628414703,185.1125140628755,0.022662192313859946,15.439870786716511,-5.073906633559375,-3.0843422246154946,185.86419372558595,205.93759679272932,165.79079065844257,-1.0644797179649055,2.666028274419881,-0.01596211835726624,-0.04149889632380166,-0.027849533953353434,28.79369868945119,-1.1698607514163086,0.0073066814006959935,-0.021686381408137865,-0.04551885463618355,-0.10986091107789375,-0.09356794997474116,-0.08298257189627282,31880105.0,1.2544187040789232,0.9563632805811706,0.2544187040789232,0.0,0.0
2025-02-28,167.80352548017922,169.72350502540073,165.9034614440167,169.3952178955078,48130600,0.01056380369756793,-0.05220976760987073,-0.1522875819488898,177.53967742919923,184.34264068603517,189.58674865722656,181.3793940566576,184.49614950729244,0.021552695270075414,23.980671585157836,-5.468738371975718,-3.5612214540875398,184.34264068603517,204.57267074141745,164.11261063065288,-1.32266156332258,3.295257687719559,0.015605598316998925,-0.009601022188497899,-0.017949190457496877,43.867489607115694,-1.4860883021601694,0.008118302239890728,-0.0061531985026414,-0.04260874542137283,-0.13433839149139293,-0.08964918804805744,-0.08886544165360773,33068900.0,1.4554641974785978,0.3673776676742653,0.45546419747859773,0.0,0.0
2025-03-03,171.0366301036563,172.46915017235435,165.06780660374991,166.14219665527344,40770500,-0.01920373715768653,-0.06828463680814334,-0.18140376879372877,175.72714538574218,182.5017562866211,188.9968295288086,179.9282323993829,183.77638665035053,0.020938126199661605,18.693702132803466,-5.975257942639985,-4.044028751798029,182.5017562866211,202.29454781921754,162.70896475402463,-1.257789627550949,3.446434987436568,-0.01751987501654706,-0.022504687112136046,-0.029992202596734407,32.451029329740976,-2.533356043334379,0.008891434782416788,-0.022879340924659906,-0.045779949696007294,-0.15141156619699436,-0.11606862503875781,-0.10442004697725316,33507370.0,1.216762163070393,0.36565374386183525,0.21676216307039317,0.0,0.0
2025-03-04,165.3762007856933,172.3895559244155,164.9384846542463,170.03187561035156,45388000,0.02341174628350906,-0.025652838826958013,-0.15062369257346664,174.44882049560547,180.9941307067871,188.50937530517578,178.98572222899895,183.2373862174094,0.022177284850084935,28.72338881308363,-5.993721872611303,-4.433967375960684,180.9941307067871,199.6781972321194,162.3100641814548,-1.14216509717715,2.786270172299299,-0.011836867992038314,-0.029247440022381554,-0.03498000211028829,28.61231102915258,-3.8669424748503616,0.009120423009013574,-0.033623584818813154,0.0035946011954235413,-0.11564369046317835,-0.0831917584063484,-0.0650802825580344,34384855.0,1.319999749889886,0.08289950230713816,0.3199997498898861,0.0,0.0
2025-03-05,169.63396197807168,172.87701716435777,168.18154163334694,172.1209716796875,30954900,0.012286496645625089,0.0016788598458390425,-0.16164364258394714,173.23018493652344,179.33479690551758,188.20337371826173,178.33193646239783,182.80144839240072,0.02130227515369917,34.5311210168645,-5.773231853552176,-4.701820271478982,179.33479690551758,194.48816160499328,164.18143220604188,-1.3620262005146013,3.290372077028687,0.010747839611165988,-0.019309100033235937,-0.03110760914742894,35.655799182698914,-4.381445381550748,0.009358957727972557,-0.023196103492534925,0.02098795987907498,-0.1305360334365182,-0.07948961442283142,-0.06301256266009155,33739780.0,0.917460042715157,-0.12634026976148205,-0.082539957284843,0.0,0.0
2025-03-06,169.64391728856972,173.9016770030345,169.61407438427003,171.4544677734375,28302000,-0.0038722992308592996,0.022848704152597765,-0.0992002548692068,172.01553039550782,178.39072875976564,187.8818539428711,177.67693944440163,182.3564687602845,0.014977498554619878,28.69942193914555,-5.5878598499041345,-4.879028187164013,178.39072875976564,193.0012350214462,163.78022249808507,-0.057668633706873924,-0.6109840371963124,-0.01775115672124894,-0.02109205338897502,-0.052149849469542264,25.234149432203722,-5.546358181597498,0.009926209420770143,-0.04016810275809769,0.043940757541572784,-0.04705040539966454,-0.06616746436166965,-0.02309237073992047,31636185.0,0.8946084997290287,-0.29229076542222,-0.10539150027097136,0.0,0.0
2025-03-07,170.3701228624436,174.06085227932917,169.38527664457013,172.9566192626953,27385800,0.008761226865448446,0.021024214328083213,-0.09258867584008634,171.43854370117188,177.5083381652832,187.53267791748047,177.22738514138197,181.98784721135945,0.015233726550191805,32.75707339821312,-5.2591163111518995,-4.9550458119615906,177.5083381652832,191.10981253950138,163.906863791065,-0.09572872070330624,-0.7493177855062094,0.005604885844907148,-0.030731402489576287,-0.05013852624944182,28.323934747053485,-6.144076506977399,0.01000621177353481,-0.03429536715669044,0.0517556168176595,-0.042450149590644526,-0.06592454690556826,-0.018873026559517763,31540605.0,0.8682712332246004,-0.431010625257113,-0.13172876677539952,0.0,0.0
2025-03-10,167.57846950382446,167.77767157580016,163.0269878624875,165.19815063476562,43604000,-0.044857887839179655,-0.005682156848248465,-0.10401952177413376,170.12649688720703,176.54939804077148,186.96426696777343,176.08174375979945,181.32942773776753,0.01659293659649444,27.474628985062992,-5.560529938446905,-5.076142637258654,176.54939804077148,190.800691771873,162.29810430966995,-0.49931540467891317,0.2303199966711886,-0.026635511651277977,-0.03972446007077579,-0.06689740497932228,22.171222167567038,-7.7454570298540375,0.011296486419792027,-0.05894091359342066,0.034042303222527326,-0.03712211679481148,-0.08942863083114205,-0.0308361481344754,31255055.0,1.3951023282473827,0.06949877975496999,0.39510232824738273,0.0,0.0
2025-03-11,164.24205105519363,166.0745946593306,160.71638098509786,163.3755645751953,39587400,-0.011032726774283574,-0.03914743051126479,-0.11927433735908011,169.01320190429686,175.44312210083007,186.32995849609375,174.87163145650382,180.62535467256862,0.016412384198424345,23.460505637038437,-5.878703834231288,-5.236654876653181,175.44312210083007,190.19483786591235,160.69140633574779,-0.3641065904445391,0.2666075355764413,-0.008313000999340847,-0.036300042411947286,-0.08089612895822684,19.89654426072171,-9.277321522063176,0.011082515342852834,-0.06533988037514633,-0.002847388099317505,-0.038378208400853264,-0.08709746817673836,-0.042774354892303044,32079145.0,1.2340540871647296,-0.127800299638671,0.2340540871647296,0.0,0.0
2025-03-12,165.90529913170525,166.96100335852913,162.86764957538162,166.4331512451172,28372400,0.01871507944209494,-0.03304548178565481,-0.09722393390180883,168.4732681274414,174.54692611694335,185.76694854736328,174.067966674467,180.06879767541366,0.01733238276616574,29.457592486496353,-5.817081552880751,-5.352740211898695,174.54692611694335,189.1959430191394,159.8979092147473,-0.37511846197314713,-0.08026732031495154,0.005306488547146326,-0.041488111665337835,-0.07672120111506386,22.915140614978725,-10.140410470079246,0.011234113083695126,-0.05903633722147962,0.008442629879683028,-0.02050273278674497,-0.07404456525518899,-0.028701556054083643,32435790.0,0.8747251107495763,-0.08342782564311302,-0.12527488925042368,0.0,0.0
2025-03-13,165.36746730396223,165.4571143189754,161.4533926135524,162.1007537841797,31756200,-0.026030856404063885,-0.05455509040229822,-0.11253502348264988,167.9208969116211,173.5191665649414,185.1737954711914,172.92823211348724,179.3641685032084,0.017946665252633342,29.84479374373555,-6.048114815910196,-5.491815132700996,173.5191665649414,188.6490970574328,158.38923607245,-0.2756307818493363,-0.4747779285899661,-0.0133303267293573,-0.03717411513326763,-0.08608455076061361,23.65909505696949,-11.285352033458139,0.011426648970180727,-0.07021491319034597,-0.017380975269030596,-0.026450472722036267,-0.08140225762741538,-0.04174456853949408,32919970.0,0.9646485097039882,0.12204791180835284,-0.03535149029601181,0.0,0.0
2025-03-14,162.60869285591215,165.8156517325666,161.79200690237369,164.8197021484375,31995900,0.016773200005459676,-0.04704600002558468,-0.10991410726476936,167.46334533691407,172.50151138305665,184.66526306152343,172.15599116443488,178.79379727360953,0.018130100486226115,34.503719278452124,-5.943303231494895,-5.582112752459776,172.50151138305665,187.05816091813122,157.94486184798208,-0.2556650592956025,-0.5117471128368817,0.02065567864541107,-0.022763591576676734,-0.07695227452107956,32.929714498638205,-11.16047095239071,0.012312439182783137,-0.05019567554912381,-0.024282408448907944,-0.0329618327436898,-0.0904529336269656,-0.04923239160652112,33449640.0,0.9565394425769604,0.1683390662314046,-0.04346055742303953,0.0,0.0
2025-03-17,164.36158101735924,165.62644141646544,163.0070887907617,163.62457275390625,31184300,-0.00725113186683779,-0.009525396469712177,-0.1120270390677297,167.21158294677736,171.46936416625977,184.17142700195313,171.3434751253369,178.19892572381724,0.018132593087330298,36.70756759289017,-5.888793899320234,-5.643448981831868,171.46936416625977,185.42840808318,157.51032024933954,-0.2338913456629962,-0.5212846840467704,0.00771144794455525,0.01171999585379857,-0.06978830562945193,36.7375321730881,-10.595055032892901,0.012560755006078405,-0.04225938173083977,-0.021245392323510748,-0.042238733438277776,-0.09881946224099913,-0.05410119600092922,33986435.0,0.917551370127523,-0.2848293734519769,-0.08244862987247706,0.0,0.0
2025-03-18,163.01702900544848,163.5847275921019,156.08522805432327,160.01922607421875,42074800,-0.02203426184103774,-0.02054369947980672,-0.12469372267959566,166.21031799316407,170.32956924438477,183.6028973388672,170.2649752157066,177.48599632579376,0.018492110420807457,35.89282250951109,-6.066584398140577,-5.72807606509361,170.32956924438477,184.10947485734914,156.5496636314204,-0.13262766656865804,-0.743098852286955,-0.010808597358321625,0.009173986134496825,-0.08253616921222806,34.4757214681904,-10.512103648607763,0.012564053148489091,-0.05185483860196295,-0.029717685614303546,-0.0421575534673676,-0.11044586904156994,-0.060773702707747033,34594340.0,1.2162336382194312,0.06283312367066296,0.21623363821943128,0.0,0.0
2025-03-19,161.10481855769754,165.19817244671944,160.34790225399752,163.2261962890625,34275600,0.020041155638112595,-0.01926872700578497,-0.11438031951114203,165.32084045410156,169.2755126953125,183.0515524291992,169.594615317931,176.92678848121608,0.019165429870948294,44.61901597468229,-5.880917399757124,-5.7586443320263125,169.2755126953125,181.7132906959565,156.8377346946685,-0.09366943267258379,-0.8693183555362459,0.010891068511607482,0.014780050442076309,-0.0747228663892292,41.43248163244375,-9.84810531694552,0.012938664744062224,-0.04072375480280524,-0.03404877744786128,-0.03965745312191282,-0.10255819731465643,-0.058754809294810174,35330650.0,0.9701378265047487,0.20806135540172854,-0.02986217349525129,0.0,-1.0
2025-03-20,160.91558075554488,164.22212545502225,160.3080509045436,162.14059448242188,28138500,-0.006650904274691949,0.0002457773780326633,-0.11688616706985311,164.389453125,168.2024917602539,182.37742309570314,168.88470857169202,176.34693773616533,0.01915994793057406,40.97312854448682,-5.755033514946433,-5.757922168610337,168.2024917602539,179.03593552133685,157.36904799917096,-0.06930600022631553,-0.8692351808990062,-0.0028916986236381392,0.02551607673601719,-0.07354420568216014,35.2251256223318,-9.344271350448253,0.012939893778643305,-0.04253019544443802,-0.025270299357984527,-0.04334196138769297,-0.12193492481311896,-0.06351572851959882,35715500.0,0.787851213058756,-0.1139210610841348,-0.212148786941244,0.0,-1.0
2025-03-21,160.55705156299513,163.57477782056455,160.2383403768693,163.32579040527344,36625800,0.007309680383465356,-0.009063914833547293,-0.08616907391681006,163.4263702392578,167.43245697021484,181.75445434570312,168.35528779393786,175.83630450750292,0.018741839818142755,46.305447494309156,-5.496276568443392,-5.705593048576949,167.43245697021484,177.25879459866718,157.6061193417625,-0.27811376041793284,-0.651560696963159,0.00032989191840537835,0.005093497900698463,-0.05711130548715426,39.58555472641411,-8.828411167441459,0.012573740887681697,-0.041469289069370835,-0.014157412734245756,-0.029057768429655795,-0.12117288292688222,-0.05479602136359459,35786830.0,1.023443540542708,0.1447029150609922,0.02344354054270803,0.0,-1.0
2025-03-24,166.3933245024789,167.63826163368083,164.47113366947016,167.00083923339844,30879100,0.02250133808632304,0.02063422640418522,-0.06346942130217725,163.60663909912108,166.86656799316407,181.2356265258789,168.22629269293412,175.4898156732243,0.01968000835336817,46.00138008077418,-4.937744848359046,-5.552023408533368,166.86656799316407,175.25099587122196,158.48214011510618,-0.3022938542771199,-0.853190065256055,0.017908376041436913,0.01526393523138636,-0.035838372489967796,49.415563734400386,-7.529121471492999,0.013391202763269857,-0.023850909645852233,0.005370291172798858,-0.027631048812209458,-0.11124009964122727,-0.04450028576021262,35838075.0,0.8616283101143127,-0.009786976138633885,-0.1383716898856872,0.0,-1.0
2025-03-25,168.29559909504923,169.93892544325678,167.63828375275472,169.86920166015625,24174400,0.017175736600634872,0.06155495078678208,-0.026585022283740156,164.2560028076172,166.63460235595704,180.81216766357423,168.38276021362194,175.26939943741772,0.019682989073091423,47.08925453294399,-4.215062938484834,-5.284631314523661,166.63460235595704,174.35959664110993,158.90960807080415,-0.5189695975661678,-0.6554026249552684,0.002403713718828193,0.028824488731816755,-0.028690303143890095,46.55866553869312,-6.31680534923521,0.013398989627384514,-0.02139507002577834,0.032730462054965326,0.0021052808601499384,-0.10514573928837045,-0.02343666545775173,34951125.0,0.6916630008333066,-0.4254423075094831,-0.3083369991666935,0.0,-1.0
2025-03-26,168.31549307909538,168.92302298152063,164.17233883294872,164.39144897460938,28901600,-0.03224688543898491,0.007138882802141033,-0.04330403453837217,164.0518325805664,166.2625503540039,180.29964721679687,168.002635333716,174.84281314475857,0.02066286185219267,41.880009613703905,-4.037795981863667,-5.0352642479916625,166.2625503540039,173.64252406518895,158.88257664281886,-0.49233978148497426,-0.9240201566869823,-0.011938122033753884,0.005590303543521191,-0.04077023389506529,48.52740200742652,-5.8354223454897465,0.013594851666613988,-0.03271403886524326,0.0015485792586198421,-0.0025338006433068827,-0.11578720189290392,-0.03892414109253032,34624640.0,0.8347119276908005,-0.156787919102802,-0.16528807230919945,0.0,-1.0
2025-03-27,163.96318944763345,164.74998295425303,161.3438371056606,161.58287048339844,24508300,-0.017084699409424475,-0.0034397554838365707,-0.036042444192252,164.0000442504883,165.9604705810547,179.75781463623048,167.3912291574953,174.3228153933327,0.02030201843887312,37.30550975032087,-4.07694299256346,-4.843599996906023,165.9604705810547,173.59589498564407,158.32504617646532,-0.5243918224784302,-0.7752286730589543,-0.002655735881150312,0.0058282735268377905,-0.027799312360053174,45.54768540201859,-5.510556466244566,0.013194854703262957,-0.034844045351105885,-0.009268029010674361,-0.008243131832198825,-0.12056569581937493,-0.04602561888741604,33850505.0,0.7240157864705415,-0.1290118520887752,-0.2759842135294584,0.0,-1.0
2025-03-28,159.8399478606563,161.16456257842086,153.00773337780885,153.70489501953125,48669300,-0.04875501617404798,-0.058906161493962994,-0.09262553613322899,162.88856353759766,165.17595443725585,178.94123443603516,166.0877687634035,173.51426949632085,0.0226258611941153,37.20625521989349,-4.6895953257841825,-4.812799062681655,165.17595443725585,174.38711396611444,155.96479490839727,-0.47658542573710466,-0.8455131746845572,-0.020138321487112032,-0.014752444812357823,-0.0620156099760667,47.869280461959875,-6.091594541383529,0.013201549532709567,-0.05314156612859619,-0.04415371668160517,-0.030609926157162293,-0.15008073094292507,-0.0749481245938975,33877440.0,1.4366286236504293,0.3288255819668102,0.4366286236504293,0.0,-1.0
2025-03-31,152.48983972652445,154.9099898943082,150.0497663121255,154.01364135742188,54603500,0.0020086955451315003,-0.07776726114427368,-0.0730010529655929,161.9274703979492,164.56952667236328,178.1833544921875,164.93785186759573,172.74953898106992,0.02240143859529772,39.215278871063795,-5.091521573281682,-4.86854356480166,164.56952667236328,175.02569534727618,154.11335799745038,-0.6313000597761768,-0.6192053857790717,0.006712800625198856,-0.025588796656385138,-0.03888041273138587,53.42099557079227,-6.183979581663721,0.012918701347833711,-0.04579443322127916,-0.05217846448788854,-0.03412064023420702,-0.14579420036966972,-0.07736443503058843,34569090.0,1.5795469305093075,0.768299594223925,0.5795469305093076,0.0,-1.0
2025-04-01,152.99778409802235,157.45964958057314,152.99778409802235,156.43382263183594,30672900,0.015714070864654817,-0.07909249526703144,-0.07997355160438968,161.56893005371094,163.8896240234375,177.41239959716796,164.1279443213329,172.10970696737448,0.021976063059545196,38.30931862273151,-5.155335123381633,-4.925901876517655,163.8896240234375,174.61521097119424,153.16403707568077,-0.6788408440577118,-0.56863083038047,0.002824442743211364,-0.025179816652300846,-0.02462034527263912,52.561014606857555,-6.061599876848163,0.012739980914886402,-0.04196133248427208,-0.05391267861473059,-0.05535320633175056,-0.13925932470684066,-0.08284173655110727,33833335.0,0.9065881326803875,0.2688174266993182,-0.09341186731961244,0.0,-1.0
2025-04-02,154.52158638151343,157.7683920561543,154.07341206604673,156.4039306640625,25041700,-0.00019108379038834666,-0.048588405056156914,-0.09131392219231715,160.88670349121094,163.10377197265626,176.60005981445312,163.39232397302143,171.49379417116617,0.02166649996168146,42.594551863513864,-5.148965781164009,-4.970514657446926,163.10377197265626,173.59046303618678,152.61708090912575,-0.6365493826189578,-0.5151704424848133,0.0063284086265045225,-0.007158088292523068,-0.028885131106431983,60.56148819195433,-5.61737470554192,0.012559468897792317,-0.034687711998737734,-0.041430316763633845,-0.06242879108588517,-0.145080056963937,-0.08297972160448534,33537675.0,0.7466737035289417,-0.13355315968666093,-0.2533262964710583,0.0,-1.0
2025-04-03,150.49794733089453,152.16118136873095,149.78086239042807,150.10952758789062,46883400,-0.040244532534745026,-0.07100593559938406,-0.12449334486723551,159.6835968017578,162.0365249633789,175.6554653930664,162.12729574586612,170.65519548162595,0.02308653408556607,32.50421039322896,-5.5874155073700535,-5.093894827431551,162.0365249633789,173.26334171371533,150.80970821304246,-0.4791479737302851,-1.0181923202452383,-0.04928080108999533,-0.05357267204343441,-0.060057381058093884,35.85242966822443,-7.393788286622339,0.01617868452373184,-0.08012232492190177,-0.017433263555949652,-0.06443596380914163,-0.1269958990160437,-0.06962170879371166,34466745.0,1.3602502934350198,0.9129600992316889,0.36025029343501974,0.0,-1.0
2025-04-04,147.41051168463707,150.4581305746649,144.7911742710094,145.01028442382812,62259500,-0.03397014996984016,-0.0565669076095352,-0.1615800248524798,157.85204620361327,160.63920822143555,174.6166455078125,160.4971041913863,169.64951269504564,0.02358453451121965,29.74210710698702,-6.274033231788678,-5.329922508302977,160.63920822143555,173.0386245404669,148.2397919024042,-0.2557650664938633,-1.2833708050058765,-0.05854299254528794,-0.09066691810661709,-0.12001664106406229,23.471482043223162,-11.172971737394278,0.02023919329654071,-0.13091689647329974,0.03410001049708189,-0.04156338378841751,-0.09488529313191263,-0.03411622214108275,36210430.0,1.7193803000958563,0.27923557560926504,0.7193803000958564,0.0,-1.0
2025-04-07,140.9766740613606,152.23090799124293,139.96080117715204,146.15560913085938,76794100,0.007898230884671342,-0.05102166377799122,-0.11527091211818197,155.76752319335938,159.68708114624025,173.5563638305664,159.13124751895518,168.72818314350894,0.02221522379882465,34.058679438243416,-6.649117703273248,-5.5937615472970315,159.68708114624025,173.46082436977377,145.91333792270672,-0.4240033413969036,-1.0377332129340724,-0.0017811884523963872,-0.09833928033415773,-0.0975467532939267,24.602117858727127,-14.07734183371781,0.019671737212425894,-0.12941718373483257,0.04731761655616651,-0.017724158824255265,-0.09828451937437177,-0.02289702054748684,37869935.0,2.0278381782276624,0.40639519444724237,1.0278381782276627,1.0,-1.0
2025-04-08,150.60750263275938,151.62337549950988,142.45067281990836,144.11390686035156,52200200,-0.013969373345635971,-0.07875480867381901,-0.1178980330683318,153.1919937133789,158.72399826049804,172.62237518310548,157.70102459908816,167.76291740691457,0.022260816771539634,27.418255077822266,-7.030084718713056,-5.8810261815802365,158.72399826049804,174.0211895113128,143.42680700968327,-0.40150500345898105,-1.0705498999464678,-0.01566275431689801,-0.11496151120063336,-0.10423516279269218,18.659772871541435,-16.813874318954845,0.019806442075659333,-0.14005186049426557,0.03620670252681435,-0.013662870275639616,-0.07556704567573658,-0.01767440447485395,38500575.0,1.3558291012536825,0.7018345184185388,0.35582910125368256,0.0,-1.0
2025-04-09,143.83505464618503,158.90377855359424,143.3271257672898,158.0671844482422,70406200,0.09682117355552333,0.01063434772462446,-0.050266228418362924,152.5595672607422,158.3056999206543,171.89801452636718,157.73589696567424,167.38269258500586,0.03168425160875221,46.30935984042438,-6.13536625122066,-5.931894195508321,158.3056999206543,173.16660008748488,143.4447997538237,1.4193306840546378,4.061989584277122,0.10501950265487436,-0.028165375895222944,-0.015387221525803407,45.27308449051881,-14.664654090567979,0.03163438504370721,-0.04795672404381441,0.038799723619847404,-0.034879006892559516,-0.09667696774625256,-0.030918750339654893,40602265.0,1.7340461178705178,1.8115583207210375,0.7340461178705178,0.0,-1.0
2025-04-10,155.9059376747643,157.081166059798,149.32271046519142,152.20101928710938,48022000,-0.03711184697576264,0.013933104266111052,-0.06107148958881947,151.6213821411133,157.8107131958008,171.0541421508789,157.20876575819187,166.78733284783345,0.03221698035836879,40.70870802869475,-5.832413490384255,-5.911998054483508,157.8107131958008,172.798319549791,142.82310684181058,1.3563524021792022,3.7630772810495112,-0.0438192832644565,-0.02258255803574416,-0.04581261821129423,39.31436701369722,-14.704798628860544,0.03299989169966344,-0.08728530371014388,0.03651566230185521,-0.01525887137752524,-0.09134388393871729,-0.023362364338129105,41415555.0,1.1595160320802171,0.024285781321320643,0.1595160320802172,0.0,-1.0
2025-04-11,152.28069286385934,157.03137687020202,152.2010302665367,156.50352478027344,33636200,0.02826857213779821,0.07925810505173203,-0.05045620917743476,151.9012451171875,157.39490432739257,170.1876870727539,157.14159995077105,166.38404625694875,0.032681186718829684,41.32368883015626,-5.185371276708622,-5.766672698928531,157.39490432739257,172.0208330710556,142.76897558372954,1.2780230489846889,3.2922680598751324,0.01784277787885369,0.056720887304031464,-0.048442334063397374,39.06979926505315,-13.83237037365052,0.032904841491068815,-0.06875471778431543,0.022537217747700566,-0.002013875114037389,-0.10194388831424517,-0.02714018189352733,41497570.0,0.8105583049802675,-0.4597418867803307,-0.1894416950197325,0.0,-1.0
2025-04-14,159.35194610703772,161.06498074344722,156.92182649738766,158.42572021484375,30333000,0.012282122318133304,0.08395237895384788,-0.031773054936446776,152.3424530029297,157.13496170043945,169.29700378417968,157.26389711877798,166.0719550396113,0.03281040140363464,40.39137134050357,-4.465999293701259,-5.506538017883077,157.13496170043945,171.4767440125896,142.7931793882893,1.1688707191103864,3.008681174607026,0.009701508108546752,0.06887654411810273,-0.04656316814880568,40.30520889100223,-12.583722020403115,0.03293867363389533,-0.05771869674724075,0.01507583483574515,0.014790113212358902,-0.11793438243415622,-0.02935614479535072,41455005.0,0.7317089938838507,-0.6050087181176679,-0.2682910061161493,0.0,-1.0
2025-04-15,158.48548058954378,159.00336349160088,154.58135959003184,155.67689514160156,27551500,-0.01735087629404153,0.08023506220294685,-0.027136307549713856,152.26676025390626,156.9178451538086,168.4068539428711,157.1127540733326,165.66430563184622,0.032669629205217696,42.331305138144074,-4.0707736798806025,-5.219385150282582,156.9178451538086,171.2071573518262,142.628532955791,1.168331093546987,3.0727271263178633,-0.002800677627367354,0.08284327365351407,-0.03884469668048318,41.491828967796174,-11.580808882521183,0.03287300541986878,-0.05843665439067999,-0.0026082114505672216,0.011708389130769326,-0.12439734711625738,-0.03843238981201843,40728840.0,0.6764616915188353,-0.47219550882946804,-0.3235383084811647,0.0,-1.0
2025-04-16,152.47990494067977,155.2585979132132,150.8963333701315,152.70896911621094,28187400,-0.019064653253079378,-0.03389834108031298,-0.06443345132068301,151.8972640991211,156.39198379516603,167.35488037109374,156.69334598217816,165.15625321946837,0.032521644608566824,42.21292004016713,-3.9514910308513436,-4.965806326396335,156.39198379516603,170.47642720866236,142.3075403816697,1.3592253337659832,3.5626036614829486,-0.022228190960692285,-0.0418507329124268,-0.07033449105633527,39.24155840859958,-11.603133955943349,0.033050856883840476,-0.07696315555628953,0.007952391832113825,0.005901039735652258,-0.1323307722739948,-0.03949244690207624,40424430.0,0.697286269713636,-0.5996460538986623,-0.30271373028636395,0.0,-1.0
2025-04-17,153.66505665607545,154.0534763910807,147.8985151753075,150.54774475097656,33046600,-0.014152569935755976,-0.010862440631978276,-0.0714987493937067,151.9410858154297,155.81234130859374,166.55911865234376,156.10805062682564,164.58337053442946,0.03261113162636321,46.920551108028356,-3.985410089598105,-4.769727079036689,155.81234130859374,169.85478630263054,141.76989631455695,1.3840555604523417,3.5635766757147938,0.0014267172797870487,0.0034884184648551475,-0.06630816581849863,41.95676726336883,-11.429399185844773,0.033066621457103,-0.07317255715303321,-0.014350859096833424,-0.005190583575208074,-0.08288461805280489,-0.034142020241615466,40669835.0,0.8125580052144298,-0.31184457123818254,-0.1874419947855702,0.0,-1.0
2025-04-21,148.2769899279801,148.346698501599,145.50825109483685,147.07188415527344,26049100,-0.023088094753279775,-0.06026471696558755,-0.09951830760878533,152.14724578857422,154.99964599609376,165.68846771240234,155.24746334382067,163.89664557838412,0.03280293733696892,43.62307580988715,-4.243843700642685,-4.664550403357889,154.99964599609376,169.09248062337528,140.90681136881224,1.4995366022158103,3.733507155873825,-0.023802651133915886,-0.03756969640766461,-0.08883309341290857,38.063261707617535,-12.14870519956412,0.03338070102119903,-0.09233709268028391,-0.02269502055792294,-0.010685214195876758,-0.07848094086399016,-0.037287058539263285,40141000.0,0.6489399865474204,-0.22556352976852323,-0.35106001345257964,0.0,-1.0
2025-04-22,148.28695422864388,151.57359136677536,147.93836574543795,150.85650634765625,26971800,0.025733145489501785,-0.04777768317494635,-0.09667216619899166,152.6173355102539,154.19242935180665,165.01805877685547,154.82927696323358,163.38526756933595,0.032951753816904066,45.00179270576403,-4.096050101918934,-4.550850343070098,154.19242935180665,167.19844362871225,141.18641507490105,1.4761642157756412,3.5861176682995337,0.026017821531153285,-0.022017263976179313,-0.08157403303486455,41.670799644831185,-11.52205909904194,0.03371004104080456,-0.06635628831078912,-0.025760419198767037,-0.015098133164127114,-0.062067691010291304,-0.03430874779106182,39945635.0,0.6752126984587928,-0.11081000890119674,-0.3247873015412072,0.0,-1.0
2025-04-23,154.9797361333446,156.8919577671247,153.18702360261742,154.72079467773438,31128800,0.02561565572235036,-0.0061415694538199395,-0.08917688924404366,153.6780242919922,153.43500900268555,164.4024530029297,154.81894531699558,163.0454843186849,0.033297082149400414,48.588625878873515,-3.6253164457967273,-4.365743563615425,153.43500900268555,164.16163306784176,142.70838493752933,1.415735481338438,3.2407495308946106,0.015495480308824972,-0.004073683193765776,-0.06957904715727603,42.972371684093694,-10.25709655904268,0.03396135594468282,-0.04961317937930652,-0.0020678862600541636,-0.019597842086767625,-0.053804667490222724,-0.02515679861234817,40293355.0,0.7725541841824787,0.12984048055459785,-0.22744581581752127,0.0,-1.0
2025-04-24,155.51752994672043,158.94359913409957,155.1589874690415,158.63485717773438,45894000,0.025297585293253766,0.038805108146685585,-0.03501758657631959,153.73479156494142,153.1471794128418,163.88800872802733,155.18236549420882,162.87251854845158,0.03322707447248295,57.4460638803325,-2.9029609722446423,-4.073187045341268,153.1471794128418,162.90072268206123,143.3936361436224,1.211365905476301,2.725499124058516,0.021048912949868326,0.040006956380035374,-0.038516388830560744,52.62217766829335,-8.262580280859652,0.034306957797309814,-0.027647726565340498,-0.0012018482333497893,0.003498802254241151,-0.045397779138068306,-0.014366941705725647,41142975.0,1.1154759712927906,0.628174290640499,0.11547597129279057,0.0,-1.0
2025-04-25,164.40140465983956,165.4272315126956,160.3877138664607,161.3040008544922,56034000,0.0168257073145488,0.07144747416381247,-0.00172586133710817,154.64508972167968,153.13323593139648,163.4609698486328,155.76537838566438,162.81100805064924,0.03324264390351642,64.86188566455596,-2.091007633028056,-3.6767511628786265,153.13323593139648,162.8366709577553,143.42980090503767,1.0552232137875452,2.4290344606523573,0.007225311311978455,0.04602894283859915,-0.028990625982986074,63.912394154272505,-6.2950362026491575,0.034359253564697205,-0.018845306064330575,0.025418531325213323,0.027264764645877904,-0.03226512433389028,0.006806057212400314,42719260.0,1.3116800244198987,0.6956055993657442,0.31168002441989867,0.0,-1.0
2025-04-28,161.77207767108948,162.48916256089402,157.95760427833062,159.95945739746094,29745800,-0.008335462542210181,0.08762771563177396,0.0406920181503323,154.99068298339844,153.44596405029296,162.95670288085938,156.16481448202595,162.69918253483792,0.03126500393334027,62.54522538791283,-1.5382897355357557,-3.2490588774100524,153.44596405029296,163.61877219740114,143.27315590318477,1.2789845957323354,3.2036207745998304,0.0003813851666460977,0.07194296724609384,-0.008656299261363576,64.31342681217022,-4.6652545778546255,0.03406026520277268,-0.016471464082359583,0.015684748385680125,0.049348317411695874,-0.04231148052104705,0.007573861758776316,41773085.0,0.7120805178741287,0.14191277241824096,-0.28791948212587126,0.0,-1.0
2025-04-29,159.6706623611363,160.0889594093041,156.88200017636458,159.5113067626953,26809000,-0.002801651381275194,0.05737107814954734,0.03569596405109943,155.0992416381836,153.72084732055663,162.4615786743164,156.48352803256589,162.57416779867546,0.0312870668472711,64.41089068197189,-1.1234681885867701,-2.823940739645396,153.72084732055663,164.24914032998035,143.1925543111329,1.301629799430938,3.2336343285820486,0.006299276475910887,0.05134180881324224,-0.009063510295379773,68.3153590309638,-3.0622296315710855,0.034056168310485524,-0.00837967775780888,0.006029269336305099,0.0447594743464792,-0.04625270988009378,0.0015120112675635067,40383360.0,0.6638625414031918,-0.0060359338271824825,-0.3361374585968082,0.0,-1.0
2025-04-30,157.34011335090173,158.62489684356424,154.7705615625615,158.15679931640625,34981100,-0.008491607734768092,0.022207775275641994,0.01101409308794632,155.34723205566405,153.80699615478517,161.96841217041015,156.64288720245546,162.4009376621159,0.03120521300194235,50.10975750708353,-0.8937143718653431,-2.4378954660893855,153.80699615478517,164.45626133996578,143.15773096960456,1.434151532074719,3.56589406476152,0.00039694175083582195,0.03571030168613487,-0.011462234548210049,52.792931318108806,-1.7540922577608171,0.03405021510483806,-0.006026010074513728,-0.013502526410492877,0.022476327636156368,-0.044476123525936884,-0.011834107433424465,40598770.0,0.86162955183125,0.12375356582971397,-0.13837044816874994,0.0,-1.0
2025-05-01,159.80011945187778,161.29404393761732,158.26636366652554,160.6466827392578,30203200,0.015743132344695043,0.01268211537688324,0.027126889056952486,156.14100341796876,154.0191337585449,161.49519927978517,157.0242010631033,162.3321433514156,0.03137618498513787,61.276600056547906,-0.5048998621055318,-2.0512963452926147,154.0191337585449,165.04847003809536,142.98979747899446,1.3322466862507027,3.2433483081860945,0.0070868680708551235,0.021547773789189373,-0.01071718372993169,69.7333377426293,-0.40005775713552794,0.03405809874610987,0.002910055327415405,-0.008865658412306132,0.037844072786884175,-0.042265089387809485,-0.004428891671077147,40856845.0,0.7392445500870173,-0.34189218634244123,-0.2607554499129828,0.0,0.0
2025-05-02,162.7481471411051,164.3018262703875,161.21437606436152,163.36563110351562,25715000,0.01692502028610754,0.012781023645428213,0.08830954123057522,157.42279205322265,154.68193893432618,161.0904916381836,157.6281467812378,162.3726722828705,0.029914779191367157,59.56679619610628,0.022376900947421063,-1.6365616960446077,154.68193893432618,166.29957985197484,143.06429801667753,1.3875253638182135,3.661585948225266,0.014844136511218409,0.02927493655382918,0.05600882636432347,69.35144945944447,1.317490325210997,0.03213878186515671,0.019327319996176356,-0.016493912908400965,0.032300714866251745,-0.041543395059128074,-0.008578864367092431,39798425.0,0.6461310968964225,-0.5410822000928008,-0.3538689031035776,0.0,0.0
2025-05-05,162.3397856484502,164.72010459701127,162.06092097475153,163.54489135742188,21341800,0.001097294777949065,0.022414641924247025,0.1278158098043709,159.0700927734375,155.60866928100586,160.78685974121095,158.19164626468392,162.4186416583431,0.028527314710630993,57.50144217445104,0.4495304318452895,-1.2193432704666283,155.60866928100586,166.93111972536633,144.2862188366454,1.5398630591645615,4.426508374295033,-0.005734215590911473,0.022982701737129796,0.11524311335964232,64.71590152614286,2.3924772476666476,0.028793752152795195,0.014746321399874092,-0.0005680598128827707,0.012572696444728582,-0.02704606223703132,-0.005013808535061837,37752540.0,0.5653076587694497,-0.28252728116238257,-0.43469234123055034,0.0,0.0
2025-05-06,161.51315867988768,164.13251121588542,160.5371322432176,162.56886291503906,21277200,-0.0059679543291250026,0.019168272233469175,0.11229985548816135,160.24132843017577,156.42933197021483,160.47186462402342,158.60852404090824,162.42453268801745,0.02865736817461504,60.65270178149637,0.7012122064402035,-0.8352321750852619,156.42933197021483,167.23434205122038,145.62432188920928,1.5949361245210831,4.4712417743776385,-0.008358325676825262,0.008082091350421594,0.10789491784347716,62.30975006253223,2.8369251158030693,0.02892274083157968,0.007593590423827525,0.01108618088304758,0.004404937644684193,-0.026822714596408392,-0.003777198689558873,34976695.0,0.6083250575847718,-0.2063411540900444,-0.3916749424152282,0.0,0.0
2025-05-07,163.41541831659652,164.33169015930102,147.24119073545722,150.76686096191406,127490100,-0.0725969397921723,-0.046725391424417895,0.04616455307126821,159.84593505859374,156.76197967529296,159.9970315551758,157.8616989857659,161.96736909091535,0.03338525623634222,47.64207253233984,-0.051062481593049824,-0.6783982363868196,156.76197967529296,166.30672136251277,147.21723798807315,0.5594686700870318,3.167106968071229,0.004205305572209772,0.011919711404472233,0.1302568905058823,73.20525810904468,3.3376672042359132,0.028494962452493396,0.012974523183310535,-0.05864510282889013,-0.08409233743461408,-0.0832047769902865,-0.07531407241793024,38741190.0,3.2908152795512993,2.6445423385771174,2.2908152795512993,1.0,0.0
2025-05-08,154.37219053033292,155.29841637896206,152.28069025725696,153.6551055908203,57498700,0.019157025691712626,-0.04352145359755344,-0.027912680755483255,159.34795989990235,156.54137573242187,159.63348388671875,157.46107104339015,161.6413979732646,0.02544362277949827,53.70722320916578,-0.4094682926283326,-0.6246122476351222,156.54137573242187,166.16274155071838,146.92000991412536,-1.1601365869335165,1.8044663586703251,0.006967983937040012,0.011800256765359451,0.02996598669003192,74.26860879089084,3.999538384886364,0.016611907557598195,0.021053919459642273,-0.05532171036291289,-0.057878667445515175,-0.059060039202670445,-0.0574201390036995,38095815.0,1.5093180182652608,0.9037287439741484,0.5093180182652609,0.0,0.0
2025-05-09,153.5455638933439,154.4220044950508,151.58354176260508,152.13131713867188,32435300,-0.009916939930432522,-0.06876791580308095,-0.0004579611146099394,158.43069152832032,156.537890625,159.32362091064454,156.953475433417,161.26845362680996,0.024109544527511673,56.33102207444669,-0.8071600348629602,-0.6611218050806899,156.537890625,166.1659243730387,146.90985687696127,-1.3597700833048756,3.0835232168384423,-0.00127433074633454,-0.004269865456483779,0.07579399099094641,87.2014192881274,4.41587484334957,0.012767479927125408,0.020451805519669953,-0.06449805034659717,-0.07625195210555635,-0.05993089536126506,-0.06689363260447286,37316480.0,0.869195058054779,0.26133774061831616,-0.130804941945221,0.0,0.0
2025-05-12,156.85211913184455,158.45559870977985,155.61713606908535,157.8181915283203,44138800,0.03738135248289942,-0.03501607284440367,0.008400237310262737,158.21656494140626,156.60362396240234,159.09208038330078,157.03582934721732,161.13314923079076,0.024744499388646403,58.31549300190583,-0.6558896817715265,-0.6600753804188572,156.60362396240234,166.24860610761905,146.95864181718562,-1.206502239843125,2.7837898367612373,0.03304754271395138,0.03456901044598504,0.09186444410956685,88.1258604431178,6.158852978768778,0.014040795705235731,0.054534014560848054,-0.0695850832903887,-0.08346420679930411,-0.052462291376257575,-0.06850386048865013,37841610.0,1.166409145911075,1.0681854389039351,0.16640914591107514,0.0,0.0
2025-05-13,158.14685705682408,159.91966162602043,155.52751949956448,158.8838653564453,42382100,0.006752541122192257,-0.022667302289735458,0.002891860873223573,158.15382080078126,156.62653121948242,158.9469137573242,157.21183277666762,161.0449420200321,0.0246391159971352,55.328919875368804,-0.4448874794503297,-0.6170378002251518,156.62653121948242,166.29188937143024,146.9611730675346,-1.1898347557952103,2.8224046866699095,0.006603860821533747,0.0501788974450168,0.08851473045070768,87.38005698047986,7.75710805114295,0.013997385526564618,0.06131291454699839,-0.07284619973475226,-0.0856228695774841,-0.05197044324336941,-0.07014650418520192,38444065.0,1.1024354474481302,0.9919021299795086,0.10243544744813016,0.0,0.0
2025-05-14,159.31210428165852,166.3235827604559,158.9635158437858,164.70018005371094,48755900,0.03660733381716952,0.09241632413715006,0.057961619185055824,158.80815887451172,157.07769546508788,158.8402798461914,157.9250087078146,161.1882846880195,0.025526897725587777,57.40335060385058,0.18947709912387722,-0.45573482035534596,157.07769546508788,167.37794551073483,146.77744541944094,-1.2374952987756096,2.8107394284836427,0.0012780826440004223,0.04711766312344445,0.09296699043299239,85.10128130731349,8.979903451013456,0.013917318685462442,0.06219064185143859,0.04529866101370561,-0.03500537124793657,-0.05302199659538309,-0.014242902276538016,39504285.0,1.2341926958050247,-0.617571089833642,0.2341926958050247,0.0,0.0
2025-05-15,165.1682887318073,165.53680044166376,161.71234217984835,163.29591369628906,33146700,-0.008526198070724189,0.06274316800863078,0.06932758855847876,159.07308197021484,157.6070426940918,158.66377868652344,158.43652346862171,161.27093680599086,0.025150507615506912,52.508801986340735,0.5723058532652203,-0.25012668563123275,157.6070426940918,168.04914638964163,147.16493899854197,-1.3293456042044343,3.29296155332455,0.004884285134641564,0.044950883389207164,0.12327369505175079,84.81986577806778,10.061365039744828,0.012410998500399659,0.06702574999300599,0.017792284619423615,-0.05394610649327203,-0.0670104897285666,-0.034388103867471674,39752250.0,0.833832047242609,-0.4235226187722505,-0.1661679527573911,0.0,0.0
2025-05-16,167.05061660833445,168.66406524073284,164.94916241420358,165.51686096191406,42846900,0.013600752250026993,0.08798677402523825,0.09943102260148873,159.2882049560547,158.35549850463866,158.54502655029296,159.11084132512576,161.4374436356349,0.024879995328691454,56.84832852265242,1.0428904897703717,0.008476749449088133,158.35549850463866,168.81299222792174,147.89800478135558,-1.5340994826759637,3.9749781226459926,0.006334043929497213,0.05291140556604046,0.128778112742562,85.70251773966623,11.088212807795799,0.01236629335317627,0.07288442844994185,0.03507536845919779,-0.029347090141073284,-0.07527525476362706,-0.023182325481834187,40242265.0,1.0647238668101808,0.3209959519412493,0.06472386681018079,0.0,0.0
2025-05-19,163.8436563518303,165.9650337738735,163.5548376666196,165.8654327392578,30426100,0.0021059593283607736,0.0509905805725408,0.12778478151638284,159.52025909423827,159.2951759338379,158.40320281982423,159.7541357455193,161.61109026714954,0.024002650832208094,57.849384920746495,1.427503660270247,0.2922821316133199,159.2951759338379,168.81938737652243,149.77096449115336,-1.7895440881409024,5.440277301757937,0.001093923806363195,0.02034336933750236,0.15756605086540687,85.00605678806477,11.817494969872996,0.010267782543934635,0.07325745865932132,0.03064721123503844,-0.02978126934902403,-0.07697610165545632,-0.025370053256480635,40461115.0,0.7519837256091435,-0.3106722430152157,-0.2480162743908565,0.0,0.0
2025-05-20,165.75588463789506,167.8175076045031,162.24018376555952,163.31581115722656,46607700,-0.0153716271071338,0.027894247102048242,0.08259043717250902,159.59495391845704,159.91814117431642,158.36555603027344,160.09334292758666,161.6779420667604,0.024011834355629286,56.19025576737348,1.5091823011520376,0.5356621655210635,159.91814117431642,168.72086822212432,151.1154141265085,-1.575454256751034,4.716931222075344,-0.0033622573759429786,0.010241219905520182,0.12441908089967235,82.10150713243632,12.096863897502544,0.009538580350820097,0.06834003698688267,0.01765302719652806,-0.04182864372716333,-0.07214104737164184,-0.03210555463409237,41442910.0,1.124624211958089,0.09970246873090294,0.12462421195808886,0.0,0.0
2025-05-21,163.02701835873927,172.43874053476267,162.8975400271314,167.87728881835938,73416000,0.02793041058799517,0.019290256778179193,0.08503378080514956,161.30599670410157,160.57596588134766,158.45559051513672,160.83467110766026,161.92105370407802,0.02412552144590332,58.265057398005276,1.9198554394700125,0.8125008203108534,160.57596588134766,169.70370233023928,151.44822943245603,-1.5546009743248994,4.621669838816376,-0.01685067094597681,-0.008049816780056451,0.08860343191863973,68.55323879688349,11.392026534099728,0.010521690489532979,0.049255971241590424,0.027340073558235645,-0.0035696511134901687,-0.02405993985339072,-9.650580288174855e-05,43557270.0,1.6855050833075627,0.505786991933284,0.6855050833075627,0.0,0.0
2025-05-22,171.15392841908286,176.05399815735478,170.0185465918855,170.17788696289062,74864400,0.013704046334823028,0.04214418542892151,0.0727647756017673,162.9582748413086,161.15311737060546,158.5304852294922,161.72450118911078,162.24485108677655,0.023732315571080572,57.86204854325118,2.403252702508297,1.130651196750342,161.15311737060546,171.17956533122077,151.12666940999014,-1.5882622632556416,4.9375612947570335,0.0003946018551170827,-0.012481712290420499,0.06658259270467615,64.15821307862106,10.728072701807264,0.009779283450956642,0.04869224902243498,0.05462589771934201,0.00618218289709116,-0.02397630837780773,0.012277257412875145,45005790.0,1.663439304142867,1.2585777769732736,0.663439304142867,0.0,0.0
2025-05-23,168.37525009523517,169.27161392343552,167.20999079586213,167.7876434326172,35211400,-0.014045558873313935,0.013719342292418446,0.04019517522056826,164.52390747070314,161.47729949951173,158.64422302246095,162.30194330753994,162.46221549249577,0.02384359950135462,54.658816755357314,2.563920559140314,1.4173050692283367,161.47729949951173,171.9343109277169,151.02028807130657,-1.3840550623779881,4.319317919657879,-0.0068258512570531504,-0.025395552619537076,0.051703374286434345,63.35605947463221,9.772529012570658,0.009983019407426444,0.04043585163161375,0.03911489491195552,-0.011508199065866087,-0.018292550716792588,0.003104715043098949,43964660.0,0.8009023611236843,-0.17820425748420543,-0.19909763887631565,0.0,0.0
2025-05-27,169.47079940418584,172.46860243837372,169.3114438097941,172.19969177246094,37995700,0.026295430638285433,0.03818914483019897,0.07652085455995228,165.9620574951172,162.0893112182617,158.7918228149414,163.2445860184848,162.8440773073964,0.024287925549008042,59.83326175431061,3.012539738208318,1.736352003024333,162.0893112182617,173.5562692655443,150.62235317097912,-1.4859405310442846,4.308224415503434,0.02079068471986001,-0.006219978451336816,0.07315972036124863,74.60816226143608,9.859653462455867,0.010760315750308844,0.060922515969798016,0.04440912328153579,0.0033611341987036525,-0.00873818535992199,0.013010690706772484,44377155.0,0.8561995468163743,0.24878640377833494,-0.14380045318362566,0.0,0.0
2025-05-28,172.45864324425892,174.56009759174125,171.21370619473117,171.66188049316406,34784000,-0.0031231837511505045,0.05110386604211037,0.07617374578057423,167.23985900878907,162.69683990478515,158.95256896972657,164.0462331113114,163.1898735107598,0.024292756005306684,77.70746359510666,3.2867887395489106,2.0464393503292486,162.69683990478515,174.8553457515885,150.5383340579818,-1.4830379721407507,4.297220759082751,-0.005785347040202837,-0.008636120240651635,0.06027217140201624,69.89517006275315,9.546516622694071,0.010938067282216319,0.053941828422671256,0.059739986282762,0.015901574378557992,0.009716353614263706,0.028452638091861233,44775905.0,0.7768463864661138,-0.2536855498125846,-0.22315361353388613,0.0,0.0
2025-05-29,173.29524158580244,173.71353862116436,169.93889608019336,171.16390991210938,29317300,-0.0029008803796397586,0.019577520681228533,0.08224186789264287,167.8862319946289,163.34719543457032,159.17546264648436,164.7241070923398,163.50258082061666,0.02417377278067556,74.7886244709428,3.4244757598934825,2.3220466322420954,163.34719543457032,175.86925231697566,150.825138552165,-1.5369327211874553,4.5347426377141336,0.0039473365509063996,0.012335661760372485,0.06403506255741798,69.1610801486892,9.374890309027023,0.010922621510889303,0.05693786953784655,0.007241858920856048,0.018206805335224896,0.014736874094151364,0.013395179450077436,44492715.0,0.6589236013131587,-0.6006687915440776,-0.3410763986868412,0.0,0.0
2025-05-30,170.6559680857075,171.5124853397844,166.76180154699824,171.0443878173828,52639900,-0.0006982902808655433,0.005091735888583138,0.06472405717210661,168.66107940673828,163.86708068847656,159.33182647705078,165.32603858996296,163.79833795774474,0.02404128799066761,77.88556155227565,3.4837903151722287,2.5543953688281222,163.86708068847656,176.77450371723123,150.9596576597219,-1.4553638272389173,4.455010235258134,-0.0011185059286688004,0.010804492992794845,0.05536569558055038,69.22487909493685,9.081671796533556,0.01092163567639912,0.0548501858321731,-0.005712757104211708,0.00935836159155623,0.005521381954194826,0.003055662147179783,45614550.0,1.1540155498629274,-0.2968633956860671,0.1540155498629275,0.0,0.0
2025-06-02,167.16018492149544,169.18196148692468,166.7120106202351,168.34536743164062,38612300,-0.015779648898061605,0.003323987318812449,0.03048215401542831,168.94393005371094,164.1160675048828,159.45592193603517,165.6135937177418,163.97665283907398,0.024186207021660962,67.02099678162435,3.27525404918984,2.698567104900466,164.1160675048828,177.1740045199761,151.0581304897895,-1.2430664979574217,3.8338432249178833,0.005632921295571913,0.023484427613835956,0.04578668713633549,59.755108210177575,9.009615226029837,0.010573643890391497,0.059695251027384384,-0.020160440295023507,-0.015304533120907182,-0.013020292178621107,-0.01616175519818393,46259415.0,0.8346906246004192,0.09658519683965983,-0.16530937539958082,0.0,0.0
2025-06-03,166.8116037120677,167.79758408844376,164.61054841286258,165.50689697265625,45084900,-0.01686099535906138,-0.038866473748677355,0.011996740460369804,168.90807647705077,164.21416778564452,159.4995440673828,165.60343212297175,164.03666241293996,0.024543799337631823,60.12792467918833,2.848115410461986,2.7284767660127702,164.21416778564452,177.28351204329346,151.14482352799558,-1.0931577142405495,3.2288847042840185,0.005702557269405606,0.008356484423767574,0.05781609113340669,59.37180574036385,9.116372804211323,0.010424851887257244,0.0645159734672539,-0.04722295817244493,-0.045819350673036885,-0.043580174674499705,-0.04554082783999384,47446570.0,0.9502246421606452,0.18657900762454704,-0.049775357839354877,0.0,0.0
2025-06-04,166.0646474005772,167.5386486033552,165.68618167672102,167.3693389892578,26900800,0.011252957131504093,-0.025005793316339564,0.029528877720744973,169.3134292602539,164.45419158935547,159.5069140625,165.77161372928472,164.16735561201125,0.024592667803860192,54.64314416498188,2.6295763482763164,2.7086966824654795,164.45419158935547,177.5725411764466,151.33584200226434,-1.1977661343264527,3.3742110021418554,-0.0002684085986693896,0.013951896476009917,0.0664458660640026,58.55204364885703,9.083538383053678,0.010118897717443443,0.06340036332928703,-0.03895768979234948,-0.03691698834325763,-0.035854256769989545,-0.03724297830186555,47727750.0,0.5636301732220773,-0.2266329346826127,-0.4363698267779227,0.0,0.0
2025-06-05,169.65006425936653,170.23767092126516,166.9112026488037,167.52870178222656,36379100,0.000952162408784929,-0.021238169493495773,0.11117722232438587,169.27857055664063,165.2922836303711,159.46010406494142,165.93895544861252,164.29917310888246,0.017311573768446668,57.696507853580584,2.4411023047121034,2.6551778069148044,165.2922836303711,176.76760574083963,153.81696151990255,0.47871330126455164,-0.8324504619076216,-0.0048327557623635276,0.005084308577565366,0.05684762644705832,52.65533107931871,8.727742453413498,0.01027552849221424,0.05759728401155573,-0.02632247807106114,0.05432959587732755,-0.0443451960218203,-0.005446026071851295,43172200.0,0.8426510578566763,0.24087484181694774,-0.1573489421433237,0.0,0.0
2025-06-06,170.1380845314093,173.79321800916722,170.1380845314093,172.97653198242188,35731800,0.03251878718237222,0.011296156452101469,0.12574542393048782,169.55843505859374,166.25835494995118,159.63180572509765,166.60920083278484,164.6394616921585,0.01810884755416233,62.13941940749041,2.70020337139718,2.66418291981128,166.25835494995118,176.82595406414305,155.69075583575932,0.46553707148961954,-1.0365816133196206,0.010268925536670137,0.01654245326114001,0.060312078495444066,54.831765388619985,8.828594185974907,0.010371754264666626,0.06729474086066653,-0.005246296809038542,0.06543334543504375,-0.001505897170807513,0.019560383818399234,42083855.0,0.8490619502419633,-0.3212031177870779,-0.15093804975803665,0.0,0.0
2025-06-09,174.04350210929846,175.96802000177186,173.87398751199405,175.58909606933594,28935900,0.01510357536350404,0.04302897518481896,0.15419428012499004,170.3385803222656,167.43124389648438,159.9119302368164,167.46442895055162,165.0688591187145,0.01780626996790666,64.7377433042901,3.080840904976668,2.7475145168443573,167.43124389648438,176.4974144491714,158.36507334379735,0.30516647772395633,-1.051202338879847,0.0009012287764704752,0.011759429337014682,0.06262179387628497,54.73432083820128,8.849474611610276,0.01033610065549882,0.06701732367328415,0.03126954584780428,0.09157248624870507,0.02919400482107415,0.050678678972527834,41908885.0,0.690447860877234,-0.2506040821189103,-0.30955213912276597,0.0,0.0
2025-06-10,175.69878257607027,180.59481935710423,174.41245877453574,178.0919647216797,61766100,0.0142541234528335,0.07603953659467533,0.12846284067145253,170.9278076171875,168.44493255615234,160.3996716308594,168.4765752144686,165.5795691423602,0.016452498369672722,72.42737277261664,3.543610934549548,2.9067338003853957,168.44493255615234,177.51909807132253,159.37076704098214,0.2700476086935926,-0.8727546505949169,0.005669718390465928,0.011726392684998643,0.03446019279583257,59.75960441051073,9.032448563961111,0.007614691407434691,0.07125926281851366,0.06431314390967668,0.09400264787561996,0.07332168151647056,0.07721249110058907,42790250.0,1.4434620036106356,0.36999527558007217,0.4434620036106356,0.0,0.0
2025-06-11,179.2586188457646,179.8569029175766,176.24720547354727,176.8455047607422,31646800,-0.006998967993224525,0.05661828999690677,0.11304885718887281,171.4461700439453,169.3430145263672,160.8563088989258,169.2736161236375,166.0213705391595,0.01671297581695686,65.13509905252612,3.7663643120085055,3.078659902710018,169.3430145263672,177.9776066679806,160.7084223847538,0.3661002989678187,-0.9466571693329972,-0.002851975015019881,0.009111828582835546,0.0247426801344528,70.95600399312968,8.937568438159815,0.007589197288360957,0.06661369714632494,0.04750646141407122,0.08830617705442001,0.07321758175865112,0.06967674007571412,42253485.0,0.7489749070402122,0.17642597989650866,-0.2510250929597878,0.0,0.0
2025-06-12,175.6788256293735,176.2172980493167,174.25290075490625,175.2001953125,20941900,-0.009303654342066259,0.04579211471623368,0.0637522998175526,171.84979858398438,169.86801528930664,161.23163635253906,169.8380522368625,166.38132445183953,0.015309665608071635,58.667543727812394,3.7667149017589168,3.2162709025197977,169.86801528930664,178.59040029265202,161.14563028596126,0.4366318635038983,-0.8875923278106879,0.0039742753822695764,0.018042266510939653,0.02750205719529597,72.31095613874614,8.949387282342968,0.007613627411360569,0.06923010223601281,0.027749848205294025,0.03625024262225662,0.043702891293609936,0.03590099404038686,40862785.0,0.5124932135682871,-0.4243425483313221,-0.48750678643171286,0.0,0.0
2025-06-13,171.9494740114175,176.6261351195968,171.8996131999643,174.17312622070312,27663100,-0.0058622599704578615,0.006917668105421715,0.06661043916043341,172.1626724243164,170.41187591552733,161.5870202636719,170.25091642579972,166.68688530552046,0.015213512476799541,61.56423762758719,3.6421326168701,3.301443245389858,170.41187591552733,178.75713330002137,162.0666185310333,0.4302119071360602,-0.8555884427059959,-0.011180162300879815,-0.0035718576541998726,0.011076033789534145,68.22908978395736,8.325667097306564,0.008059358957863116,0.056061014966120495,0.010489525759621587,0.055534405370899265,0.05607545280659676,0.04069979464570587,40588605.0,0.6815484296639414,-0.22581286137278278,-0.3184515703360586,0.0,0.0
2025-06-16,174.23294549738824,176.43666545813562,174.15317124562452,176.26715087890625,27389200,0.01202266218469128,0.0038615997504911626,0.06494981752623907,172.95485076904296,170.94939041137695,162.11017272949218,170.8238911356194,167.06258199467285,0.015161490525441723,58.04140446018486,3.6700643308808765,3.3751674624880623,170.94939041137695,179.35177617156876,162.54700465118515,0.44485807419787343,-0.8147367731038617,0.009514344503849026,0.0050027655526601045,0.014271320394783293,63.498007369661735,8.188941985636802,0.008208817277748548,0.0636259196781754,-0.001141165802168942,0.05067849713145578,0.05132047735412715,0.033619269561138,39815720.0,0.6878991513904559,-0.053452631506191284,-0.3121008486095442,0.0,0.0
2025-06-17,175.20018931566514,176.85547082344988,174.08338020939252,175.44947814941406,24973000,-0.004638826493848058,-0.014837764165246181,0.05778205411384585,173.94910888671876,171.42859268188477,162.7189566040039,171.26442323217125,167.39147988309406,0.015263176890767598,57.4061608690147,3.58489660325597,3.4171132906416437,171.42859268188477,179.70235435951474,163.1548310042548,0.5016094118168324,-0.8306976382514122,-0.0085450687006845,-0.009202594395149144,0.004505449855657151,61.02618382451541,7.583378089460211,0.00846592155630223,0.051114620125365835,-0.005635169770097037,0.0532766042581887,0.027338401775381493,0.02499327875449105,39543065.0,0.6315393103695932,-0.5956843640767346,-0.36846068963040673,0.0,0.0
2025-06-18,175.50931582595604,176.0577543370001,172.70731159680278,172.8269805908203,28707500,-0.014947308970394424,-0.022723360570338635,0.058237897275219774,174.494873046875,171.90415115356444,163.25238403320313,171.41323821870927,167.60463677359314,0.015236681465948112,53.0024621955321,3.268114144137712,3.3873134613408578,171.90415115356444,179.25658756884928,164.5517147382796,0.5064704273239806,-0.8287606390592159,-0.0001508166576998926,-0.006518639129228787,0.00774224248892641,58.75379228579913,7.015424057960445,0.00842397868586337,0.047526457646305136,-0.01620472144110985,0.050495654786293365,-0.002017526696231231,0.010757802216317428,38648055.0,0.7427928779339608,-0.0928782688929054,-0.2572071220660393,0.0,0.0
2025-06-20,173.45518907949074,173.84407909995153,164.98934896898635,166.16598510742188,75659900,-0.03854140979971643,-0.05156506925670967,-0.010193777389323366,174.35860137939454,171.81858596801757,163.69342559814453,170.91349982715806,167.54821906119426,0.0166807959528445,42.87545419284664,2.451317829695455,3.2001143350117776,171.81858596801757,179.40446658068336,164.23270535535178,-0.036719538184561085,0.38218438520624615,-0.002348474253184407,-0.012775307319142448,0.022607203267847042,57.73733785425271,6.38012485086324,0.007423988205953209,0.04143054980592889,-0.038789761937567224,-0.03280098065717041,-0.04750702310270172,-0.03969925523247978,38760250.0,1.9519972136402628,2.612847926883425,0.9519972136402629,0.0,0.0
2025-06-23,165.79702236468145,166.86397066469698,161.53916480969883,164.7200927734375,57671000,-0.00870149406961751,-0.05427377720307569,-0.032071112686005265,173.5329574584961,171.54569625854492,163.82648376464843,170.32365153632753,167.4373121479489,0.01643571655065503,44.50440504327667,1.6681006127667786,2.893711590562778,171.54569625854492,179.74773533387688,163.34365718321297,0.14480040760656712,0.5976355279376608,0.009877485739587577,0.008248370931189797,0.032300643586326894,60.120958457520665,6.272805228056313,0.007672245216137784,0.049761851016983966,-0.06252214813426549,-0.06437175627233216,-0.055071235196294976,-0.06065504653429754,37900580.0,1.5216389828335082,1.0847627344729984,0.5216389828335081,0.0,0.0
2025-06-24,166.4451757427373,167.74148079179992,165.65742968002243,166.2956085205078,40524300,0.009564806093433464,-0.0565706219716956,-0.008892400427022884,172.60360870361328,171.47109451293946,164.1083755493164,169.94002839196375,167.3925394566767,0.016334812320705192,51.243220338787886,1.1611413643665287,2.5471975453235283,171.47109451293946,179.84244937434153,163.0997396515374,-0.049172736230261534,0.6653871918473263,0.011047186039507384,0.009779290218902226,0.0508777963721041,62.793405919935935,6.6403283595207085,0.007677789531447789,0.058258363110667975,-0.06634991219059783,-0.059770196799126984,-0.06751126360674076,-0.06454379086548852,38166225.0,1.061784339425762,0.4795722401530531,0.06178433942576191,0.0,1.0
2025-06-25,167.15317651046072,171.86971762904977,167.0734022469165,170.19448852539062,35479000,0.023445477842561235,-0.029951583096464063,-0.011644639002722057,171.81386108398436,171.37083435058594,164.38219482421874,169.96426269038534,167.50241981231252,0.016101174550853106,54.18454589025671,1.0617404565864206,2.2501061275761067,171.37083435058594,179.75347107182776,162.9881976293441,-0.0979305316313124,0.7133887245723187,0.0005603844216792719,0.019053032978921136,0.030051221722148025,63.25766861577863,6.879428221688499,0.0063629943462698004,0.05609761973692923,-0.0490046160753852,-0.04169586072487008,-0.05293801022959288,-0.047879495676616056,38040390.0,0.9326665683501142,0.4206943498978897,-0.06733343164988582,0.0,1.0
2025-06-26,171.93948268163984,173.19590810922037,169.45657569929264,173.04632568359375,31796700,0.016756342599059337,0.001269160012074444,0.00806495412057906,171.43394317626954,171.44005661010743,164.67460693359374,170.2577924992623,167.7198278856961,0.016535994184442456,57.568878081029155,1.1992596274235439,2.0399368275455942,171.44005661010743,179.85561327402445,163.02449994619042,-0.22475994772703894,0.4052870387023701,0.007823809728070064,0.02718082599079019,0.04415092193682035,70.28199352994461,7.3631233371799,0.0062698101432932,0.061614683999462835,-0.025911665978715748,-0.03608596781624129,-0.046010632637736526,-0.03600275547756452,37891025.0,0.8391617803952255,0.10760950971000605,-0.16083821960477448,0.0,1.0
2025-06-27,173.046329910377,178.17170771682706,171.241481190895,178.0221405029297,108140200,0.02875423560529078,0.07135127798774898,0.04006820476549011,171.7161376953125,171.78296813964843,165.12151184082032,170.9972542138973,168.12384014519546,0.017666440923962055,57.01219134991129,1.6902668878563247,1.9700028396077403,171.78296813964843,180.69538852516226,162.8705477541346,-0.2449477160952029,0.0011447715957693422,0.0049683222933454285,0.0347141910248836,0.04521279357633756,68.39189297363365,7.898023458856073,0.006289073886042827,0.0639766550727895,0.036637086962865384,-0.00514458881084745,-0.0036296777091568977,0.009287606814287011,41832170.0,2.5850965895386255,0.42929345663951435,1.5850965895386253,1.0,1.0
2025-06-30,180.2657433676221,180.7144602330707,174.08338322657394,175.7286834716797,63378900,-0.012882987614747043,0.06683210598590317,0.027386432925809334,171.87169342041017,172.01718292236328,165.5819061279297,171.44786652416227,168.42206929525366,0.017975936893861722,50.195729197863336,1.8727430479492,1.9505508812760324,172.01718292236328,181.09259114758757,162.94177469713898,-0.15323253727562203,-0.23661473572702654,0.004781279687299023,0.029492649999213416,0.051386230006752465,69.90787923119511,8.459062983697208,0.006261940907708837,0.0656070568016605,0.03733945598668975,-0.02399979708094313,-0.02811205559882546,-0.004924132231026279,42369120.0,1.4958748258165382,0.09897348754139856,0.4958748258165381,0.0,1.0
2025-07-01,175.24007631497474,175.58907153758963,173.03635642713306,175.33978271484375,35904500,-0.0022130750037663294,0.05438612766025397,0.04154801162582222,171.7789566040039,172.36690368652344,166.07774688720704,171.8185252089891,168.69335217445328,0.01754003534227628,45.89769376271171,1.963343477129655,1.953109400446757,172.36690368652344,181.38543153679527,163.34837583625162,-0.2385127042474395,0.069404406911339,-0.0003237141327537829,0.01791430003409089,0.04515858537232287,67.43385590197249,8.786444177535259,0.006248093474850843,0.061863333619089605,0.03647182762616308,-0.003610573746500645,-0.012114971130628538,0.006915427583011298,42233730.0,0.8501380294849638,-0.11400073536125244,-0.1498619705150362,0.0,1.0
2025-07-02,175.04063318866915,178.35119606008848,174.5719841997796,178.13182067871094,29128900,0.015923585170673382,0.046636834259977666,0.07628034805184258,172.04719085693358,172.99814987182617,166.69894561767578,172.41979144420068,169.06348819422809,0.01719508199416806,51.83288599859593,2.23467910990567,2.0094233423385397,172.99814987182617,181.7585981019765,164.23770164167584,-0.4626517643343379,0.43152121134030896,0.004533365492089381,0.021956189267665627,0.043943523508180427,71.74548161011171,9.163725657997361,0.006219290326252935,0.06272764295313835,0.02468064499231204,0.03233682454366216,0.00023621574302179482,0.01908456175966533,41435930.0,0.7029865143608458,-0.17898193297443554,-0.29701348563915425,0.0,1.0
2025-07-03,177.99221838299502,179.15888824066795,176.5463462627362,179.019287109375,21689700,0.004982076909575639,0.03451654579885455,0.0696062265076216,172.66642150878906,173.58064727783204,167.26220123291014,173.04831484088396,169.4539116810966,0.017109428386266574,55.56199014083716,2.4925926216787957,2.106057198206591,173.58064727783204,182.314434299798,164.8468602558661,-0.4133128778903827,0.4688744590428295,0.007881299997254843,0.022014485703857112,0.05245364320467649,73.14879110659479,9.740693513797169,0.006317263942123145,0.06745957136404215,0.012502060094997436,0.017152583302945112,-0.0028611667702107546,0.008931158875910597,41175375.0,0.5267638728244733,-0.3178631744803706,-0.47323612717552666,0.0,1.0
2025-07-07,178.550625649566,178.78994839919216,175.1802358653973,176.28707885742188,34175600,-0.015262088773059568,-0.009746325039155734,0.05227986000023144,173.67853088378905,174.0185661315918,167.6935269165039,173.35676855674473,169.72187902134468,0.01761369419643751,52.933014451006656,2.4483020638332675,2.1745061713319265,174.0185661315918,182.34340137829656,165.69373088488703,-0.2958894832855752,0.03762855394295442,-0.007451971921066947,0.009383519809463392,0.04968365292964538,76.2769837374015,9.714063454481902,0.006503395630061535,0.05637309798903718,-0.019129844848619126,0.002596207070586054,-0.023278105933858706,-0.01327058123729726,41065200.0,0.8322277743685651,-0.683969513649873,-0.1677722256314349,0.0,1.0
2025-07-08,177.34407588154812,177.44378228214464,172.31840465770773,173.86399841308594,40442500,-0.013745082509964868,-0.010611159326725739,0.00513055973832488,174.5929214477539,174.062939453125,167.99810974121092,173.40507616211056,169.88431507592276,0.016493608793993822,46.695903433499666,2.192406439604582,2.178086224986458,174.062939453125,182.37383737321176,165.75204153303827,-0.2931978146398162,0.04654452375529087,-0.0005477352950125081,0.004030096125418492,0.03844498986944056,72.556703812757,9.555675092511933,0.006264079159823851,0.05309662003071541,-0.01464125545214423,-0.03331443013111568,-0.04207321471059289,-0.030009633431284266,41300735.0,0.9792198613414507,-0.3618933114964128,-0.0207801386585493,0.0,1.0
2025-07-09,174.75147104078383,178.92955429499338,172.27853009035698,176.11756896972656,43025600,0.012961686014411944,0.004435880111404833,0.003009713656603852,175.5751174926758,174.08936309814453,168.29438110351563,173.66340881045494,170.12875640509154,0.01639969954763553,50.88366762976458,2.1467057363699382,2.171810127263154,174.08936309814453,182.4240180732779,165.75470812301117,-0.2923953052169461,0.09771734808672816,0.005996656078344209,0.010377992939927472,0.043731546425418655,83.94772656092972,9.616182437848693,0.006324365108954381,0.05671928565046858,-0.005942112828522639,-0.0407218327688148,-0.04484983906793283,-0.030504594888423425,42005220.0,1.0242917427881582,0.19833447060953358,0.024291742788158235,0.0,1.0
2025-07-10,175.1304013990042,177.92242424511252,173.88395719435462,177.11473083496094,29252400,0.005661910228875522,-0.005709759434753048,-0.005487242999682507,176.26714172363282,174.0405014038086,168.63748657226563,173.99210614612218,170.40271618665506,0.0161245524663497,55.92610180366799,2.165982134921393,2.170644528794802,174.0405014038086,182.28735126831634,165.79365153930087,-0.25468811216825343,0.2731375685658577,0.002820258275139098,0.008654918434875869,0.04077424209551661,84.77365959386024,9.692863419590026,0.006273059236197423,0.056957846125034635,-0.014364677869628917,-0.04626148509519912,-0.03220971503140868,-0.03094529266541224,40379535.0,0.724436276940782,0.004239775618028796,-0.275563723059218,0.0,1.0
2025-07-11,176.28710677069904,180.9139074884017,175.97799101310056,179.6774444580078,34282900,0.014469229131679917,0.0036764605605354994,0.01601363688094315,176.9302536010742,174.18209838867188,169.04080932617188,174.5335669377303,170.76643102082573,0.01635759006218841,71.05996812765558,2.360834164856641,2.20868245600717,174.18209838867188,182.7237131664667,165.64048361087706,-0.4169789444176981,0.20408655242599752,-0.0035154084840562927,-0.0027505378065231234,0.04008178275285523,83.23514112398759,9.46890479660351,0.00630186004679131,0.050724640544190035,0.006426998367058623,-0.024068145871912083,-0.0019194380565676905,-0.006520195187140383,40511340.0,0.8462544067907899,0.5806073850721771,-0.15374559320921005,0.0,1.0
2025-07-14,180.49507959550704,183.14751640721383,179.16886118965368,181.04351806640625,32536600,0.007602922072490248,0.026981212915957897,0.03335226164265204,177.23239135742188,174.4742645263672,169.49854370117188,175.1535622833185,171.16945404222105,0.01623773534160088,75.50637362771384,2.5955664514889065,2.2860592551035173,174.4742645263672,183.5458100560995,165.4027189966349,-0.581298860361936,0.4337455406304584,0.0019082830706971254,0.0066540542056108265,0.037941487907396265,81.24683307794454,9.279422785719817,0.006284457762140573,0.0501851105906691,0.02032715871034707,-0.004589226264744228,0.014660463627246711,0.010132798690949851,41091075.0,0.7918167144568499,-0.047958192394573884,-0.2081832855431502,0.0,1.0
2025-07-15,182.28996266650836,183.6959553275124,181.08341324296117,181.48226928710935,33448300,0.00242345721840298,0.043817414436328805,0.041964815267450994,177.80774993896483,174.8397216796875,169.9152554321289,175.75629628367955,171.57387816947158,0.016138220384976875,74.60417910664621,2.7848945061829227,2.3858263053193984,174.8397216796875,184.4340371539639,165.2454062054111,-0.6715253080659532,0.6087946769695393,-0.004273310535627517,0.0029016334521092535,0.045191451676997785,71.63382056355297,8.814561925022758,0.005690573331623102,0.043406358711084635,0.04091578098421955,-0.0032266364095467903,0.012396844484802383,0.016695329686491716,41380335.0,0.8083139007936982,-0.17294183099462201,-0.19168609920630172,0.0,1.0
2025-07-16,182.71876014286477,183.80565587223137,181.5121954195811,182.44952392578125,33104200,0.005329747321715983,0.035952999993675405,0.03507388084534391,178.5187240600586,175.14884033203126,170.29693328857422,176.39374653530825,172.00037408148373,0.01599214990630402,71.93858091870491,2.978651676835142,2.504391379622547,175.14884033203126,185.31795946819463,164.97972119586788,-0.6335123945005716,0.6830741473440146,0.0033432733845384366,0.00025641408511356545,0.03880228958464094,72.95916504533058,8.51401016994464,0.005436312722617793,0.04482246307789369,0.03569658590856184,-0.003728408739297029,0.012177673026440461,0.014715283398568424,41666085.0,0.7945118913860038,-0.23059294931389684,-0.20548810861399625,0.0,1.0
2025-07-17,181.6218637248093,183.53640005379037,179.96658229342344,183.05776977539065,31992600,0.0033337760303329134,0.03355474111279633,0.04336457256086734,179.01131896972657,175.52925491333008,170.6871908569336,177.02841541531612,172.4339974420291,0.01592117457712548,69.48757455791707,3.1450320158980674,2.6325195068776517,175.52925491333008,186.29732321290575,164.7611866137544,-0.7214987981589438,0.8409831356427449,0.006119538410830128,0.003547259169620176,0.05416721133992097,72.26653384517192,8.482894385005238,0.004914555145452857,0.048892145764895166,0.03000748194317615,-0.01080263877905363,0.0015030345694115876,0.006902625911178036,42017065.0,0.7614191995561803,0.09367436518029293,-0.23858080044381968,0.0,1.0
2025-07-18,184.87259850820493,185.88970124039065,183.1874187229756,184.5335693359375,34014500,0.008061933467001348,0.027026903085014764,0.06773588652129114,179.5627471923828,176.11458435058594,171.12648498535157,177.74319197918481,172.9084904574765,0.015437387624117596,64.67415707710177,3.3572737619779502,2.7774703578977116,176.11458435058594,187.51810948884926,164.71105921232262,-0.9564628802390217,1.6131486078066333,-0.0007323346017438226,0.006350058320194307,0.05355410172336095,68.78159444581833,8.325556838152693,0.004933696112780015,0.04566417384023362,0.020676844764820457,0.014181784797930197,0.008704887645026638,0.01452117240259243,42282415.0,0.8044597263424996,-0.007828975961776896,-0.1955402736575004,0.0,1.0
2025-07-21,185.720180506412,189.74868135121883,185.62045888710105,189.55923461914065,45803100,0.02723442299029122,0.047036848618964955,0.14078242003979136,180.8899627685547,177.28424682617188,171.9023324584961,178.86852937346632,173.56146081675743,0.012816752306980336,77.75109343755912,3.8862082721025217,2.999217940738674,177.28424682617188,189.17952337044113,165.38897028190263,-0.12142182121627679,-0.5062176191446608,0.001896143492131186,0.006337864923050107,0.05803656310433003,67.07318952833378,8.201295564551742,0.004797994299659637,0.045234014524655294,0.04069898369591485,0.08274585693546133,0.13348527950599043,0.0856433733791222,40789575.0,1.1229119205091007,0.40774082110607757,0.12291192050910067,0.0,1.0
2025-07-22,190.9552485801447,191.10481579575136,186.9267476808465,190.7957000732422,44660200,0.00652284472759046,0.051318681558906176,0.1583025292225284,182.5831329345703,178.5880271911621,172.64514434814453,180.0044503924926,174.2373133366196,0.012296352440360397,79.99227773388697,4.354963798913616,3.270367112373662,178.5880271911621,190.40076034155442,166.77529404076978,-0.22955330407561478,-0.09771963904324896,0.0001431954391026835,0.010801436342854798,0.04783806358412113,67.58714566526822,8.017581535220188,0.004532444985857425,0.04311332094449354,0.04051724521605138,0.11046446563840728,0.1255156345336108,0.09216578179602315,40139035.0,1.1126376107447526,0.3352008921230676,0.11263761074475258,0.0,1.0
2025-07-23,190.95526494810704,191.98233382433085,188.6418570458734,189.6888732910156,58681900,-0.005801109678057248,0.03967864212229588,0.1406727752983501,183.9402633666992,179.7576904296875,173.3962954711914,180.92677638282814,174.84325686424296,0.012632465298572176,73.99592313738216,4.584299311093247,3.533153552117579,179.7576904296875,191.06750118540444,168.44787967397056,-0.07643722239857524,-0.4157756915562111,0.008507476351847565,0.01600402643877863,0.045205936698324845,69.9884357539535,8.20438212553131,0.004305832043295929,0.049497016221903244,0.023674615683517253,0.09546683860002525,0.11974513986935409,0.0796288647176322,41046915.0,1.4296299734096947,0.7726421420846901,0.4296299734096947,0.0,1.0
2025-07-24,196.46951227536783,197.38689334762464,190.4566668887292,191.6233367919922,74881700,0.010198086305298393,0.0467916058799982,0.12590800355679366,185.39112396240233,180.8291328430176,174.07239837646483,181.94549642179615,175.50129921435078,0.012040439565749168,75.07941120672565,4.866051580701139,3.799733157834291,180.8291328430176,192.38185043489904,169.27641525113614,-0.06118287408483833,-0.06738101241927738,0.0003309323466664793,0.010158550981709702,0.04496624634607316,65.26559549679642,8.273797765681707,0.004310794974703647,0.04800088821114945,0.0366330548982885,0.0809417572107205,0.12276855945035803,0.08011445718645567,43017050.0,1.740744658222728,1.3405943874520982,0.740744658222728,0.0,1.0
2025-07-25,191.43389443706343,193.7772157744872,190.71594131306065,192.63047790527344,39785900,0.005255837468139513,0.043877699859562025,0.11317288676494819,186.6864273071289,181.80834045410157,174.7473306274414,182.96311370593685,176.17303171203403,0.011772116966185691,84.91699766656572,5.111685822841423,4.062123690835717,181.80834045410157,193.89123662953506,169.72544427866808,0.053062824141767106,0.2032322426750347,0.004224435835635587,0.015169344601831947,0.04123422077844152,79.57508671384133,8.445346461979511,0.004135690606737578,0.050623506690984414,0.028708355257730078,0.07193866598650667,0.12354339532323255,0.0747301388558231,43416510.0,0.9163772030501761,0.1696746975554544,-0.08362279694982393,0.0,1.0
2025-07-28,193.0991137642733,193.49798500525145,190.29710986369855,192.03216552734372,38139500,-0.0031060109720744133,0.013045689455180698,0.07869821688939571,187.78529205322263,182.50884170532225,175.29397033691407,183.8268329270232,176.79495852832068,0.010542733388622527,92.09795173512245,5.198152850520017,4.289329522772578,182.50884170532225,195.27277158962153,169.74491182102298,-0.08195358216844785,0.33240791362705746,-0.0002511658677887274,0.012993587513907334,0.035826378991031804,80.09429039760916,8.470882385482696,0.004105117716354256,0.04859300464730235,5.210194127336365e-05,0.04287183789836391,0.07875835891339222,0.04056076625100983,39916475.0,0.95548266724454,-0.16731618602234344,-0.04451733275545999,0.0,1.0
2025-07-29,191.88259792418756,195.36267559548023,191.53360267868564,195.1931610107422,41389200,0.016460760491441517,0.023048008607174708,0.11076437354747148,189.15638122558593,183.4820655822754,175.93191528320312,184.90934036356785,177.51645666488622,0.010125435039812128,92.41684157342112,5.458818647513425,4.523227347720748,183.4820655822754,197.01439078185348,169.9497403826973,-0.20221890752183305,0.6179196373819513,-0.0026374681700745972,0.01017719640313941,0.028178411333690256,71.92667063783014,8.26181365831792,0.00415354551871852,0.04422721041188193,0.012870812204035298,0.08258596221378123,0.11628027564750854,0.07057901668844169,38816990.0,1.066265055585196,-0.07324194696844166,0.06626505558519608,0.0,1.0
2025-07-30,195.04360005779435,197.0379108346005,194.13618500265545,195.970947265625,32445400,0.003984700339168201,0.033117777893970635,0.11766391078705651,190.5085235595703,184.51362380981445,176.54099700927733,185.96282673519235,178.2401621786407,0.009976669042946818,92.34213021782689,5.6628808546924745,4.7511580491150935,184.51362380981445,198.56788945244904,170.45935816717986,-0.2899899525136477,0.8846433943845582,-0.0012594666428340506,0.00039408291796516615,0.02721597925160757,67.57526910224314,7.940736344855054,0.0041791589077058424,0.04147360983871898,0.03272369497600547,0.09044793153544894,0.1130823491127424,0.0787513252080656,38644035.0,0.8395965897453513,-0.4470969753876408,-0.1604034102546486,0.0,1.0
2025-07-31,195.15328548422437,195.43248777249184,190.5464172970437,191.35411071777344,51329200,-0.023558780585949624,-0.0014049753997916747,0.07422755793256619,191.3381576538086,185.17473831176758,177.05077056884767,186.47628235258105,178.7544346703714,0.01160491054334317,74.0056942523128,5.389929744195683,4.878912388131212,185.17473831176758,199.20894254601126,171.1405340775239,-0.5823433822041829,0.9924358562810149,-0.0037512614196472116,-0.0036883685559333523,0.01874428339936962,67.0839761244116,7.410908404762949,0.004257063086274322,0.036240557119173566,0.0022833931561416776,0.05548327453319657,0.08794240841506307,0.04856969203480044,39754050.0,1.2911690758551644,-0.31452945112090136,0.29116907585516444,0.0,1.0
2025-08-01,188.49227361862015,190.2871562824159,187.28572417197356,188.5919952392578,34832200,-0.014434576127760557,-0.02096492055634913,0.053473054688427,191.74400024414064,185.65337371826172,177.5562942504883,186.67777881797886,179.14022135934735,0.012280177017873354,64.6762396206044,4.894315761968215,4.881993062898613,185.65337371826172,199.454677613006,171.85206982351744,-0.4142258568455172,0.20139037802522242,-0.016390321589204504,-0.02414069163117849,-0.005788938657737108,45.446377398899074,6.09396482627119,0.0054623781344233496,0.018234042620253955,0.003175771074829359,0.05926199334616411,0.10297155228468147,0.05513643890189165,40411175.0,0.8619447467191934,-0.12450893406960761,-0.13805525328080662,0.0,1.0
2025-08-04,189.7486806495505,194.71452513752172,189.579166069655,194.48516845703125,31547400,0.031248268041796035,0.012773916926631879,0.10322985506117388,192.23659362792966,186.5632781982422,178.0884518432617,187.42133973598385,179.74198399062908,0.013081421926167876,70.8573114990533,4.920349214780828,4.889664293275056,186.5632781982422,200.16262450072412,172.96393189576025,-0.1818196812661681,0.6513947823876395,0.015199764160073403,-0.00905896972676401,0.016900750841786216,61.09058770221863,5.738309133741723,0.006195346892301388,0.032019805312367366,0.02183288665339589,0.08632910421938766,0.07241046726671185,0.060190819379831804,40279765.0,0.7832071512830325,-0.17284180442847963,-0.21679284871696744,0.0,1.0
2025-08-05,194.1561209300893,197.2971541323202,193.33844625639605,194.11622619628903,31602300,-0.0018970200332973919,-0.005517277392694586,0.11648315906715512,192.56864624023436,187.57588958740234,178.5672186279297,188.05894797029862,180.30567976340006,0.012440166449479132,69.08021839334481,4.855242147440549,4.882779864108154,187.57588958740234,200.17282508943134,174.97895408537335,-0.18002031040778554,1.242287021232733,-0.005069926343612585,-0.011475766560067768,0.01229961116241518,54.48239232182559,5.141795664334836,0.006330348590438074,0.025225242289189348,0.005958489167373182,0.10418354790473994,0.06051363367360185,0.05688522358190499,39837755.0,0.7932751230585158,-0.23646023600359511,-0.20672487694148428,0.0,1.0
2025-08-06,193.94670749735775,196.07065317332064,193.119066765482,195.5321807861328,21562900,0.00729436491523372,-0.002238936360793642,0.11023665571799657,193.1529769897461,188.54662017822267,179.122109375,188.7706844289495,180.90279745056606,0.012327633602075512,69.87606917401423,4.8618555844983575,4.8785950081861955,188.54662017822267,200.39572696102124,176.6975133954241,-0.1206736902449389,1.3920535832089924,0.007659660445043404,-0.0026478748574443323,0.013973034889620761,55.53486654242936,4.9953474916304685,0.006414901468350803,0.031213507372559766,0.0004089384966506904,0.0962636208283758,0.06944803196514515,0.055373530430057216,38764620.0,0.5562520669620907,-0.33540964204478907,-0.4437479330379093,0.0,1.0
2025-08-07,196.49942519635405,196.9780554903085,193.77719542929836,195.96096801757807,26321800,0.002192924099354565,0.024075037021803247,0.10640694364478609,193.58674011230468,189.48893203735352,179.59733489990234,189.4554733421522,181.49331394339006,0.012346873643762298,68.83628930177868,4.845836539864109,4.872043314521778,189.48893203735352,200.4763099822355,178.50155409247154,-0.07422652752305887,1.3549053032811444,-0.000837636431655131,0.0002689770903767652,0.010274459231073063,55.44409431127962,4.781862864117329,0.0064038133403464285,0.028912986145519157,0.023806059931426482,0.09613248441371303,0.06529958776759281,0.06174604403757744,38618090.0,0.6815924868371274,-0.4871963716558996,-0.31840751316287264,0.0,1.0
2025-08-08,196.65898117376332,202.03364795164893,196.60912036272285,200.84703063964844,39161800,0.024933856326082582,0.06498173681678932,0.11781994253924366,194.40839538574218,190.54741134643555,180.18103790283203,190.54038356096137,182.25228322559627,0.012969053829466632,68.69220250657568,5.167834175146453,4.931201486646714,190.54741134643555,201.63334646951336,179.46147622335775,-0.012486456830208378,0.8428477676412748,0.007797554830949682,0.024866521152637766,0.02174397716710219,59.017753732340864,4.949075455933439,0.006526078266381888,0.03521146976593703,0.04011521566415155,0.09607596537214147,0.08267317010967123,0.07295478371532142,38862035.0,1.0077135692971302,0.12429878101297076,0.00771356929713022,0.0,1.0
2025-08-11,200.36839577051535,200.90685295750995,198.5037201599992,200.42822265625,25832400,-0.002085208738534128,0.03055787876457927,0.10707207193539792,195.2480010986328,191.51664657592772,180.76632415771485,191.48208252241744,182.9650651640533,0.01307333365157918,66.39511029201762,5.3278096437130955,5.01052311805999,191.51664657592772,202.49301741166653,180.54027574018892,0.09900952394394276,0.7203981101999594,-0.0019774044951013092,0.00752579107726592,0.017781361092764847,57.38490753852417,4.924274393088126,0.00655839437391508,0.03156861020399014,0.023032087687313352,0.08929071084263307,0.09004718599202932,0.06745666150732525,38526825.0,0.6705042525564979,-0.18115597481884405,-0.329495747443502,0.0,1.0
2025-08-12,200.7971688962253,203.9182700251912,200.01938893683172,202.76156616210935,30397900,0.011641791135678536,0.04453692581617674,0.11725275950421166,196.00484161376954,192.58061141967772,181.40066772460938,192.55631905953095,183.7413985365261,0.013133411505245943,71.35870916868335,5.578566434154794,5.124131781278951,192.58061141967772,203.58685337679114,181.5743694625643,-0.011869922848516054,0.6389973744649314,0.010645980769615315,0.023440660037413963,0.033031104593521654,58.614338553549004,5.382864227903383,0.0067833688013467465,0.040692417992757766,0.02109626577876278,0.08422165491069,0.0917764083005772,0.06569810966334333,38374305.0,0.7921420335821066,-0.038111150137806415,-0.20785796641789342,0.0,1.0
2025-08-13,203.5493387195964,203.9481947974572,196.9481595586961,201.3855133056641,28342900,-0.006786556656132259,0.029935392199882838,0.1037875516057023,196.54629821777343,193.52741088867188,182.06147064208983,193.39719470201982,184.43332460590406,0.013424720172431636,66.24629755204654,5.601684302116013,5.219642285446364,193.52741088867188,204.1140086554721,182.94081312187166,0.09303016156975571,0.3449830725636064,0.0034232284065640606,0.019137881061673134,0.03311342539729045,60.22271949438785,5.854396278090803,0.006784443933536089,0.04243437896551185,0.010797511138209703,0.07067412620841185,0.10501113823180774,0.06216092519280977,38136240.0,0.7432012175295729,0.3144289497238313,-0.2567987824704271,0.0,1.0
2025-08-14,200.9268104830451,203.85844975532365,200.65757426824428,202.3627166748047,25230400,0.004852401511410642,0.03266848863826999,0.1054582218667961,197.64715881347655,194.49265823364257,182.7985870361328,194.25105393752315,185.13643802037078,0.013418886642139721,66.21263002612561,5.633913278802055,5.302496484117502,194.49265823364257,204.56791654680174,184.4173999204834,0.07440849407352818,0.34937893330214337,9.29178689290655e-05,0.02008703924926092,0.026925112424612152,58.07779010849766,6.161841157057324,0.006708993561506042,0.040828028189932,0.01258144938900907,0.07853310944218395,0.13751839430740453,0.07621098437953251,37798130.0,0.6675039214902959,-0.04146372968414014,-0.33249607850970403,0.0,1.0
2025-08-15,203.270115954676,205.8527445549316,200.70741950553764,203.3199615478516,34931400,0.004730342074746874,0.01231250917839044,0.10180474089087865,199.11995544433594,195.43197784423828,183.5175994873047,195.1147594242211,185.84951737438965,0.013400988606279604,68.58177028757257,5.671321176006501,5.376261422495302,195.43197784423828,205.09218213952653,185.77177354895002,0.11551794679213756,0.3758474482597097,-0.0023411979263346927,0.009824650506321975,0.02527171943723583,56.507877648487415,6.2133640841231,0.006744834286974473,0.03674267749180772,0.002487858672068466,0.07653302145364282,0.1318819634439592,0.07030094785655683,37843975.0,0.9230372866486674,-0.10802363527723446,-0.07696271335133267,0.0,1.0
2025-08-18,203.61913306802091,204.68609666738416,201.9140058259036,202.92112731933597,18526600,-0.0019616088134157827,0.01243789237886661,0.07048927332420285,199.96355133056642,196.10007247924804,184.2254479980469,195.85822303327967,186.51899227419148,0.012397689480392524,63.994287968153564,5.604183080931762,5.421845754182594,196.10007247924804,205.89737701105625,186.30276794743983,0.19030440105017335,1.0538182642214096,-0.00021771255650937515,0.011605151574024086,0.02310854430205822,58.30564401111067,6.171871075790705,0.006751069955692189,0.034783046468260026,0.0008327408048425244,0.04738072902214463,0.12332371177800439,0.05717906053499718,36480150.0,0.5078542714325462,-0.2828153791362785,-0.4921457285674538,0.0,1.0
2025-08-19,202.4524508489624,202.86128819689205,199.39119181596237,200.99661254882807,24240200,-0.009484053217777011,-0.008704576743455372,0.05346510676954441,200.6515899658203,196.61011810302733,184.785849609375,196.3475934633319,187.0867420888831,0.012704091063968704,58.73789444239091,5.334194129240842,5.404315429194243,196.61011810302733,206.3063017656028,186.91393444045187,0.3241484153755941,0.772886421025632,-0.00542510102815319,-0.004481182758013458,0.0174123882727657,55.235865792307415,5.793676617232563,0.006908394323287529,0.02776612494210456,-0.0042233939854419145,0.03605271849677871,0.09095018665484345,0.04092650372206008,35459150.0,0.6836091671684178,-0.20256991436908467,-0.31639083283158226,0.0,1.0
2025-08-20,200.158983421046,200.70742189093835,196.04074228978,198.7530059814453,28955500,-0.01116240984826411,-0.01307197961267026,0.04778420859996224,200.97367248535156,197.06332473754884,185.24912780761719,196.5766803698189,187.5442426336895,0.012946799267837384,64.02121508750011,4.8828986246292345,5.300032068281242,197.06332473754884,206.23027116511145,187.89637830998623,0.3202118812940722,0.5689262344616579,-0.002657177257710863,-0.010513690361871553,0.006149153086618009,55.980892858037436,5.297212249371341,0.006708324485793489,0.02371310867175191,-0.0025582892507987065,0.04163505551334423,0.06469130204582996,0.034589356102791825,33972830.0,0.8523134516612245,0.021613878608046422,-0.14768654833877543,0.0,1.0
2025-08-21,199.1817626953125,201.90399228811305,198.86266570951372,199.1817626953125,19774600,0.002157233857923213,-0.01571907133765138,0.03944418268597949,201.295751953125,197.44124603271484,185.67092376708985,196.82478344843733,188.00061596943942,0.012816608501137956,72.01497243980141,4.507876771984144,5.141601009021822,197.44124603271484,206.28127613213795,188.60121593329174,0.4215762723205636,0.7858277604984303,-0.004011616774111215,-0.014574693858804721,0.0017813464150220337,66.22870473171027,4.645910451597047,0.006778136354816273,0.01848718475674816,-0.0011443774788466587,0.037662836270957456,0.061464971141890645,0.032661143311333816,31217475.0,0.6334464911079452,-0.2162391400849768,-0.36655350889205485,0.0,1.0
2025-08-22,202.1533108943676,207.9467813600623,200.72738596931413,205.50375366210935,42827000,0.031739808309998674,0.010740667554886452,0.06682886268478438,201.76142425537108,198.08490982055662,186.24408874511718,197.6513520402156,188.68701352601474,0.014435150205097209,72.50518593048065,4.667002784818806,5.046681364181219,198.08490982055662,207.3160767721205,188.85374286899273,0.4984084284328395,0.15216148392847406,0.015356734450693521,0.0029062228578617955,0.012886562238621169,66.47260793731186,4.852727510383033,0.0075471832834935575,0.032614593045452285,0.007834444697024656,0.053942300446163216,0.085795754152173,0.049190833098453624,31369530.0,1.365242003944592,0.22603159335154044,0.3652420039445921,0.0,1.0
2025-08-25,205.84275894542608,209.92113563994843,204.69603644956015,207.89691162109372,29928900,0.011645324799853585,0.024520779908379753,0.08261504550648313,202.50829315185547,198.8781471252441,186.89802307128906,198.62711961934687,189.44034286307667,0.01446539174148527,75.99705693264974,4.929396133086129,5.023224317962201,198.8781471252441,208.63113601168112,189.1251582388071,0.3414189736636572,0.0189639328263335,-0.0044010200352035955,-0.001290155848984731,0.008682174718556812,67.03481853348794,4.735390220362206,0.007630354024448657,0.026739241306675685,0.025810935757364484,0.07393287078792632,0.11934646590327391,0.07303009081618823,30959000.0,0.9667269614651636,0.6154556151695401,-0.033273038534836395,0.0,1.0
2025-08-26,206.9196933289633,207.258737698756,205.11484464858785,206.55075073242188,28464100,-0.00647513653846532,0.027632993975182263,0.05818641218200593,202.88721160888673,199.4460266113281,187.54557556152344,199.38175115392545,190.1113392501098,0.014340457443469148,70.8412485562063,4.971413458893409,5.012862146148443,199.4460266113281,209.60957079500716,189.28248242764906,0.5566205934435834,0.29278440380822635,0.004186968758527643,0.008361876118188949,0.015584066119813,65.3066425126242,4.801730144205862,0.007637139487008246,0.02939571698454804,0.019271117856993314,0.04260234606219293,0.10202847631283918,0.054633980077341805,30312745.0,0.9390142661114986,0.17425186260839443,-0.060985733888501356,0.0,1.0
2025-08-27,205.11485047791405,208.31572581537765,205.0649896678173,206.8897857666016,23022900,0.001641412742280135,0.04093915332236975,0.05571661847496645,203.43763885498046,199.99196853637693,188.15802825927733,200.09680206941843,190.7693175448742,0.014340948889774096,70.74190960665887,4.97472426151009,5.005234569220773,199.99196853637693,210.5354730617817,189.44846401097217,0.5837314228175152,0.31527669353086446,0.002278548405594716,0.013352133707019709,0.019181748990256375,67.37564852237625,4.914967395707436,0.007627867159030447,0.030237930078487067,0.02758701961535004,0.036534869484710075,0.0976323859877648,0.05391809169594164,29841620.0,0.7715030216187995,-0.20488680906908874,-0.22849697838120048,0.0,1.0
2025-08-28,206.66043741838072,211.61630051242363,206.3114269747057,211.03794860839844,32339300,0.020050109416597905,0.05952445521441785,0.10286603102901992,204.30516204833984,200.97616043090818,188.86979766845704,201.13881602551177,191.56416582187518,0.013405172433082042,69.89879460261983,5.251533757931355,5.05449440696289,200.97616043090818,211.79587422047533,190.15644664134103,0.7370285499560708,-0.18592071004250815,0.003541419568318549,0.021036847326648456,0.026642302842233567,65.15239126011033,5.128350207011181,0.007563931450305068,0.032138349353189474,0.03848760788776939,0.07622372818678635,0.1136272251007826,0.07611285372511278,28892125.0,1.1193119232316764,0.635395911927422,0.11931192323167646,0.0,1.0
2025-08-29,209.91115472146956,214.03937701544265,209.6020390158818,212.3043365478516,39728400,0.006000759331692862,0.03309225629485968,0.1257335513021698,205.20359954833984,202.1617774963379,189.65934478759766,202.20219893240127,192.37750585034485,0.012601205686141285,72.44634218897664,5.509583156190075,5.145512156808327,202.1617774963379,212.45138135495318,191.8721736377226,0.8306825584750408,-0.039786271563457376,-0.0059638290232071345,-0.00040298773230373897,0.037524951288533615,61.039856468283034,4.931749193209043,0.006571622391096758,0.024374033374784727,0.03349524402716342,0.08820860001363617,0.14553935298592147,0.08908106567557368,29136935.0,1.3635064909881565,-0.07235155392626147,0.36350649098815646,0.0,1.0
2025-09-02,207.84706876322787,211.0778424398192,205.6134352460792,210.7487945556641,47523000,-0.007326944034592997,0.013717774412003392,0.08362399162703271,205.98636627197266,202.97495880126954,190.5510009765625,203.01616042033106,193.09794854467108,0.011433593991862268,65.55348548939659,5.524882518341485,5.221386229114959,202.97495880126954,213.2807263217595,192.6691912807796,0.9583832774529982,0.6071279098626922,-0.007410157012364249,-0.0034242085173836756,0.014417816918305348,46.92586772347129,4.34438916666079,0.0060833919909862,0.015300219505590228,0.017141982929387067,0.06920617470872736,0.1909150669934485,0.09242107487718765,29935715.0,1.587501751670204,0.5878632358690095,0.587501751670204,0.0,1.0
2025-09-03,225.5665221360729,230.65200537566236,224.15054812619755,230.0038604736328,103336100,0.09136501092955474,0.11354647542091723,0.18487704495684176,208.88709106445313,204.76934051513672,191.85667633056642,205.58641756826455,194.54523920855195,0.02251423738281868,82.85261258295161,7.0099242283739045,5.579093828966748,204.76934051513672,219.93287209540034,189.6058089348731,2.83285953806538,9.796707849674528,0.005419545640653167,-0.0022009738807244883,0.025112746695429955,48.58471650109333,4.108471555420124,0.006008428612307622,0.01939342902608678,0.11574744930164171,0.1597642982614118,0.3236996958747247,0.19973714781259275,33522405.0,3.082598041518799,2.6304011017386815,2.082598041518799,1.0,1.0
2025-09-04,228.996719869086,231.7089836362764,225.46679662750995,231.63919067382807,51684200,0.00711001196600658,0.11962603574420538,0.18466019118964372,212.17570953369142,206.57469100952147,193.1635479736328,208.0676340545087,195.99990397189612,0.022514901646974658,83.10785321059298,8.223986960427737,6.108072455258946,206.57469100952147,225.2894934648352,187.85988855420774,2.8339667019958243,9.800866402399397,0.00835741674721624,0.0038507259394764404,0.025822588428231708,54.537579573660224,4.301286451430315,0.006049441959347439,0.026536390909238348,0.11577530980472894,0.158837602761412,0.3231580720024294,0.1992569948561901,35028470.0,1.4754912218546798,1.2449039868999994,0.4754912218546799,0.0,1.0
2025-09-05,231.53947436612376,235.08934505645465,231.24032471140728,234.33151245117188,46588900,0.011622911345493758,0.11037618587734155,0.1958070774081495,215.69068450927733,208.49321823120118,194.44628845214845,210.56895580657186,197.50310430441675,0.02246929554973155,83.74571819299703,9.296227169085057,6.745703398024168,208.49321823120118,230.2470238692676,186.73941259313477,2.782869759802267,9.616829202809088,-0.0028963839692857096,-0.0025890618247993435,0.023708908204699064,54.10176779043494,4.254998795100846,0.006104864731525805,0.022265958722988196,0.11296524770214089,0.17209816920345045,0.31076315143562394,0.19860885611373844,36041825.0,1.2926343213752356,0.4406279665917321,0.2926343213752356,0.0,1.0
2025-09-08,235.01017746372744,237.66498669397225,233.21368944217105,233.5829620361328,32474700,-0.0031944078165545564,0.10022699410798519,0.1629893720222224,218.49860534667968,210.1300148010254,195.6570211791992,212.76076592367292,198.9180006860527,0.02231309598175577,83.11314521398003,9.970648072456385,7.3906923329106124,210.1300148010254,234.2581040575059,186.0019255445449,3.021607516986719,10.88652035118451,0.0024567686612921857,0.0058601239108055925,0.018283800401563077,55.78823077893407,4.295700503703756,0.005914461004370407,0.0235823861078376,0.0943668701971796,0.14470557162065933,0.28942403661846483,0.17616549281210125,35707470.0,0.9094651623315794,-0.18258223336454527,-0.09053483766842065,0.0,1.0
2025-09-09,233.71270408816557,240.00040430810463,232.7745373112583,239.16204833984372,38061000,0.02388481700496592,0.13482048067741137,0.1932553468282021,221.6251190185547,212.06670608520508,196.8798193359375,215.27517377283206,200.49619863326018,0.02246246325194029,88.20122609960976,10.83047021673329,8.078647909675148,212.06670608520508,238.97395817368027,185.1594539967299,2.79525813526296,9.696920600352408,0.002311789288386157,0.015712046313409722,0.02266007060444264,61.48972621612412,4.396978971138765,0.005881431749092172,0.02480341401092205,0.11910843436400165,0.17059527622375947,0.2858379438343239,0.19184721814069502,36318900.0,1.047966761107853,-0.19910359194495297,0.04796676110785294,0.0,1.0
2025-09-10,238.4334648921733,241.1880848518513,237.38552753776509,238.70294189453125,35141100,-0.0019196458990855536,0.03782145831372108,0.1772593120714332,224.84033813476563,213.86377487182617,198.13930450439454,217.50638978442245,201.99450229056492,0.02258612526148931,91.46880949805428,11.34407200687707,8.731732729115533,213.86377487182617,242.8730849042614,184.85446483939094,2.842819973389159,9.82778601937529,0.002890805295761023,0.013157419201332843,0.014812705207904564,65.33952057454076,4.57454638612478,0.005462248685634534,0.026654155142863848,0.024664039112388236,0.16244660686352863,0.30274861469613024,0.1632864202240157,36556060.0,0.9612934216652451,-0.6599339437040879,-0.038706578334754896,0.0,1.0
2025-09-11,239.41157085914617,241.77693788592924,235.78865459463688,239.90060424804688,30599300,0.005017375755866471,0.035665007938366244,0.19125055377704525,228.14141998291015,215.7895294189453,199.43052093505858,219.63917211429145,203.48101609281912,0.02232038762811755,91.60285133318523,11.71272941474163,9.327932066240752,215.7895294189453,246.3814244115672,185.19763442632342,2.8757089359849415,10.078787555939991,0.008310290457562264,0.01311006858020436,0.01975523844820848,72.61358807861443,5.089165309909731,0.0056926021317950295,0.033884636706544666,0.022554939358161885,0.17149531532883677,0.3034748479477287,0.16584170087824246,36668880.0,0.8344759916310507,-0.40795639673246364,-0.16552400836894937,0.0,1.0
2025-09-12,239.90058949520323,241.6072568290254,237.53522261388,240.3297576904297,26771600,0.0017888802061503117,0.025597262512901064,0.18761875527020977,231.0706008911133,217.68788146972656,200.67447967529296,221.60970407392367,204.92606478292151,0.022360930034164863,90.45327877910792,11.902319630953883,9.84280957918338,217.68788146972656,249.4608354743823,185.91492746507083,2.8813336453038207,10.078134647374466,-0.00033472424849623206,0.015712850491415686,0.019319188675598564,65.40196944774108,5.416993217418508,0.005696966110708319,0.03233886981477179,0.009884412021485378,0.1682995665946112,0.28959861519366115,0.15592753126991923,36745940.0,0.728559400031677,-0.42536526940966624,-0.27144059996832304,0.0,1.0
2025-09-15,244.18222746714693,251.91709313601172,244.18222746714693,251.11865234375,58383800,0.044892046482306824,0.07507264294775329,0.23509098876476497,234.95203247070313,220.07781600952148,202.11646697998046,224.42008009962143,206.73753880491478,0.02373172335426752,92.01142498004553,12.775872568924058,10.429422177131515,220.07781600952148,254.3895953452549,185.76603667378808,2.332527789525347,6.543616998965978,0.0053240571686796745,0.0186180548593895,0.027150865786251144,73.08439890366093,5.8882558057151755,0.005720092175125349,0.0366770087502756,0.05645458808836379,0.20794012297851383,0.34586532720777674,0.2034200127582181,37918560.0,1.5397156432100798,0.7978241523401295,0.5397156432100797,0.0,1.0
2025-09-16,251.5877420091143,252.54585880051687,248.9828381871885,250.66954040527344,34109700,-0.0017884451604247564,0.04811587852382759,0.23530528199163814,238.94410705566406,222.46523666381836,203.6041162109375,226.92002870015972,208.46036239708573,0.023726826779009544,93.6444519189126,13.278859558635617,10.999309653432336,222.46523666381836,258.35885885849314,186.5716144691436,2.3331252505483686,6.547408102776594,-0.0013769781981408658,0.014869276084052085,0.025959865783117708,69.44413446351804,6.118574312782471,0.005742705430592947,0.033974105857922474,0.03324660243977551,0.20934541620852043,0.3585896068422021,0.20039387516349935,38697715.0,0.8814396405575885,-0.1038149286671396,-0.11856035944241153,0.0,1.0
2025-09-17,250.7294115061419,251.1086743043828,245.7990560449756,249.04270935058597,34108000,-0.006489943102210516,0.04331646427978786,0.2390393359991878,240.84799194335938,224.86754150390624,205.1076904296875,229.02695066686698,210.0518269834975,0.023600698559537118,90.66365204907429,13.391835952951567,11.477814913336182,224.86754150390624,261.1405165239943,188.59456648381823,2.3638387275584973,6.671501736444915,-0.0012423636756685452,0.010686740777298809,0.030274594273850042,66.72863521300033,6.164602850679216,0.00555818196664094,0.03143432515451063,0.03262972350248905,0.20876474172533777,0.3697887885797093,0.20372775126917872,39191105.0,0.8702995233229581,-0.02939862440276486,-0.1297004766770419,0.0,1.0
2025-09-18,251.18851917528045,253.49402106561865,249.3122007412932,251.537841796875,31239500,0.010018893758405811,0.04850857956487564,0.265580062826106,242.83785705566407,227.50678329467775,206.61609588623048,231.1708450602011,211.6787295251986,0.023020632288569903,90.35608274502094,13.52677861141646,11.887607652952237,227.50678329467775,263.459194567001,191.55437202235447,2.445977305394757,7.104381372131154,0.004672593154858351,0.007040469916435255,0.03784639011549085,67.41498262197388,6.373424946575142,0.005510605137765462,0.035016487026470616,0.04146810964844039,0.22773367271061518,0.3670260487177628,0.21207594369227278,39305305.0,0.7947909321655181,0.020922047236374697,-0.2052090678344819,0.0,1.0
2025-09-19,252.7554645478164,255.5000944688687,251.31827407979023,254.22259521484372,55571400,0.010673357928135285,0.05780739621228892,0.27633469939578226,244.82696533203125,230.2588249206543,208.15825317382811,233.36624983683373,213.34711641498862,0.02290577099850921,90.6211896433359,13.692519957101041,12.248590113781997,230.2588249206543,265.5014085070962,195.0162413342124,2.425736279936442,7.091272923214706,0.00495277480627232,0.012366978360768277,0.04718752460859532,77.16768914932092,6.723187354269498,0.005369494978180422,0.038852918901541154,0.04544041785152064,0.22914717478718694,0.3718866045849243,0.21549139907454395,41095145.0,1.3522619277776,1.0757593868128912,0.3522619277776,0.0,1.0
2025-09-22,253.93314887572123,255.28051872493555,249.81122418035432,252.036865234375,32290500,-0.008597701469539198,0.003656490197184059,0.22643436308601794,246.67235565185547,232.5854804992676,209.60544158935548,235.14440368421862,214.86436146672926,0.02289958979296576,89.52771921540383,13.491973947932195,12.497266880612038,232.5854804992676,267.08305181892473,198.08790917961048,2.6416524121049636,8.204687458008406,0.004730956629250382,0.011769722782644543,0.03622863538637766,89.38377775753324,7.169021295808307,0.0044606192573934,0.042301199348416224,-0.008113232585460484,0.19020572769964028,0.33044890184962994,0.1708471323212699,40568320.0,0.7959535913737616,-0.44692705853336023,-0.2040464086262384,0.0,1.0
2025-09-23,252.54585863312587,253.8632882566711,249.9908602190898,251.16856384277344,26628000,-0.003445136451741382,0.0019907621671670928,0.20813994726648577,247.87300720214844,234.74906311035156,211.0079425048828,236.67051417550954,216.28805567755452,0.02310739150104081,81.27175638824151,13.111830109533315,12.620179526396294,234.74906311035156,268.13697547407065,201.36115074663246,2.6670575844308253,8.219007602215838,-0.005443378865093829,0.007649788647636546,0.035143738666296276,79.39213169592176,7.149440735549888,0.0045421126426849175,0.03532881925127022,-0.0056590264804694534,0.1729962086001895,0.32293647112091306,0.16342455108021103,40403275.0,0.6590554849823437,-0.21934229852505294,-0.3409445150176564,0.0,1.0
2025-09-24,251.16857220037892,251.857227232966,245.9587643866249,246.6573944091797,28201000,-0.017960724720382015,-0.009577935236997348,0.1941733135054753,248.66845245361327,236.75439529418946,212.3114450073242,237.62164562633527,217.47901013761827,0.02366756083047324,70.45196025751748,12.304708684637433,12.557085358044523,236.75439529418946,267.74271797444305,205.76607261393588,2.4880659593434675,7.557843484042278,-0.003181757023221321,0.005693128467336939,0.027547852051320154,70.93783789841191,6.885674974160679,0.004631023090789197,0.030725530608395026,-0.015271063704334287,0.16662546145415513,0.29355825113691014,0.148304216295577,40390120.0,0.6982153061194173,-0.17318517649818221,-0.30178469388058266,0.0,1.0
2025-09-25,243.9227126560544,246.00864273328932,240.2698717316568,245.30999755859372,31020400,-0.005462625005884791,-0.024759074792851554,0.18570376323621463,249.20939178466796,238.67540588378907,213.56865447998047,238.35386961988368,218.57042140902908,0.02383913771007467,65.5191008107129,11.424639344462719,12.330596155328163,238.67540588378907,266.46714820605,210.8836635615281,2.472724108433381,7.431551872536893,-0.004613374905433676,-0.003602272176645327,0.020482170553880685,68.49127253533649,6.3592537749603935,0.004812700910481037,0.02483416669285815,-0.021156802616206227,0.16522159268233394,0.2874179155241807,0.1438275685301028,40789995.0,0.760490409474186,-0.007013556555002465,-0.239509590525814,0.0,1.0
2025-09-26,246.58752699597628,248.93292875938772,245.4896689933639,246.0585479736328,18503200,0.0030514468325339994,-0.03211377507302793,0.16594455924236895,249.7822708129883,240.4264358520508,214.82867004394532,239.08764851071692,219.64838715666062,0.02372010474423141,67.63539085511128,10.664644431913416,11.997405810645215,240.4264358520508,265.1274654265135,215.7254062775881,2.6225734484340464,8.103795397311481,0.0057290340826092745,-0.0028326211059341855,0.022706714119644866,70.3896844361395,6.172614281890787,0.004897017355549964,0.02956651638491512,-0.029281153967093743,0.14323784512272408,0.28744987343319095,0.13380218819627376,40098190.0,0.4614472623327886,-0.6670373609446586,-0.5385527376672115,0.0,1.0
2025-09-29,247.3659922504587,250.65953566268357,242.295910900337,243.5734100341797,32505800,-0.010099782998473361,-0.033580227211304825,0.14728419586135177,249.02774658203126,241.9898895263672,216.00946685791016,239.51486389390385,220.5866233479359,0.024060935887004285,56.83361372582676,9.749427790935073,11.547810206703188,241.9898895263672,262.85704994689326,221.12272910584113,2.5995604136686006,7.901449525770104,0.0028104467833012237,-0.004738673424308226,0.03173406246053645,70.6841901544289,6.103201250632424,0.0046123702130285195,0.031246105234512742,-0.0288415537869966,0.11555013340081532,0.259486465208733,0.1153983482741839,39737060.0,0.8180222693878209,0.006667595732490872,-0.18197773061217917,0.0,1.0
2025-09-30,242.33584768941728,242.8149061000678,238.7828019548573,242.6252899169922,34724300,-0.0038925435951915333,-0.03401410508971647,0.15125351216615712,248.22332153320312,243.5837142944336,217.0707879638672,239.8110949437218,221.45088478201654,0.02396418633859827,55.98540337347733,8.845639612262602,11.007376087815071,243.5837142944336,258.3942688164645,228.77315977240275,2.6144657852853546,7.987959135083844,0.003766834755358328,0.004478066207344478,0.04335183510254814,71.17631601036052,6.177055050253671,0.004117143473552426,0.03387282998075872,-0.03849217129706095,0.10790167706360898,0.2175099606447055,0.09563982213708451,39097125.0,0.888154819567935,0.30405212558209405,-0.11184518043206501,0.0,1.0
2025-10-01,240.2798631456683,245.81902814560357,238.1440427490887,244.4217529296875,31658200,0.00740426941193939,-0.009063752111900913,0.06268543678512528,247.76122589111327,244.30460891723632,218.1433090209961,240.25020522809947,222.35170314074875,0.0135662011281604,56.77533803650082,8.18004604181101,10.44191007861426,244.30460891723632,257.66456946519156,230.94464836928105,1.5767292826389854,3.9403950619297565,0.0034075722246513784,0.01111802965819475,0.041263954312021456,68.52697538063205,6.34412308824642,0.004056730205815783,0.03606676613226134,-0.020181781770095664,0.021421482473103826,0.21516313413846722,0.07213427828049179,35513230.0,0.8914480603425822,0.12259139746817493,-0.10855193965741781,0.0,1.0
2025-10-02,244.67126631775048,246.32802833371,241.8268409196912,245.2102203369141,25483300,0.003225847936101589,-0.0004067393203401881,0.05858693264990489,247.1284637451172,244.98316040039063,219.25373596191406,240.72258761941515,223.24811557981405,0.013533999824189815,57.23587643655422,7.6282473847196,9.879177539835329,244.98316040039063,256.9393898994386,233.02693090134267,1.6343597211883845,4.125481349971637,0.0011517326256851312,0.016974250769342225,0.0338231213124367,69.66013811819101,6.463629107124575,0.0037755900717264417,0.0360792919893419,-0.017380990089682413,0.02476381133746819,0.23456909562724437,0.08065063895834339,34203185.0,0.7450563448988742,-0.17849866539438564,-0.2549436551011258,0.0,1.0
2025-10-03,244.01255894852343,245.8190218960462,241.18808361984188,244.87088012695312,30249600,-0.0013838746586285477,-0.004826769305356415,0.04497631396450519,246.19329223632812,245.5101287841797,220.3186868286133,241.11766309632353,224.09606713068226,0.013406529244765625,36.578077467412996,7.081925031107318,9.319727038089727,245.5101287841797,256.36826037189326,234.65199719646614,1.8253900937730836,4.827364605065182,-1.4805406382656372e-05,0.011166188495207674,0.03681081737161507,66.24135926919868,6.482815694813098,0.003644825943201679,0.03489292529440055,-0.01599295780056409,0.00816549659289012,0.22011398819861583,0.07076217566364729,33386220.0,0.9060504603396251,0.6348307319814952,-0.09394953966037485,0.0,1.0
2025-10-06,244.30198799944455,250.82922509816828,244.10238160883648,249.94094848632807,28894700,0.020705068551827743,0.026142173939490476,0.07003073472312948,245.98370056152345,246.32802810668946,221.46489624023437,241.95797599060967,225.1095918897272,0.01394656803637987,48.694067279409154,6.977638896334355,8.851309409738654,246.32802810668946,255.77612480222032,236.8799314111586,1.47336144081715,3.138556832956424,0.003586271966467658,0.011948478105290317,0.037979028591961894,70.56144214407598,6.613847095073311,0.00366398676264644,0.03744049945878295,0.01419369583420016,0.03205170613116759,0.2404251578315817,0.09555685326564982,33207220.0,0.8701330614245938,-0.11109094377003492,-0.12986693857540618,0.0,1.0
2025-10-07,247.78518329877943,249.9509439013372,245.0405534911293,245.2800750732422,23181300,-0.018647898398852503,0.010941914411140896,0.025581093555048007,245.3948516845703,246.63392944335936,222.52985443115233,242.27436637943183,225.9005912302572,0.013914316681347343,43.91740287583472,6.4446084170913025,8.369969211209185,246.63392944335936,255.4822590512205,237.78559983549823,1.577636399023804,4.32707822248956,-0.0037075138893177817,0.004413206492484223,0.03174552866512825,67.12541593795962,6.444134929530151,0.003867515201782524,0.032511505816014544,0.006528707918656673,-0.006164435110080246,0.22385108273323406,0.07473845184727017,32463235.0,0.7140785568659439,-0.33241850807647666,-0.2859214431340561,0.0,1.0
2025-10-08,244.4816510919942,245.52958847857047,243.3438778825467,244.14230346679688,21307100,-0.004638662990075981,-0.001143308480284988,0.022787157665903335,245.14334259033203,246.90589752197266,223.50883728027344,242.45226514965708,226.61595249443522,0.013961194292769544,37.49576890342688,5.862786706434122,7.868532710254172,246.90589752197266,255.03278277792396,238.77901226602137,1.5903866562318387,4.299934919203244,0.005963055269571305,0.006971250691407915,0.03490617203395985,67.98170210712843,6.55340734181118,0.003982016146753816,0.037400394290012316,-0.008114559171692903,-0.012119014368056513,0.18825345534963178,0.056006627269960786,31771535.0,0.6706348937814934,-0.32696426202374107,-0.3293651062185066,0.0,1.0
2025-10-09,243.99259549865823,244.2820224803224,238.68297718710045,241.05833435058597,27892100,-0.012631850656026677,-0.016931945090312817,0.004825874057999613,244.71817626953126,246.96378402709962,224.41058502197265,242.31950983545983,227.1823204103627,0.014262962164568621,28.038598848629476,5.094116471361815,7.313649462475701,246.96378402709962,254.89470417105153,239.0328638831477,1.6434203316571128,4.192012611468178,-0.002896974724933221,0.002899008920579149,0.02340329636289784,60.990067028367,6.410060917605506,0.0037904218859042592,0.03317043955274919,-0.019830954010891966,-0.018577422304898228,0.1692944903605853,0.04362870468159837,31636175.0,0.8816520960577566,0.09452464947632366,-0.11834790394224333,0.0,1.0
2025-10-10,240.958526974338,243.61333616794536,235.37944680935243,236.1080322265625,33180300,-0.02053570202150301,-0.03578558583955571,-0.01756638671980526,243.7231246948242,246.75269775390626,225.30566345214845,241.72794053937437,227.5323483247235,0.014997910080048402,25.670719702340662,4.038933451410287,6.658706260262619,246.75269775390626,255.59896954061955,237.90642596719297,1.5043700418838,3.5628976015319833,-0.027027862178845674,-0.024192760049088435,-0.003923695992271048,35.88061464686113,4.789526499829094,0.0073624103368720994,0.00454438084855067,-0.011592825790467276,-0.013642690727534212,0.19788707547602713,0.057550519652675214,31956610.0,1.03829223437655,0.09688392573786109,0.03829223437654995,0.0,1.0
2025-10-13,239.74093961058136,244.02255566567635,239.2419159793632,243.67323303222656,24995000,0.032041268288597324,-0.025076785104879873,-0.029649009510180013,243.7331069946289,246.38042678833008,226.4072882080078,241.9132064910746,228.16532419560596,0.013092477624206804,40.496078181786224,3.769687178664668,6.080902443943029,246.38042678833008,255.07850064100356,237.6823529356566,0.8639374724872866,1.0356190734614503,0.015344118135168339,-0.01276036829748961,0.006004192654441853,49.84628661933636,4.25804517807785,0.00806352883593098,0.01860944582439443,-0.012316416807390262,-0.03565320216462187,0.2226480818923029,0.05822615430676359,30287170.0,0.8252669364618748,-0.13496246716525873,-0.17473306353812523,0.0,1.0
2025-10-14,240.75892736637323,246.63742490132327,240.04033214741565,244.9706878662109,22111600,0.00532456855371044,-0.001261362982455383,-0.02273452342813098,243.96764678955077,246.09548416137696,227.4169985961914,242.2043951934685,228.82435806504145,0.013178349623104282,47.67152441476822,3.6192805166471658,5.588578058483857,246.09548416137696,254.57251621079465,237.61845211195927,0.7650275543469066,0.814487442612948,-0.0012216462876413203,-0.010297088638399954,0.006160672677237189,51.0457896623737,3.729033222130056,0.008061872292803456,0.0163406447687894,0.009035725655944571,-0.02889519610536817,0.20746632270597898,0.06253561741885179,29687265.0,0.7448176852936773,-0.04614495304404842,-0.25518231470632274,0.0,1.0
2025-10-15,246.76717761089532,251.6176877577252,245.50964358356617,250.539794921875,27007700,0.022733769105900636,0.026203944847879246,0.006011360762950613,244.57945098876954,246.17033843994142,228.54546997070312,242.99824278665008,229.67594382413296,0.01413111748830113,56.46598723486975,3.904454429573633,5.251753332701813,246.17033843994142,254.78231348454483,237.558363395338,0.5572391248641049,-0.03931765828585317,0.004439529909605389,-0.01179598810234439,0.011884681850152568,56.602367352897545,3.5046710847304894,0.008103246485932039,0.019634127220092588,0.037999932950223636,-0.005873321087201955,0.22849380808093334,0.08687347331465167,29332250.0,0.920751050464932,0.2675446212764758,-0.07924894953506806,0.0,1.0
2025-10-16,251.27834055068328,256.4581925767255,249.61160360230107,250.9689483642578,27997200,0.0017129152776573786,0.041112928289209094,-0.0022616614206166785,245.15532379150392,246.14189376831055,229.65420532226562,243.75735760356508,230.5109636100202,0.013954313221798237,56.119423513865236,4.117620539896166,5.024926774140684,246.14189376831055,254.68268659770246,237.60110093891865,0.6587852677860659,0.2146990719194873,-0.006810134562330372,-0.015674223502789464,0.00031952484075015164,48.92106005303106,2.9305594209163246,0.008207297366114471,0.011771829801173209,0.05678715179199856,-0.00258118626136683,0.23659479802554495,0.0969335878520589,29170135.0,0.9597898672734974,0.0037680920403986295,-0.04021013272650264,0.0,1.0
2025-10-17,250.27031046967195,253.72356048353365,247.32607427452788,252.80535888671875,29671600,0.007317281816854759,0.07071901155880189,-0.005574785069467403,245.94877166748046,246.0710319519043,230.79109313964844,244.61907201148446,231.38525362087114,0.013838639420301814,61.69409283040457,4.3842008612865015,4.896781591569848,246.0710319519043,254.34900562729973,237.79305827650887,0.6975947877613801,0.3623257690067638,0.005676205164253156,0.01741146850294606,0.001039619884111831,50.62754222149762,2.7440417818098695,0.008231608616759546,0.01645977595746093,0.05330754305585583,-0.006614404953579234,0.23633240359860386,0.09434184723362682,27875145.0,1.064446480906198,-0.10574648209931792,0.06444648090619798,0.0,1.0
2025-10-20,254.19265795496185,256.82748687148535,253.733549516648,256.04901123046875,22350200,0.012830631273142767,0.05078841875342732,0.015918885486703616,246.55957794189453,246.271639251709,231.89513275146484,245.70763765138773,232.35245980163967,0.013982125598806489,66.06929468659023,4.801850577987949,4.877795388853468,246.271639251709,255.3172205139327,237.22605798948527,0.4803210656675436,0.019212404212612305,0.010400500262923273,0.012457784890383294,0.006688333867215013,54.1981327602086,3.113333447612149,0.008493503096821243,0.02590510635597352,0.03833063386304403,0.009230551619488603,0.21837649644044554,0.08864589397432605,27378130.0,0.8163523220906614,-0.10581316263252649,-0.18364767790933859,0.0,1.0
2025-10-21,254.24254216862596,254.38226816359625,243.6732110393333,249.9709014892578,47312100,-0.023738071519987414,0.02041147725305703,-0.0047683608776190045,247.0286605834961,246.2117561340332,232.885986328125,246.11366277880393,233.04337908350706,0.015011131506982096,56.02514971332843,4.589483617951004,4.820133034672976,246.2117561340332,255.13588094927448,237.28763131879194,0.35721233995425195,-0.25676521564674193,-1.494287878323064e-05,0.013681015505875749,0.012182986521910522,52.41820789238722,3.366391310438644,0.008384053135607169,0.02472690468649004,0.006730461747181282,-0.016951347399529526,0.18863736437150425,0.059472159573052,28412335.0,1.6651957679648646,1.139695906221169,0.6651957679648646,0.0,1.0
2025-10-22,253.8732607664205,255.85936494298176,248.8031791754094,251.1985015869141,35029400,0.004910971998510982,0.002629149853197843,0.018410586022007402,247.73428039550782,246.4388114929199,233.8547250366211,246.5979331414811,233.75534467187597,0.014441844191059471,56.440533753267665,4.468725652858183,4.749851558310017,246.4388114929199,255.63752961505767,237.24009337078215,0.2491225237321879,-0.02365775080047525,-0.005198916065879078,0.00395388966764143,0.010134735420496366,48.8444514224834,3.2501771882997446,0.00844435499553277,0.018563339012723213,-0.0013247398144435873,0.008275850601511037,0.1969352817281933,0.06796213083842025,28753755.0,1.2182547983732908,0.2970152956379106,0.21825479837329073,0.0,1.0
2025-10-23,252.4859741014181,254.5419488781284,251.35819113136333,252.58578491210935,19901400,0.005522657644975171,0.006442376869288502,0.029659563107605313,248.88702545166015,246.8026008605957,234.87873046875,247.16820473868378,234.49379330874788,0.014391474270334716,58.11463889393967,4.433855539164483,4.686652354480911,246.8026008605957,256.38099957214075,237.22420214905068,0.13158753129694106,-0.013256220887771092,0.005929962705964353,0.016832061961125522,0.020834288016480462,51.94984865387594,3.4353912459097273,0.008434903575292885,0.023708600517467655,-0.01038968509183702,0.008825275091124851,0.2096862139555533,0.06937393465161372,28197805.0,0.7057783398388633,-0.2891646307487892,-0.29422166016113666,0.0,1.0
2025-10-24,256.0789706985135,261.1690181764628,254.82145177331685,259.4124755859375,28655100,0.027027216421555922,0.026135192419632913,0.054271342013022306,251.21746978759765,247.47029724121094,236.01972564697266,248.33432577175557,235.47099653530432,0.015479629075896157,59.60726250309868,4.900586694277763,4.7294392224402815,247.47029724121094,258.57109034397035,236.36950413845153,0.10740016925682525,-0.46632113122344543,0.008172554694480416,0.01935610322526382,0.023314508373595277,54.11802237472456,3.975702037842666,0.008523240370251364,0.031003908067526287,0.006779089194369092,0.030956833639427028,0.22892561808562806,0.08888718030647473,28705400.0,0.9982477164575306,-0.034258348049987175,-0.0017522835424693612,0.0,1.0
2025-10-27,264.3028491565017,269.61246721569535,263.76389517627246,268.744140625,35235200,0.035972306335633863,0.04958085693642622,0.10333940222493165,253.724560546875,248.72883377075195,237.32820922851562,250.27811766254075,236.7758257152924,0.016834122197902056,71.74033090290104,5.9548184377899815,4.9745150655102215,248.72883377075195,263.17323559410397,234.28443194739992,0.09954674894834109,-0.4942885581672357,0.011797664492784632,0.02076565110706574,0.03248548410637375,60.89486458660088,4.985854513641016,0.008844161469784818,0.04178506722466931,0.02881520582936048,0.0708539181185579,0.25386365121434484,0.11784425838742107,28841870.0,1.2216683592291346,0.5765049082334834,0.22166835922913458,0.0,1.0
2025-10-28,269.1633589320839,270.20133657580493,265.9795858431389,266.9476928710937,29738600,-0.006684602498601144,0.0679150704369702,0.1002467754388785,255.9222610473633,249.94495391845703,238.60874053955078,251.86569625383152,237.9590361919905,0.01692363716686956,70.87524468988323,6.569615926694013,5.29353523774698,249.94495391845703,266.20687682692096,233.6830310099931,0.11457828163726157,-0.5429842231900314,0.002656016019079832,0.023492114946741527,0.03134288387196715,59.71316303625804,5.864458549812639,0.008833564899291171,0.04310770868349153,0.04442295549022868,0.06890389156691135,0.24453905711053547,0.1192886347225585,28592585.0,1.0400808461354578,-0.37143775059657047,0.04008084613545785,0.0,1.0
2025-10-29,267.2271543584551,274.802329420885,267.1473239790212,274.0338439941406,43580300,0.026545092212011623,0.09090556776002723,0.12115161891082415,258.2716659545898,251.4255584716797,240.06948516845702,253.97694841957522,239.37373453717285,0.017599049765099246,78.12399222197048,7.541704465688724,5.743169083335329,251.4255584716797,270.68589802320076,232.16521892015862,0.02871067057913824,-0.8446618772935894,0.0004803706386860007,0.029335197804730484,0.028334187696144486,61.561520738279924,6.512104016909802,0.008825965661426034,0.04204732992103744,0.061570369955296744,0.09281743121467967,0.28603092589944845,0.14680624235647496,29188690.0,1.4930543302902597,0.2441063792128897,0.4930543302902597,0.0,1.0
2025-10-30,291.02060225143094,291.02060225143094,279.51311834988803,280.93035888671875,74876000,0.025166653841215192,0.1122176134514945,0.14567149159087212,261.26780700683594,253.21156539916993,241.7130322265625,256.5439398926365,241.0034060802923,0.018101534459636293,86.99955409226027,8.767516281509188,6.348038522970101,253.21156539916993,276.2911514247851,230.13197937355474,-0.10497740599553798,-1.0374025597798138,-0.010998187142508109,0.012013176273656168,0.015854383218724788,72.48787969673786,6.347181489424884,0.009254259055582484,0.029229762910485638,0.10020443717783833,0.12981710837214733,0.345130278440519,0.19171727466350155,31658325.0,2.36512828774106,2.7623483775010804,1.3651282877410602,1.0,1.0
2025-10-31,282.6569440736325,285.44150434001006,276.48901957648127,280.6408996582031,39267900,-0.0010303593732721161,0.08183270301213064,0.14607706523823927,264.0513610839844,255.00006637573242,243.34221496582032,258.8388884417381,242.55781759315158,0.018093110686876274,84.68165963807813,9.604904674176282,6.999411753211337,255.00006637573242,280.7478154444863,229.2523173069785,-0.10767899937155542,-1.0327510692844084,0.0032802220875831622,0.0071022063827990145,0.01920170089969475,68.35201609461022,6.322065639842094,0.009267789932480008,0.0310989339285638,0.07473049662933162,0.12687536433854452,0.3328129271757281,0.17813959604786808,32109240.0,1.2229470395437576,0.3703633908100128,0.2229470395437575,0.0,1.0
2025-11-03,281.62895336390585,284.97241759660864,279.25359613963377,283.1659545898437,29786000,0.008997458797758595,0.05366373358430754,0.13293142362118004,266.7630554199219,256.6613166809082,244.895458984375,261.1557518844148,244.15029355380616,0.017813428844780262,85.026554317242,10.352949481505902,7.670119298870251,256.6613166809082,285.1736364504863,228.14899691133013,-0.02982747882857753,-0.9106661360145739,0.0018767398754619968,-0.0027726781144603585,0.017465569125511005,70.18556417647267,6.331614795982773,0.009250476024048555,0.03179199348069196,0.0564364116987679,0.11546585449566904,0.3160425960007558,0.16264828739839757,32153805.0,0.926360037326842,-0.15465216601580234,-0.07363996267315796,0.0,1.0
2025-11-04,276.2095810062224,280.72074368596594,275.7205475921885,276.998046875,30078400,-0.02178195370901037,0.03764915102210509,0.1293132831612458,269.4657699584961,258.2472152709961,246.2774816894531,262.66454188351815,245.4384407428726,0.018057571962479056,73.9996766577951,10.329015316474567,8.201898502391115,258.2472152709961,287.6098203692716,228.88461017272058,-0.06597783074083566,-0.8921035907988832,-0.01185354736001909,-0.017203682166793133,0.009146417172716248,58.76419080617027,5.626096378083162,0.009635666706037133,0.018499052564065713,0.05485283318889822,0.12016686598852955,0.2784615645527604,0.15116042124339604,32498660.0,0.9255273909755048,0.011426227192941063,-0.07447260902449516,0.0,1.0
2025-11-05,278.32541216487215,285.86068664735006,276.79840119805726,283.7547912597656,31010300,0.024392750999485235,0.03547352810126925,0.16225163452001268,272.7213989257813,260.2278396606445,247.8215625,264.6731370622084,246.9410427239272,0.018301162861580917,76.67697910954489,10.73155345357975,8.707829492628843,260.2278396606445,290.89928251657966,229.55639680470935,-0.25907555714835057,-0.9199179031314796,0.003465476340313245,-0.014271339886025136,0.006640934675258725,65.32749329579799,5.194359829479822,0.00957714178282419,0.020975168152893593,0.04974486798729438,0.15561069984475395,0.32061464270172046,0.17532340351125628,32983820.0,0.9401670273485606,-0.28843307641296645,-0.0598329726514394,0.0,1.0
2025-11-06,284.7728237611903,287.7869461114544,280.59103358006456,284.1939697265625,37173600,0.0015477393874023804,0.011617152566838707,0.1789427255945515,275.88221740722656,262.38462142944337,249.36764617919923,266.5322639826231,248.40194182206977,0.017737857116097745,76.1343256933626,10.959669610160688,9.158197516135212,262.38462142944337,293.4444075375893,231.32483532129746,-0.33217235167910353,-0.6423285578355132,-0.010729453719183435,-0.014003495849889025,-0.0012664668426748404,55.03569101492357,4.221726922528205,0.009873528416234378,0.009246071844445225,0.02562064841672773,0.18020919243722633,0.33415456888776096,0.17999480324723835,33447895.0,1.111388325035103,-0.503531171536941,0.11138832503510311,0.0,1.0
2025-11-07,282.656912627443,283.22580678831247,274.6525857946798,278.28546142578125,34479600,-0.020790407011331502,-0.008393068277968707,0.17863614719700216,277.76951599121094,264.4934928894043,250.71259643554689,267.6516161200667,249.5738445516271,0.017759813648418853,67.72752065154793,10.542162579383557,9.434990528784882,264.4934928894043,293.71426698091,235.27271879789862,-0.33529594809900726,-0.6396330141352832,0.000984565078659072,-0.016259605096034524,0.02748764579805396,49.685853617753935,3.4637958437124325,0.00755475895705935,0.00951489685723462,0.007866536818065817,0.1511485013989482,0.28180519933786474,0.14694007918495958,33512860.0,1.0288468367068642,-0.12193929392710079,0.028846836706864172,0.0,1.0
2025-11-10,283.8645774088431,290.2320924976737,282.30759586857965,289.5334777832031,29557300,0.04041898667574384,0.022486895370534832,0.1882038670407078,279.84844970703125,266.7865051269531,252.2571792602539,269.7356029451273,251.14088899208107,0.018432794406414224,79.13845561596315,10.992194984587513,9.74643141994541,266.7865051269531,296.3238652464522,237.249145007454,-0.192534488306513,-0.560891771989998,0.01560437034633999,-0.0027804772921533605,0.02775101062874974,58.05684516925682,3.6588576660439003,0.007580251344623784,0.024091381956590874,0.025267372662688192,0.16045285641195806,0.3044230434778996,0.16338109085084862,33740975.0,0.8760061023725604,-0.007678103807157721,-0.12399389762743963,0.0,1.0
2025-11-11,287.18807388729897,291.34994399814246,286.7589209130392,290.7411193847656,19842100,0.004170991247052891,0.049614330009941865,0.18684044167583003,282.22779235839846,269.07502670288085,253.85702575683592,271.736128320331,252.69383920355892,0.0184461071067174,79.13232062497136,11.315853378708539,10.060315811698036,269.07502670288085,298.58795462787987,239.56209877788183,-0.18223317097660374,-0.5721782045356426,0.002289177027853917,0.011492104293485017,0.03136367623892,62.44670878125785,3.893404407965477,0.007557036826923386,0.025064658056980216,0.03812222571645685,0.15547676543691002,0.30986764675563516,0.167822212636334,33627500.0,0.5900557579362129,-0.34032062875684876,-0.4099442420637871,0.0,1.0
2025-11-12,291.11038092678234,291.43975353768866,283.1359940674285,286.15008544921875,24829900,-0.01579079679290607,0.008441422887764949,0.14213426868353585,283.4394165039063,270.85554122924805,254.97995025634765,273.10888614212985,254.00584886025146,0.01891580888028582,73.61321334571272,11.074239973218937,10.263100644002218,270.85554122924805,299.9539568826188,241.75712557587732,0.02022604993467178,-0.7478971817368776,0.0005563903663643455,0.008559748808678602,0.02737644858069932,60.10779245582544,4.062862285208212,0.0075293295872416585,0.02436142886442766,-0.00011832592091365335,0.11475782010283653,0.17958919073604096,0.09807622830598794,33518610.0,0.7407795251652739,-0.19930152239739696,-0.25922047483472616,0.0,1.0
2025-11-13,281.7886277548892,282.2876513282579,276.6985812149319,278.0260009765625,29494000,-0.028390990902212976,-0.021703376591468593,0.10781035976225195,283.14898071289065,272.2083938598633,255.90768646240235,273.57718279302816,254.94781560991072,0.020478131701394352,62.860256177515566,10.11066444148986,10.232613403499748,272.2083938598633,299.89553406954144,244.52125365018514,-0.03535398531949301,-0.93219035436823,-0.016593996414786205,0.0025808568562277756,0.01725581647079477,45.88660117374685,3.2521452888788644,0.00836122350370565,0.006617350178288278,-0.02428423344769637,0.09055454329145718,0.16207500537518138,0.07611510507298073,33593450.0,0.8779687706978593,-0.20658747067811567,-0.12203122930214075,0.0,1.0
2025-11-14,270.88000309409097,278.0160347166159,270.17139808707816,275.8702392578125,31647200,-0.007753813352628591,-0.00867893764767469,0.09123572566920557,282.6719146728516,273.361637878418,256.7384609985352,273.7955691230076,255.76830281178923,0.020677503794943913,55.46542783567818,9.068535503836188,9.999797823567036,273.361637878418,299.5253980376316,247.19787771920437,0.07232329546550993,-1.0176329690906871,-0.0001635496688257021,0.0014309111852752743,0.0113488212170465,37.99829083524866,2.5712108124122324,0.008286886234900115,0.005654981193958081,-0.010109848832949964,0.07988690445215907,0.13623979684917242,0.06867228415612718,33692230.0,0.9393026225928055,-0.08214712467662033,-0.060697377407194476,0.0,1.0
2025-11-17,285.22190446328057,293.3759628274161,283.01622885841863,284.46337890625,52670200,0.031149208669829953,-0.0175112699083092,0.11097237805853344,282.80165710449216,274.78235626220703,257.7560693359375,274.81155100712596,256.8935999135328,0.02145350041574493,62.165496214608744,8.834200205506079,9.766678299954844,274.78235626220703,300.05863571778855,249.50607680662552,0.030141059624885527,-1.2160877957688208,-0.009316620573407763,-0.02314229012528246,-0.008386805309690715,32.14228830731791,1.5131343398876425,0.00823187959605794,-0.004269713593641455,0.005631020216973259,0.11935918336822415,0.1890272512043223,0.1046724849298399,35208230.0,1.495962733713112,0.7819692597091075,0.49596273371311195,0.0,0.0
2025-11-18,287.3577599014325,288.236015842567,277.65674001133203,283.724853515625,49158700,-0.0025962055061871103,-0.024132347993939374,0.13503152497058823,283.4743377685547,276.4700538635254,258.64732543945314,275.66043696031636,257.94580593714426,0.02043401383075721,57.38176231247226,8.491015821459655,9.511545804255807,276.4700538635254,299.1445117639052,253.79559596314556,0.029841542234562347,-1.0470194190768956,-0.008397461670685558,-0.03355777264727289,-0.01669914575877629,29.040692423398838,0.22465643379598532,0.008423022340230648,-0.012972316565903995,0.009425424653333514,0.15173067072936453,0.16852252691128577,0.1098928740979946,35300560.0,1.3925756418595059,1.4774948216166637,0.3925756418595059,0.0,0.0
2025-11-19,286.5992292728396,303.21670857801746,286.07026549054086,292.2381896972656,68198900,0.030005606051610068,0.02127591273820295,0.16337552911776387,284.3226776123047,278.522038269043,259.7180303955078,277.23927055431153,259.2906053002863,0.021088053768122287,58.40626009765588,8.804501987235483,9.370137040851743,278.522038269043,298.8762303798821,258.1678461582039,-0.09093228922669672,-1.2339897854278192,0.0038631766432766224,-0.03036373188594388,-0.0077418138398296366,35.70006926843,-0.5856471939758876,0.008418122250526613,-0.009521325637284972,0.05163964462414683,0.1711173429575935,0.20548238763295523,0.14274645840489852,36959035.0,1.8452565117027542,1.746644166911667,0.8452565117027542,0.0,0.0
2025-11-20,303.94529376978943,305.8216273232207,288.1062900504894,288.884765625,62025200,-0.011474968674489383,0.03905665157322069,0.14370951526635345,284.79175720214846,280.3369873046875,260.69771362304687,278.34836532294855,260.4511606071378,0.021522903566072903,55.86148294938403,8.682264988990426,9.23256263047948,280.3369873046875,297.1123356237481,263.5616389856269,0.0041996796064967794,-1.380238970346832,-0.015242227316648038,-0.029030890375019602,-0.02862624878832576,28.290024344402966,-2.0129007737980373,0.00890344331634814,-0.024522722399622252,0.0680875419482403,0.1723357640546792,0.20918939586694663,0.1498709006232887,39065225.0,1.5877343596510707,1.1029768766528787,0.5877343596510708,0.0,0.0
2025-11-21,295.84113571634185,303.32648898994427,293.2761473513388,299.0747985839844,74137700,0.03527369446754425,0.08411403632592007,0.15289288962861636,286.8706909179688,282.32010345458986,261.87261444091797,280.3223113478091,261.96581307681805,0.022001347586159462,60.19963301441854,9.300432192347103,9.246136542853005,282.32010345458986,298.0234310664987,266.616775842681,0.02175107602464959,-1.4186744645994298,0.009961138168965045,-0.01919852315952708,-0.026902949506991902,33.40157200427457,-2.5939269893775645,0.009013102893920977,-0.014907106834065278,0.10331255948544715,0.17979583913560826,0.23919154208687088,0.17409998023597542,41339355.0,1.7933927609659126,1.3426306276700624,0.7933927609659125,0.0,0.0
2025-11-24,310.52242205466104,318.8561220474068,308.9954110970811,317.9578552246094,85165100,0.06313824076796082,0.11774618035946927,0.18312479105649104,289.7131286621094,284.7807891845703,263.20939849853517,283.9066488598853,264.161579435555,0.024551104168239742,72.57920977676486,11.185104095740883,9.63393005343058,284.7807891845703,305.9863841024439,263.57519426669677,0.4240541800164808,-0.5222538185224658,0.014718606876234608,0.00459695687815187,-0.02409373130285608,45.65011430623958,-2.2521551749152877,0.009257272918802583,-0.000696118248727404,0.1131492234813174,0.20721852235934712,0.25152841539926607,0.19063205374664352,43835850.0,1.9428184921702214,0.6169503818098279,0.9428184921702214,0.0,0.0
2025-11-25,325.5729598317621,328.187838552192,317.0296784660599,322.8083801269531,88632100,0.015255244752224506,0.1377515086431289,0.2092570520279191,292.91985473632815,287.5738235473633,264.65217529296876,287.6115756472251,266.46145397247255,0.02431533083932602,71.99055838759168,12.921169777552734,10.291377998255012,287.5738235473633,313.1535214792866,261.99412561544,0.3020369801787244,-0.49890258934975157,0.009405836039293458,0.02263355724020233,-0.017523988973420224,48.37515739795825,-1.4610789792549213,0.009523610618842824,0.008195611070667281,0.11511795140292658,0.22678104100133933,0.26219148461919306,0.201363492341153,46780525.0,1.894636710468726,0.8029789233645317,0.8946367104687261,0.0,1.0
2025-11-26,320.053780820363,323.86632857763385,316.1713929045335,319.3252258300781,51373400,-0.010790160699995277,0.09268821491425339,0.1652765993272931,296.23736877441405,289.83839263916013,266.0578256225586,290.6319232836873,268.5345430649277,0.024396958081843757,69.12628707259242,13.856226937312044,11.004347786066418,289.83839263916013,318.2351290419184,261.44165623640185,0.5004912688822039,-0.37756150816702316,0.006903582418005261,0.02573081296708457,-0.011216367482659972,56.15073929668701,-0.45595164719850345,0.009677555686287306,0.014479308738131701,0.06695740194716882,0.17649296680995308,0.24825273744903464,0.16390103540205217,47170180.0,1.0891075675352522,-0.24671219037257197,0.08910756753525215,0.0,1.0
2025-11-28,322.73852157316225,326.2117368304371,316.1713843298485,319.55474853515625,26018600,0.000718774110255449,0.10616684076019722,0.13748741788356256,300.39024353027344,291.76961212158204,267.41816375732424,293.38647806954145,270.5353354363092,0.024099899617862908,73.94886607953858,14.449225361604817,11.6933233011741,291.76961212158204,322.7514271636316,260.7877970795325,0.6655707519374849,-0.09136117697952245,0.0054584342293309,0.04729277163906831,0.005236623449677236,57.83896822800207,0.6302590250269304,0.0094363000607703,0.019318113652223974,0.058874069121128914,0.13225079443388532,0.23563756419565718,0.14225414258355715,44727310.0,0.5817161819031818,-0.5805156613763438,-0.41828381809681825,0.0,1.0
2025-12-01,317.07959553768603,319.22539084430224,313.2770382872594,314.27508544921875,41183000,-0.01652193594412088,0.05082436546710878,0.11984776927375607,304.23072814941406,293.4513214111328,268.61921356201174,295.37586924855833,272.250619750541,0.024606198325071386,65.42630778445435,14.327992024931973,12.220257045925676,293.4513214111328,325.52190562648366,261.380737195782,0.6827618033785956,-0.21153874982134507,-0.004565470301164498,0.032229209812541626,-0.0026243680777735534,49.18601862302876,1.2272527826283977,0.009469064158235195,0.01416314304957082,0.018595155654567153,0.12247213735152962,0.21125402932670467,0.11744044077760048,44823065.0,0.9187903593830542,-0.44450664102069526,-0.08120964061694576,0.0,1.0
2025-12-02,316.1214443613123,317.75825630619534,313.29698432996054,315.1932678222656,35854700,0.0029215881740496386,-0.008694823407935037,0.11310439236529124,307.3037170410156,295.0526870727539,269.88234161376954,297.26324054129236,273.9346451651184,0.024604215740118562,65.30106068651395,14.1429719986088,12.604800036462303,295.0526870727539,328.14304912972807,261.9623250157797,0.7238662878758716,-0.16755870617377688,0.0018522768711999316,0.019140850572565427,-0.0026487211776745623,48.97310068881297,1.7806879031071503,0.009468798484251731,0.015596815184983017,-0.027835673980500464,0.1157531135429658,0.2285545591005136,0.10549066622099297,45126500.0,0.7945375776982483,-0.5789977349876887,-0.20546242230175174,0.0,1.0
2025-12-03,315.2731421058358,320.9520026070636,313.4866291038915,319.0058288574219,41838300,0.01209594691377136,-0.011779592797546923,0.15165371184504628,310.8318145751953,297.153076171875,271.2390869140625,299.33396323806664,275.7021425648166,0.023767834939546373,70.76193115985271,14.140975741489285,12.912035177467699,297.153076171875,330.7471469876249,263.5590053561251,0.6561431778448427,-0.0681442153932277,0.003462749080359595,0.013140446689306362,0.012810250314680749,50.34673761103441,2.3807108071860057,0.009078648187561404,0.018485845664733918,-0.024920039486853285,0.13884346153036553,0.23890503484997572,0.11760948563116265,45714495.0,0.9152086225605248,-0.527955447292798,-0.08479137743947517,0.0,1.0
2025-12-04,321.6007694211511,321.73048997615604,314.0854750084747,316.999755859375,31240900,-0.006288515182409027,-0.007282449936919733,0.11716089251573192,313.30797119140624,298.8153244018555,272.6459341430664,301.01641967819126,277.321656811662,0.023599412782090403,76.69180851033965,13.81823238644904,13.093274619263969,298.8153244018555,332.90431890261357,264.7263299010974,0.8539798410140551,0.2598841555049144,0.000731139787988333,0.00692977131528294,0.010050450248509257,59.84698677844247,2.863243438068821,0.009054985301307305,0.018523952982764547,-0.014212221252202673,0.10711044226722266,0.249953098090673,0.114283773035231,45726025.0,0.6832192389345018,-0.3918856840310355,-0.31678076106549824,0.0,1.0
2025-12-05,318.8660555204289,322.528901747787,318.5467035992101,320.642578125,28851700,0.011491561738744771,0.003404204114726417,0.1282525749350225,316.48375244140624,300.6377548217773,274.1525857543945,302.8855776255064,279.0205164710086,0.02360952641392869,80.05096228759963,13.698493558117491,13.214318407034675,300.6377548217773,335.32736431932926,265.9481453242254,0.7838336674930221,0.16832806124248875,0.001899394752821859,0.0033655237201748456,0.02294457120786131,60.76676674948673,3.3115123175376766,0.008659516480680418,0.019619703692543827,3.868039455157124e-05,0.1053080037271612,0.2650885427146812,0.12347840894546465,45309930.0,0.6367632878708928,0.1088874881815316,-0.36323671212910724,0.0,1.0
2025-12-08,319.63395301128804,320.0234606774875,310.81544458829893,313.31219482421875,33909400,-0.02286154054663181,-0.0030638465140298,0.12586619947366207,317.90749206542966,302.3890914916992,275.49765869140623,303.87858878728855,280.36528817113447,0.02373884886059948,69.69706313192815,12.86381297565174,13.144217320758088,302.3890914916992,335.8418880560228,268.9362949273756,0.7641193294302766,0.1465503813992402,-0.0030042091058060105,0.004939224059280711,0.01886828967453713,65.04199634782238,3.4620053619804594,0.008709812975368795,0.015897612451862424,-0.008003070573310511,0.10699790979912494,0.24036916726461044,0.11312133549680829,45281420.0,0.7488590242973829,-0.1766165650875361,-0.2511409757026171,0.0,1.0
2025-12-09,311.96391713296777,317.57660631064704,311.4945269093235,316.66778564453125,30194000,0.010710054941190927,0.004678138693930078,0.09371734166660262,317.7784851074219,303.7458068847656,276.9595462036133,305.09660753559734,281.78891552303236,0.02237586134490156,71.71632067262466,12.330947251685984,12.981563306943668,303.7458068847656,337.20426930298447,270.28734446654676,0.9255408752984394,1.0027133031077715,-0.0008631180942337835,0.002215462310592997,0.0023478785060022656,70.98720913879481,3.4937769391497113,0.008003387638119015,0.01443707509476896,0.0024626763833370813,0.09136946316060035,0.27092117040972785,0.12158443665122176,45313255.0,0.6663392422371777,-0.157878883382095,-0.3336607577628224,0.0,1.0
2025-12-10,315.4194206321133,320.8923078304596,314.27092168020465,319.7937316894531,33428900,0.00987137368128388,0.002469869703802141,0.09992605231129814,317.4770202636719,305.1984375,278.5029150390625,306.4963336454884,283.27930047073517,0.022404745075910785,69.55377188439513,12.022299462969443,12.789710538148825,305.1984375,338.8019700197779,271.5949049802221,0.8802693411043718,0.9228732517474818,0.006632235252757246,0.005381008866723436,0.006691191092564219,72.00075132786772,3.8372587761670047,0.008122579585658275,0.0205166635019391,-0.0029111391629212946,0.09323486121873392,0.2859475334385375,0.12542375183145005,45992595.0,0.726832221578278,-0.20099765047815044,-0.273167778421722,0.0,1.0
2025-12-11,319.6638831462354,320.7025396818571,308.19882663213485,312.0238342285156,42353700,-0.02429659086777447,-0.015696925751156554,0.09042020287597818,316.74688110351565,306.4921249389648,279.8549566650391,307.02276227244334,284.40653708868734,0.022895682333374776,65.4513012072443,11.023654253125642,12.43649928114419,306.4921249389648,338.9816744180895,274.00257545984016,0.8079953546697617,0.7682896968503251,0.0023269460314641055,0.006984229979000833,0.008472602723688993,88.02404920692891,4.189220730173588,0.008134416297974368,0.02226259202079539,-0.022681155730157387,0.08194760015228919,0.24558266106152926,0.10161636849455369,46868785.0,0.9036654139850222,0.35571318367908744,-0.09633458601497777,0.0,1.0
2025-12-12,313.2922102233909,314.46067218572114,305.1627773855729,308.887939453125,35940200,-0.01005017704222555,-0.03665963123366778,0.11100378514297349,315.6802001953125,308.035221862793,281.1285110473633,307.200398194413,285.3665920833712,0.02184884186805252,57.23434631043709,9.865457377255268,11.922290900366406,308.035221862793,337.6352153615838,278.43522836400217,0.9732417830670921,1.0785117668385402,-0.010752075575282682,-0.005731449033452907,0.01446343163101882,73.15133096048405,3.8309793165158226,0.00757575041930207,0.010895074945981496,-0.03092818220021487,0.09654035351195467,0.24094792501447881,0.1021866987754062,47191095.0,0.7615886005611864,0.24568742916361952,-0.23841139943881362,0.0,1.0
2025-12-15,310.9152814169449,311.01515750934647,304.4836511834585,307.8193054199219,29151900,-0.0034596172161823757,-0.01753168084433676,0.11581193479972152,315.0346221923828,309.63267517089844,282.38747955322265,307.25934173969955,286.24709064558886,0.021732532268332536,39.86324440968862,8.760364148471638,11.289905549987452,309.63267517089844,335.0809986369685,284.1843517048284,0.9651849612193667,1.1223347601587246,-0.0015108085502177904,-0.004242133612085364,0.01309646319567137,64.84409254739086,3.425157158378056,0.00759023542089847,0.009023094116455365,-0.013289547232251397,0.10271547160405015,0.23985357541729857,0.10975983326303244,47066330.0,0.6193790762950925,-0.1403003297020885,-0.3806209237049075,0.0,1.0
2025-12-16,304.55358908476643,310.3660001485481,302.1966411442108,306.1714782714844,30585000,-0.005353228726799886,-0.03314611668402945,0.07631245698023115,314.1324432373047,310.7180801391602,283.5120901489258,307.15573569510764,287.02843917993766,0.02100464962458241,32.22786852643948,7.6632665568316725,10.564577751356298,310.7180801391602,333.3413372687814,288.09482300953897,1.2470601062380495,2.1262723037746425,-0.002732285145230273,-0.006104979262495758,0.01982976171799189,55.34878549165858,2.9210193894692793,0.00726994320873977,0.006049627229126914,-0.02704113742153369,0.05648269526223926,0.21416536566151634,0.08120230783407396,45962070.0,0.6654400030285842,0.01294959263429818,-0.33455999697141575,0.0,1.0
2025-12-17,307.60959033164653,307.6894729197007,295.7350329501308,296.3342590332031,43930400,-0.0321297701987725,-0.07335813786066059,0.04444237211275426,311.8652862548828,311.3485504150391,284.533173828125,306.12511887016433,287.39337329183047,0.022471526034647887,28.375777998146077,5.931651050848188,9.637992411254677,311.3485504150391,331.3560018988178,291.3410989312604,0.9983941816728237,1.5505513843250331,-0.011003593983400228,-0.023517657150754046,0.01714944254499029,39.329870321549095,1.9017498327785916,0.0074680453712260494,-0.0050877681485180775,-0.04984048070990654,0.02729292956776397,0.2047389792847687,0.06073047604754204,45700655.0,0.9612641219256047,0.31414434815384285,-0.038735878074395214,0.0,0.0
2025-12-18,301.32777470817274,303.56485302569047,298.8410213827925,302.0668029785156,33518000,0.019344857270350957,-0.03191112395185747,0.03363220012905099,310.3719909667969,311.83998107910156,285.69166381835936,305.7386125947692,287.9688019069946,0.021901776852152156,35.09462995390376,4.9646720255487935,8.7033283341135,311.83998107910156,330.29351254783177,293.38644961037136,1.0695801785174244,2.068758289982262,0.00755126270975226,-0.018428047408145076,0.02088634093299313,41.38433553105541,1.4826191556975346,0.007590194946420596,0.0023252654540913066,-0.013483076543712391,0.012745859196057863,0.23226544653965409,0.07717607639733319,43966610.0,0.7623512479129048,-0.20861695672396985,-0.23764875208709518,0.0,1.0
2025-12-19,301.337777701548,306.85059101726483,300.5787559089981,306.7607116699219,59943200,0.015539306686872534,-0.006886729818487924,0.06187915796199017,308.9838043212891,312.73377838134763,287.0057113647461,305.83595536383143,288.70573954475645,0.021867803339843984,43.53073406679067,4.524932775690786,7.867649222428957,312.73377838134763,327.95433581810664,297.5132209445886,0.8959789579717418,1.7997433205528768,0.009063506223587092,0.0012337773355066695,0.04608379767402426,52.699845885066665,1.622423379322754,0.006740657175287302,0.011067048528256133,-0.008120507153994594,0.01579536028796591,0.25551121986735215,0.08772869100044116,43862510.0,1.3666158183833985,0.6678593886511484,0.36661581838339846,0.0,1.0
2025-12-22,309.47716491524386,309.7268399185022,304.90310178792384,309.3772888183594,26429900,0.00852970099786754,0.005061357007196454,0.03444787151292483,308.59031372070314,313.24890289306643,288.47109649658205,306.1732252166436,289.51638853587815,0.02058533766321239,45.135179002833524,4.337571337920224,7.1616336455272105,313.24890289306643,327.1644506466229,299.33335513950993,1.0713680183478638,3.145090061667021,0.006229803850433591,0.008995666657053647,0.04221900701346715,55.76594926093764,2.0499085311521412,0.0065661556433597315,0.016347128358664795,-0.003934309649857193,-0.007771135500542314,0.2585099143711782,0.08226815640692624,41477120.0,0.6372163737501543,-0.09337298769548463,-0.3627836262498457,0.0,1.0
2025-12-23,309.2274800840275,314.5305745464577,308.91788552805923,313.9413452148437,25478700,0.01475239638279957,0.025377500828048127,-0.012632208777884624,308.31766967773433,313.04807739257814,289.8764587402344,306.9130461688531,290.47422997426895,0.015128773929962393,45.816369273663014,4.505431447216495,6.630393205865068,313.04807739257814,326.7923612246031,299.3037935605532,-0.6070254320609066,-0.6819257454747958,0.004570492347330646,0.016384325424200874,0.031795863320524864,56.500273321316314,2.6098395413561093,0.00589692066708399,0.020178589252559703,0.008993175403847253,-0.04442807209840949,0.24771983952407428,0.07076164760983734,38492800.0,0.6619082010142157,-0.1669543894065718,-0.33809179898578434,0.0,1.0
2025-12-24,314.3608103937755,314.67040497756983,311.5145395735961,313.68170166015625,10097400,-0.0008270447924269009,0.05854011845795193,-0.02827274330117313,307.7064666748047,312.5917434692383,291.2506790161133,307.5576800251677,291.38432690312726,0.014666155053095797,47.17761068459264,4.564889523388445,6.217292469369744,312.5917434692383,325.5554459375798,299.62804100089676,-0.5562060106445407,-0.5762917209728474,0.003517674396244841,0.03130772603168652,0.025777094051566696,58.215653812774015,3.210819636486235,0.005626582470279077,0.022854102503287167,0.027232392426265406,-0.05404983735273983,0.23489825199420933,0.0693602690225783,34566065.0,0.2921188743931367,-0.7701500555424035,-0.7078811256068632,0.0,1.0
2025-12-26,314.0711877312235,314.6803801033015,311.8740355347504,313.1024475097656,10899000,-0.001846630349570666,0.03653378796489237,-0.01948727446801779,307.8143280029297,312.28060455322264,292.5019320678711,308.08575311893895,292.23601790730913,0.014497915653659557,43.2335914998992,4.513243644877832,5.8764827044713615,312.28060455322264,324.8567590857922,299.7044500206531,-0.662399229627632,-0.35632487161106624,-0.00010140966545213459,0.023474615759845996,0.018640799625076143,56.989707058465996,3.639527033759691,0.005474620550283942,0.021929756171299754,0.013059172205046377,-0.03812807409309393,0.20884998347924477,0.06126036053039907,32542345.0,0.3349174744475237,-0.6748314338564354,-0.6650825255524763,0.0,1.0
2025-12-29,310.96521879647884,313.61176774066803,310.2161937852231,313.1523742675781,19621800,0.00015945821634288926,0.020835988294791052,-0.020035296915244416,308.240771484375,311.9604858398437,293.7456005859375,308.5682884664284,293.0562671763393,0.014495202533683872,49.835021952214696,4.425330135045442,5.586252190586178,311.9604858398437,324.0744681081105,299.84650357157693,-0.6563973517470745,-0.3602381703706166,-0.0035636535074947684,0.010667119131339886,0.00950042509177007,56.50655847960052,3.7387288131119476,0.005454217323618004,0.01740966940550729,0.010168869163451166,-0.029535722007014487,0.2035096229776978,0.06138092337804483,32222505.0,0.6089470697576119,-0.6726601182452722,-0.391052930242388,0.0,1.0
2025-12-30,312.09376543928346,316.5379928503015,312.0538089034933,313.4420166015625,17380900,0.000924924598326271,0.013138416846071754,-0.002650763252408206,308.80304260253905,311.91883239746096,294.95833374023437,309.0324530507269,293.85570833026964,0.014023579017806613,46.44511795036388,4.329126287773306,5.334827010023604,311.91883239746096,324.0050015458056,299.8326632491163,-0.8517054500614412,0.20845520400122988,-0.0012212136133650242,0.0031832438516390393,0.01289193748884454,56.21122640407532,3.707189149225087,0.005341260909129259,0.01542892174485345,0.009955172994432715,-0.015542700741252746,0.20275342110392125,0.06572196445236707,31032400.0,0.5600888104046093,-0.3423773831910072,-0.4399111895953906,0.0,1.0
2025-12-31,312.4433102220648,314.17104176667254,311.03513952358344,312.5931091308594,16377700,-0.0027083397430479605,-0.00429454770623372,-0.008249410621525288,309.44520568847656,311.7888244628906,296.0892156982422,309.37156315359664,294.59050836166534,0.014017535303177394,41.64543353163939,4.136699016176067,5.095201411254097,311.7888244628906,323.7822720840084,299.7953768417728,-0.7868137461648534,0.13347925867529528,-0.0074088529688375315,-0.008779558744136717,0.00352875694459609,46.28129142051454,3.2363414426005193,0.005625797414029693,0.007530552964837541,0.004485011037902997,-0.011778167566121378,0.2020114021456687,0.06490608187248344,30058550.0,0.5448599483341678,-0.3572003281172116,-0.45514005166583216,0.0,1.0
2026-01-02,316.4880510777925,322.0807776535599,309.92658419973367,314.7403259277344,32009400,0.00686904712277614,0.003374835898859896,-0.013371238215192482,311.2858123779297,311.57554931640624,297.38460418701175,309.88287389399073,295.38069728582497,0.013821216111308607,53.62476766482732,4.110082989277373,4.898177726858752,311.57554931640624,323.17382246778516,299.9772761650273,-0.7919476410350528,0.2279419124660385,0.0018329931020035772,-0.010443595739656364,0.001898893760754472,45.897965899198674,2.929746672261558,0.005587589527064695,0.008964185081258106,0.01381843163851626,-0.015270131975946954,0.23840340919685254,0.07898390295314062,29567105.0,1.0826017630065574,2.1700635807237507,0.08260176300655746,0.0,1.0
2026-01-05,317.24707928114736,318.60529679570504,314.2210191795431,316.1285400390625,30195600,0.004410664909989537,0.009664863859623729,-0.0027483170072186702,312.6919860839844,311.5319885253906,298.6832049560547,310.47769924114044,296.1943381781088,0.013795729762312182,60.13420580426396,4.153132150995191,4.74916861168604,311.5319885253906,323.05075556920605,300.01322148157516,-0.918759251831517,0.4186321779293282,0.0066602071082446646,-0.0037519159570825744,0.007834879714440746,58.74760541680211,3.017198178846911,0.005776390725270936,0.015027873296298136,0.013416779816706303,-0.010583196721659416,0.2256086273563862,0.07614740348381104,29514840.0,1.0230650072980236,1.7704927057528215,0.02306500729802364,0.0,1.0
2026-01-06,315.9886856047422,320.5227923064431,311.3746963103618,313.9313659667969,31212100,-0.006950255335991251,0.0024875803705486366,-0.020930508348104726,313.4090515136719,311.1964279174805,299.9101165771484,310.8066198816791,296.88990789531226,0.013598861644927575,58.29268694424186,3.9642578400121806,4.592186457351268,311.1964279174805,321.96423200694545,300.42862382801553,-0.7762257071143206,0.32224390329946984,0.005947158299371091,0.005757098917410719,0.01190662315336688,63.45962319472862,3.3758717802588762,0.0059010291714621755,0.020400869413123805,-0.0032695185468620824,-0.032837131501471606,0.2099802598877727,0.05795786994647967,29632860.0,1.0532935396718373,0.5906848505233975,0.05329353967183728,0.0,1.0
2026-01-07,313.95131240372154,325.725993751253,313.7815504740342,321.5614318847656,35104400,0.024304885542325128,0.025904042384733206,0.026329128571503713,314.6274658203125,311.6088897705078,301.153095703125,311.83088769149686,297.85741863999675,0.013691840786116604,67.96449973412663,4.379768890789251,4.549702944038865,311.6088897705078,323.30950572687476,299.90827381414084,-0.7337640561400364,0.9637554664801232,-0.003223412281198157,0.0037409111979043175,0.01168414162734499,62.97315068742895,3.441461905975757,0.005908291523152646,0.016682058567059784,0.02216313118682889,0.014644986944158722,0.21836115897741393,0.08505642570280052,29692610.0,1.1822605018555121,1.0197112922806069,0.1822605018555122,0.0,1.0
2026-01-08,328.54234711069296,329.8905982345552,321.08205673508803,325.0169372558594,31896100,0.01074601935574182,0.03974440818463165,0.026365648764476113,315.7350250244141,312.0263473510742,302.2785516357422,313.08670193572186,298.9224978014031,0.01369313159650638,89.34239163402832,4.931052690764091,4.62597289338391,312.0263473510742,325.0121197973538,299.0405749047946,-0.7337800080028901,0.9627744930855793,-0.00010152731427326422,0.0111303199518209,0.01245529653959876,74.13962183177799,3.448075825566548,0.005900831151649521,0.016390358592307957,0.028614088232810753,0.013910352224877354,0.20018699532694773,0.08090381192821194,29777715.0,1.071139944753988,0.9475323152823656,0.07113994475398801,0.0,1.0
2026-01-09,326.6647962522232,330.3999246926398,325.37646465172014,328.14288330078125,26214200,0.009617794295012638,0.04258290491865391,0.026107927654554164,317.18114318847654,312.4438049316406,303.50245544433596,314.52062397048945,300.06839527196695,0.013684981540247165,88.52161317521004,5.556139082467325,4.812006131200593,312.4438049316406,326.9309601393104,297.9566497239708,-0.7332147325644953,0.9689271115235835,0.006613382996888628,0.015955073375985007,0.012436335229164541,73.828271888474,3.775800632967389,0.005899824250217164,0.022839711923203887,0.0266278315426689,0.013671592425389623,0.2160524454276349,0.08545062313189782,29416980.0,0.8911247857529903,-0.18104681749736018,-0.10887521424700972,0.0,1.0
2026-01-12,325.3764389525716,333.6057474535575,324.57749116547984,331.4285583496094,33923900,0.010012940142957172,0.0483980924615548,0.062189877799150306,319.0137542724609,313.41404113769534,304.6503497314453,316.13090343516757,301.29820558873723,0.01238580756591989,88.02329800269378,6.244666440745675,5.09853819310961,313.41404113769534,330.1996003108693,296.62848196452137,-0.913025929902304,2.3287729598338163,0.00157043300066384,0.010818303500290227,0.011672192068602927,70.18559194232488,4.076027179807511,0.00589082215009306,0.02415034261985139,0.03757978896126457,0.05051768573054738,0.1951520484286826,0.09441650770683152,28995490.0,1.16997160592906,0.12347163162844921,0.16997160592906,0.0,1.0
2026-01-13,334.5146010595183,340.04737751020235,333.18631289711504,335.53326416015625,33517600,0.012384888710214925,0.06881089478534008,0.08626210772167364,321.25184326171876,314.7463073730469,305.7424078369141,317.9787473137379,302.64075690526346,0.012146312877910473,88.54864458851048,7.040387581654215,5.486908070818531,314.7463073730469,334.0587631236362,295.43385162245755,-1.1765872722242947,3.1976705338371754,-0.0019995067653818532,0.0028331579258265016,0.020623164070179723,63.447690221877565,4.154501734265978,0.005298686846503642,0.02162262877330039,0.06597773685951358,0.06563894365149392,0.17084392896637235,0.10082020315912661,28874360.0,1.1608084127232603,0.07386558418049405,0.16080841272326035,0.0,1.0
2026-01-14,334.62442706687915,336.08252056576845,330.0503943745689,335.4034118652344,28525600,-0.0003870027469463633,0.04304614486674252,0.0896113595204262,323.44798278808594,316.1255126953125,306.8376580810547,319.6382391757852,303.9255669036937,0.012063265872759816,86.38658501567195,7.573224901213791,5.904171436897584,316.1255126953125,337.2133014408399,295.0377239497851,-1.2316928415681059,3.4509723388494207,-0.004915252903138989,0.0011310374160631298,0.017143251821621464,53.57988168846538,3.898050705486412,0.005437623498630788,0.01629252152087133,0.04191510745067939,0.07246810769880474,0.1799739362699435,0.09811905047314255,28843045.0,0.9889940538524972,-0.1874067068515628,-0.011005946147502804,0.0,1.0
2026-01-15,337.21104566866205,337.2510022020921,330.3100250775331,332.3473815917969,28442400,-0.0091115062200543,0.022554037945926586,0.08549425788479925,325.4234100341797,317.43430786132814,307.82128662109375,320.84863369159586,305.04014787185463,0.012250514194557298,78.90487578536283,7.660599589583455,6.255457067434758,317.43430786132814,339.1603911220116,295.70822460064466,-1.1736349149906578,3.0196799315272314,0.0027232975079871657,0.003959344371300633,0.02270756419012443,52.8198716399487,3.801888441992787,0.0053842822057143065,0.018732858020729284,0.018594693574625953,0.06278669369467482,0.15766651175220847,0.07968263300716975,28735915.0,0.9897857785283677,-0.10827969563677065,-0.010214221471632276,0.0,1.0
2026-01-16,333.97528525413946,334.2149635116852,327.27401649506595,329.5710144042969,40341600,-0.008353810925792238,0.004352162354246625,0.11215967900414014,326.90647888183594,319.0961456298828,308.8727459716797,321.679336616615,306.0021426378328,0.009352097050167638,73.87771100316496,7.420278677028875,6.488421389353582,319.0961456298828,339.03796250096633,299.1543287587993,0.2181224166428366,-0.6831064153904902,-0.000837905189162047,-0.003472297735142793,0.03321976298257967,52.01547814692332,3.6371955487572905,0.004600667864411441,0.01732802686292516,0.007824460089389418,0.07893991602156047,0.16245150224754212,0.08307195945283068,28556475.0,1.41269536943898,0.5389216531498195,0.4126953694389801,0.0,1.0
2026-01-20,320.4528849486331,327.30398324237245,320.01345448184367,321.5814208984375,35361000,-0.02424240347805051,-0.02971119175790693,0.06460364968112642,327.45176696777344,320.0718765258789,309.6292785644531,321.67001131012194,306.61309472648395,0.010878350279372237,59.93408041159097,6.510084990918699,6.492754109666606,320.0718765258789,338.3452298721789,301.7985231795789,-0.48784655112020997,0.9753230126047734,-0.02035680001149731,-0.025289130990863162,0.004600711012358483,38.616739380967616,2.349460946441468,0.006539072384205826,-0.003440036798723084,-0.004422060767043767,0.060002938668767936,0.130352665694619,0.06197784786544772,28648625.0,1.234300075483553,0.04236246422138956,0.2343000754835529,0.0,0.0
2026-01-21,320.50283121296127,332.0478012719212,318.9348648307384,327.953125,35386600,0.019813657405210794,-0.022591319460171677,0.0690845095993955,328.85394287109375,321.1314971923828,310.50446166992185,322.2684030901103,307.4499586587787,0.011171740657969944,64.95775964544322,6.231065364707206,6.4404163606747264,321.1314971923828,338.5946578185618,303.66833656620383,-0.4005232020863936,0.8005201757070766,0.0115411092816613,-0.01206450262283909,0.007067356350730636,48.45464653103625,1.9342995881324896,0.006735351986734644,0.007555609929744792,-0.010526816837332587,0.06201715324866486,0.1284429525355828,0.059977762982305026,27420795.0,1.2905023359096628,0.05576174905124476,0.29050233590966273,0.0,1.0
2026-01-22,334.0152418739244,334.71431361791133,328.32263943252485,330.1103210449219,26253600,0.0065777572478440405,-0.015781267074406746,0.06701536594929314,329.7088317871094,322.16814880371095,311.5409588623047,323.01525241914,308.33860032098045,0.011133073536571005,67.5821792493727,6.113534967530029,6.375040082045787,322.16814880371095,339.1482258757838,305.1880717316381,-0.37983911998913955,0.8412726335487617,0.005223257672714476,-0.0019988328217077633,0.006059972357171928,56.9790519103294,1.871063466969872,0.006692919532944957,0.012223525122081521,-0.013782434252698983,0.06095539359212121,0.1563530701176883,0.06784200981903683,27411980.0,0.9577418340448227,-0.07964775499901844,-0.042258165955177264,0.0,1.0
2026-01-23,332.05776231305794,333.2562145369407,327.0243361197249,327.5036926269531,27280000,-0.007896234233809474,-0.01457417519477544,0.04320025896183921,329.95750732421874,322.8462661743164,312.3003631591797,323.4427229151222,309.0901725682735,0.01105927899973832,62.69363844314627,5.743846663265231,6.248801398289676,322.8462661743164,339.5235447593152,306.16898758931757,-0.17052994279670466,0.7798052073347109,0.00036273518897367296,-0.004348278531633443,0.0018459763432829845,56.11131323389274,1.8200278720175902,0.006618108325665292,0.012299268714842307,-0.010225896663141998,0.041354282618556226,0.11672250041979271,0.049283628791735645,27502045.0,0.9919262367580302,-0.04086856242792447,-0.008073763241969824,0.0,1.0
2026-01-26,327.3838548641184,335.4034148973675,326.5749102768944,332.8267822265625,26042100,0.016253525439399175,0.009878805113218148,0.06103346310951885,330.4258972167969,323.8035202026367,313.14207641601564,324.3364428495451,310.0210200058535,0.011467236469247553,65.40157333232577,5.813381815582034,6.1617174817481475,323.8035202026367,340.46371513545796,307.1433252698155,-0.29243592758362885,0.42289879744317715,0.00507823176187272,0.001547073153876255,0.003403934072874426,55.16174955475212,2.0370335319001924,0.006669361709170007,0.017089136630028277,0.008331731959341893,0.05762952903664442,0.12750999118407047,0.06449041739335226,28299280.0,0.9202389601431555,-0.3544604081147005,-0.07976103985684442,0.0,1.0
2026-01-27,334.93402312381306,337.4707297257924,333.04649592160257,334.1150817871094,21636200,0.0038707809267282123,0.038975077769279,0.0671110508540127,330.6945495605469,324.8541519165039,314.10137634277345,325.2677417959798,310.9658851737459,0.011410418764711331,68.93383319422708,5.904381893416996,6.110250364081917,324.8541519165039,341.3220393773948,308.386264455613,-0.3757704116682427,0.5413492529111145,0.003984165378470905,0.026432278955691002,0.007503831914165149,53.89827334015874,2.4028413368222346,0.006722288120296457,0.02071806776262928,0.012542798813587996,0.05960721893984755,0.14689381689637004,0.0730146115499352,28836140.0,0.7503154028243725,-0.3881338197449167,-0.24968459717562752,0.0,1.0
2026-01-28,335.62313448097893,337.1012215187292,331.5084951745387,335.5732116699219,27434400,0.004364154635023487,0.02323529214707709,0.07159721351237747,330.69854431152345,325.9751937866211,315.2523205566406,326.24921511730764,311.93087836967436,0.011387934816765952,64.86543537793663,6.024709900681103,6.093142271401755,325.9751937866211,342.1387701374169,309.8116174358253,-0.43825542889072006,0.6104211128020137,-0.0001006645803248718,0.014619123398690315,0.011005284491925282,56.483060758660535,2.656504669683727,0.006659247868956278,0.019856159524327215,0.008616168748386777,0.060591929020452184,0.16913771620259666,0.0794486046571452,29226770.0,0.9386736885396505,-0.22472348290030686,-0.06132631146034954,0.0,1.0
2026-01-29,339.85759500876696,341.84502871736817,326.115503846963,337.8102722167969,39785600,0.006666385960138577,0.023325387547719734,0.07774406213768881,330.93923034667966,327.1936065673828,316.4911212158203,327.3502681744019,312.94575655975757,0.011391305477211284,63.93297471840417,6.228781290160896,6.120270075153583,327.1936065673828,343.0501254601742,311.33708767459143,-0.5199669625034211,0.6652505208714896,-0.001984377154833794,0.007344118493376239,0.010232778724008629,54.88671338113717,2.7154685992121586,0.006672217289216224,0.017113725719835656,0.015981269054343494,0.06751128341368018,0.18856873981809485,0.09068709742870618,30347005.0,1.3110222903380415,0.5154340738032117,0.3110222903380416,0.0,1.0
2026-01-30,339.5580079569619,339.5580079569619,331.8580393103398,337.56060791015625,31024000,-0.0007390666512366861,0.030707792032923953,0.07987219823468616,331.46055297851564,328.44198150634764,317.5530657958984,328.32268148256895,313.9110448480085,0.011340374689254307,60.94219145363266,6.297766778367077,6.155769415796282,328.44198150634764,343.36226124706025,313.52170176563504,-0.5486105922114775,0.7581857758106114,-0.0029824841055743345,0.003975553409035326,0.014737818820090842,47.606057029731666,2.5664675118412106,0.006465210014077774,0.01324089592580497,0.026732238623888627,0.06513437941459532,0.14407668670764506,0.07864776824870967,31079320.0,0.9982200382762557,0.13724340175953076,-0.0017799617237442774,0.0,1.0
2026-02-02,335.78293445124825,344.3817273143538,335.1937050748485,343.24322509765625,32006100,0.01683436116163306,0.031296889034618136,0.09056004846505195,332.82777404785156,329.86712646484375,318.7434332275391,329.7436856363868,315.0613264264261,0.01169071485234922,63.0028864283868,6.733360007407555,6.271287534118537,329.86712646484375,344.7217960055008,315.0124569241867,-0.5648561104986186,0.47733630073546435,0.00497122273706152,0.003868661784573124,0.01791647266435592,50.27048127407597,2.6934416228293685,0.0065305851128317945,0.01716758714305222,0.027428227250045012,0.07264357580069603,0.15313816381787748,0.0844033222895395,31079155.0,1.029825296086718,0.2290137892105475,0.02982529608671793,0.0,1.0
2026-02-03,346.8884575284791,348.5463032010534,337.0312933144156,339.26837158203125,36506700,-0.011580282508108053,0.015423697030849448,0.0731975402793732,334.5964691162109,331.0241180419922,319.68403686523436,330.65079858359104,316.0106223148812,0.012225192182023047,54.122536236344,6.680820974698236,6.353194222234476,331.0241180419922,344.94874822022797,317.09948786375645,-0.4064617902332866,-0.13556187020204113,-0.008455385901172563,-0.008569458383974382,0.0026318602303596617,45.818532997397156,2.295651193607,0.006702330337324009,0.007716493767780938,0.02399315541482383,0.07056568004901353,0.11726034591304124,0.07060639379229287,31394710.0,1.1628296614302218,0.6872972148528855,0.16282966143022184,0.0,1.0
2026-02-04,342.514142570529,342.863693665196,328.09291217000737,332.6070556640625,70618400,-0.01963435579599293,-0.00883907267537476,0.059489722028097214,335.0618621826172,331.9579025268555,320.5584826660156,330.8371087817312,316.6614628383785,0.013099559868553476,47.302509512090076,6.032136178125654,6.2889826134127125,331.9579025268555,343.32643939823737,320.5893656554736,-0.4649365460120815,-0.4022516104284219,-0.004843853725993386,-0.01327247439478485,-0.008123587877919225,45.88194657780337,1.692801850886326,0.006645437218644136,0.0017933550896890155,0.0044334017194100905,0.06761330990601644,0.09665744873840842,0.056234720121278316,33365025.0,2.116539699880339,1.5740821742046482,1.1165396998803387,1.0,1.0
2026-02-05,311.814107165092,332.25749685616427,306.06158556074746,330.8193664550781,88205800,-0.005374778371478595,-0.0206947696286518,0.02879056271160696,335.1327667236328,332.4207992553711,321.1933740234375,330.8354190363357,317.21667474491574,0.012206747380094682,48.489034851936616,5.31255737008712,6.093697564747594,332.4207992553711,342.7095917299687,322.1320067807735,-0.49798336495072293,-0.4576243986622843,-0.012489284060324235,-0.02365856511350284,-0.017343908427879362,37.24699302419751,0.5211582174857767,0.007156918929929407,-0.011311042973394293,0.0029637954848510395,0.04613447113948632,0.07489619477203946,0.04133148713212561,36020095.0,2.448794207788736,1.2170282715354297,1.4487942077887357,1.0,0.0
2026-02-06,326.75466854448496,329.95052083207565,319.50412705068965,322.4402770996094,56380500,-0.025328291524331137,-0.04479293630899983,-0.007927771943225248,334.6264251708984,332.2919662475586,321.2830224609375,330.03588170902844,317.4215218960802,0.013376433240253394,43.65219251736477,4.019825450873213,5.678923141972718,332.2919662475586,343.0260058697006,321.5579266254166,-0.4167991801432554,-0.6792697914175626,0.01918478647681998,-0.001950997871300153,0.0016098296250297572,49.25438398692057,0.6288193329804699,0.008446242125080924,0.006955630798542267,-0.04284193843769968,-0.009537601568255005,-0.021687765898084965,-0.024689101968013216,37244315.0,1.5138015023232405,0.8173188499226405,0.5138015023232405,0.0,1.0
2026-02-09,320.5127991892576,327.2740180221729,316.84758707958963,323.8984069824219,39640100,0.004522170418437055,-0.056358921897819214,-0.012934841906867778,333.73358764648435,332.0797424316406,321.30482299804686,329.4513603064945,317.6755173896623,0.013225005472175417,52.33400246302029,3.0775093743245634,5.158640388443088,332.0797424316406,343.3152997131457,320.84418515013556,-0.38895617564565427,-0.6077723579085827,0.004821726716577324,-0.0020994641663448776,-0.00017292090459908316,63.87526262804359,0.9702384539502873,0.008382948225256754,0.011194057321088512,-0.054259457731474336,-0.012761921002268695,-0.027704692296185662,-0.03157535700997623,37915610.0,1.0454823224524148,0.2385170326906434,0.045482322452414715,0.0,1.0
2026-02-10,320.5527401483992,321.25184233940706,314.2009923012897,318.16583251953125,39170000,-0.017698680633528863,-0.06220013661779744,-0.04001684675612005,332.13866271972654,331.4166061401367,321.2816351318359,328.3765481363075,317.69474543397087,0.01350683564279176,40.012220389286604,1.8468568287145786,4.496283676497386,331.4166061401367,344.2639458507115,318.56926642956194,-0.16933400626579262,-0.8577933611262781,-0.002637057770699447,0.003756160156048294,-0.0043730880317873755,56.33962288867605,1.081465104807421,0.008394903603202476,0.00810317167957893,-0.06595629677384574,-0.035643758724332675,-0.02494242141520897,-0.042180825637795794,38177915.0,1.0259858350043474,0.0729537317807416,0.02598583500434741,0.0,1.0
2026-02-11,318.55535268111106,320.64263210541753,309.25745775560665,310.5557556152344,45406400,-0.023918586241750917,-0.06629835318677135,-0.07444122897156225,329.6369171142578,330.1677307128906,321.1016552734375,326.6793298009672,317.4147850489224,0.013911897578359896,32.04330026437741,0.25455189800823064,3.647937320799555,330.1677307128906,345.8691659037311,314.46629552205013,-0.011652099634728979,-0.9373814137235631,-0.00023112214366449724,0.00840875438283839,-0.0026089092242338463,53.005247379819636,1.1435908777444865,0.008384098940737035,0.007559541988831635,-0.07470710756960974,-0.0718323197473284,-0.04369343315739904,-0.06341095349144572,38772355.0,1.1711024517339739,-0.35701743454963575,0.17110245173397387,0.0,1.0
2026-02-12,311.68427643298344,315.8288752987113,306.8006493270844,308.5982971191406,47761300,-0.006303082331273746,-0.0671697959344073,-0.07991902824430441,326.71571960449216,328.8274749755859,320.9881195068359,324.9573266884123,317.0690404242251,0.013899112401300097,32.4299457633487,-1.1520318667407992,2.6879434832914844,328.8274749755859,347.024895082475,310.63005486869685,0.05807112294074463,-0.92559160193476,-0.01544885969788623,0.005386547196624791,-0.013166930137997634,43.36891692213,0.33097741682865944,0.009010174154531604,-0.008092884665549568,-0.0725563431310321,-0.06675209810630678,-0.02249239040351836,-0.053933610546952414,39734140.0,1.2020217374781486,-0.45852426937911117,0.20202173747814853,0.0,0.0
2026-02-13,307.32996759040856,308.2287915112591,303.31517401115394,305.32257080078125,38499700,-0.010614855457529382,-0.05308799028708211,-0.08131495022340407,323.4919158935547,327.47623443603516,320.79070556640625,323.0873499372093,316.6083945566391,0.013931873392538983,23.427261656374384,-2.5022391167495357,1.6499069632832803,327.47623443603516,348.38464486096274,306.5678240111076,0.07234854823049772,-0.946113165628814,0.0007044991031190939,-0.012843544696793607,-0.015153736500490234,40.36833141080373,-0.27137282715398214,0.008981966764868237,-0.007458476432091023,-0.0402444455902885,-0.06616121372291384,-0.03459487309411302,-0.04700017746910512,40237005.0,0.9568232029197998,-0.3171451122285187,-0.043176797080200176,0.0,0.0
2026-02-17,299.6499434457439,304.0442171582303,295.86486207725466,301.6273498535156,39247600,-0.01210267861158787,-0.06875939074968929,-0.08478799205473131,319.3303283691406,326.0790512084961,320.4431359863281,321.043540405429,316.020902607497,0.014016526074615007,20.007415324275044,-3.8263537144955535,0.5546548277275136,326.0790512084961,349.9261608754886,302.23194154150355,0.10648981220512584,-0.9956912734989234,0.0016134830190519533,-0.015995385856266586,-0.012737471382162857,38.57963194209375,-0.6529222940940826,0.008997055473112288,-0.005885244735519324,-0.0527640048934227,-0.07205052067256845,-0.05590660968883976,-0.06024037841827697,40182305.0,0.976738392683048,-0.00990158955199405,-0.023261607316952076,0.0,0.0
2026-02-18,301.6972906518214,304.983022308801,300.8583862777236,302.9356689453125,28482100,0.004337534684544453,-0.047868633327508014,-0.057981434067404525,315.6970581054687,325.14676361083986,320.1618542480469,319.3189812187512,315.5077561893722,0.013318724729058316,19.78553423531642,-4.7157929308825715,-0.49943472399450345,325.14676361083986,351.0991747080749,299.1943525136048,-0.023337042605914838,-0.8501340110912046,0.005037707550576753,-0.008423413639486732,0.01285454594519897,42.22446344415035,-0.6714511351667625,0.0077707790283128905,-0.0009911009562989894,-0.03944521968802128,-0.0708359800126035,-0.05010542703880505,-0.05346220891314327,39838360.0,0.7149415789204174,-0.27285933112075567,-0.28505842107958257,0.0,0.0
2026-02-19,301.42763905495286,305.0728879320441,299.64995428739604,302.456298828125,25834400,-0.0015824155632001569,-0.02608052383722126,-0.07774533684310825,312.681982421875,323.8719223022461,319.7981286621094,317.713011467263,314.9959343320684,0.012211776265166592,16.169809894878952,-5.3971461390425475,-1.4789770070041124,323.8719223022461,351.68230816579137,296.06153643870084,-0.1135746109761252,-0.7109987930505596,-0.002637344323549562,-0.010809918788827977,-0.00134231768865678,41.91744748816447,-0.8219390207738115,0.0073626013866854405,-0.0036493326761512577,-0.015270605048393282,-0.07640301915445147,-0.05790329128719618,-0.04985897183001364,39360750.0,0.656349281962361,-0.4310405581592023,-0.343650718037639,0.0,0.0
2026-02-20,303.9243808328656,316.08853909864735,303.504913437054,314.5705261230469,53210800,0.04005281867780153,0.019352760723759133,-0.04707455032816232,311.0570983886719,323.09493255615234,319.82329528808594,317.41372714876627,314.97925165720477,0.015566441425619722,32.071680998244645,-4.903086832575298,-2.1637989721183497,323.09493255615234,351.03945469942636,295.15041041287833,0.8896058784224891,1.5685267819904503,0.00723184928909637,0.011977655615764027,0.0006531548922004138,47.95228544532377,-0.537686929533038,0.007451358128782975,0.0033278781248889063,0.007375105107995106,-0.04772770522036274,-0.007447909231338201,-0.01593350311456861,40708610.0,1.3071141461228963,0.11409865309361344,0.30711414612289634,0.0,1.0
2026-02-23,318.6352220336332,319.1046122516075,309.4671633706354,311.0850524902344,31423000,-0.011080102372493461,0.018873421884073815,-0.05013268706994578,309.92157592773435,322.2740005493164,319.711640625,316.8109962289061,314.82653796438245,0.01564284647714849,24.032284212392113,-4.738171177617971,-2.678673413218274,322.2740005493164,350.63475540626087,293.9132456923719,0.9028810534986852,1.5200143176127492,-0.010211366038766267,0.0009388208496530215,-0.009924016149350345,40.079275644950904,-0.8674833411338341,0.007795847667430123,-0.0069568490266590285,0.017934601034420794,-0.040208670920595435,-0.01963016680473806,-0.0139680788969709,40915760.0,0.7679925779210749,-0.18381182191030065,-0.23200742207892508,0.0,0.0
2026-02-24,310.11633870149166,311.8640638461802,305.5323089793432,310.495849609375,25615600,-0.0018940250460213193,0.029402173775575413,-0.06709475862428149,308.58132019042966,321.157453918457,319.52568298339844,316.2095536937127,314.6567070484998,0.015014368941528102,25.422332606724922,-4.601969442120321,-3.063332618998684,321.157453918457,349.52722688797076,292.78768094894326,1.1096845658404084,2.548998002671766,0.00726847527019836,0.006590004037318797,-0.007766465196747618,48.31526526325149,-0.7224122210682253,0.007892666667921386,0.0002084971048132037,0.022812169738256616,-0.059328293427533874,-0.031708480689257246,-0.022741534792844836,40894435.0,0.6263835164858006,-0.34733334012780404,-0.3736164835141994,0.0,1.0
2026-02-25,311.6543207518016,313.2322838254539,309.0377316182752,312.49322509765625,29963600,0.006432857285513016,0.031549788064307194,-0.06471380032832541,308.01405944824216,320.07636108398435,319.5350708007812,315.8556176369454,314.57186461905496,0.015090050113316293,31.331116402936075,-4.28347978769807,-3.3073620527385614,320.07636108398435,348.0116343678683,292.1410878001004,1.0743229051481968,2.391123537630488,0.008438306300538434,0.009995855065331849,-0.003364455539604516,55.18166667337515,-0.14028212439131948,0.008082266936466404,0.008472156073632215,0.021553932998975345,-0.061349344788720894,-0.007242746592371896,-0.01567938612737248,41310805.0,0.7253211357173989,0.0520151252892167,-0.27467886428260113,0.0,1.0
2026-02-26,312.23361045347764,312.73296049797625,301.95697800388234,306.9804382324219,36431200,-0.01764130042663037,0.014957993673220704,-0.08520576864646923,307.6565277099609,318.6467224121094,319.4969207763672,315.0103624555622,314.27416162350073,0.015307712170871703,29.304700847124693,-4.42490274527546,-3.5308701912459415,318.6467224121094,346.1661933237686,291.1272515004502,1.2132470616008375,2.501596404522131,-0.005554445579207146,0.007041804038605104,-0.008800434745358743,59.352953822525016,0.011897281563051365,0.00817245899397198,0.0025920852223302055,0.0079161896346156,-0.07640533390111048,-0.020222553235165974,-0.029570565833886953,41760645.0,0.8723811617373247,0.41018177313968973,-0.1276188382626753,0.0,1.0
2026-02-27,303.7446468483449,311.9639287272481,303.4050620118916,311.354736328125,44640600,0.01424943596044792,-0.010222794342989339,-0.07831477626498429,307.9321716308594,317.3239456176758,319.56762939453125,314.6622075862825,314.15967435701543,0.015683766255890002,39.657127227267644,-4.136331109016169,-3.651962374799987,317.3239456176758,343.4741704429076,291.173720792444,1.1245389978858067,1.9284576324668432,-0.004801940858611298,-0.004989715564674757,-0.011598755587571508,45.6113678461322,-0.13165743528543317,0.00822513858162958,-0.0024331452551402217,-0.005233078778314582,-0.06671602067741278,0.0007806524955977778,-0.023722815653376528,42003395.0,1.0627855200752225,-0.16106128830989197,0.06278552007522249,0.0,0.0
2026-03-02,302.83581985466094,308.0889612664211,300.908305641281,306.1215209960937,34790200,-0.016807887343381234,-0.015955544808108346,-0.09313612482422784,308.01206665039064,315.75199127197266,319.56663024902343,313.8488088634073,313.8444526565871,0.015920250306004746,34.50554781264205,-4.280569014684261,-3.777683702776842,315.75199127197266,340.5236377753151,290.98034476863023,1.2122729428247307,1.9226514087534172,0.0005685229860479257,0.0058470429883454855,-0.008078436463460292,42.401139222755866,-0.21168197290558055,0.008208199717688306,-0.002142003459748461,-0.02180258779645383,-0.08505768836076755,-0.014213207818930984,-0.04035782799205079,42191705.0,0.8245744039023785,0.10715717786334844,-0.17542559609762157,0.0,0.0
2026-03-03,298.2018299939976,303.5448811012492,296.3242691134317,303.1853332519531,35497000,-0.009591575706884181,-0.023544650811336165,-0.1167041005231968,308.16786499023436,313.7490966796875,319.70365173339843,312.83323975755457,313.42644797405245,0.015109988897046914,36.273785513436955,-4.579020310513101,-3.9379510243240943,313.7490966796875,335.44889030659243,292.0493030527826,1.5376704353305857,3.492788921084554,-0.008814250912485666,-0.010212987650163874,-0.021684904257939897,39.08945234159428,-0.752030865669667,0.008313889611481901,-0.011250970101851592,-0.013331663161172291,-0.0950191962652569,0.0068245688004979765,-0.0338420968753104,42366250.0,0.8378603251408846,0.3857571167569762,-0.16213967485911546,0.0,0.0
2026-03-04,302.49628364637806,305.07291645770977,300.3590508331652,302.7359619140625,29536200,-0.0014821671387289514,-0.03122391911230893,-0.10767997469854218,308.14789428710935,311.92247619628904,319.7170349121094,311.8715942486505,313.0072132266019,0.015085143540611112,41.752705055605,-4.796514391914229,-4.109663697842121,311.92247619628904,330.503790264634,293.3411621279441,1.4381603014670106,3.2914991236479705,0.007055355958297538,-0.011570360013869685,-0.00638111188035817,44.17931176234521,-0.7859314393001569,0.008311433886863803,-0.00458322595548736,-0.019653559098439244,-0.10129886281818401,-0.013579366231579515,-0.04484392938273426,42017725.0,0.7029461971108621,-0.014263973621327253,-0.29705380288913785,0.0,0.0
2026-03-05,302.6460567428228,302.9056980180265,297.6026034525966,300.4888610839844,35752300,-0.007422642542599611,-0.02114654987730058,-0.09656498271196601,307.95115051269534,310.31656646728516,319.59159790039064,310.7875244234442,312.51629745630316,0.01472897729107096,41.49916439595677,-5.091510511742911,-4.306033060622279,310.31656646728516,326.8045631221359,293.8285698124344,1.4575342475251385,3.6038573400025458,-0.005575670491907769,-0.011591456526118371,-0.007111798179164297,50.0385569719705,-1.1066584256977876,0.008334129959891601,-0.010154049049845496,-0.009555093351182209,-0.08945318453280171,-0.02150322119388237,-0.0401704996926221,40274420.0,0.8877173153579865,-0.01863512593601091,-0.11228268464201346,0.0,0.0
2026-03-06,295.7050936872067,300.1393243405422,294.7962729857715,298.1319274902344,25576900,-0.007843663772585718,-0.04246862917144001,-0.0988075133421259,306.3072906494141,308.682194519043,319.36669067382815,309.5822294774242,311.95220451645736,0.014742954538105674,42.3142536978911,-5.4526274106913775,-4.535351930636098,308.682194519043,322.9428053156383,294.4215837224477,1.480868472981588,3.637603409968084,-0.013107129910862048,-0.019839985287812945,-0.007733008506952244,42.224053094313085,-2.053929187967242,0.00838260139630325,-0.022774565249988166,-0.022628643883627064,-0.09107450483517365,-0.018168635889029172,-0.043957261535943294,37142975.0,0.6886066611519406,-0.42704847157072257,-0.3113933388480594,0.0,0.0
2026-03-09,294.1842573074437,306.6168332730834,293.9044256827884,306.1770935058594,29312100,0.026985254760708344,0.00018153741554938208,-0.05043781670217928,305.8164947509766,307.8690353393555,319.21140563964843,309.2579308134657,311.7257295748653,0.015579514463557985,54.44927645465387,-5.031635926732861,-4.634608729855451,307.8690353393555,320.5990246654289,295.1390460132821,1.3281277036136694,1.9721735822929471,0.00875996152231262,-0.011815626803840407,-0.01788250232956834,46.479097787644726,-2.305310711463676,0.00736615051970392,-0.013936367363804858,0.011997164219389789,-0.032555314372610944,-0.01064638963851805,-0.010401513263913068,35789555.0,0.8190126979785024,-0.15746100913475636,-0.18098730202149763,0.0,0.0
2026-03-10,305.98724420005084,309.3252467158022,305.3875962722132,306.8567199707031,23239700,0.0022197168869222406,0.012109381015799281,-0.052614297089283335,305.45258178710935,307.0169509887695,319.07490600585936,309.0292440665359,311.5347880217609,0.015533565106240578,53.88220291654339,-4.590243497071526,-4.625735683298666,307.0169509887695,317.26968419532705,296.764217782212,1.3609286017818762,2.084695043827333,-0.0016070155764896787,-0.004630215452300135,-0.02416598538547965,42.73411079755289,-2.5624818640367266,0.007243681834125842,-0.015142996956204465,0.016739596468099416,-0.028448311703803686,-0.0026377223450094744,-0.0047821458602379146,34969535.0,0.6645698891906913,-0.345305237062287,-0.33543011080930873,0.0,0.0
2026-03-11,306.56689883882945,311.2341247037885,305.7374076911934,308.5157470703125,24125700,0.005406520345286214,0.019091835405701474,-0.030330363800538995,305.054833984375,306.5344467163086,318.9831719970703,308.9803395907051,311.41639425895903,0.015206134080393523,55.8624700902731,-4.059768708085073,-4.512542288255948,306.5344467163086,315.3912689968863,297.6776244357309,1.2628973991324284,1.9983097458328636,-0.0012551345486657706,-0.012844273494353131,-0.022813892151865023,43.398715149259,-2.802211183307122,0.007235813135133559,-0.015978987187585936,0.031936108900054605,-0.0075164716486739724,0.005602523930301917,0.01000738706056085,34217320.0,0.7050727526293702,-0.18318199362138665,-0.29492724737062986,0.0,0.0
2026-03-12,306.636841807898,308.7555713296518,300.8502897843219,303.3687744140625,24928300,-0.016683014417014475,0.009584093465857979,-0.023142321696578816,304.69366760253905,306.17509765625,318.7875,308.44590481197724,311.100801323865,0.014721278250183545,37.47364597737216,-4.008474100026319,-4.411728650610022,306.17509765625,314.92752408970057,297.4226712227994,1.4533270983633744,2.2730781452272373,-0.015184966271003186,-0.022383331494586156,-0.03742995898872614,32.57267732475363,-3.773031632970401,0.00788198055049561,-0.030306465817755642,0.031967424960444135,0.014287637292147326,0.00043610783461067726,0.015563723362400713,33193415.0,0.7510013657829422,-0.30274975316273356,-0.2489986342170578,0.0,0.0
2026-03-13,306.8267356773544,307.50632242162294,300.26065041451466,302.0995483398437,23693100,-0.004183772956429799,0.013308272223676143,-0.021058926248021304,303.7681488037109,305.8501602172852,318.56065063476564,307.84148990986927,310.74781101076616,0.014689206798268913,39.42794562532973,-4.023854203906296,-4.3341537612692775,305.8501602172852,314.70572783920375,296.9945925953666,1.4409094537915534,2.271196856745902,-0.00566013575260893,-0.015006334618812733,-0.02785977819896812,34.242694191672456,-4.789798601944426,0.007275383519457683,-0.035100548653899444,0.028314606842488876,0.006800851950946818,-0.00020484923543928613,0.011636869852665469,31990005.0,0.7406407094966069,-0.07365239728035844,-0.2593592905033932,0.0,0.0
2026-03-16,304.16832484157635,306.3070315122431,302.8391017033621,305.3775939941406,23519700,0.010850879030806615,-0.0026112322857472225,0.00018021331739426216,303.6937561035156,305.8529113769531,318.41634033203127,307.60683315599033,310.53721426501613,0.014730961906330305,44.336375036663796,-3.7285517350489386,-4.21303335602521,305.8529113769531,314.7078230311889,296.9979997227173,1.2319861050294045,1.7348705702146703,0.01017686501045656,-0.013622813252468724,-0.018657793095081088,36.028148943231336,-4.997001830970589,0.00771378439086907,-0.02491466320690624,0.011011580966721501,0.01883800641247535,-0.004180293897285581,0.00855643116063709,31241005.0,0.7528470995091227,-0.19761122539838494,-0.2471529004908773,0.0,0.0
2026-03-17,305.6773980936512,311.2341070358109,305.3176276402165,310.7344055175781,21955200,0.01754159974009184,0.012636795267984446,0.030193069920500637,304.44866333007815,306.3082641601562,318.33622192382813,307.90469719042727,310.5449472553127,0.014927433085339637,48.188456120608315,-3.027374787663689,-3.9759016423529054,306.3082641601562,315.1848641331629,297.4316641871496,0.9769912115613861,1.0038873818243463,0.002630544991105488,-0.009436252312489346,-0.017661315055263138,31.82697245971748,-4.962744824744391,0.007734640747165877,-0.021996727333849463,0.022073047580473792,0.047854384975763775,0.005393732627932746,0.025107055061390104,30376385.0,0.7227719822487106,-0.055271797828715497,-0.27722801775128936,0.0,0.0
2026-03-18,309.0853604878573,312.2834623461404,306.74676108497374,307.5063171386719,20009800,-0.010388577259506704,-0.0032718911148822416,0.015087850860456165,304.9256988525391,306.5367965698242,318.1637774658203,307.86675623311726,310.42578528995426,0.015146522408533928,50.5683939550758,-2.701030955549129,-3.7209275049921504,306.5367965698242,315.2821775442765,297.7914155953719,1.0680843985219572,1.0119746324179282,-0.013953644515257158,-0.022030743716327184,-0.03622374278659779,29.21077395094501,-5.6220666125062735,0.008127977273032539,-0.0349035839799017,0.018758852601444942,0.051311593647053955,0.010953397888620708,0.027007948045706536,29952770.0,0.6680450589377878,-0.17060230376735186,-0.3319549410622123,0.0,0.0
2026-03-19,303.8285227221892,307.8760927647981,302.16951004441273,306.9466552734375,25075800,-0.0018200011968599883,0.011793833647795404,0.014846298333711427,305.57147827148435,306.76131439208984,318.02408325195313,307.77912757029065,310.28934881871834,0.015148629252139487,44.80735547667513,-2.4592128774091293,-3.4685845794755465,306.76131439208984,315.2935736366905,298.2290551474892,1.07017424034274,1.01360677290779,-0.002464381043311259,-0.009398583515122905,-0.036056604081418975,29.96170071080192,-6.2039024960001825,0.008127144478710928,-0.036381813745460866,0.02119241716291831,0.0509029024151304,0.024020810692112038,0.03203871009005358,29914840.0,0.8382394824775931,0.0059169698695860085,-0.16176051752240694,0.0,0.0
2026-03-20,305.2776414809433,305.8173276578073,298.0919312440676,300.8203125,44364100,-0.01995898201913937,-0.0042344844501542855,-0.04371106788837664,305.84031677246094,306.0738037109375,317.6092608642578,307.116383277882,309.91801406112154,0.01272300511270457,43.8839589244473,-2.730440155637325,-3.3209556947079024,306.0738037109375,314.16090421300447,297.98670320887055,0.6407688725435828,-0.10359902809170762,-0.014335696266852715,-0.018041526278676834,-0.05669722730982829,25.786487620336587,-7.33960795854091,0.008294388278684856,-0.04910609379000004,0.013807041828522548,0.012986159421451648,-0.007598898847811508,0.006398100800720896,29472505.0,1.5052707599846027,0.8724480967032595,0.5052707599846026,0.0,0.0
2026-03-23,301.92965766257777,305.7973733016039,300.75036931754545,301.87969970703125,29326900,0.003521661147902977,-0.011454325254709019,-0.029591112493237204,305.41057739257815,305.61353607177733,317.1465161132812,306.6176515092295,309.60278604723567,0.012602308672719852,48.425496756474566,-2.827314512028636,-3.2222274581720494,305.61353607177733,313.5461024195609,297.68096972399377,0.4921344163117195,-0.15380560688609143,0.010499991225476402,-0.0177274263067706,-0.036958588106276835,34.600361146635436,-7.603913135861603,0.00861768483934055,-0.03821213379902378,0.00627310105206158,0.007367475613039631,-0.024284705527677253,-0.0035480429541920135,29367700.0,0.9986107185785744,0.24690791124036449,-0.0013892814214255798,0.0,0.0
2026-03-24,299.02141279307426,299.7409842283802,290.1566818819568,290.2666320800781,36864300,-0.03846919033715546,-0.06586902857894872,-0.06515132989618577,303.75156860351564,304.6020751953125,316.3889910888672,305.06041156359606,308.844505499504,0.015083408433339739,38.1527587839104,-3.797391673037623,-3.3372603011451645,304.6020751953125,314.7600490572398,294.4441013333852,-0.17299566924879972,0.5135612464660082,-0.0033568144771775055,-0.023593215080031094,-0.04711734348412977,29.22533306173233,-7.89938230244195,0.00834957687865645,-0.04034219516215894,-0.042275813498917625,-0.018033986412056002,-0.05908287584093985,-0.03979755858397116,29930135.0,1.2316783736525077,0.6790691954525578,0.23167837365250774,0.0,0.0
2026-03-25,293.2648285118823,295.8232978370104,289.0673235725591,290.7563171386719,29460700,0.0016870180877650576,-0.054470425700056335,-0.06955961349943329,301.9756256103516,303.5152297973633,315.57554626464844,303.69811685646044,308.1351647794714,0.014959814581331334,40.43353786044229,-4.475085322452742,-3.5648253054066803,303.5152297973633,314.71613359223153,292.3143260024951,-0.13821208995955478,0.6244157912603882,0.0055726882440485515,-0.0042577713813233276,-0.049825092415489824,34.332990808012084,-7.751232060383245,0.00817701808520351,-0.03395973508102817,-0.05021265431873301,-0.019734521083943468,-0.07014558953852701,-0.046697588313734495,29904990.0,0.9851432821077687,0.47231356635248734,-0.014856717892231364,0.0,0.0
2026-03-26,287.7381369232671,287.7781215852462,278.33375052565475,280.7523193359375,39080600,-0.03440681152238945,-0.08533839834210044,-0.08543905614150715,299.71398010253904,302.2038238525391,314.47992736816406,301.51280280688684,307.0613277032544,0.016211771802806824,35.14946883597159,-5.753083472811454,-4.002476938887635,302.2038238525391,317.19633341942875,287.2113142856494,-0.3027349718788285,0.2937407997551916,-0.017858729983344035,-0.019624444039803568,-0.0615816156807617,33.04114948938849,-8.48014650493053,0.008852293487562784,-0.049904301119214824,-0.06571395430229687,-0.02385744046074545,-0.09563736303329251,-0.061736252598778275,30037460.0,1.3010620738238186,0.5584986321473293,0.30106207382381867,0.0,0.0
2026-03-27,277.1144865271076,279.203235317384,273.7864876697142,274.1762390136719,35890600,-0.02342306677223538,-0.08857139089079336,-0.11940880602269721,296.92164916992186,300.3448989868164,313.2553839111328,298.90932054086636,305.7717163820943,0.016127799723314802,21.95172054643902,-7.213389474181383,-4.644659445946385,300.3448989868164,319.2651035001436,281.42469447348924,-0.10275073779351519,0.21696705948767017,-0.01705189415742525,-0.022326067713281827,-0.07313266451678635,23.603511611458785,-9.829832050415234,0.009381625089035006,-0.06460662463341464,-0.06624532317751153,-0.04627614150591086,-0.10354813903954274,-0.07202320124098838,29599960.0,1.2125219088133903,-0.1909990284937596,0.21252190881339028,0.0,0.0
2026-03-30,276.2550012483934,276.9245842043685,271.9475460941929,273.33673095703125,35141200,-0.003061928559749294,-0.09455080542911776,-0.10709730545040896,293.7175628662109,298.7056594848633,312.0751708984375,296.47383581859634,304.49975616934677,0.0159444010330275,20.702333335202013,-8.342269297731093,-5.384181416303326,298.7056594848633,320.91379841499844,276.49752055472817,-0.23250983559078353,0.41303662554071996,-0.0033433906874337227,-0.035719747820619596,-0.07675642932637639,23.303309408114202,-10.943940199926601,0.009327515835065693,-0.06612536367455357,-0.05883105760849816,-0.03034087612403258,-0.09298517920546301,-0.06071903764599792,29617510.0,1.186500823330523,0.19825825436715094,0.18650082333052306,0.0,-1.0
2026-03-31,277.87403020607053,287.9080147834651,276.9245851168754,287.3883361816406,43875400,0.05140767278298308,-0.009916041254247387,-0.052103434229072265,291.38295593261716,297.91580963134766,311.23151733398436,295.60855013888624,303.82872009139754,0.02035105076309308,34.821930859525054,-8.010724933047868,-5.909490119652235,297.91580963134766,320.5722546950144,275.2593645676809,0.6655792617001455,1.696164030689161,0.029067865784757174,-0.004347959688227765,-0.04147099396127474,37.77212038946866,-10.230450632851216,0.011803957543456912,-0.037858232915722115,-0.0055680815660196226,-0.010632440267797527,-0.07082026102457206,-0.02900692761946307,30036430.0,1.4607395086566546,0.1901867118051883,0.4607395086566546,0.0,-1.0
2026-04-01,290.6663854824321,300.34059988895723,290.2366494817892,297.2124938964844,37684500,0.03418426038221156,0.02220476865764298,-0.018245166456788753,290.35357360839845,297.63963623046874,310.7441387939453,295.76130668722897,303.56926024061664,0.02194315002690689,45.85578903470964,-6.875984146621363,-6.102788925046061,297.63963623046874,320.1830644427989,275.09620801813855,0.5321376601406878,0.6289221209091691,0.00753449141030349,-0.002405511023892415,-0.04101494631121083,45.17880868651549,-9.16498522742313,0.011823878459397823,-0.030020777870739954,0.024610279681535396,0.02276977985442208,-0.045449101760971944,0.0006436525916618437,30443845.0,1.2378364165236027,0.27914475895005886,0.2378364165236027,0.0,-1.0
2026-04-02,290.5164904801884,297.9020635524316,289.2772403921399,295.59344482421875,21666500,-0.005447446206045203,0.05286198711869927,-0.016291506587318705,289.21825256347654,297.39486541748045,310.09694519042966,295.74531984313273,303.2564831654638,0.021915694748429304,45.640830178635454,-6.037738337987889,-6.089778807634428,297.39486541748045,319.91432975119847,274.8754010837624,0.5202150148216,0.6376152447189256,0.0009004595313388819,0.016648839555621242,-0.03476961248967114,47.41981315279363,-8.178828661194757,0.011810209392754728,-0.028350397862861594,0.03621314756307803,0.018478105902352437,-0.05814215548038926,-0.00115030067165293,29739555.0,0.7285414996962799,-0.44559448933742063,-0.2714585003037201,0.0,-1.0
2026-04-06,295.69337737406744,300.4405418912755,295.0037868253031,299.8109130859375,16945500,0.014267800370968198,0.0934970665747128,0.005631686649052892,289.1173126220703,297.47881469726565,309.49095703125,296.1325191995903,303.1213627701883,0.022087778988065472,46.31662311534182,-4.975750696807609,-5.866973185469065,297.47881469726565,320.02235328432323,274.93527611020806,0.36104061774191254,0.4129961296537612,0.004726845083763864,0.03917427080161762,-0.017327096572662293,45.221077613596286,-7.0663343056532995,0.011574662397954101,-0.022941899053995678,0.05432279577309518,0.022958783221715184,-0.050782377514320465,0.0088330671601633,29307985.0,0.5781871391021934,-0.5278568761737057,-0.4218128608978065,0.0,-1.0
2026-04-07,302.5492981026724,305.4475608650088,297.5422790326475,305.27764892578125,23205400,0.018233945467744705,0.11685556440554312,-0.0029376612397064017,289.4571075439453,297.43384246826173,309.04643615722654,297.003483935418,303.20592301158405,0.02161739721734436,46.394602915223004,-3.6509124984388563,-5.423761048063024,297.43384246826173,319.90780020740334,274.9598847291201,0.37742000100153966,0.6728962983701158,0.0004400005646272298,0.043119062627389404,-0.025431899005892045,44.27840815256304,-6.091125037945858,0.011360130869321044,-0.021695789244191157,0.07373650177815372,0.022494237766185643,-0.02693576176177226,0.023098325927522367,29002650.0,0.8001130931139051,-0.3396526015047864,-0.1998869068860949,0.0,-1.0
2026-04-08,320.25872115869026,321.88772251879675,314.8319393907938,317.1305847167969,33547100,0.03882673963431005,0.10349149492399023,0.03348098339535999,292.1435028076172,297.9475357055664,308.7325122070313,298.9203506765017,303.75198817649436,0.023293435594967177,55.7083652415581,-1.6257946731009838,-4.6641677730706155,297.9475357055664,321.7582701628458,274.136801248287,0.30841759667229224,-0.03196365840978713,0.02546963651219092,0.03947170206866124,0.0009986166518081152,58.845453605356916,-3.9217187714142483,0.012830594665823421,0.003663137763865998,0.064019792855329,0.03248236674355187,-0.025688992002243283,0.023604389198879194,29518020.0,1.1364956050575208,-0.2354007028995747,0.13649560505752079,0.0,0.0
2026-04-09,315.72141928886384,319.3492572184689,310.8743084256086,318.29986572265625,23739200,0.003687064768298942,0.07095048915916835,0.031713514610694604,294.8978576660156,298.4367416381836,308.4162078857422,300.76601877613547,304.3224931783046,0.023282999729466687,56.68549275421535,0.07263965403399197,-3.716806287649694,298.4367416381836,323.52925008156706,273.34423319480015,0.3209681517875525,-0.019961979036789593,0.005769017699185586,0.037650265701868246,0.008038619485838616,61.5454572335968,-1.8670447242081991,0.012886761682234366,0.009863679173581339,0.033300223457300104,0.023674895124855988,-0.027602967514198218,0.009790717022652625,29498695.0,0.8047542442131762,-0.37005400098183605,-0.1952457557868238,0.0,0.0
2026-04-10,319.8289680511782,321.6378852163977,316.1311948927162,317.0506286621094,19152600,-0.003924717522926557,0.07259018836040365,0.04509974460777144,298.52768859863284,299.12083435058594,308.04575622558593,302.3169340033711,304.821635746297,0.022921385728909945,60.13986679570817,1.3028397783949117,-2.7128770744407733,299.12083435058594,325.4928833138146,272.74878538735726,0.2734396478377966,0.1330713905268616,-0.0006617754265585418,0.03603067056259723,0.022904291462767512,67.98232832532167,-0.27178153398278937,0.012355908650992778,0.009617234444440768,0.03655951779780642,0.02219545314500393,-0.03491508245295816,0.007946629496617397,29209910.0,0.6556884290297368,-0.11602704636189509,-0.34431157097026316,0.0,0.0
2026-04-13,316.9507009019676,321.4380108789369,315.28168437302884,321.1181945800781,18866400,0.012829389221314713,0.07106906574822758,0.06295489796244125,303.2218841552734,300.07176666259767,307.71191467285155,304.1075302487718,305.4607164848767,0.02297762038219175,61.58381986615849,2.576302800585154,-1.6550410994355877,300.07176666259767,328.2085725478307,271.9349607773646,0.1547654597101398,0.06014954672928798,0.009772447246481741,0.04123347629791807,0.038780206676197526,67.91883353339713,1.509490255131709,0.012386454668956267,0.019666988566628577,0.029835589450309508,0.02417469128624372,-0.04067209518932602,0.004446061849075737,28968575.0,0.6512712482405503,0.113357528547402,-0.3487287517594497,0.0,0.0
2026-04-14,324.59612530340485,333.09105123243734,323.5567375910905,332.7112731933594,27721400,0.03610221659486279,0.08986450322882211,0.08950780848624795,309.1593383789062,301.4384506225586,307.61492797851565,306.83169624349443,306.5293657675623,0.024081212531656026,75.56278238933494,4.469474655490728,-0.4301379484503247,301.4384506225586,333.0955221622613,269.7813790828559,0.10542486808459417,-0.35783530673316605,0.012184877209840739,0.05345725656568434,0.04084507610622845,72.46412234189624,3.5530558315250573,0.012464314093028901,0.031957320162248636,0.03640724666313777,0.0486627323800195,-0.020705099327836707,0.021454959905106857,29178660.0,0.9500573364232627,0.19460987528764861,-0.049942663576737246,0.0,0.0
2026-04-15,332.69130668872015,337.278563176308,330.70247381548376,336.91876220703125,24918800,0.012646066883422513,0.062397568837157635,0.08426603628213902,314.1123809814453,302.74766845703124,307.48843872070313,309.69713109716463,307.72110680440426,0.023967025296058903,76.61021933246766,6.237434922897819,0.9033766258193041,302.74766845703124,337.9865974499289,267.50873946413355,0.13394909032728247,-0.29613921060756176,0.007890969227043909,0.035398823675095725,0.046305997570829316,73.00473176272735,5.549674030717256,0.012531926129415581,0.03990192498513748,0.02699874516206191,0.03796003871130971,-0.027688602599440504,0.012423393757977038,29326840.0,0.849692636506354,-0.25719957909923663,-0.1503073634936461,0.0,0.0
2026-04-16,338.5477782390461,339.6771085489368,334.3202924195682,335.81939697265625,20541500,-0.0032629979618038485,0.055040963370261986,0.09207316486189909,317.9730712890625,304.16332244873047,307.4194592285156,312.18496594244954,308.82300053649254,0.02378909778967716,85.374894611082,7.463808447920201,2.215462990239484,304.16332244873047,342.3580534684941,265.9685914289668,0.09898931542132655,-0.21701601255660893,0.002457347646937613,0.03198959231465692,0.06371990456402621,83.78929792107975,7.187586969371068,0.011931811307697762,0.04202360035402312,0.023051371055605063,0.028353260297872884,-0.03053665798652072,0.006955991122319076,29353425.0,0.6997990864779834,-0.13470125362270002,-0.3002009135220166,0.0,0.0
2026-04-17,337.4484504303517,342.1156763245155,336.0392884001999,341.4760437011719,25581900,0.01684431209009718,0.07703947833862657,0.11249312489486019,322.5613311767578,305.88979187011716,307.59683898925783,314.9745923956612,310.1035120331466,0.023886541082878476,93.74996526514946,8.79082723421061,3.5305358390337096,305.88979187011716,347.5762311932152,264.2033525470191,-0.023615417170497376,-0.2744496042042601,0.012085686101644066,0.04515355152491507,0.07923533653528714,96.83463494653176,9.063674618772211,0.012014077232053326,0.0538090416130781,0.031885926813711496,0.03325778835957305,-0.01106416572837543,0.018026516481636373,29378730.0,0.8707626231630843,0.3356881050092415,-0.1292373768369157,0.0,0.0
2026-04-20,340.55660000710446,341.1962021124509,336.40905286572576,337.2185974121094,18784200,-0.012467774438631563,0.050138556779959265,0.12099676584209851,326.302099609375,307.70970611572267,307.7248236083984,317.0930690638944,311.16684871467453,0.023520355180890976,89.7611271417209,9.390708605148689,4.702570392256706,307.70970611572267,351.58490949436987,263.83450273707547,-0.029228000350644708,-0.1418486132307003,-0.0019997351150194964,0.03296888730886072,0.09274237451440559,97.6766816518636,10.317261526805169,0.011326195866155029,0.05067436757865463,0.017169669471098548,0.028254391327692918,-0.029408628999377573,0.005338477266471298,28099735.0,0.6684831725281395,-0.004356952041724926,-0.3315168274718605,0.0,0.0
2026-04-21,337.4884145965044,339.13742351057505,331.1522029907326,332.0916442871094,23123800,-0.015203648803314485,-0.0018623622226647818,0.10007941775945284,328.98349914550784,309.2203033447266,307.91785095214846,318.5215047994387,311.9874289332014,0.023991701367089575,81.30158921221651,9.3446967962808,5.630995673061525,309.2203033447266,354.3137988360215,264.12680785343167,0.06237100758373836,-0.357612097777088,-0.006546892848539487,0.013852482677457534,0.07430808184457471,90.24871123618597,10.812656436684165,0.011491521172253159,0.04332115081860897,-0.015714844900122316,0.025771335914878124,0.007658231166081997,0.005904907393612602,27789580.0,0.832103255968604,-0.16585020958537444,-0.16789674403139593,0.0,0.0
2026-04-22,336.818816762841,339.6171637007564,334.96994545488326,339.1174621582031,20293000,0.02115626211004451,0.006525905345160954,0.16829640295908388,331.18218688964845,311.6628448486328,308.22223205566405,320.4830245478924,313.0513518047701,0.021913554306553045,80.5389421154749,9.762619490773204,6.457320436603861,311.6628448486328,357.71553575796565,265.61015393929995,0.10674729468904258,-0.29547588040809375,0.01012671209511895,0.01610144960605764,0.08884233219495008,90.56391232357112,11.644879843738977,0.01145411118391646,0.05328877947672785,-0.009575544260896685,0.0794540707641338,0.01931596854141282,0.029731498348216645,26961015.0,0.7526793779833586,-0.18563494229256627,-0.24732062201664143,0.0,0.0
2026-04-23,340.9763246437424,341.7558578013153,335.97930940305434,338.6877136230469,18650300,-0.0012672556948888358,0.008541247695183607,0.16485074840700653,333.2209716796875,314.0594146728516,308.6326696777344,322.2168044598119,314.05669932705547,0.021968475630218098,81.95966793683394,9.944514943872775,7.154759338057644,314.0594146728516,360.51806365040994,267.6007656952932,0.12533409433782763,-0.3221823135245793,-0.0038807408683984024,0.009677095549218029,0.07860608182501339,86.97304728142623,11.94459461956535,0.01159419163261792,0.04863547481552919,-0.001135847854034422,0.08624466658199315,0.0381109005400051,0.04107323975598794,26420495.0,0.7059027470908474,-0.09206727843633622,-0.29409725290915256,0.0,0.0
2026-04-24,338.5277988797623,345.063872727698,335.1897964239415,344.19439697265625,26426100,0.016258881347370746,0.007960597299947691,0.2259716955741562,335.9353485107422,317.2315185546875,309.3054425048828,324.3099085086542,315.23856982296144,0.01963179041497083,82.29816614770422,10.412977404317019,7.8064029513095194,317.2315185546875,362.76909934607806,271.69393776329696,0.3322045342195553,-0.39766944585589903,0.007749309237231605,0.005351038518877527,0.10672931387945894,87.39635556002797,12.480116374681756,0.010425208145829106,0.056015621933823416,0.002609558781070165,0.11924238169469725,0.07373495231677119,0.0651956309308462,25787770.0,1.0247532066557132,0.03299989445662743,0.024753206655713154,0.0,0.0
2026-04-27,345.77347673538645,352.9691603649003,342.5254168368208,350.130859375,28576900,0.017247411505119103,0.038290480009057104,0.27702845671298526,338.83661499023435,321.0292495727539,310.13609375,326.76904668640145,316.60689490343356,0.01797856990847856,82.41836239668051,11.134903940700383,8.472103149187692,321.0292495727539,364.0472208917844,278.0112782537234,0.4470673424468254,-0.3336935806038065,0.001722787837563633,0.009100979724274927,0.1278682639411286,87.55540913221378,12.85532607011146,0.009080897450863266,0.05671717574509034,0.029189500284782177,0.14916019277185666,0.08195769018164367,0.08676912774609417,25422085.0,1.1240974137251134,0.5213264339178671,0.12409741372511342,0.0,0.0
2026-04-28,348.34192077884484,352.20963620070955,345.91337868788094,349.5711975097656,27824100,-0.0015984362710370625,0.052634727561962746,0.2789031180910644,340.522607421875,324.8409729003906,311.0210662841797,328.94068009815044,317.8996126527015,0.01791496559618345,78.02139402053339,11.52897701624471,9.083477922599096,324.8409729003906,363.33792994629493,286.3440158544863,0.4479974267560236,-0.31040252291375336,-0.004865992267119479,0.010808356158371168,0.12614520909524884,79.15984859095519,12.725899917850597,0.009169943451942003,0.05058802063247048,0.04182637140359158,0.15275790899581554,0.09815685468921953,0.09758037836287554,25056230.0,1.1104663391100735,0.2032667641131647,0.11046633911007363,0.0,0.0
2026-04-29,347.36252924438134,355.5776236260777,344.0045190996302,349.7311096191406,35376300,0.00045745218860759884,0.03129784999389407,0.21692868355693085,341.80384216308596,327.95811157226564,311.9831414794922,330.9207210049114,319.14790665138537,0.015563184764166384,77.63134382906532,11.719095895937528,9.610601517266783,327.95811157226564,363.68238438272,292.2338387618113,0.2949215565372732,-0.6414029976216447,-0.00015450932498595193,0.0005201968625916376,0.09416613480637692,77.59198855928784,12.470723745585701,0.007471200657275167,0.049477883406177266,0.03077765313130243,0.12276254875055392,0.11456112120429318,0.08936710769538318,24631275.0,1.4362350304643183,0.7432760065047062,0.4362350304643182,0.0,0.0
2026-04-30,373.8467067603946,385.6096696957082,365.60163158627074,384.5702819824219,72040000,0.09961702406520634,0.13547160559370464,0.29392367373480344,346.6789306640625,332.3260009765625,313.6158337402344,336.03020300276955,321.7134899977005,0.024960093008130617,87.31769435193846,14.5136917207343,10.591219557960287,332.3260009765625,373.2113042105449,291.44069774258014,2.2872372413930964,7.227864274270694,0.009949633527564838,0.014411675002865554,0.09678894001848737,80.61542253692264,12.69201477074887,0.007541403437119451,0.058850410765949296,0.12105993059083908,0.19713473371631607,0.2194518965734371,0.17921552029353074,26349050.0,2.734064415984637,2.8626724503091103,1.734064415984637,1.0,0.0
2026-05-01,381.4022037517389,386.5291464515476,378.823726715884,385.4597778320313,30105200,0.002312960442559797,0.11988975190276929,0.3040200470658394,351.0773040771484,336.81931762695314,315.2759033203125,340.73778155793735,324.2133444225762,0.024713228914228207,86.85594374764827,16.60874861168935,11.7947253687061,336.81931762695314,380.3726914610212,293.2659437928851,2.3243830844109663,7.4613125068874036,0.0027690952923506984,0.009398536196029594,0.09883659522344179,79.09719350152595,12.879094126008908,0.007503898214851219,0.06059378788802979,0.1104912157067397,0.2051834518423976,0.21871291347376642,0.17812919367430124,26770985.0,1.1245458469309217,0.1392222083470509,0.12454584693092166,0.0,0.0
2026-05-04,385.3997937985888,387.1487490940992,379.5632837866369,383.0212097167969,26298600,-0.006326388005902572,0.09393730789827459,0.27754258767427875,355.6575653076172,340.9798324584961,316.6449169921875,344.764774715924,326.51953521842796,0.025111445960546385,82.19488834887052,17.8663718120863,13.00905465738214,340.9798324584961,385.5338869643095,296.4257779526827,2.322924559151042,7.265622494817246,-0.0036633921467564834,0.003971084352194065,0.08966046963606056,71.94776574605889,12.668836955928668,0.007736210370031722,0.05576192440095456,0.08996622354608053,0.1878821180382182,0.17330175816700022,0.1503833665837663,27238640.0,0.9654887321833983,-0.07972523261795361,-0.03451126781660171,0.0,0.0
2026-05-05,385.9994517026946,392.58551415458055,383.79074899852696,388.1981201171875,23878600,0.013515988851422689,0.11049801265833059,0.2716231321984721,361.268212890625,345.12585601806643,318.1871783447266,348.9012838017586,328.93830325367344,0.025077956231083238,82.41309360040952,19.06105666699159,14.219455059304032,345.12585601806643,391.10109758085184,299.150614455281,2.3629421740816814,7.432371473714432,0.008022228723942426,0.016973756457879352,0.09791889022330658,72.09345071422808,12.818041028928633,0.007721279667302493,0.06287997316263472,0.09352425620045124,0.17370424197516554,0.1843477539691838,0.1505254173816002,27272300.0,0.8755623838106797,-0.1418015317656276,-0.1244376161893203,0.0,0.0
2026-05-06,394.0146525811788,399.61131576273664,392.5255517960256,397.8023986816406,31308500,0.024740662220501752,0.13745213891566554,0.2543804282922919,367.13670654296874,349.1594467163086,319.93330932617187,353.55853283793783,331.6388560155545,0.024486729408332315,85.37529289955548,20.545996576494872,15.484763362742202,349.1594467163086,398.80210521403717,299.51678821858,2.567966538744518,8.795439079199125,0.013899399692774095,0.03126842176367539,0.08553121815960618,75.83103954517608,13.589306778857008,0.006405303179947912,0.07612512641805741,0.10618371715199015,0.16884921013268572,0.21064648972519295,0.1618931390032896,27160370.0,1.1527273008431034,-0.1149865870653517,0.1527273008431034,0.0,0.0
2026-05-07,399.6812819584635,399.8611671879692,392.4455831227277,397.7524108886719,24433500,-0.00012565985809642743,0.03427755477697714,0.2496153901467395,373.0431762695313,353.1320739746094,321.6384930419922,357.7674736046744,334.23154444195126,0.024566845836893007,84.314398283789,21.471280994170968,16.682066889027954,353.1320739746094,405.0412992153879,301.2228487338309,2.564326457885363,8.736183833237156,-0.0030660824190705815,0.01797796014379438,0.07599545316271583,69.12917665881571,13.859686287775844,0.006588458532323194,0.07155853949347507,0.016299594633182757,0.17361993698402367,0.2145103555937795,0.13480996240366197,27195085.0,0.898452790274419,-0.6608342587451416,-0.10154720972558093,0.0,0.0
2026-05-08,396.7630105926761,401.7600258394352,396.1233780013978,400.5607299804688,21461800,0.007060470320022771,0.039176466694841316,0.26339673783570605,378.6798095703125,357.30757904052734,323.5100988769531,361.84302183094053,336.83268897287354,0.024325981973799732,89.31755574351968,22.175557419967504,17.780764995215865,357.30757904052734,410.4174081888676,304.19774989218706,2.580471885391262,8.926005192184785,0.00825609701116825,0.02354818248436108,0.08559739768852936,73.82139375149264,14.39416185055643,0.006580235534075562,0.0788190261561161,0.015628284210480237,0.1777993401471767,0.23181858820484935,0.14174873752083542,27310545.0,0.7858429775019137,-0.28710654637737,-0.21415702249808635,0.0,0.0
2026-05-11,393.415008612389,397.2027547509894,388.23810807955056,388.4080200195313,30753700,-0.03033924459227455,0.01406400002422159,0.2095484671226655,382.5075256347656,360.6720703125,325.05116455078127,364.3730216584254,338.85525097470327,0.0261014011143787,82.15222455579269,21.505181090930193,18.525648214358732,360.6720703125,412.64225634837555,308.70188427662447,2.1151387796941634,7.174363745431044,0.002277563042387465,0.029651394830609856,0.07753971418753025,80.51991297473788,14.782545296122407,0.006454529294233056,0.07953369274370051,-0.015587394806388266,0.13200875293513525,0.16682171913761112,0.09441435908878604,27904910.0,1.1020892022228346,0.16940445498999956,0.10208920222283462,0.0,0.0
2026-05-12,387.1087706238473,388.28805889354703,382.541491402114,387.1187744140625,26017500,-0.0033193073752801894,-0.0027803990982727678,0.1635276758088191,386.2622833251953,363.39244537353517,326.6711096191406,366.53928382562896,340.74793816840366,0.025497554601076337,79.32590066922525,20.632038379243284,18.946926247335643,363.39244537353517,414.89387978730565,311.8910109597647,2.455438986792261,9.03875734400367,-0.0015149526145865622,0.019909573878506448,0.06295531261642195,76.08818151340007,14.82925676430068,0.006236733276324892,0.07621142597250948,-0.022689972976779216,0.10057236319239715,0.18618631555464482,0.08802290192342092,27819715.0,0.9352180638802374,0.08957392811973897,-0.06478193611976255,0.0,0.0
2026-05-13,385.3698394939953,403.4590416115898,384.77019153718186,402.3796691894531,28144600,0.039421737678543955,0.011506392427451662,0.1942928513497184,391.5271392822266,366.6654907226563,328.6549963378906,369.95265386027893,343.1648687966801,0.026445346812748762,82.94219443592277,20.93022258004123,19.34358551387676,366.6654907226563,419.3887613264908,313.94222011882175,2.1306023306699875,6.921957966443324,0.00559483781461112,0.01155578437141025,0.06053373611873525,81.90727710899831,15.025471579483906,0.00616413969744496,0.08022206857871228,-4.93919439585877e-05,0.13375911523098316,0.23309139019112624,0.12226703782605026,27981005.0,1.0058466448935626,-0.10105562387211142,0.005846644893562615,0.0,1.0
2026-05-14,397.0428507456917,402.6894719958145,395.6037078837972,400.8305969238281,21136700,-0.0038497776707889786,0.007738950037484038,0.1935897703862095,393.1531707763672,369.91605072021486,330.61688903808596,372.8934103425217,345.4262698997055,0.026460264696446082,80.54327163188874,20.801748908992124,19.635218192899835,369.91605072021486,422.6482054491317,317.183895991298,2.129787237411208,6.910769449428467,0.0078943149045545,0.02267693605077592,0.06628568877029761,82.03257868512827,15.474236159383963,0.006259908000318189,0.08669686176268948,-0.014937986013291882,0.1273040816159119,0.229033035340785,0.11379971031446834,28010765.0,0.7545920291716417,-0.13492950252726787,-0.2454079708283583,0.0,1.0
2026-05-15,396.0834349796574,399.30151410906007,392.9452946767326,396.5431518554688,20309700,-0.010696401675079903,-0.010029885169212438,0.16126199529969543,394.261508178711,372.6694061279297,332.5379748535156,375.1457666770881,347.4308535058139,0.026756845597291832,75.4828688507433,20.12201752127544,19.732578058574955,372.6694061279297,424.89720649231214,320.4416057635472,2.206026952842914,7.0158933253530025,-0.012029343756796207,0.0021013576114108368,0.04087923200934207,69.60786860832619,14.933384364264612,0.006766884134468462,0.0717654123364655,-0.012131242780623275,0.12038276329035336,0.23177243154998384,0.11334131735323798,27747155.0,0.7319561230691939,-0.053681424670810496,-0.26804387693080606,0.0,1.0
2026-05-18,395.4538101055549,408.36608091552193,394.29449886421145,396.70306396484375,26837200,0.00040326534105239453,0.02135652076621719,0.17639734880944125,395.62969360351565,375.6436294555664,334.5093975830078,377.1988426092553,349.36309705322685,0.02639530160446312,75.99205099163477,19.372910220293477,19.66064449091866,375.6436294555664,426.11658553711356,325.1706733740192,2.241925683828111,7.306395696000589,-0.0007035093177317764,-0.0008791906612106715,0.04223114999961153,73.14563035667081,14.298083138242987,0.006732406813278397,0.06890046405645378,0.022235711427427862,0.13416619880982972,0.22906865440613,0.12849018821446254,28149805.0,0.9533707249481834,-0.12735053018010845,-0.04662927505181652,0.0,1.0
2026-05-19,396.723025004717,396.91291402359946,385.8794958446922,387.4285888671875,39545700,-0.023378884460741545,0.0008003085192493931,0.16663154744187625,395.55274047851566,378.4104766845703,336.1344274902344,378.1731041576298,350.8558614380881,0.026840806533724382,68.89020606097198,17.825384717770476,19.293592536289026,378.4104766845703,424.72682059671575,332.09413277242487,2.1253114584258386,6.861607196938087,-0.0066607880874933745,-0.006028302624256798,0.042111662562288155,67.56541663181025,13.245929487451804,0.006740142394251852,0.06002260223179286,0.006828611143506191,0.1245198848795881,0.18065296007325404,0.10400048536544944,28970900.0,1.3650145490820098,0.5199654078985299,0.36501454908200986,0.0,1.0
2026-05-20,387.4685872554011,393.6248834036927,382.6714341601505,388.6778564453125,31744400,0.00322451056536055,-0.03405195091427293,0.14614521461589836,394.6402862548829,380.8884963989258,337.7708502197266,379.1735567564567,352.33907692856747,0.026679485764784468,53.102839034510964,16.50945434774934,18.73676489858109,380.8884963989258,423.5089365188617,338.2680562789899,2.2689029977509447,7.478802009517136,0.010248994582563453,-0.0014279408000573701,0.04223781703852092,67.79021306431177,12.868985974376983,0.006747871086028355,0.06885110387194328,-0.03262401011421556,0.10390739757737744,0.16904041801799252,0.0801079351603848,29543470.0,1.0744980193592695,0.1279037541837511,0.07449801935926957,0.0,1.0
2026-05-21,385.4697674348519,392.2656959548347,382.7913440893277,387.4285888671875,24852800,-0.0032141465159613025,-0.03343559139320762,0.143910963650687,393.6079040527344,383.32554016113284,339.34910705566404,379.959750290812,353.7151362202781,0.02671541046335828,51.47918899171179,15.190656167309783,18.027543152326828,383.32554016113284,421.08228845360213,345.56879186866354,2.270316705235863,7.4613530984051915,0.0019830877010671433,-0.007284493648601065,0.048373130487892047,67.5241897951522,12.543965497633849,0.006600468965440286,0.06886746302531534,-0.026151097744606555,0.09553783316279496,0.1546210831774042,0.07466927286519753,29853595.0,0.8324893534597759,0.17581268599166378,-0.16751064654022405,0.0,1.0
2026-05-22,387.1187843592316,388.5079387636157,381.5420981620284,382.7413940429688,20442100,-0.012098216184623145,-0.034805185130344696,0.11199193656070716,391.82597045898444,385.2528900146484,340.9365594482422,380.2246687433984,354.85342084077575,0.026953530238431774,49.79664256296264,13.610389559422913,17.144112433746045,385.2528900146484,418.23220891857454,352.2735711107223,2.3628398518909846,7.686601767765634,0.003931549076803931,0.008753053328125482,0.04440147093511215,71.84191557239926,12.378707754886705,0.006491485144768691,0.07056173442564498,-0.04355823845847018,0.06759046562559501,0.13910133200850683,0.05437785305854389,29554395.0,0.6916771600298365,0.006519052472463871,-0.30832283997016346,0.0,1.0
2026-05-26,384.2804712769477,389.0276356997364,382.3716078175452,388.6478576660156,27747400,0.015431995898472772,-0.02030537959127532,0.11000743653321576,391.84995422363284,387.1787399291992,342.66752563476564,381.0268772122191,356.1786928731381,0.026915458037435808,50.32341940012318,12.688355673493447,16.252961081695528,387.1787399291992,415.72255415160953,358.63492570678886,2.382252318669295,7.788627766626074,0.006638641352187502,0.016164684385910455,0.0495267657810623,71.47663436222787,12.502024457940365,0.0065653288146936455,0.07488769491682076,-0.036470063977185774,0.060480670752153465,0.1500688861195063,0.058026497631491335,29512920.0,0.940178064386716,0.03391560967612128,-0.059821935613283944,0.0,1.0
2026-05-27,386.4391861502527,393.64487351491664,385.66962629134815,388.5978698730469,23087300,-0.00012861975688982508,0.003018055557743704,0.11164155582981339,391.99786376953125,389.1300735473633,344.33193115234377,381.74792413229795,357.4500331476443,0.026896878210162907,42.32626513079483,11.817380176263498,15.365844900609122,389.1300735473633,411.52176347398324,366.7383836207433,2.3786343409662694,7.787567203323429,-0.0001732421647460125,0.022801304561545166,0.0544760156301185,65.83507550849772,12.445820479909457,0.0063714597916544715,0.07214501791583587,-0.019783249003801462,0.057165540199694886,0.14773907982689405,0.06170712367426249,29276080.0,0.7886062614940251,-0.4161868420586815,-0.21139373850597484,0.0,1.0
2026-05-28,387.7683918215113,391.6360768291116,384.9300907577927,389.8971252441406,24357500,0.0033434443979794004,0.0031369649147987566,0.114848277777579,390.749609375,391.1383743286133,345.915185546875,382.524038523902,358.7224681318206,0.026875369422919952,43.58474745934316,11.103965270130516,14.513468974513401,391.1383743286133,403.6975941630469,378.57915449417965,2.366834300093441,7.760744975079375,0.005516578600909927,0.018010088469552876,0.060456965943100904,71.15804272629703,12.589358833221468,0.0063650984840895935,0.07542811831761632,-0.01487312355475412,0.054391311834478095,0.12674554007619987,0.055421242785307946,28725140.0,0.8479506105105145,-0.23269931074457229,-0.15204938948948551,0.0,1.0
2026-05-29,385.0100143138995,385.0100143138995,378.2340629764561,380.1129455566406,44415800,-0.02509425962392897,-0.01888255931741456,-0.011590433880652729,388.67784423828124,390.9155075073242,347.36731811523435,382.29441062225806,359.56131038377436,0.016373204300375695,35.00881750630582,9.637976690309813,13.538370517672684,390.9155075073242,404.1077170399302,377.7232979747182,0.4006585280565455,0.994343072562471,0.0024914048034492264,0.018526536246684433,0.05262575303750272,68.76986860729708,12.707936436586124,0.006148755102119547,0.07513943341708682,-0.03740909556409899,-0.06421618691815545,0.08928697240036576,-0.004112770027296227,27343930.0,1.6243385643541364,0.7871547672696839,0.6243385643541364,0.0,1.0
2026-06-01,376.2952290661171,378.3340198477676,373.2970198869562,376.1453247070313,28672100,-0.010438005061361721,-0.017233749572425405,-0.02416452678250358,386.6380615234375,390.44978485107424,348.75129150390626,381.70878339223646,360.2116638866472,0.016507420588724012,39.78351913187431,8.063070280050624,12.443310470148273,390.44978485107424,405.036864393465,375.8627053086835,0.5065646538023904,0.9426749703306855,0.0027231134609038143,0.017300532598057305,0.05257748503624504,69.00431318109646,12.819926023990547,0.006148691485703541,0.0749950988623147,-0.03453428217048271,-0.07674201181874862,0.0726508538483912,-0.012875146713613375,27272275.0,1.0513277678521502,0.40260051560260446,0.051327767852150215,0.0,1.0
2026-06-02,366.371163421305,373.31702687507857,358.2260345973877,361.6340026855469,50412300,-0.0385790306785998,-0.0695072787553691,-0.05583817942370228,383.1311553955078,389.3804244995117,349.9675653076172,379.7968995154089,360.2674418787609,0.018500617638476716,32.601011157573,5.579684067677192,11.070585189654057,389.3804244995117,408.645957767866,370.11489123115746,0.16604245651537625,0.5274961243646246,0.0013579397972762752,0.01196390008305026,0.057882259454370866,71.16564415201101,12.843529347137633,0.0059804116108523745,0.07307879819443835,-0.08147117883841937,-0.11372043887807315,0.031013758481554188,-0.054725953078312774,28477960.0,1.770221602951897,0.8168296849434542,0.7702216029518968,0.0,1.0
2026-06-03,361.81388965190393,366.2312646097652,357.8662353535933,358.77569580078125,55441600,-0.007903866515702074,-0.07674301992959554,-0.07579228953381933,380.2658660888672,387.90930328369143,351.10548522949216,377.79488011401577,360.20894203256563,0.01812835770517599,14.161375455065581,3.34241188121905,9.524950527967057,387.90930328369143,411.55128774924276,364.2673188181401,0.330370804928479,0.8938106967124599,-0.00701718232049986,0.0050368796590851694,0.04209895063121327,61.531000055462485,12.291561057853528,0.006233913185296847,0.06258072397797448,-0.0817798995886807,-0.11789124016503261,0.03762864578728209,-0.05401416465547707,30056110.0,1.8446033102753483,1.4013895085176697,0.8446033102753483,0.0,1.0
2026-06-04,358.68575901079333,373.0271992966173,357.9961684462237,371.96783447265625,44055500,0.03676987830078726,-0.045984670341587264,-0.06494320872524362,378.59486389160156,386.61757507324216,352.73950927734376,377.23992338626726,360.67007506943196,0.019286845921508446,30.08828503609037,2.603837476693741,8.140727917712395,386.61757507324216,410.80050574708895,362.4346443993954,0.5246789341737015,0.8978416480623856,0.0037786857621391334,0.0032998159119213,0.03169674961408164,59.15433694193702,11.945801580591478,0.005603038112924388,0.06348223101771285,-0.049284486253508564,-0.09663995833932526,0.12238622129753862,-0.007846074431765068,30693460.0,1.4353383424351638,0.8087036846967053,0.4353383424351637,0.0,1.0
2026-06-05,366.1213024821565,371.8578661166277,363.9026265347829,368.30999755859375,37471200,-0.009833745219524848,-0.031051160282801082,-0.07402196070740819,376.68300476074216,385.1454544067383,354.2905828857422,376.3894542598222,360.9696798729285,0.01932816914955854,30.35195323688916,1.7037156967934948,6.853325473528615,385.1454544067383,410.048243033378,360.24266578009855,0.6024317710660445,0.9305525906149692,-0.025809371248925683,-0.02502378194384225,0.008160408089829208,48.63314001805482,9.984030463273143,0.008268682146931394,0.03368998868660464,-0.006027378338958833,-0.08218236879723739,0.14382041921031608,0.018536890691373282,31345345.0,1.1954310919213045,-0.15635427032722593,0.19543109192130442,0.0,1.0
2026-06-08,365.1799926757813,366.2000122070313,360.5299987792969,363.30999755859375,27942500,-0.013575520711203493,-0.034123319646295225,-0.0929964662878745,374.7398651123047,383.28291778564454,355.9417364501953,375.14379171684806,361.0614570370723,0.019276442711061808,28.2277775736504,0.5802161177058451,5.598703602364061,383.28291778564454,408.89328899084813,357.67254658044095,0.7678765546933491,1.1563494357383912,0.002264172608771542,-0.025470023194608782,0.002169052353255152,50.47173059231516,8.466124493125449,0.008076876426700692,0.03330407149406262,-0.008653296451686443,-0.09516551864112965,0.1481412292878299,0.014774138065004605,31669380.0,0.8823191360235029,-0.025446339821638464,-0.11768086397649717,0.0,1.0
2026-06-09,367.0899963378906,372.0799865722656,357.29998779296875,364.260009765625,29535100,0.002614880442088685,0.0072615048932815895,-0.0621717601317604,372.30108032226565,382.07551727294924,357.74341186523435,374.1072410548268,361.1868904774077,0.018355267466641553,33.05470167359162,-0.23084629518024258,4.4327936228552005,382.07551727294924,408.9159064170955,355.23512812880296,0.7525217333028817,1.4985633872818511,-0.0029354505508077944,-0.02964838682468296,-0.0030433968576589754,52.87893660329611,7.007745761829028,0.00808835828549497,0.027313825728791864,0.03690989171796455,-0.059128363274101425,0.16618712267031177,0.04798955037139163,31608450.0,0.9344051986098654,-0.414129091511397,-0.0655948013901346,0.0,1.0
2026-06-10,363.1900024414063,368.55999755859375,355.20001220703125,356.3800048828125,32357100,-0.021632912402002935,-0.006677405816527204,-0.07940397511790986,369.0792938232422,380.53857879638673,359.40427734375,372.4189328479682,360.9983851599726,0.018820574886484413,28.466258911666827,-1.4922677056694624,3.247781357150268,380.53857879638673,409.59211247576536,351.4850451170081,0.8040503786958235,1.2610613534903943,-0.015765562508027298,-0.03819738150666163,-0.01727219244080147,37.19236640829917,4.8607107074822125,0.008812860677020138,0.008490200242285717,0.03151997569013443,-0.062131782677108394,0.1559263022590467,0.04177149842402424,31925430.0,1.0135211961123154,-0.4163750685405905,0.01352119611231548,0.0,1.0
2026-06-11,355.92999267578125,358.79998779296875,346.3599853515625,357.7699890136719,35538200,0.003900286525099661,-0.03816955162027069,-0.11086464747496372,365.8665802001953,378.30809478759767,360.8119104003906,371.02379533993997,360.8717813895294,0.015971584036780506,30.26294464791718,-2.352673008797126,2.127690483960789,378.30809478759767,407.15026571963256,349.4659238555628,0.5229679482645455,1.9737314214531576,0.016996847886747934,-0.025531977146670326,-0.006129461851302698,46.58500392189643,4.104232168592603,0.0095855223282539,0.02314447961486471,-0.012637574473600366,-0.10473518562366102,0.11047886011346919,-0.002297966661264065,32295110.0,1.1004204661324888,-0.19333113913132294,0.10042046613248878,0.0,1.0
2026-06-12,362.6199951171875,366.5700073242188,354.94000244140625,359.67999267578125,24704600,0.005338635773713296,-0.023431362004881717,-0.102663331002815,363.8232849121094,376.2505645751953,362.0612603759766,369.94343318144865,360.8250445772256,0.01615976274819194,34.06417887504455,-2.8476036748537012,1.132631652197891,376.2505645751953,404.1845502468998,348.31657890349084,0.42885057536422533,1.670416414438153,0.005408247901529384,0.005694531006802617,-0.008580937877739392,47.36056718877082,3.782249519927177,0.009489807553111235,0.026215508717696952,-0.029125893011684334,-0.0940823931250756,0.078149915575078,-0.015019456853893979,32473505.0,0.76076173483583,-0.34070432759025593,-0.23923826516417,0.0,1.0
2026-06-15,367.9299926757813,372.989990234375,366.5499877929688,369.3500061035156,27727500,0.02688504677670811,0.01662494449783969,-0.06857550212306907,363.1437530517578,374.89090728759766,363.5363916015625,369.8869163168836,361.15935679394283,0.017615864571552647,37.324170649530195,-2.4315214597242516,0.41980102981346246,374.89090728759766,401.2699904629087,348.5118241122866,0.33167967897410106,0.6833144053214285,0.01763396989375332,0.021116933098614288,0.021185912395622175,52.591027554464624,4.527618755432286,0.009884419231631386,0.04145885054282388,-0.004491988600774599,-0.08976141451869124,0.09856653947915506,0.001437712119896406,32844395.0,0.844207969122281,-0.007694372371835012,-0.155792030877719,0.0,1.0
2026-06-16,369.6000061035156,376.0,367.05999755859375,373.25,24876100,0.010559073594251789,0.02468014603129065,-0.05911994661811382,364.30535278320315,373.71825408935547,365.00517333984374,370.20721000098996,361.6334996647686,0.017875672406394205,40.40406352482296,-1.7667108497498134,-0.01750134609919274,373.71825408935547,398.017858703441,349.41864947526994,0.24998536785401973,0.4280975228088948,-0.005961562844234103,0.018017821304916914,0.015812682090149632,49.92460105909835,4.7019514385474395,0.010003987330826726,0.03264565079682435,0.006662324726373736,-0.07493262870826345,0.10624158659402272,0.012657094204044336,32746340.0,0.7596604689256876,-0.1577445141543452,-0.24033953107431244,0.0,1.0
2026-06-17,369.1300048828125,372.3299865722656,362.0199890136719,363.7900085449219,24543600,-0.0253449201743553,0.020792422584274828,-0.06101403200879696,364.80678405761716,372.5363250732422,366.17542053222655,369.5960479575549,361.71806864046084,0.01799925078198792,35.188528643354545,-1.9803575722574465,-0.4100725913308435,372.5363250732422,396.32218501163476,348.75046513484966,0.23578818184833483,0.38006829791187086,-0.012487870885051433,0.02140801815012594,0.009853766410225617,42.53994538754101,4.039407731040228,0.010313763671082112,0.017460915854739304,-0.0006155955658511125,-0.07086779841902258,0.06767417963682032,-0.0012697381160177896,31996235.0,0.767077751491699,-0.24147714102932583,-0.23292224850830107,0.0,1.0
2026-06-18,365.75,369.4800109863281,358.6700134277344,368.0299987792969,44470100,0.011655048612615904,0.028677670236988195,-0.053123318768021455,364.4130004882812,371.5039321899414,367.19340881347654,369.4469004167684,361.965595312572,0.018249398680053288,42.68473566446542,-1.7869435888901535,-0.6854467908427055,371.5039321899414,394.10265186543165,348.90521251445114,0.17712334291292126,0.17392680095515084,0.010396992441959574,0.014779536179954311,0.010001706370109886,45.98111691891066,4.087253111147447,0.010321145869074422,0.025992274231818425,0.013898134057033884,-0.06312502513813134,0.05302551756812335,0.0012662088290086304,32632520.0,1.3627540870272967,0.2513323691126732,0.3627540870272967,0.0,1.0
2026-06-22,357.95001220703125,358.9200134277344,341.7200012207031,349.67999267578125,52814800,-0.04986008250517615,-0.027802491669349227,-0.09743368784885065,362.55,369.6165023803711,367.8210113525391,367.5643377747696,361.4838069738744,0.021095237772634105,36.35380015210781,-3.0788625379410632,-1.1641299402623773,369.6165023803711,392.90994822621315,346.3230565345291,-0.17413435373067251,0.1692733392318419,-0.003146979693962715,0.0061445663461701105,0.004830584335843158,43.729618698012075,3.8906979848758283,0.010347331578032705,0.020905579688597666,-0.03394705801551934,-0.1022642721846938,0.0009299390484751591,-0.04509379705057933,34030620.0,1.5519787767604587,1.137852869506084,0.5519787767604587,0.0,1.0
2026-06-23,340.69000244140625,349.2900085449219,340.20001220703125,346.1300048828125,34007700,-0.01015210440209613,-0.06286720139973512,-0.095655682217759,360.8320007324219,367.78593292236326,368.4025988769531,365.5229727374404,360.8816970879504,0.021064751326694862,40.98691453352057,-4.339152905577464,-1.7991345333253945,367.78593292236326,392.45046119042536,343.12140465430116,-0.18886219241415056,0.19421783435888632,-0.014521954010491611,-0.0256483071911342,-0.013639444131039902,38.77472261364652,2.830027377169813,0.010817773319653896,0.0045407123244621764,-0.03721889420860092,-0.0820162380867191,0.00928545189603125,-0.036649893466429585,34708900.0,0.9797976887772301,0.2264971598593455,-0.020202311222769952,0.0,1.0
2026-06-24,349.0400085449219,353.4800109863281,341.92999267578125,345.2900085449219,44997300,-0.0024268232341632112,-0.07490955513751674,-0.11156075677729138,358.93500061035155,365.61804046630857,368.88603515625,363.59602376672433,360.27025832155715,0.020533698481929607,41.97184561518813,-5.344119107681763,-2.5081314481966683,365.61804046630857,390.1835772600152,341.0525036726019,-0.11471375618583082,0.48735310566062073,-0.0004635170636431152,-0.020259149173474933,-0.020598534151166747,40.664673115999754,1.9396419681071393,0.010682311432632517,0.002732107290089169,-0.054650405964041804,-0.09096222262612463,0.0038134538115435213,-0.0472663915928743,35571395.0,1.2649855312112444,0.8088566937743455,0.2649855312112443,0.0,1.0
2026-06-25,336.7300109863281,345.57000732421875,335.8399963378906,343.7099914550781,44564600,-0.0045759131476235115,-0.05519672508368023,-0.11551241501306586,357.6679992675781,363.37364654541017,369.1060095214844,361.7021159275199,359.6208360914992,0.020494286674777196,30.478939579891247,-6.196625397321668,-3.2458302380216684,363.37364654541017,387.29283312195275,339.4544599688676,-0.0803707129024873,0.5127450514848944,0.0014456352254532678,-0.0064352935172034,-0.01901272853377811,39.61019126639731,1.3045005899759872,0.010694918021373186,0.003039772767202317,-0.04876143156647683,-0.09649968647928775,-0.027034430938779108,-0.057431849661514565,36645260.0,1.2161081678776464,0.8157320034550759,0.2161081678776464,0.0,1.0
2026-06-26,342.54998779296875,346.3599853515625,330.20001220703125,337.3900146484375,114642600,-0.018387527170465212,-0.08325403970461065,-0.13466914012978404,355.6300018310547,360.748291015625,369.1154345703125,359.3866777104644,358.74903917216346,0.02055342555345028,29.3976599332687,-7.298084310847571,-4.056281052586849,360.748291015625,383.9245489757663,337.5720330554837,0.07829937725429302,0.4705479282412943,-0.007231373616869652,-0.02376998718714518,-0.03144969787773633,46.131099579945776,0.3684270487035519,0.010671926402026067,-0.005052096030212839,-0.05948405251746547,-0.10321944225204771,-0.04278799674031797,-0.06849716383661038,41159515.0,2.7853243654596027,1.5779703666058769,1.7853243654596027,1.0,0.0
