Date,Open,High,Low,Close,Volume,daily_return,return_5d,return_20d,ma10,ma20,ma50,ema20,ema50,volatility_20d,rsi,macd,macd_signal,bb_middle,bb_upper,bb_lower,skew_20d,kurt_20d
2024-05-30,417.7349716036768,417.7349716036768,407.8306281783295,408.2539978027344,28394500,,,,,,,408.2539978027344,408.2539978027344,,,0.0,0.0,,,,,
2024-05-31,410.3017776619535,410.3017776619535,398.2511723788605,408.7068481445313,47995300,0.0011092367600420427,,,,,,408.29712640671505,408.2717566396676,,,0.036124813590674876,0.007224962718134976,,,,,
2024-06-03,409.1006748520027,409.9867435149057,402.5929630717942,407.1217651367188,17484700,-0.003878288350216197,,,,,,408.18518723814395,408.2266589336696,,,-0.06242931671039287,-0.006705893167570593,,,,,
2024-06-04,406.04863004617806,409.9965945509901,403.341179685009,409.63232421875,14348900,0.006166604925158303,,,,,,408.3230098077255,408.2817830624963,,,0.06133987340609792,0.00690326014716311,,,,,
2024-06-05,411.3453811328119,417.5183569725432,409.8587351784671,417.449462890625,16988000,0.019083305222027613,,,,,,409.19219581562066,408.6412999185014,,,0.7812004164287032,0.16176269140347113,,,,,
2024-06-06,417.449510532203,418.7293842506858,414.0725584079514,417.95159912109375,14861300,0.0012028671135224656,0.02375384287858262,,,,,410.02642470185623,409.00640969115204,,,1.3763476019518635,0.4046796735131496,,,,,
2024-06-07,419.60557647742206,419.6843254469309,416.4550768800314,417.29193115234375,13621700,-0.0015783357932765973,0.021005478735645067,,,,,410.71837769714074,409.3313321013949,,,1.7743230506300165,0.6786083489365231,,,,,
2024-06-10,418.1287903721088,421.45646767892094,417.33132559781046,421.2497253417969,13982900,0.009484473324283371,0.034702050872504,,,,,411.721363187108,409.79872007160674,,,2.381628445184674,1.0192123681861534,,,,,
2024-06-11,418.8967715885156,426.1231998343133,418.6703194471344,425.9853515625,14551100,0.011241849990194508,0.039921232717506916,,,,,413.07983827047866,410.43348993399474,,,3.208067202738789,1.4569833350966805,,,,,
2024-06-12,428.5844790234761,436.5394472705752,426.5465000753495,434.2356567382813,22366200,0.019367579531829993,0.040211319788078015,,416.7878662109375,,,415.0946781245551,411.36690824004523,,,4.477146788033053,2.0610160256839554,,,,,
2024-06-13,434.02890334988575,436.5296113185569,432.5717920048744,434.7475891113281,15960600,0.0011789275364721963,0.04018644748711209,,419.4372253417969,,,416.9663839328192,412.2837976859779,,,5.461256204697065,2.7410640614865773,,,,,
2024-06-14,431.4986591636175,436.2834778568933,429.9627988535268,435.7222900390625,13582000,0.002241992715190877,0.04416658341756974,,422.13876953125,,,418.7526607048424,413.202954248844,,,6.247799483159781,3.442411145821218,,,,,
2024-06-17,435.7419888452348,443.9627988421197,433.9009273701985,441.43255615234375,20790000,0.01310528803281863,0.047911795774278065,,425.5698486328125,,,420.9126507474616,414.30999746074593,,,7.248356904289324,4.203600297514839,,,,,
2024-06-18,442.7518125207464,443.1751821409538,438.00641324566425,439.4339599609375,17112500,-0.0045275233182314745,0.03157058886909714,,428.5500122070313,,,422.67658495826885,415.295250892126,,89.30248335627202,7.7902348810246735,4.920927214216807,,,,,
2024-06-20,439.3945864733692,439.6210386019516,434.442414629224,438.8038940429688,19877400,-0.0014338125301573967,0.010520180076876606,,430.6854553222656,,,424.2125191568117,416.2171584666688,,87.90617994087819,8.075743879243987,5.551890547222243,,,,,
2024-06-21,440.45791031268766,443.6083802322018,439.601376209428,442.8207702636719,34187100,0.009154148983713695,0.018569812356743043,,433.17237243652346,,,425.98473354794123,417.26043736066896,,88.8888965914424,8.527836566346593,6.147079751047114,,,,,
2024-06-24,442.8404263927747,445.74479433203504,439.5028940256874,440.743408203125,15913700,-0.004691202852363796,0.011523666057140058,,435.51752014160155,,,427.3903216103397,418.18133817802016,,87.90230910419632,8.619141423875192,6.64149208561273,,,,,
2024-06-25,441.31445050765626,444.4354158929602,439.8376592622319,443.9726867675781,16413400,0.007326890214010451,0.005754289256268086,,437.78981628417966,,,428.96959448245764,419.19276361290474,,88.09522033459449,8.850059002022078,7.0832054688946,,,,,
2024-06-26,442.0527694384708,446.5816011478092,441.2553047079256,445.1638793945313,16507000,0.0026830313270527206,0.01303931865917507,,439.7076690673828,,,430.51190733122655,420.211238741596,,86.0434896876052,9.025145872497774,7.471593549615235,,,,,
2024-06-27,445.1836151073107,449.111900063477,444.7799552473841,445.84326171875,14806300,0.0015261398232551127,0.016042172303721403,,440.86842956542966,428.8281478881836,,431.97203632051446,421.2164161132491,,86.10753789546312,9.113667271269776,7.800008293946144,428.8281478881836,456.81444267537444,400.84185310099275,,
2024-06-28,446.0598180142048,448.33407381119525,439.5028621939787,440.0345153808594,28362300,-0.013028673609415065,-0.006292060061124594,0.07784496355007198,441.3971221923828,430.4171737670898,,432.73989146911873,421.9543807904103,0.008164568719181807,75.97838702187082,8.615786411202123,7.96316391739734,430.4171737670898,457.0615856878481,403.77276184633155,0.2391860595193431,0.061401821497238294
2024-07-01,441.71806471797646,450.2932899171113,438.7644825324962,449.6632080078125,17662800,0.021881675846766813,0.020238078752108368,0.10020962469607997,442.7912139892578,432.4649917602539,,434.3516359013753,423.04100146560256,0.009076363341430724,78.73356090327552,8.895624050493609,8.149655944016594,432.4649917602539,458.369036094192,406.5609474263158,0.2557942437864044,-0.29373641151448515
2024-07-02,446.1878232862581,452.4789376582484,446.0991893815869,452.1737365722656,13979800,0.005583130929425639,0.018471969220441586,0.11065969764701111,443.86533203125,434.71759033203125,,436.04897882241244,424.1834616658639,0.008842398179731255,77.73140117793244,9.213765516043054,8.362477858421887,434.71759033203125,459.1350739987604,410.3001066653021,0.15393350630176425,-0.06844982084452808
2024-07-03,451.10061852531385,453.8868178888205,450.7954174304016,453.64068603515625,9932800,0.0032442164244455007,0.019041991125053226,0.10743381128512963,445.2860046386719,436.9180084228516,,437.7243795093404,425.33864693524794,0.008851437834141277,73.99559229414805,9.475043082774903,8.584990903292491,436.9180084228516,459.6937588949678,414.14225795073537,0.20770811502419298,-0.0677053419108263
2024-07-05,452.4986778129107,461.1034687451422,451.8685958254326,460.32568359375,16000300,0.014736327151387174,0.03248321353825001,0.10270996734845217,447.43818359375,439.0618194580078,,439.8768846602365,426.71068758852255,0.008539218898127579,77.43981129638154,10.105046188646043,8.889001960363201,439.0618194580078,462.19059771379375,415.93304120222183,0.14495592636578064,0.08434400039489155
2024-07-08,459.33123257528905,460.46346308739743,457.2735739768986,459.0260314941406,12962300,-0.002823331710416488,0.04315915104260326,0.09827557176338564,449.0587097167969,441.1155410766602,,441.7006129301321,427.97795597697814,0.008678160438416868,74.82682405513093,10.379805193121626,9.187162606914885,441.1155410766602,463.6382301370977,418.59285201622265,0.1783099017898521,-0.0825215163225929
2024-07-09,459.77431483044427,460.09919566591896,450.9135678636905,452.42974853515625,17207200,-0.014370171856078251,0.006152472512929386,0.08420440166619114,450.22734375,442.87243194580077,,442.7224353687058,428.936849802789,0.009591201913091402,61.498863995473485,9.950584630747642,9.339847011681437,442.87243194580077,462.91582341218003,422.8290404794215,-0.09072982093155547,-0.16555545244700268
2024-07-10,454.0837473649462,459.2426615392735,451.7602469814767,459.0359191894531,18196100,0.01460153908023476,0.015175986710786793,0.0897002219217995,451.7336669921875,444.7617416381836,,444.2761004944913,430.1172054650112,0.009808356791970672,68.69481999747725,10.027891710931328,9.477455951531415,444.7617416381836,463.2895607146696,426.23392256169757,-0.10961732151817209,-0.3574680794128807
2024-07-11,455.8165594696292,457.5886969775325,444.56338714463874,447.6646728515625,23111200,-0.024772018621047165,-0.013173450635180939,0.05089217553970693,451.98374633789064,445.84570770263673,,444.5988216713552,430.80534144095435,0.011615802999829486,57.0137322640114,9.067073997956527,9.395379560816437,445.84570770263673,462.1516957244771,429.53971968079634,-0.4786614417648395,0.3580001917017232
2024-07-12,447.30027873142194,449.2988679653278,443.6772254480025,446.5323486328125,16324300,-0.0025294026699431704,-0.02996429582910365,0.028318015123162787,452.0526550292969,446.4605422973633,,444.7829670962559,431.4220868210272,0.01096062682142365,53.07847177009919,8.120640250991016,9.140431698851353,446.4605422973633,461.8233317664842,431.0977528282424,-0.45269435714318873,0.673871391939222
2024-07-15,446.286273961726,450.185024234339,444.4452124667996,446.9360656738281,14429400,0.0009041160002218884,-0.026338301078392856,0.028035754234806864,452.74281005859376,447.0699661254883,,444.98802410364374,432.03047814858803,0.010961162526225426,55.28301148637405,7.318794768737348,8.776104312828553,447.0699661254883,461.40929429291225,432.73063795806434,-0.44845589003251213,0.6702575325178599
2024-07-16,447.19204922721934,447.27079820143007,439.7490242805094,442.5647583007813,17175700,-0.00978061004420483,-0.021804468575099434,0.01570373703191863,452.0329650878906,447.4120895385742,,444.7572368843235,432.4435871741643,0.011240999211912737,48.82184063941249,6.258454902241567,8.272574430711156,447.4120895385742,460.9134637748889,433.9107153022595,-0.2955493366806453,0.23655720212654907
2024-07-17,435.7419590253815,437.9670004651751,432.38471713490526,436.6575622558594,21778000,-0.013347642201793186,-0.048750775262006774,-0.010817040632672525,450.48134765625,447.17333984375,,443.98583930066025,432.60884109893664,0.011278013380466892,43.40260008591347,4.88515355707591,7.595090255984108,447.17333984375,461.27543945599433,433.07124023150567,-0.09148084640193799,0.10050312453746284
2024-07-18,437.4649413039376,437.7701424222079,427.67873564964367,433.5563659667969,20794800,-0.007102124312335478,-0.031515345615497514,-0.013375374981631105,448.47291564941406,446.879460144043,,442.9925561260066,432.64599893689194,0.011341123407137227,40.815459662169104,3.5061450663562823,6.777301218058543,446.879460144043,461.87718232223096,431.881737965855,-0.06109792410899374,0.02288619398871254
2024-07-19,426.39883667006126,434.3144456334854,425.31585048613374,430.3467712402344,20940400,-0.007402946833464985,-0.036247267285639984,-0.019273126144833785,445.4750244140625,446.45660400390625,,441.78819566069495,432.55583314486614,0.011441986176913627,42.4655732943388,2.1297331929742995,5.847787613041695,446.45660400390625,462.82708014570875,430.08612786210375,0.015267110272229706,-0.09573827995827697
2024-07-22,434.9543474054432,437.72086686190295,432.1189038234256,436.0865478515625,15808800,0.013337561694227285,-0.024275324046423075,-0.01520755769450377,443.1810760498047,446.1198928833008,,441.2451815836347,432.69429254512875,0.011671593199416982,38.761217805324236,1.4849512760662265,4.975220345646601,446.1198928833008,463.0719342962221,429.1678514703795,0.023524418082314594,-0.24306099369646053
2024-07-23,437.03166701756135,441.4522150715158,436.24405718750495,437.9669799804688,13107100,0.00431206176427712,-0.010388939096654615,-0.006299420867065142,441.73479919433595,445.98107147216797,,440.9329719071427,432.9010646014166,0.01168321996653377,38.11564655175354,1.1128637186741344,4.202749020252108,445.98107147216797,463.16241745774727,428.79972548658867,-0.09809877621510403,-0.24824870306674132
2024-07-24,433.6351033912307,434.64916540683873,420.9740654607642,422.2637939453125,26805800,-0.035854725933577414,-0.0329635154746567,-0.04889691070935254,438.0575866699219,444.8956268310547,,439.15495495839696,432.48391673254974,0.013974454566971729,28.80142544146767,-0.4440158885677761,3.2733960384881313,444.8956268310547,465.0899742929074,424.701279369202,-0.5144609486169066,0.515988285114526
2024-07-25,422.1653487650477,423.14987619224735,411.05005574464656,411.92626953125,29943800,-0.024481200051457153,-0.04988992927670077,-0.07466376182292211,434.48374633789064,443.23374633789064,,436.5617468224782,431.67773448936157,0.014751844379714735,18.838746435350345,-2.4833791707073942,2.1220409966490266,443.23374633789064,468.23385183472425,418.233640841057,-0.32778676962791353,-0.13166889983914512
2024-07-26,411.72938578526725,422.28352110182095,410.8137524352177,418.6899719238281,23583800,0.016419691806193404,-0.02708699145763782,-0.060903218970371986,431.6995086669922,441.8760818481445,,434.8596730226068,431.1684104671838,0.015395068388262764,25.737316593530892,-3.5133156918280974,0.9949696589536018,441.8760818481445,469.1273388551039,414.6248248411851,-0.32027399715465615,-0.3965759313617553
2024-07-29,424.9023450000168,425.46353285919287,418.12882136064246,420.1274108886719,15125800,0.0034331822141306922,-0.03659626063109578,-0.04523987050187972,429.0186431884766,440.88072662353517,,433.4566004384225,430.7354300915559,0.015271566724955613,29.28402806636184,-4.165540733210605,-0.03713241947923962,440.88072662353517,469.8173032630493,411.944149984021,-0.48708328131239725,-0.19889456920598456
2024-07-30,421.1020931567628,422.4115014796213,410.90237288373,416.3763732910156,32687600,-0.008928333406577504,-0.04929733901495503,-0.07402614695623166,426.3998046875,439.2163848876953,,431.8299121386695,430.1723298248681,0.014233100600613224,21.601832277378463,-4.928300779312394,-1.0153660914458706,439.2163848876953,469.8078410594862,408.62492871590445,-0.5288463567905082,-0.0800093812310889
2024-07-31,413.9937725831716,415.2539664560443,405.8320320070505,411.8770446777344,42891400,-0.010805917198708492,-0.024597773753066154,-0.08911771877774932,423.9217529296875,437.20155029296876,,429.92963904715185,429.4548676622354,0.014139501179589632,23.777255514427324,-5.828662633251383,-1.9780253998069732,437.20155029296876,469.4622712280121,404.9408293579254,-0.370072816835451,-0.13031098363859095
2024-08-01,414.2792724511176,420.84605305704525,406.69839983005807,410.65618896484375,30296400,-0.002964126621443186,-0.0030832715957919143,-0.09475450151087483,421.63173522949216,435.0523254394531,,428.09407237264634,428.7176645760632,0.014026839273904905,23.746446936422075,-6.565041035704837,-2.895428526986546,435.0523254394531,468.4103820599357,401.6942688189705,-0.3152692727375581,-0.06488474800396549
2024-08-02,406.1077265801338,408.5789001449341,398.0838337068482,402.1696166992188,29437900,-0.02066588180983553,-0.03945725078797646,-0.12633678494866585,418.81401977539065,432.14452209472654,,425.62507659422465,427.67656465932424,0.01365103466317966,20.706093794570677,-7.744151918808541,-3.865173205350945,432.14452209472654,466.3545028420262,397.9345413474269,-0.17112119315270666,-0.09270186401415849
2024-08-05,383.1485558976655,394.83489176821496,379.6140759587015,389.0360107421875,40709200,-0.03265688259800559,-0.0740046931970435,-0.15247505794853056,414.1089660644531,428.64502105712893,,422.14040365593536,426.16124881943654,0.014794047310933698,18.575884891342625,-9.627399360333186,-5.0176184363473935,428.64502105712893,465.4941623630382,391.7958797512197,-0.11617333100799895,-0.4918605833569687
2024-08-06,393.8109209877184,399.3932040126904,392.3341300340145,393.4269409179688,24946500,0.011286693402506431,-0.05511703796172629,-0.13041319190044953,409.65496215820315,425.6948806762695,,419.4057881570814,424.8775504703594,0.015327487343575941,24.161420505781976,-10.642890539980101,-6.1426728570739355,425.6948806762695,463.9471310079196,387.44263034461943,-0.261259388833321,-0.660007999509192
2024-08-07,402.3173055349637,403.7349973998657,391.32012086399686,392.2652587890625,20650900,-0.0029527264355506677,-0.047615632242910655,-0.1454584654688712,406.6551086425781,422.35634765625,,416.8209758363177,423.59863707109287,0.014515551411619068,24.734889688587316,-11.40988658514351,-7.196115602687851,422.35634765625,460.00671517856637,384.7059801339337,-0.2933935833094821,-0.42168452463950534
2024-08-08,396.2132492286864,399.5803164509288,393.7519304803944,396.4593811035156,20203000,0.010692056511454773,-0.03457103105426107,-0.1143831417875264,405.10841979980466,419.7960830688477,,414.8817763379556,422.53435252334475,0.014489936993349963,29.511904405466396,-11.546208355156864,-8.066134153181654,419.7960830688477,457.1631267711254,382.42903936656995,-0.48970148391131246,-0.17679130452840278
2024-08-09,397.7786538479972,401.7364436734394,396.0360509489269,399.7378540039063,19276700,0.0082693790502959,-0.00604660967497006,-0.10479530715340335,403.2132080078125,417.4563583374023,428.92433349609377,413.4394980204271,421.6403721892491,0.014821678461928282,27.34970341077957,-11.25990183698616,-8.704887689942556,417.4563583374023,453.6151432698687,381.2975734049359,-0.5280747324289251,-0.3226820577126286
2024-08-12,400.7617263356741,402.43543495594565,397.98535182009545,400.5155944824219,16762900,0.001945626291644631,0.029507766436156047,-0.10386378445744782,401.2520263671875,415.13533477783204,428.7695654296875,412.2086500644266,420.8119495340794,0.01484685513499015,26.3373869805921,-10.845227668201801,-9.132955685594405,415.13533477783204,449.2269066181471,381.043762937517,-0.5344679290067523,-0.33328981898332877
2024-08-13,403.2525628062739,408.5296451452922,403.232883075169,407.6041870117188,19414300,0.01769866798434494,0.03603527013343499,-0.07899538007339968,400.3748077392578,413.3873062133789,428.74751220703126,411.77012977369253,420.2939980626143,0.01566539374315714,39.60630104473617,-9.831276392108236,-9.272619826897172,413.3873062133789,445.05615316598744,381.7184592607704,-0.5602643555207117,-0.43447043226369364
2024-08-14,408.38197108714223,411.2568044389076,406.0683556338293,410.41009521484375,18267000,0.00688390426922747,0.04625654711761884,-0.06010995642767758,400.2281127929688,412.07493286132814,428.81327880859374,411.6406026728498,419.90639402936847,0.015682426700529828,48.79649582066306,-8.700999650849951,-9.158295791687728,412.07493286132814,441.79914897672535,382.3507167459309,-0.7418509436352961,-0.2382565441037735
2024-08-15,414.0495331175792,415.3415862221362,411.9388626649199,415.2626953125,20752100,0.01182378346496571,0.04742809756865052,-0.042194445959762183,400.6887634277344,411.1602493286133,428.92588623046873,411.98556387662603,419.72428819733443,0.01598841880895463,47.194385212170225,-7.329196502178206,-8.792475933785823,411.1602493286133,439.1780624756865,383.1424361815401,-0.8502031589208462,-0.21129059825469143
2024-08-16,414.8386210132459,415.5684748504706,411.58380640221424,412.73779296875,22775600,-0.006080253228260557,0.03252116064223598,-0.04091811406121704,401.7455810546875,410.27980041503906,428.83165283203124,412.0572047425426,419.4503079922919,0.01596774881478621,44.056577412421376,-6.372315059817879,-8.308443758992235,410.27980041503906,436.8270850196384,383.73251581043974,-0.8660417998223134,-0.1770697258562857
2024-08-19,413.22105614207504,415.9728470077707,410.75530126947416,415.755859375,15234000,0.0073123093103288905,0.03805161422559045,-0.04662076502181578,404.4175659179688,409.263265991211,428.78773803710936,412.40945756468136,419.30542765435894,0.015718750956088753,49.49497005651333,-5.3092452129137655,-7.708604049776541,409.263265991211,433.0647882034892,385.46174377893277,-0.885888369977468,-0.10195093431787344
2024-08-20,415.92356696995296,420.0265568174448,415.8643912576991,418.9810791015625,16387600,0.007757484720506191,0.0279116173296734,-0.043350073742438266,406.9729797363281,408.31397094726566,428.82152099609374,413.03532628247956,419.2927081032689,0.01581323027851512,55.9043554399174,-4.158569027460658,-6.998597045313365,408.31397094726566,428.541329473276,388.0866124212553,-0.895736453580444,-0.12662683479852765
2024-08-21,418.27087232284174,420.5590998224222,415.9432144212139,418.330078125,16067300,-0.0015537717788078886,0.01929772927737128,-0.009315778138492159,409.5794616699219,408.11728515625003,428.7631280517578,413.5395883627196,419.2549579080427,0.013674295078661037,56.438969866276736,-3.261582703341901,-6.251194176919072,408.11728515625003,427.8438090678994,388.3907612446007,-0.9254875250416339,0.32315741606965714
2024-08-22,418.5470440541718,420.94378045645306,408.9306008917766,409.8577270507813,19361900,-0.020252789644466085,-0.01301578090863964,-0.005021632834493861,410.91929626464844,408.0138580322266,428.4405755615234,413.18893490443975,418.8864390508952,0.013309854441633984,56.45244240948605,-3.1975036723791845,-5.640456076011095,408.0138580322266,427.6778867697046,388.3498292947486,-0.9039774631661467,0.4150056085441726
2024-08-23,411.2681797994915,413.51694694228206,406.4451490290269,411.0807800292969,18493800,0.002984091546391676,-0.0040146867277031095,-0.018173809751324987,412.0535888671875,407.63339843750003,427.97747802734375,412.98815824966425,418.58033477553846,0.012756175721144092,73.1248659249004,-3.0132950353344654,-5.1150238678757685,407.63339843750003,426.7134692585094,388.55332761649066,-0.9788376445721249,0.6637459186302181
2024-08-26,410.6665432369522,411.5640816346128,405.7054455704439,407.8259887695313,13152800,-0.007917643971419919,-0.01907338267556724,-0.02928021785848267,412.7846282958984,407.018327331543,427.4390460205078,412.49652306108015,418.1585957164794,0.012808511421667737,65.47336232145955,-3.0942739525561365,-4.710873884811843,407.018327331543,425.1732381164534,388.8634165466326,-0.8311290148251166,0.4031751905707474
2024-08-27,407.2045864016282,408.6840392458711,404.6303529004273,408.1711730957031,13492900,0.0008464010035587055,-0.02580046342197473,-0.01970620986598992,412.84132690429686,406.6080673217774,426.8880236816406,412.08458496913954,417.76693208429214,0.01269234353396768,67.3979615132751,-3.0949205203422707,-4.3876832119179285,406.6080673217774,424.2357578311785,388.98037681237633,-0.9700810514176826,0.7130215241683935
2024-08-28,409.1969570716752,409.3153084895278,401.7306441001557,404.9755859375,14882700,-0.007829036857176286,-0.03192333730186525,-0.0167561140622301,412.2978759765625,406.26299438476565,426.15888427734376,411.4075374423167,417.26531066677086,0.012587298190843046,59.52308636513672,-3.3150759747283587,-4.173161764480015,406.26299438476565,423.7258262631331,388.8001625063982,-1.015318613739649,0.8939790818403233
2024-08-29,409.2561363555491,416.26872882049446,404.975589475056,407.4610595703125,17045200,0.006137341901879756,-0.005847559585406725,-0.0077805460635704815,411.51771240234376,406.10323791503913,425.51942626953127,411.03168240688774,416.8808302316156,0.01266801182882791,58.792261718102395,-3.2515123973451523,-3.9888318910530427,406.10323791503913,423.45495326015765,388.7515225699206,-1.1060536366084186,0.9740829021262126
2024-08-30,409.9070814975428,411.7711764633265,406.4846126518204,411.4259948730469,24308300,0.009730832455291827,0.000839773739179428,0.023016105119524344,411.38653259277345,406.5660568237305,424.9718682861328,411.06923597509336,416.6669151195149,0.011897737284898225,61.58028119007608,-2.8483664661590637,-3.7607388060742473,406.5660568237305,423.9697101586226,389.1624034888384,-1.435419727491975,2.450759965033635
2024-09-03,412.1854608426902,414.1284769320411,401.4544905684809,403.83148193359375,20313600,-0.01845900121550792,-0.009794635324711809,0.03803110967331791,410.1940948486328,407.30583038330076,424.19208251953125,410.37992606637914,416.1635647984984,0.01005117850679291,46.03820529577565,-3.1058814671957293,-3.629767338298544,407.30583038330076,422.71562935377955,391.89603141282197,-0.8182805879081891,0.2168355809685651
2024-09-04,400.3498254636215,405.6068015782242,398.830912042889,403.2988586425781,15135800,-0.0013189246377359742,-0.011936939142888958,0.02509212435115793,408.6258728027344,407.79942626953124,423.4431915283203,409.70553869268383,415.65906651787407,0.009825347407110397,42.15792975932728,-3.3147320414541923,-3.5667602789296735,407.79942626953124,421.9155130780903,393.68333946097215,-0.7146898348761245,0.2548870802716984
2024-09-05,402.0363656944642,407.4413108082968,400.56678553175374,402.79583740234375,14195500,-0.0012472667091779632,-0.005382419609592626,0.02684555508634534,407.0724487304688,408.3259552001953,422.6196545410156,409.04747190312764,415.1546261604023,0.00979397553152817,34.79307375909666,-3.4807137351346,-3.549550970170659,408.3259552001953,420.6776816525561,395.97422874783456,-0.7468743526590815,0.33303022996867016
2024-09-06,403.4566777506577,405.0248942566708,395.3098139211049,396.197509765625,19609500,-0.016381320321659176,-0.02764325458870953,-0.0006605250130838902,405.7064270019531,408.31286163330077,421.6403271484375,407.8236659852702,414.4112098311953,0.010295988515869459,31.64806840392808,-4.097452437840332,-3.6591312637045936,408.31286163330077,420.71799320492096,395.9077300616806,-0.5451071831071406,-0.27568766538711637
2024-09-09,401.6616132591262,403.0523026786457,396.64133973593033,400.1624450683594,15295100,0.010007471538828971,-0.02737685499955611,0.001062173772636843,404.6145935058594,408.33409118652344,420.72671081542967,407.0940258979454,413.8524347424567,0.010376327355705442,33.05469495687504,-4.2176665262054485,-3.7708383162047645,408.33409118652344,420.6787396727302,395.98944270031666,-0.537686767262261,-0.3207454174280217
2024-09-10,402.6084639940855,410.627073483588,402.11531302402886,408.5262756347656,19594300,0.020901088219254182,0.011625625814740026,0.020000921968333918,404.6846221923828,408.7346252441406,420.0965460205078,407.2304306347855,413.6435657578414,0.011371344516622013,39.780176365888245,-3.5965866183313437,-3.7359879766300805,408.7346252441406,420.5182323962903,396.95101809199093,-0.3295546795962512,-0.4212521924578839
2024-09-11,409.80842324527,418.1821164133012,403.9695029843538,417.2451477050781,19266900,0.021342255297447377,0.03458053193961508,0.02365275186214455,405.59201965332034,409.21667327880857,419.4481848144531,408.18421321290856,413.78480426557616,0.011677148033319493,49.083944394790365,-2.3734762505038702,-3.4634856314048386,409.21667327880857,421.5800941476729,396.8532524099442,-0.2189706528239588,-0.36021875997693126
2024-09-12,417.5114530210778,421.5158363092752,414.0002206806835,421.1509094238281,17395700,0.0093608319718812,0.04556917007846306,0.02617093081826294,407.2095520019531,409.7537139892578,418.8277282714844,409.41913666156756,414.0736711345273,0.011753108068129289,60.33210835392792,-1.0765799989951006,-2.986104504922891,409.7537139892578,423.2193882132931,396.2880397652225,-0.23704239912450592,-0.4175266674678623
2024-09-13,419.9969351521576,425.914746697553,419.6320082561189,424.6917419433594,15874600,0.008407514836844099,0.07191926116494374,0.0227062212360869,408.9326202392578,410.2251663208008,418.2487493896484,410.8736704979287,414.490066068207,0.011617038878650454,61.94600239538352,0.23423509988737123,-2.3420365839608386,410.2251663208008,425.0904651839542,395.35986745764734,-0.22614429155339708,-0.32467955306418655
2024-09-16,424.7016037460969,427.5914610863902,422.3542004104568,425.4314575195313,13834700,0.0017417705670166317,0.0631468863772442,0.0307547909763195,410.3331665039062,410.85984954833987,417.55086486816407,412.26012640474795,414.9191402427688,0.011490467206633312,66.16556521285588,1.3175662905596255,-1.610116009056746,410.85984954833987,427.1887249551565,394.53097414152325,-0.3323994889712377,-0.14588429547636886
2024-09-17,434.1997005769437,435.7975048548551,426.3487157034463,429.1892700195313,18874200,0.00883294461088946,0.050579352215863294,0.03231081496897148,412.8689453125,411.5315200805664,416.9541296386719,413.8724257966321,415.47875317519083,0.011535347807451175,68.16093146559342,2.451083561991652,-0.7978760948470663,411.5315200805664,429.7088728711806,393.3541672899522,-0.3431422991496751,-0.1806789490460873
2024-09-18,429.041298505566,430.05718819229855,424.5141766919007,424.90869140625,18898000,-0.009973638467444701,0.018367004968955714,0.014147684944146643,415.02992858886716,411.8279006958008,416.40370849609377,414.9234987118338,415.84855467444805,0.011721479972096086,66.90643644416642,2.9697636594958112,-0.04434814397849085,411.8279006958008,430.69682634753826,392.9589750440633,-0.13977840121766819,-0.4237203800923406
2024-09-19,435.1860320995677,435.4523227974912,430.9153276838819,432.6808166503906,21706600,0.018291283283518034,0.027377139568180997,0.03430482118262246,418.0184265136719,412.5454376220703,415.8766064453125,416.61467184883924,416.508643379387,0.012338331309277015,69.62997166582201,3.962292089728294,0.7569799027628662,412.5454376220703,433.4383540500622,391.6525211940785,-0.2206042008640553,-0.6734090478665912
2024-09-20,431.2309179323644,433.2232369345761,428.2720122322932,429.3076171875,55167100,-0.007796045798850848,0.010868766185607281,0.047455223735012986,421.3294372558594,413.51793212890624,415.50946533203125,417.82352378585455,417.0105639208817,0.011451144074994596,64.04768604771672,4.425672616776922,1.4907184455656775,413.51793212890624,435.65755252916404,391.37831172864844,-0.07600516863928293,-0.6320477419478527
2024-09-23,428.3311884542686,430.4813193750194,424.4944897103184,427.5717468261719,15128900,-0.004043418499537044,0.0050308675317980445,0.040116122178467606,424.07036743164065,414.34248046875,415.13025329589846,418.7519259801705,417.4247279563833,0.011539210562709177,70.54100139768993,4.5998110337401386,2.1125369632005695,414.34248046875,437.3126930212774,391.3722679162226,0.01714678386004206,-0.7178944866216639
2024-09-24,427.06875254523504,427.4139642542688,420.2632749795507,423.2912292480469,17015800,-0.010011226443044752,-0.013742283844179082,0.03792117448222565,425.54686279296874,415.1157424926758,414.6573565673828,419.18424057711104,417.6547868305662,0.011643244230174791,66.24460916806359,4.342358977735614,2.5585013661075786,415.1157424926758,438.20323017191544,392.02825481343615,0.018439027259762653,-0.7730693813317453
2024-09-25,423.94215074360574,427.1870925626301,422.6994307636224,426.19091796875,13396400,0.006850339719663534,0.00301765200014259,0.044147519621190456,426.4414398193359,416.0167297363281,414.3298797607422,419.8515431858386,417.9895370712793,0.011691217778360284,68.29682765342004,4.32248015399631,2.9112971236853253,416.0167297363281,439.36804806860334,392.66541140405286,-0.0629838642591788,-0.813365550273574
2024-09-26,429.1301061037402,429.3372210826113,423.251754987828,425.4018859863281,14492000,-0.001851358039684281,-0.01682286430078528,0.05043834926873969,426.8665374755859,417.03804473876954,414.1047662353516,420.3801472620757,418.280217420889,0.011495370042131355,75.12300694359246,4.194703821654116,3.1679784632790833,417.03804473876954,440.1415278987141,393.93456157882497,-0.11640779740592308,-0.6545777972228944
2024-09-27,425.6089472122261,425.9344436660322,421.6144369121871,422.1568908691406,14896100,-0.0076280694187890186,-0.016656416126984985,0.03606683621331963,426.61305236816406,417.77283630371096,413.87677673339846,420.549360938939,418.4322438306244,0.01167840596793515,69.15797967027413,3.7879312576599204,3.291969022155251,417.77283630371096,440.52596219649024,395.0197104109317,0.045501613867240866,-0.8059591540467435
2024-09-30,422.3443332995087,424.52408219664926,419.5432394814415,424.40570068359375,16807300,0.005326952758779369,-0.007404713164701371,0.031548093636018404,426.51047668457034,418.4218215942383,413.7579553222656,420.91663139081084,418.66649704054475,0.011562695685110471,65.48070061326976,3.605459732519307,3.3546671642280623,418.4218215942383,441.1531417938389,395.69050139463764,0.09337268001951551,-0.704184481586945
2024-10-01,422.5810498180969,422.6106376703255,413.07308530803846,414.9273376464844,19092900,-0.022333260420023815,-0.01975918947439681,0.02747645047325764,425.08428344726565,418.9766143798828,413.33477111816404,420.34622246277974,418.5198633388169,0.011942947872662535,47.773361949663546,2.665301118893069,3.2167939551610636,418.9766143798828,440.7291163123418,397.2241124474238,-0.0550530596258403,-0.46336886653908094
2024-10-02,416.7914652693021,417.0281982052677,411.0018776320328,411.4161376953125,16582300,-0.008462204421351927,-0.03466704627084716,0.02012720561633996,423.7350280761719,419.38247833251955,412.80375427246094,419.4957381992114,418.24128586260105,0.012134567133806316,40.57671321047703,1.6182400879654324,2.8970831817219374,419.38247833251955,440.1855051280105,398.5794515370286,0.014707975424213262,-0.6264597314534709
2024-10-03,411.9092940444477,413.8029769595959,408.6150490966078,410.834228515625,13686400,-0.0014144053340913176,-0.03424445906469564,0.019956490030089036,421.5503692626953,419.7843978881836,412.5751629638672,418.67083251506034,417.95081302546475,0.012136302061262797,35.77076695560109,0.7330315384263599,2.464272853062822,419.7843978881836,439.52142304293733,400.0473727334299,0.01690263531948414,-0.6280406052038524
2024-10-04,412.5109404707377,414.00026612845136,409.28574375388894,410.3608093261719,19169700,-0.001152336286982747,-0.027942411454383365,0.035748078196971234,419.6556884765625,420.49256286621096,412.5438537597656,417.8794017351662,417.65316582157095,0.011442430023196174,34.4399961334023,-0.006627192575479057,1.970092843935162,420.49256286621096,437.4928479824885,403.4922777499334,0.004626536087057152,-0.2827677056033176
2024-10-07,410.3016170053712,411.39639773757887,403.3975032576847,403.93011474609375,20919800,-0.015670830239948086,-0.04824531316266445,0.009415350501196462,417.29152526855466,420.68094635009766,412.24865661621095,416.5508982123974,417.11500695586597,0.011906591653211798,25.284778709528993,-1.099046253821541,1.3562650243838212,420.68094635009766,436.79297048365765,404.56892221653766,0.16061911738433712,-0.45176246520467805
2024-10-08,405.27145839926953,409.966265233936,402.578873384896,409.0292663574219,19229300,0.012623846118859916,-0.014214708827133493,0.0012312322429559597,415.8653289794922,420.70609588623046,412.0266937255859,415.8345523214473,416.79791908926035,0.011289314090355768,34.70749393197117,-1.5356354609731397,0.777884927312429,420.70609588623046,436.73961508132334,404.6725766911376,0.03918460931943911,-0.3930798545209917
2024-10-09,410.1634881099829,414.6215919010832,408.62485957486433,411.7415771484375,14974300,0.006631092232519009,0.0007910225761877943,-0.013190256583956006,414.42039489746094,420.43091735839846,411.9339978027344,415.44474516211307,416.5996311700124,0.010266894067890763,27.65726178787766,-1.6438257401023293,0.29354279382947734,420.43091735839846,436.8975996618686,403.96423505492834,-0.21009997585825413,-0.36324052499037074
2024-10-10,409.54216908706456,411.6331244028535,407.49064417755886,410.143798828125,13848400,-0.003880536746806329,-0.001680555415245144,-0.02613578731377275,412.89458618164065,419.8805618286133,411.8993328857422,414.93989313030465,416.3464612742521,0.010013654922081665,28.74641914380014,-1.8373152465664475,-0.13262881424970765,419.8805618286133,436.96991720307483,402.79120645415173,-0.0655441675714996,-0.1573061537594573
2024-10-11,410.4396603934482,411.4160895790265,407.58923364023417,410.6171875,14144900,0.0011542017049326336,0.0006247628136057948,-0.033140636026863124,411.74061584472656,419.1768341064453,411.8985528564453,414.5282068797994,416.1217838713402,0.009772957881128475,30.654869465496006,-1.9302083248537087,-0.4921447163705079,419.1768341064453,436.5881239375082,401.7655442753824,-0.0027329069990444303,0.10718886628808377
2024-10-14,412.0473616280092,418.2314942204609,411.8007861364326,413.3986206054688,16653100,0.006773786363895917,0.023440950584550757,-0.028283843851650503,410.63990783691406,418.5751922607422,412.1231329345703,414.42062723462504,416.01499315503156,0.009928097066889918,38.31273573468382,-1.759110422507547,-0.7455378575979157,418.5751922607422,435.9078799286892,401.24250459279517,-0.05383573465150228,-0.07773009762646248
2024-10-15,416.3969091028174,416.692817718463,409.5717171353566,413.0040283203125,18900200,-0.0009545079869361928,0.009717549060211716,-0.03771119836822168,410.44757690429685,417.76593017578125,412.6024932861328,414.2857130523096,415.89691610268966,0.00963472926314937,33.44066109256586,-1.636489964242969,-0.9237282789269264,417.76593017578125,434.51350446714633,401.01835588441617,0.04077358853277205,0.2610493133627819
2024-10-16,409.4829531752425,410.6566246876472,404.8571950809856,410.419921875,15508900,-0.00625685530434672,-0.003209914535691971,-0.03409854828645398,410.34795532226565,417.04149169921874,412.9423529052734,413.9175424639944,415.68213201532933,0.009505294084318789,31.998090264083956,-1.7279098918469913,-1.0845646015109396,417.04149169921874,433.74153575775455,400.34144764068293,0.007713785005104044,0.4336284595227839
2024-10-17,416.5744456758898,416.712542386237,409.8971928147913,411.01171875,14820000,0.0014419301877364177,0.0021161356684042953,-0.05008102293081185,410.36570434570314,415.9580368041992,413.31728210449216,413.6407973483759,415.4989785539439,0.008313014466384026,35.696263598448326,-1.7326350429116815,-1.214178689791088,415.9580368041992,431.12744283355113,400.78863077484726,-0.4584134448779215,0.5276025333653022
2024-10-18,411.4259897320176,413.9015870376485,410.5580392425752,412.4320068359375,17145300,0.003455590245107887,0.004419735440172046,-0.039308900368735133,410.5728240966797,415.11425628662107,413.6367346191406,413.52567444242936,415.3787051532378,0.008318791647869897,34.29903204770814,-1.6032926211591985,-1.2920014760647103,415.11425628662107,428.9783253808534,401.25018719238875,-0.64662136486547,0.7025178996595924
2024-10-21,410.4199513395574,413.2210451886365,408.0824205982212,413.0435180664063,14206100,0.0014826958633984422,-0.0008589833670523683,-0.033978458276552104,411.4841644287109,414.3878448486328,413.9028479003906,413.47975478757,415.28712918904836,0.008338053048958186,46.781289964469096,-1.4349033022997446,-1.3205818413117172,414.3878448486328,426.966476444986,401.8092132522797,-0.7476011540877535,0.7786741493137602
2024-10-22,412.75749822543423,424.68188532771023,412.3136804024992,421.6539611816406,25482200,0.02084633395421065,0.02094394308091241,-0.0038679470616831413,412.7466339111328,414.3059814453125,414.325615234375,414.25825063462435,415.53680887503236,0.009492948747604273,64.89665637084556,-0.5997492193307608,-1.176415316915526,414.3059814453125,426.6599412318892,401.9520216587358,-0.2312141462130547,1.2514113114305874
2024-10-23,424.9580432083023,425.17503084101816,416.742161218674,418.7838134765625,19654400,-0.006806879501463303,0.020378863587693585,-0.01737978023438458,413.4508575439453,413.9356262207031,414.54920776367186,414.6892566195708,415.6641423888179,0.009453945762948002,60.84495851901794,-0.16754912260250876,-0.9746420780529227,413.9356262207031,425.1840416424481,402.6872107989581,-0.03703875502448025,1.2707556898654235
2024-10-24,419.5037748840412,420.144895200207,416.6139175340375,418.9120178222656,13581600,0.0003061349115640599,0.019221590801091093,-0.015255851884660165,414.3276794433594,413.6111328125,414.7192462158203,415.0914243531608,415.7915100528747,0.00945403214427031,61.77662710807182,0.1832057058030614,-0.743072521281726,413.6111328125,423.79043044151854,403.43183518348144,-0.07489884036744471,1.2737360935121307
2024-10-25,420.9142122484759,426.5952907757042,420.7268124778327,422.28515625,16899100,0.008052140507378569,0.023890360715825842,0.0003038334411533672,415.4944763183594,413.61754608154297,414.8596954345703,415.7765416766693,416.04616284491885,0.009501565774082782,77.60298487755568,0.7250080732244442,-0.449456402380492,413.61754608154297,423.8196496342623,403.41544252882363,-0.28095513160175006,1.2690646459081163
2024-10-28,425.7470788183642,426.0232421444704,420.46048501920137,420.74652099609375,14882400,-0.0036435930345497525,0.01864937371671571,-0.00862189099158217,416.22926635742186,413.434587097168,415.0198699951172,416.249873040424,416.23049061555315,0.009451355445789664,69.73414099582678,1.0184947730495537,-0.15586616729448285,413.434587097168,422.92876680001433,403.94040739432165,-0.1407883261824467,1.3152133090925142
2024-10-29,422.1372070838931,427.2364010768137,419.967330895513,426.0331115722656,17644100,0.012564787377578712,0.010385649830853882,0.0267655874129058,417.5321746826172,413.98987579345703,415.2254150390625,417.18161004345654,416.6149071236595,0.008343567168187382,72.14913874861432,1.6585500422589234,0.20701707461619845,413.98987579345703,425.0256070726375,402.95414451427655,0.37019706819765524,0.6724042762894655
2024-10-30,431.4479404242528,432.4934181148105,426.1810914644013,426.6051940917969,29749100,0.00134281234014888,0.018676415762836296,0.03691896113159543,419.15070190429685,414.74932861328125,415.3778973388672,418.0790942385366,417.00668308319433,0.00801811205937473,76.34973466442315,2.1867532029723975,0.6029643002874383,414.74932861328125,427.0565942412252,402.4420629853373,0.3203749942499775,1.1090627685497785
2024-10-31,409.6703738017444,410.4594334413064,400.7344803180944,400.7838134765625,53971000,-0.06052758140979908,-0.04327449100157943,-0.024463431577683825,418.12791137695314,414.24680786132814,415.02697204589845,416.4319246421581,416.3704921182284,0.016102438455022253,41.31087135119622,0.5158420894616711,0.5855398581222848,414.24680786132814,427.9668186140555,400.52679710860076,-2.7395232924941784,10.244744890866633
2024-11-01,403.4073925009318,409.8084828784167,401.9180668422498,404.7487487792969,24230400,0.009892952682746703,-0.04152740680357059,-0.013675917434928131,417.3595855712891,413.96620483398436,414.92479248046874,415.3192412266475,415.914737477486,0.0162892680859784,42.5132479213502,-0.4828637113836294,0.371859144221102,413.96620483398436,428.23926508226486,399.69314458570386,-2.7413676253886696,10.087980487476287
2024-11-04,404.1865091063775,404.7980415718176,400.01447130701087,402.8648681640625,19672300,-0.004654444568182314,-0.04249982338462943,-0.002637205157879463,416.3417205810547,413.91294250488284,414.7604742431641,414.13311045878226,415.40297789656745,0.015933734110687915,41.44477781296298,-1.4101038755246122,0.01546654027195915,413.91294250488284,428.3506928481952,399.4751921615705,-2.9953799005170128,11.789236707678668
2024-11-05,402.7761220934701,409.21667261639857,402.4900861003897,405.8237915039063,17626000,0.0073447043256171796,-0.047436031424358704,-0.007836786061940493,414.7587036132812,413.752668762207,414.7204302978516,413.3417467487941,415.0273235282278,0.01575620360886747,46.14625233049324,-1.8844650610547546,-0.36451977999338364,413.752668762207,428.4868133814356,399.01852414297844,-3.0661172421432337,12.209312134207634
2024-11-06,406.77063429083336,414.6906371773605,404.8966366405916,414.42431640625,26681800,0.021192756763894538,-0.028553045894058604,0.006515589891096463,414.32275390625,413.88680572509764,414.8454931640625,413.44484862093276,415.00367619011104,0.01641465191223376,52.522592422976,-1.5485584186357642,-0.6013275077218598,413.88680572509764,428.5926806733454,399.1809307768499,-2.733286894634949,10.622224479852788
2024-11-07,415.5092700597973,421.0029789570154,414.1284533970031,419.6024169921875,19901800,0.01249468330150183,0.04695449986461475,0.023061711992447442,414.3917938232422,414.35973663330077,415.1380297851563,414.0312837039094,415.1840189666631,0.016594357913385885,55.021401211478796,-0.8546684563963822,-0.6519956974567643,414.35973663330077,429.16679710504627,399.55267616155527,-2.786681590796152,10.697677882789586
2024-11-08,419.4939629624982,420.6577920683621,416.00244554535874,416.7520446777344,16891400,-0.006793031210080458,0.029656165546252833,0.014940575710154391,413.83848266601564,414.6664794921875,415.3238494873047,414.2904037966547,415.24551017101885,0.016692266562222724,52.51810128432351,-0.5286627907646562,-0.6273291161183427,414.6664794921875,429.4010973716175,399.9318616127575,-2.6651699762406533,10.052362608488354
2024-11-11,416.7323203125478,418.9909603752076,410.3016419524007,412.28411865234375,24503300,-0.010720825686279634,0.023380669878728,-0.002695949859466751,412.99224243164065,414.6107543945312,415.3410119628906,414.099329021006,415.12937717028655,0.01682489245338208,43.25860581851146,-0.6236363505913687,-0.626590563012948,414.6107543945312,429.37396364865737,399.8475451404051,-2.450848940373377,8.992197629100124
2024-11-12,412.520798833662,418.626010434167,411.48519380527927,417.2353210449219,19401200,0.012009199890508526,0.028119419757837827,0.010245160905132167,412.1124633789062,414.8223190307617,415.60908874511716,414.3979949280456,415.21196320458597,0.017034473556908968,48.91828638860963,-0.2959711555993181,-0.560466681530222,414.8223190307617,429.6098332523432,400.03480480918023,-2.467912858174056,8.856685628913162
2024-11-13,415.8643474786666,423.4489813965326,412.4813090867046,419.3755798339844,21502200,0.00512962033919484,0.011947328454734674,0.02182071941846897,411.389501953125,415.2701019287109,415.9306231689453,414.87205063337314,415.3752422880918,0.016981639439795016,50.31497139624933,0.13485237528095695,-0.4214028701679863,415.2701019287109,430.038675482074,400.50152837534785,-2.597807080014731,9.431132314781717
2024-11-14,419.1783248352984,422.30491523139983,414.24681513135374,421.0424499511719,30246900,0.003974647541107101,0.00343189862753146,0.024404976168752812,413.4153656005859,415.77163848876955,416.29555541992187,415.4597077112588,415.59748572585966,0.016992817446935957,49.13558903000228,0.60382509542967,-0.21635727704845503,415.77163848876955,430.6124182156209,400.9308587619182,-2.6172765668456317,9.49300700927408
2024-11-15,414.0693210931382,417.0084818478404,407.9739818358906,409.3153381347656,28247600,-0.027852564077009867,-0.017844439248569044,-0.007556806090492585,413.8720245361328,415.6158050537109,416.5579119873047,414.8745296563547,415.3511269967971,0.018188382471604925,43.03572523459196,0.028876567793759023,-0.16731050808001224,415.6158050537109,430.66818043732775,400.5634296700941,-2.0887647523376,5.920219058656346
2024-11-18,409.1870876999845,412.6687324009395,406.4550421174999,410.0649108886719,24727000,0.0018312843034957726,-0.005382714645730036,-0.007211364051125324,414.59202880859374,415.46687469482424,416.75596130371093,414.4164707260992,415.1438244043216,0.018190265175211752,39.70233872618835,-0.36211578053013227,-0.20627156257003626,415.46687469482424,430.68444544587027,400.2493039437782,-2.0912743314922375,5.926203138936916
2024-11-19,407.4511920626241,412.2150474297726,405.9125633985823,412.0671081542969,18133500,0.004882634949881393,-0.012386805790271405,-0.02273630490859757,415.2163604736328,414.987532043457,416.82677795410154,414.1927219097371,415.02316886510494,0.01755734259322713,40.79439822300623,-0.5046027014117271,-0.26593779033837445,414.987532043457,429.9869121619541,399.98815192495994,-2.2733632489500146,6.690292559979607
2024-11-20,411.1596854793811,411.57394553855335,404.9558378403451,409.798583984375,19191700,-0.005505229912872389,-0.02283632216592235,-0.021455531954771567,414.7537872314453,414.5382705688477,416.6778466796875,413.7742325835121,414.8182831835077,0.01753708146793959,58.13454733045031,-0.7914521862965671,-0.371040669530013,414.5382705688477,429.5970213418083,399.4795197958871,-2.292490326092633,6.779019167501468
2024-11-21,414.5818472703372,414.85856338751086,405.47983232208855,408.0295715332031,20780200,-0.004316785172784554,-0.03090633360003925,-0.02597788038079074,413.59650268554685,413.99414825439453,416.415419921875,413.2271220072922,414.55205919722124,0.01755033743394625,53.08264112584286,-1.1482902154446037,-0.5264905787129311,413.99414825439453,429.17343120492507,398.814865303864,-2.2438348305660987,6.600526620811945
2024-11-22,406.54717570369087,412.50647998528166,406.2408124943726,412.1111755371094,24814600,0.010003206357248384,0.006830521951814106,-0.024092678992646,413.1324157714844,413.48544921875,416.16380859375,413.1208413910843,414.4563382693737,0.017609590262815993,58.3432052886415,-1.089180201326542,-0.6390285032356533,413.48544921875,428.16862810324443,398.8022703342555,-2.233194732458359,6.531882825465047
2024-11-25,413.4749606494442,416.143288030705,409.9863472135053,413.8801574707031,27691100,0.004292487169968773,0.009304006465130188,-0.016319477839376817,413.2920196533203,413.14213104248046,415.93278259277344,413.1931572081909,414.43374294393567,0.01763787858854324,57.429020868749056,-0.8893412587955254,-0.6890910543476279,413.14213104248046,427.4261306229981,398.85813146196284,-2.295647689414978,6.719034128702073
2024-11-26,414.6707766023476,424.0099980685231,413.93946191933657,422.9722900390625,23458900,0.021968032060109,0.026464577417041113,-0.007184468648240072,413.8657165527344,412.9890899658203,415.8084429931641,414.1245031920834,414.7685879280583,0.018127783441379733,57.811523893323105,0.002660980934649615,-0.5507406472911724,412.9890899658203,426.74746559311274,399.2307143385279,-2.1098457821965217,6.074293504801828
2024-11-27,420.1260548953634,422.2212256438805,417.07228524559736,418.0309143066406,18332400,-0.011682504619783818,0.020088723202078107,-0.020098864017373486,413.73125,412.5603759765625,415.6708874511719,414.49654234585074,414.8965222958459,0.018302550749477918,48.557649472958246,0.3073089908897373,-0.3791307196549905,412.5603759765625,425.00382330695754,400.1169286461675,-1.9457910899756734,5.37096943802386
2024-11-29,415.1649364652311,419.8987878079345,412.9017755703151,418.4954223632813,16271900,0.0011111811130311011,0.025649736098175335,0.04419242566979209,413.47654724121094,413.4459564208984,415.3871795654297,414.87738806179647,415.0376556318237,0.011736977411489642,51.673387307304196,0.5795460061605127,-0.18739537449188992,413.4459564208984,424.836990372248,402.05492246954884,-0.588082523177418,1.059703379445918
2024-12-02,416.6275643373692,427.9235529659965,416.370602899235,425.92724609375,20207200,0.017758434939384893,0.03352510530352393,0.052325047028129124,415.1377380371094,414.50488128662107,415.3195721435547,415.9297554934111,415.4646983950366,0.01213236800817058,62.390413099528544,1.3790846375790693,0.12590062792230194,414.50488128662107,426.41731700463737,402.5924455686048,-0.5326504908624273,0.7478933939712719
2024-12-03,424.800612603748,427.3997836787713,422.725226676786,426.1446838378906,18302000,0.0005105044256614732,0.029633037839113197,0.05778566838036525,416.74571533203124,415.6688720703125,415.29103088378906,416.902605811933,415.8835213535799,0.012023784437996014,58.85245721048613,2.0071331900740574,0.5021471403526531,415.6688720703125,427.3393629682475,403.9983811723775,-0.6061659533958548,0.9557703305888072
2024-12-04,427.953201459916,434.5153692878957,427.5578970490266,432.291748046875,26009400,0.01442482903605291,0.022033258980042936,0.06522031752964375,418.76817932128904,416.9922698974609,415.4710412597656,418.368238405737,416.52698122390524,0.01226393207919071,61.887163812035844,2.9666848055367723,0.995054673389477,416.9922698974609,429.8993748991286,404.08516489579324,-0.6215515712876438,0.7511202033454552
2024-12-05,432.7859063083414,439.4468779302167,431.0564230401268,437.4307861328125,21697800,0.011887893093393664,0.046407744408925256,0.0555142852766628,421.5313995361328,418.14259338378906,415.6958386230469,420.18371914164896,417.3467382791565,0.011710882850514696,64.176667075268,4.0946136415377055,1.6149664670191228,418.14259338378906,433.8771824092123,402.4080043583658,-0.7685883775517337,1.0790985981764107
2024-12-06,437.1145598403157,440.87002757046025,436.5907746503493,438.3696899414063,18821000,0.0021464054162587676,0.047489808767544606,0.04472632232137075,424.56541137695314,419.08095703125,415.95519470214845,421.9157163606735,418.17116775610754,0.011485056180011737,80.90087923874248,5.006554615824712,2.2932840967802406,419.08095703125,437.23460511775477,400.9273089447453,-0.7000513822954473,1.2435056938510172
2024-12-09,437.411036478858,443.0738395996816,435.3356505012629,440.7909240722656,19144400,0.005523269939541109,0.034897222741284706,0.057681491192490775,427.4333862304687,420.28290100097655,416.32787536621095,423.713355190349,419.05821702340785,0.01130324575934033,81.55668748814354,5.8571304139150016,3.0060533602071926,420.28290100097655,440.81473205001896,399.75106995193414,-0.8847798682893918,1.7433259919675428
2024-12-10,439.1800467406791,444.34871163189086,436.4227478753231,438.1324462890625,18469500,-0.006031153633207054,0.028130733306841238,0.06269542402266337,429.8586151123047,421.5753173828125,416.6024102783203,425.086601961655,419.8062260142178,0.011052353065009143,76.41393956305969,6.244715726990421,3.6537858335638385,421.5753173828125,443.21159469382485,399.93904007180015,-0.938970168450429,2.1995563691416518
2024-12-11,438.8440180787416,445.0701760009867,438.8440180787416,443.7261047363281,19200200,0.012767049084456916,0.026450555073314286,0.06349122990130107,431.9339965820312,422.8998565673828,417.1783856201172,426.86179270210005,420.74426047390847,0.011085742336622368,82.21053635829705,6.92343235009929,4.307715136870929,422.8998565673828,446.5657062093587,399.2340069254069,-0.9334872894779229,2.1580247369678065
2024-12-12,443.8446923743848,450.8120574082061,443.8446923743848,444.2894287109375,20834800,0.0012695308403010142,0.01567937784800222,0.05940700907481444,434.5598480224609,424.14554901123046,417.8358514404297,428.5215675600846,421.6676004047724,0.011082902913754014,85.23140713610914,7.421228399226379,4.930417789342019,424.14554901123046,449.58651209818714,398.7045859242738,-0.8767694518008816,2.0859068822580613
2024-12-13,443.1825414368637,446.13747735633456,440.3560560775405,442.0262451171875,20177800,-0.005093939777762402,0.008341259123708866,0.04983771866340114,436.9129302978516,425.1947387695312,418.4596917724609,429.8077273274277,422.46597862878866,0.0112233161637753,80.1313258200424,7.54612828323792,5.453559888121199,425.1947387695312,451.80093689877634,398.5885406402861,-0.7310861317739046,1.6692947081535674
2024-12-16,442.02626356510217,446.8787030896928,440.0596036741231,446.2956237792969,23598800,0.00965865422985801,0.01248823287053158,0.09034668921289146,438.94976806640625,427.0437530517578,419.17838806152344,431.37800317998665,423.4004745170439,0.008745834483496267,81.08410871452013,7.898565769019399,5.942561064300839,427.0437530517578,454.13887344017525,399.94863266334033,0.20397144258161273,-0.45193525523236744
2024-12-17,445.7224537683285,449.9522746519603,444.2993336430134,449.1319885253906,22733500,0.006355349671760102,0.025105518501296054,0.09527047206271466,441.2484985351563,428.9971069335937,420.0824255371094,433.068858927168,424.4095534977634,0.008735208117763443,78.50523912115747,8.310942573590467,6.416237366158764,428.9971069335937,456.56706997304536,401.4271438941421,0.12050018928389251,-0.4581497461820973
2024-12-18,446.0288263639181,447.3432204529913,431.8964584641415,432.26214599609375,24444500,-0.037560990889748624,-0.025835664428727978,0.0490090993485337,441.24553833007815,430.0068588256836,420.5470831298828,432.99202912420856,424.7174983016195,0.012849066754019658,62.30772193373416,7.193575793369234,6.571705051600858,430.0068588256836,456.4210983595552,403.592619291812,-1.471771920635802,4.063257795098857
2024-12-19,436.44249480171817,437.9842031344139,431.2046434354816,431.90631103515625,22963700,-0.0008231925099930759,-0.027871736025116944,0.05394778780305454,440.6930908203125,431.1122451782227,420.9503778076172,432.8886274014416,424.9994125264641,0.012738206503238229,61.62009966266341,6.207782213196708,6.498920483920029,431.1122451782227,455.7567842555759,406.46770610086946,-1.5584400065875323,4.459328015975859
2024-12-20,428.0322496423796,438.5376294710308,423.6047919913248,431.4813537597656,64263700,-0.0009839107800303504,-0.02385580375352203,0.05747569260345653,440.00425720214844,432.28483428955076,421.37712890625,432.7546013403296,425.25360630031906,0.01266304327800013,55.477564174062735,5.330793133107932,6.26529501375761,432.28483428955076,454.40772226679246,410.16194631230906,-1.6216892164814276,4.748634669313302
2024-12-23,431.619738686297,432.5190736490341,427.755575118412,430.147216796875,19152500,-0.003091992159720114,-0.03618320709863743,0.04376498947464613,438.93988647460935,433.18663635253904,421.7677294921875,432.5062790028577,425.44551259430165,0.012613529872459957,53.8623005979141,4.476516766960344,5.907539364398157,433.18663635253904,453.21862803439035,413.15464467068773,-1.484412356921396,4.472843548666845
2024-12-24,429.55422661934296,434.44620567192754,429.0996280307953,434.1793518066406,7164500,0.009373848887809233,-0.03329229959291735,0.049046067972887464,438.54457702636716,434.20159606933595,422.18334411621095,432.66561926988464,425.78801609282476,0.012708285534691086,51.89897977458422,4.07784928124812,5.541601347768149,434.20159606933595,452.0531817199573,416.3500104187146,-1.5079284062944416,4.389416060219426
2024-12-26,433.9322924323696,435.7705018127553,431.5110338839644,432.9736633300781,8194200,-0.0027769364700223065,0.001646032021482613,0.023645457460326647,437.4693328857422,434.70166473388673,422.5827368164062,432.6949567994269,426.0698061805602,0.011888666291571067,45.13064971077239,3.622851466320526,5.157851371478625,434.70166473388673,451.7720139434759,417.6313155242976,-1.7564230462024935,5.300543920371553
2024-12-27,429.5048044431988,430.1175308072659,421.35152651661633,425.4825134277344,18117700,-0.017301629491105697,-0.014873127442907363,0.017825473825191063,435.58864135742186,435.0742446899414,422.8839886474609,432.0080574306943,426.0467750922141,0.012270325999167274,37.684124065905365,2.627501032599639,4.651781303702827,435.0742446899414,450.89187256238273,419.25661681750006,-1.65465664910538,4.347091499794033
2024-12-30,421.0649252132939,422.5374469947348,416.9536928964599,419.8493347167969,13158700,-0.013239506990677441,-0.02695833537558856,0.0032351903537437554,433.37095031738284,435.1419403076172,423.06074096679686,430.85008383889453,425.8037382147468,0.012673746022948034,31.144340936835363,1.3683546584974806,3.995095974661758,435.1419403076172,450.6697510096802,419.6141296055541,-1.3948706048683748,3.086983881249482
2024-12-31,421.1044562623139,421.727075036825,415.72823181420273,416.5583801269531,13246500,-0.007838418017414805,-0.03159113005801184,-0.02199639974366585,430.39722595214846,434.67349700927736,423.14326843261716,429.48896919966205,425.44117515248035,0.012090422284906657,30.793615423961626,0.10372388918773368,3.2168215575669534,434.67349700927736,451.84958587695274,417.49740814160197,-1.4477947417932542,3.3074537517706966
2025-01-02,420.5411695836378,421.0748471756245,409.98638702094667,413.6726379394531,16896500,-0.006927581643227376,-0.04723097443915314,-0.02926716294126519,426.8512908935547,434.04989471435545,423.1558508300781,427.98265193678503,424.97966388922435,0.012154408135878397,21.88946142531303,-1.118467388210945,2.349763768411374,434.04989471435545,453.30908783221565,414.79070159649524,-1.3297860413614249,2.9596040869790987
2025-01-03,416.1433125624827,419.0587393010629,414.62138898974536,418.38671875,16662900,0.01139567952579168,-0.033690142878177176,-0.03216584484829732,425.4637481689453,433.3546432495117,423.0905059814453,427.0687535380436,424.7211170210195,0.011964044878209743,27.517595908665598,-1.6872265592550093,1.5423657028780973,433.3546432495117,453.8456167563027,412.8636697427207,-1.4159793835283618,3.166363838531539
2025-01-06,422.98225030348175,429.2281636678101,420.4918049209047,422.8340148925781,20573600,0.010629630299606951,-0.0062246942038103326,-0.03336932768102541,424.5565185546875,432.6248046875,423.1715100097656,426.66544509561834,424.6471130159826,0.011892677096503669,33.95049975649792,-1.7588378806451033,0.8821249861734572,432.6248046875,453.5398980597324,411.70971131526755,-1.4455884656229876,3.2523438947436905
2025-01-07,423.9704579117962,425.6011074871905,415.8665816173968,417.4181823730469,18139100,-0.012808412589292661,-0.005790535181840695,-0.04779415194321457,423.15020141601565,431.57722930908204,423.1416333007812,425.78475340775435,424.3636255397891,0.012111038819850818,26.305570434513527,-2.22693210402565,0.2603135681336358,431.57722930908204,453.36150535406085,409.79295326410323,-1.2105049554614598,2.4267180643673774
2025-01-08,418.4954097350683,421.9642686702226,416.5979364179098,419.58251953125,15054600,0.005185057215042033,0.007259821308540859,-0.048114431089190446,422.09373168945314,430.5168090820313,423.08758056640625,425.1940644671349,424.17613118651303,0.012099660467038508,25.48379075644253,-2.395640772355705,-0.2708772999642323,430.5168090820313,452.4767046508788,408.55691351318376,-1.211265984409416,2.438703386825552
2025-01-10,419.6516698476812,419.7307186624862,410.1543211903234,414.0382690429688,20201100,-0.013213730863895656,0.0008838658155805312,-0.05499290785279409,420.0796234130859,429.3121002197266,422.95341552734374,424.13160776007146,423.77856796519757,0.012317977397038674,31.381247294053736,-2.9427955711398113,-0.8052609541993481,429.3121002197266,452.1393401640808,406.48486027537234,-1.0889290895841672,1.9046496494493743
2025-01-13,410.3717995418403,413.593589604229,407.45640284839305,412.2989501953125,17604800,-0.004200864938588067,-0.014550577926746189,-0.07082557056157501,418.01215209960935,427.7407424926758,422.67873229980466,423.00468799199916,423.32838687618244,0.011764814394262623,30.518512580458264,-3.476691055799165,-1.3395469745193116,427.7407424926758,450.71644655697037,404.7650384283812,-1.1433670493806585,2.3340590349040142
2025-01-14,412.9116788431012,414.8190446806072,405.90480416806594,410.7967834472656,16935900,-0.0036433921244166667,-0.028467982757656274,-0.07538474494170955,416.5435791015625,426.0661102294922,422.36256408691406,421.8420304163103,422.83695144759747,0.011708953552260272,29.87892777363733,-3.9751957937007774,-1.8666767383556049,426.0661102294922,448.84465512170834,403.2875653372761,-1.0940731067117953,2.3277442708972433
2025-01-15,414.2161660512409,423.1304056035061,413.3662329233126,421.3119812011719,19637800,0.02559707908534814,0.009328292327824617,-0.046862067908488014,416.68984375,425.03039703369143,422.77312744140625,421.79154953867805,422.7771486928357,0.013422468952851489,42.70795498952845,-3.481641613184422,-2.1896697133213685,425.03039703369143,446.60531820028393,403.4554758670989,-0.491869468695569,1.7006128249654333
2025-01-16,423.6739873785901,424.45470380326,419.4145196873236,419.6022644042969,15300000,-0.004058077797836512,4.7058378573439086e-05,-0.05981093686054262,416.9942321777344,423.6957290649414,423.07019775390626,421.5830461925465,422.65264342661845,0.013125847352218122,37.489392498591776,-3.191664702123944,-2.3900687110818835,423.6957290649414,442.9045252652099,404.48693286467295,-0.3961211689025228,2.015860935457043
2025-01-17,429.0007970548674,429.386239236107,423.1502190446997,424.0001220703125,26197500,0.010481015092373758,0.02406022286386733,-0.0559565274733429,418.0269805908203,422.4391357421875,423.49290283203123,421.81324389519085,422.7054857263712,0.013311660089949657,42.69863017487924,-2.5772763146636066,-2.4275102317982284,422.4391357421875,437.4770080625589,407.40126342181605,-0.3910062107847944,1.798403583660122
2025-01-21,425.15646110832375,425.8482363976868,420.61038425906,423.4763793945313,26085700,-0.001235241804233067,0.02711001130108115,-0.020325089029752386,418.53594665527345,421.9998474121094,423.84595458984376,421.9716377522709,422.73571685061273,0.010498736865879557,48.158958516651666,-2.1083272636995503,-2.363673638178493,421.9998474121094,436.3259625269333,407.6737322972854,0.7448251275991528,0.6803859032805536
2025-01-22,432.4301508467356,442.0263047297872,430.8884423191116,440.9688720703125,27803800,0.041306891073337404,0.073447723640514,0.02098270111736933,420.34943237304685,422.4529754638672,424.376845703125,423.7808981635129,423.450742545503,0.014129387600154648,65.91693279938127,-0.3214779959167231,-1.9552345097261392,422.4529754638672,438.56088690473905,406.3450640229953,1.371721090486089,2.3451822492127583
2025-01-23,436.81806704057095,441.5123788470024,436.3239289556834,441.4728393554688,18389300,0.0011428636284240845,0.047852563074085364,0.02315623956549029,422.75489807128906,422.95254974365236,424.81425415039064,425.4658449436992,424.1574914400114,0.01412062162167078,69.60039910058269,1.1223412194916023,-1.3397193638825908,422.95254974365236,440.76862746645713,405.1364720208476,1.3493712676389056,2.3090932620241853
2025-01-24,439.94102216929423,441.4135440071518,436.225094129831,438.8539123535156,15549500,-0.005932249435269266,0.045880705568998925,0.020241199330488957,424.6820373535156,423.38788452148435,425.25629150390625,426.74089898272933,424.7338216719136,0.0141806244023539,69.89382116822547,2.0318311434364205,-0.6654092624187885,423.38788452148435,442.33384502546113,404.4419240175076,1.359801098967648,2.2812933098348003
2025-01-27,419.0389997051121,430.09781275609777,418.53496919379126,429.4653015136719,35647800,-0.021393476452092886,0.012889570447937482,-0.010857380189438715,426.22474060058596,423.1521820068359,425.5999151611328,427.0003658904381,424.91936990100214,0.014886736787112307,58.150365833192296,1.9722906904320894,-0.13786927184861292,423.1521820068359,441.6447287834716,404.65963523020025,1.3093915938599374,2.20298592404985
2025-01-28,429.5048071593075,443.1232508667098,426.32255685114393,441.95709228515625,23491700,0.029086845264230776,0.043640481004035836,0.020748211071280886,429.1905548095703,423.60135345458986,426.0943505859375,428.42481602326836,425.58751587685134,0.016264898827185695,62.57961315570735,2.8996620701005327,0.4696369965412162,423.60135345458986,443.48261104089653,403.7200958682832,1.0264406089072524,0.6992370932699402
2025-01-29,441.4530338081576,441.64080867155576,435.23676897201045,437.1441345214844,23581400,-0.010890101884746928,-0.008673486477336345,0.027407991458456626,431.8252899169922,424.18443450927737,426.4497216796875,429.2552273088127,426.04071660801344,0.015942028130724102,63.07994472057425,3.2092508557005885,1.0175597683730908,424.18443450927737,444.96182303428935,403.4070459842654,1.0885325224351314,0.8355131946328105
2025-01-30,413.8603773280775,417.9024230144378,408.31616280623206,410.1246948242188,54586300,-0.06180899516550109,-0.07100809322045032,-0.02316221341433755,430.70656127929686,423.6982025146484,426.23136657714844,427.4332718340895,425.4165588910019,0.021149769900047008,45.28337148649916,1.2598366138025199,1.0660151374589766,423.6982025146484,445.3399222627622,402.05648276653466,-0.6960529288832371,3.1419781851334436
2025-01-31,414.0679337799429,415.7578774765854,410.04564278987584,410.1938781738281,34161900,0.00016868857321306052,-0.06530654819957626,-0.015278775453239746,429.76572265625,423.3799774169922,426.2489373779297,425.79142481882656,424.8195910197402,0.021088333663822827,47.972054712809616,-0.2763204494114575,0.7975480200848898,423.3799774169922,445.64202218894087,401.1179326450435,-0.7634028801765004,3.288000968712501
2025-02-03,406.774468051233,410.5397977577241,403.8689337668832,406.1024475097656,25679100,-0.009974382558504913,-0.05439986402059194,-0.0182999544456105,427.9759552001953,423.0014678955078,426.16968811035156,423.91628412272553,424.085585391898,0.02114770578614767,46.810447115324685,-1.8030952903800426,0.27741935799190337,423.0014678955078,446.19633456257793,399.80660122843767,-0.7365451978364084,3.1872562889348046
2025-02-04,407.8517170556266,409.067307667959,404.9362901326214,407.5354614257813,20532100,0.0035287005158499696,-0.07788455363708857,-0.025935950731511337,426.3818634033203,422.4589050292969,426.07905517578126,422.3562057706356,423.43656092263853,0.02098324616620146,48.32008953208398,-2.8644238101988435,-0.350949275646246,422.4589050292969,446.5967665129096,398.3210435456842,-0.7022487964587174,3.324808652443092
2025-02-05,407.5157200553288,408.978349611442,405.5885692928633,408.4447021484375,16316700,0.002231071424987574,-0.06565210443567415,-0.034030641427455266,423.1294464111328,421.7394393920898,426.0519775390625,421.03130066375957,422.8486448922777,0.020819517397481706,42.644105804580754,-3.590773973945261,-0.9989142153060491,421.7394393920898,446.67483910572366,396.804039678456,-0.6619269854914664,3.4667341061491106
2025-02-06,409.1463374430024,413.2971094519946,409.1463374430024,410.9450073242188,16309800,0.006121526763915863,0.0020001538808864794,-0.015507649935198486,420.0766632080078,421.41578063964846,426.1102862548828,420.07070129808903,422.3818355758833,0.020709392061834985,45.09520299795758,-3.9194766924996998,-1.5830267107447793,421.41578063964846,446.752164531329,396.0793967479679,-0.8125934920506115,3.778213969672037
2025-02-07,411.59727657785896,413.7418190108213,403.3155173181378,404.9461669921875,22886800,-0.014597671769007392,-0.012793245976764234,-0.034883132298776376,416.685888671875,420.6839630126953,425.96698608398435,418.63026945943176,421.6980838667188,0.020891432625803834,39.39726266854455,-4.610880880902414,-2.1885975447763064,420.6839630126953,447.0671907110849,394.3007353143057,-0.6525002654359494,3.3696086178490385
2025-02-10,408.8597288843585,410.5892121947109,406.10246006462063,407.38720703125,20817900,0.006028060611596331,0.0031636340272327423,-0.01606388227612976,414.4780792236328,420.3514099121094,425.8371270751953,417.55950160912874,421.1368730104259,0.020769416730650775,41.2340879704052,-4.905306827322363,-2.731939401285518,420.3514099121094,447.24997760231116,393.4528422219076,-0.8054161179166579,3.694207938346748
2025-02-11,404.8374480391833,407.6540108795472,404.5014076146391,406.6163330078125,18140600,-0.0018922391526603466,-0.0022553335966229993,-0.013782759293488489,410.9440032958984,420.06727905273436,425.5100079345703,416.51729507567006,420.567440069147,0.020754773136601505,27.113449511172107,-5.141575717956073,-3.213866664619629,420.06727905273436,447.43986274766945,392.6946953577993,-0.8253704042496476,3.7370070315465735
2025-02-12,402.43594449354754,405.93445069964594,399.62924369400855,404.2445068359375,19121700,-0.005833081407060514,-0.010283387911281028,-0.015950165325890997,407.65404052734374,419.73966522216796,425.2342797851563,415.34845810045744,419.92732504039367,0.020778064221700497,25.799823200214988,-5.457298723269275,-3.6625530763495586,419.73966522216796,447.7293194069072,391.7500110374287,-0.8058248510923908,3.6835057464343284
2025-02-13,402.2283619307085,406.1814662248677,401.59585076694265,405.7268676757813,23891700,0.003666990682066107,-0.012697902530594773,-0.03699185928906412,407.2142578125,418.9604095458984,424.9789086914063,414.4321161552501,419.37044435942846,0.01988238346862236,28.14288400403254,-5.524217606609568,-4.034885982401561,418.9604095458984,447.6254076443289,390.2954114474679,-0.8688151843006907,4.596366457537004
2025-02-14,403.0091510093491,404.1160155029715,401.1215398904841,403.6416320800781,22758500,-0.0051395058149550366,-0.0032215020623581614,-0.038037526672735744,406.559033203125,418.1623779296875,424.5331964111328,413.40445100523374,418.7536281916108,0.01989062379246946,31.144423561465402,-5.680036464648936,-4.3639160788510365,418.1623779296875,447.62959763708085,388.6951582222942,-0.8588803157424678,4.571346258806755
2025-02-18,403.2167063843153,405.7862306432336,401.7342920226082,404.8374938964844,21423100,0.0029626820460606496,-0.006258697108694533,-0.045194864756785025,406.4325378417969,417.2042465209961,424.1070526123047,412.58855032821003,418.2078974349392,0.019717659943239915,17.542363424315553,-5.641990622036019,-4.619530987488034,417.2042465209961,447.1150574129532,387.293435629039,-0.8312735650086325,4.767945789201733
2025-02-19,403.098080611906,410.61884763156144,402.8707662400353,409.90728759765625,24114200,0.01252303400155963,0.008093513031067756,-0.03204214557675111,406.6697204589844,416.52579193115236,423.6593634033203,412.33319197291917,417.8823833236732,0.01998839097535636,26.290404070221726,-5.143458448704109,-4.724316479731249,416.52579193115236,446.45313846503086,386.59844539727385,-0.8897196356347559,4.4893093987385635
2025-02-20,411.24417583261857,415.2250013636158,408.5209668454768,412.0759887695313,23508700,0.005290711430345985,0.01937313136272789,-0.06552136699611355,407.03284912109376,415.0811477661133,423.1522674560547,412.30869642973937,417.65468157645194,0.017388301778937323,52.993911015840396,-4.521253849634036,-4.683703953711807,415.0811477661133,442.74421636847717,387.41807916374944,-1.8701300433869374,6.798713829982189
2025-02-21,413.27418223243296,413.97725680128366,403.9162642540701,404.2331237792969,27524800,-0.019032569729804938,-0.003681648950293548,-0.08435335598570526,406.3616607666016,413.2191619873047,422.4695361328125,411.5395942725544,417.12834597656354,0.017703302707193967,42.61577149536279,-4.607889005143306,-4.668540963998106,413.2191619873047,438.29476934220713,388.14355463240224,-1.6243458226122212,5.643760318067163
2025-02-24,404.5301894031576,405.38179653354615,395.4297185716828,400.0641174316406,26443700,-0.010313371424585327,-0.008863096281722882,-0.08838885522029516,405.8734558105469,411.27967224121096,421.655,410.44669171627686,416.45916054342933,0.0177523258193021,42.534019956537385,-4.955824302803876,-4.7259976317592605,411.27967224121096,433.8857555466139,388.673588935808,-1.5720783768306688,5.446618609455097
2025-02-25,397.1923965138258,398.00441513588805,392.8352683816966,394.0235595703125,29387400,-0.015098974384675445,-0.026711790506580346,-0.08252527461111103,404.53709106445314,409.507585144043,420.772822265625,408.8825838928517,415.57933305428753,0.017490241952157138,35.00227628234077,-5.653814416087698,-4.911560988624948,409.507585144043,431.6633339302955,387.3518363577905,-1.6639115211434194,6.089175152695332
2025-02-26,394.1325097993192,399.6680471786912,390.40913086553707,395.8357543945313,19619000,0.004599204235896437,-0.03432857533613021,-0.10435704889846387,403.45903320312505,407.20151824951176,419.81501525878906,407.6400287025355,414.80507506763047,0.015818390880820654,36.279548257095136,-5.9916792833542445,-5.127584647570807,407.20151824951176,424.117759416097,390.28527708292654,-2.523176635148089,8.436259332625072
2025-02-27,397.36068340902,401.7871363921192,388.34936280983527,388.7058410644531,21127400,-0.018012302453536688,-0.056713199366121736,-0.11080622987210786,401.9051666259766,404.7796035766602,418.7033435058594,405.83677273700386,413.78157569495687,0.016027912197063916,28.015446104320418,-6.7568749944855995,-5.4534427169537665,404.7796035766602,416.8100269747366,392.74918017858374,-2.3777327115193447,7.584063869183529
2025-02-28,388.8346335226669,393.7562160246685,382.8039671137811,393.1224365234375,32845700,0.011362307926450876,-0.027485840724733812,-0.04145631442180908,400.6447235107422,403.9294906616211,417.7252673339844,404.6258835738071,412.9714133745051,0.009625755257359404,37.93418737175418,-6.927064874062808,-5.748167148375575,403.9294906616211,416.74673535934545,391.1122459638968,-0.4166029224343672,-0.9784462799799835
2025-03-03,394.9345790531096,394.9345790531096,382.3979130752632,384.7052001953125,23007700,-0.021411233616077663,-0.038391139237706096,-0.06213812378670913,398.7510803222657,402.6550567626953,416.4934588623047,402.7286756329981,411.8629344263015,0.010528685284249509,29.369874686917385,-7.652924060886164,-6.129118530877694,402.6550567626953,417.72112547474296,387.5889880506477,-0.33853855019827334,-1.1858771456820991
2025-03-04,379.6648014174362,388.7553599770303,377.2881889484286,384.8240356445313,29342900,0.0003089000334761671,-0.023347649404044213,-0.05239665999482224,396.74973449707034,401.5911361694336,415.2072998046875,401.02347182457265,410.80258545446736,0.010428469001275541,29.941179437111884,-8.12492459523014,-6.528279743748183,401.5911361694336,418.5220036272349,384.6602687116323,-0.4943546215719524,-1.0060743533928465
2025-03-05,385.5469260754551,397.7568203379533,385.02209070764377,397.1131286621094,23433100,0.03193431771223798,0.0032270310435495997,-0.02557405121804357,395.4703186035157,401.07001953125,414.5043194580078,400.65105819005237,410.2657440116298,0.01294325868045143,44.44927429921859,-7.421807341872523,-6.706985263373052,401.07001953125,417.8716115211108,384.2684275413892,0.48199428321305515,0.8399168804798652
2025-03-06,390.438848896208,398.2321730411984,388.8544303529959,393.0234375,23304600,-0.010298554409137073,0.011107619128447821,-0.03775606481690408,393.5650634765625,400.2989562988281,413.7266619873047,399.9246181243331,409.5895751288208,0.013070284198214547,40.497928220021166,-7.112596169502865,-6.788107444599015,400.2989562988281,417.09096481249077,383.50694778516544,0.6072775923816002,0.8135471175585927
2025-03-07,388.497925986767,390.9537458547577,381.7839796807534,389.478271484375,22034100,-0.009020240721967165,-0.009269796634579053,-0.05223749031438518,392.08957824707034,399.2256195068359,412.88660034179685,398.9297279681466,408.80089655452883,0.013023202856620123,39.6323442274018,-7.072086743171894,-6.844903304313592,399.2256195068359,415.8962532659599,382.55498574771195,0.7847333978000638,1.0709709367021076
2025-03-10,382.08101618213806,382.63555806032025,373.5449998926919,376.4563598632813,32840100,-0.033434244152991455,-0.021441977721755046,-0.07035455438563476,389.7288024902344,397.80112915039064,411.812783203125,396.7894071962547,407.53248335095054,0.014530526760149149,32.290914098551866,-7.998539980143107,-7.075630639479495,397.80112915039064,417.0786246627769,378.52363363800436,0.25540784821658696,0.9142776921078947
2025-03-11,375.3077054134949,382.23950999896846,373.2380702422645,376.74359130859375,30380200,0.0007629873630419226,-0.02099776414018384,-0.07521987729061319,388.0008056640625,396.2689483642578,410.66406799316405,394.88028187362033,406.3250758198777,0.014395109723241331,27.993273482913224,-8.610329153299176,-7.382570342243431,396.2689483642578,417.14340598436974,375.3944907441459,0.308037452394661,1.095791140848929
2025-03-12,379.21921226907705,381.4670864515663,375.2581813231993,379.53607177734375,24253600,0.0074121512168277,-0.044262089606514565,-0.06659904935483363,386.37083740234374,394.91493530273436,409.5953161621094,393.4189285311178,405.2745266417391,0.01460889895794474,28.58448926074675,-8.768765771190033,-7.659809428032752,394.91493530273436,416.4655265606216,373.36434404484714,0.21485616276908506,0.8132871392678184
2025-03-13,379.42714079198,381.5661010325616,373.7727778338423,375.0798950195313,20473000,-0.011741115243524614,-0.04565514615262278,-0.07214596939035867,385.00824279785155,393.4567047119141,408.58726379394534,391.6723539109667,404.0904234408682,0.014721294891285675,29.918171144882862,-9.148446557668592,-7.957536853959921,393.4567047119141,416.25971518193086,370.6536942418973,0.26627966618464133,0.7125710125364305
2025-03-14,376.0801044136148,386.42831046600287,375.8127456880931,384.7745666503906,19952800,0.025846950901899257,-0.012076937735339355,-0.05164139398856327,384.1734558105469,392.40908966064455,407.88576843261717,391.01542179091183,403.33293886084954,0.01607357394206234,40.213028295246986,-8.568297339397645,-8.079688951047466,392.40908966064455,414.75924466823665,370.05893465305246,0.32953852881462015,0.11524216087835253
2025-03-17,382.9326924641042,388.88412112316473,381.813696346666,384.9132080078125,22474300,0.0003603184031335527,0.022464351904168955,-0.04639864321168463,384.1942565917969,391.47266845703126,407.2528649902344,390.4342585734738,402.610596474456,0.016073535294280846,43.69175190136486,-8.005060352531757,-8.064763231344324,391.47266845703126,413.4067578889658,369.53857902509674,0.27309724122481166,0.08980484613434828
2025-03-18,383.2990634136601,383.5961286419255,377.38722360904,379.78363037109375,19486900,-0.013326582538613851,0.008069252225208823,-0.061886223245411154,383.6902160644531,390.21997528076173,406.5750848388672,389.41991303039,401.7154213331477,0.01620764176849117,39.373285765402905,-7.881749130394667,-8.028160411154394,390.21997528076173,411.79908591415216,368.6408646473713,0.41341643786825766,0.06801053377955223
2025-03-19,381.77404945468027,385.8836128611327,380.25895638414784,384.041748046875,19185500,0.011211956849273896,0.011871536342860534,-0.06310095071100452,382.38307800292966,388.9266983032227,405.8881854248047,388.9077068414838,401.02233610623506,0.016143803866209318,46.79026516956251,-7.355638368197674,-7.89365600256305,388.9266983032227,408.5494804085981,369.3039161978473,0.4196789013953335,0.1150865901402999
2025-03-20,381.98206039861145,387.97313863322194,379.5460345045817,383.07135009765625,18470500,-0.002526803281554413,0.02130600755795986,-0.07038662640471627,381.3878692626953,387.4764663696289,405.0929321289062,388.3518633420716,400.31837587060454,0.01602338083332906,42.7386226856445,-6.937029050537149,-7.702330612157871,387.4764663696289,403.92630395434657,371.0266287849112,0.5020585846492766,0.2762912180605759
2025-03-21,379.4865617188815,387.92354654843615,379.0706401827953,387.4482421875,39675900,0.01142578814293449,0.006948680523207962,-0.041522776349622204,381.1848663330078,386.63722229003906,404.4935333251953,388.2658041844934,399.8136647457769,0.015918589902323345,52.10456417047473,-6.180850540353617,-7.398034597797021,386.63722229003906,401.07740825059994,372.1970363294782,0.29463522833284844,0.15399688703786035
2025-03-24,391.54786272911446,391.54786272911446,386.0123261773924,389.2504577636719,21004500,0.004651500200379521,0.011268123996855284,-0.02702981646389846,382.4642761230469,386.09653930664064,403.88689208984374,388.3595807158437,399.39942133471396,0.01585875066631413,53.310599980162465,-5.374199461736282,-6.993267570584873,386.09653930664064,399.16450604705204,373.02857256622923,0.15332891814285013,0.15274117517672306
2025-03-25,390.082331804945,392.49853282327706,388.8148031404558,391.3102416992188,15775000,0.005291667342874451,0.030350469073304076,-0.006886181816266546,383.9209411621094,385.96087341308595,403.4323315429688,388.6405960475937,399.0821986039103,0.015574434138771973,44.87585296243449,-4.51665018919482,-6.497944094306863,385.96087341308595,398.73537740094025,373.18636942523165,-0.011201595560053875,0.35519117986981125
2025-03-26,391.1518020411883,391.4587795188397,384.784452111458,386.1708068847656,16108400,-0.013133913367909256,0.005543821339003996,-0.02441656015775817,384.58441467285155,385.47762603759764,402.9097686767579,388.4053780320862,398.575869516885,0.015788333806916438,44.05903421427544,-4.203292707995445,-6.03901381704458,385.47762603759764,397.3807703350741,373.5744817401212,0.14305150861800928,0.19370501542575574
2025-03-27,386.3292739557081,388.41870337339975,383.62585932715103,386.7748718261719,13766800,0.0015642428962439059,0.009667968454366127,-0.004967687732691073,385.7539123535156,385.3810775756836,402.429330444336,388.250091726761,398.1130852937198,0.015284540549431415,47.53031176210888,-3.8616964216103042,-5.603550337957725,385.3810775756836,397.2050323157997,373.5571228355675,0.023196547123511622,0.5618126530267616
2025-03-28,384.2992097422753,385.3389984995421,373.2578420054409,375.109619140625,21632000,-0.030160316854269675,-0.031845861468391745,-0.04581986605014998,384.78741760253905,384.48043670654295,401.5052832031251,386.99861814712904,397.21098858183376,0.01641822493864554,48.73841472943874,-4.48061753486661,-5.378963777339503,384.48043670654295,396.56286581556725,372.39800759751864,0.06492390219126729,0.23993284606875206
2025-03-31,368.9106692295297,373.3965360973775,363.66228447346174,371.73291015625,35184700,-0.00900192586932591,-0.04500328068479087,-0.03372007977141078,383.4693878173828,383.83182220458986,400.54789611816415,385.5447411956168,396.2118482514187,0.015880225148353282,45.56297445776781,-5.183833168964952,-5.339937655664593,383.83182220458986,397.1889735843289,370.4746708248508,0.04018329728113692,0.6064845410336828
2025-04-01,371.0000618357784,379.120187514209,369.59391274714585,378.4666137695313,19689500,0.01811435960956742,-0.03282211033862936,-0.01652033471441594,383.3376861572266,383.51395111083986,399.6372259521485,384.87063382170385,395.5159567031094,0.01648026497681615,49.11476972366417,-5.138549025173859,-5.299659929566446,383.51395111083986,397.07274491728765,369.95515730439206,-0.04438180243598752,0.17041872732084334
2025-04-02,374.2877562933966,381.3284750168948,372.95090216784337,378.4171447753906,16092600,-0.0001307090040201242,-0.02007832278137145,-0.047079742615678044,382.7752258300781,382.5791519165039,398.73604125976567,384.2560158172931,394.8454150588851,0.014589261274160648,52.97974410288071,-5.048457276435045,-5.249419398940166,382.5791519165039,394.6909733635374,370.4673304694704,-0.35083887965878013,0.4015288419451322
2025-04-03,371.1386925275575,373.80248816308017,365.75168821202425,369.47503662109375,30198000,-0.023630293388542056,-0.04472843626938927,-0.059916021875683345,381.41559448242185,381.40173187255857,397.3061645507813,382.84830351289315,393.8504982574031,0.015262657394247831,36.153361315648006,-5.6336708613677615,-5.3262696914256855,381.40173187255857,393.8132326195186,368.99023112559854,-0.31182287338745035,-0.06245690705155417
2025-04-04,360.5825648601157,370.9406526219325,355.97787229621173,356.3343505859375,49209900,-0.03556582917030027,-0.05005275150688371,-0.08509825406208105,378.3042053222656,379.7445358276367,395.6033947753907,380.32316513889737,392.3792767800907,0.016884287740241522,29.06262128466905,-7.076230010642462,-5.676261755269041,379.7445358276367,395.9012196594951,363.5878519957783,-0.3856835147807286,-0.41663947217189173
2025-04-07,347.4616768226877,367.385659790646,341.43101018463227,354.3736572265625,50425000,-0.005502397835490558,-0.04669818693854921,-0.058659395858629226,374.8165252685547,378.6404006958008,393.91378967285164,377.8517834329607,390.8888603270112,0.015441168238205648,30.477752667971416,-8.28220795956122,-6.197450996127477,378.6404006958008,398.36705723291647,358.9137441586851,-0.4138384414209897,0.12680193349847865
2025-04-08,364.6723484414274,370.00982228854286,346.8377957272636,351.1058044433594,35868900,-0.009221489003382377,-0.07229385190323134,-0.0680510231804693,370.79608154296875,377.35851135253904,392.3465997314454,375.30454733871295,389.3287404884366,0.015477734892136353,24.304632634351208,-9.393361754558669,-6.836633147813716,377.35851135253904,400.6195514944611,354.09747121061696,-0.30811305135932265,0.03638337742053828
2025-04-09,350.09575274548115,389.3990874327872,349.6600368937789,386.6857604980469,50199700,0.10133684947503419,0.02185053144873783,0.018837968910890623,370.8475769042969,377.7159957885742,391.2411730957032,376.38847240150665,389.2250942143037,0.028063878556520216,51.831030154083884,-7.318589894372906,-6.933024497125555,377.7159957885742,401.3349482591202,354.0970433180282,2.4218532263795955,8.572023397483086
2025-04-10,378.3378706780709,380.1599412978202,364.2167855996792,377.6347961425781,38024400,-0.023406510609056852,0.022084738379368307,0.00681161842309308,369.9335693359375,377.84374084472654,390.0509863281251,376.5071699006563,388.77057272129485,0.02846735946114947,45.253375594603746,-6.331667902420065,-6.812753178184457,377.84374084472654,401.4302759875558,354.2572057018973,2.3560506935932573,8.172685799820758
2025-04-11,376.9317086118959,386.2500070536301,375.1987576222842,384.6656188964844,23839200,0.01861804798107558,0.07950754190259923,-0.00028314697318665427,370.88916931152346,377.8382934570312,389.5418048095704,377.28416504311616,388.60959413992975,0.028175798967153724,47.88914572139656,-4.925419308385585,-6.435286404224684,377.8382934570312,401.4181381979716,354.25844871609087,2.446203013851947,8.784762244131183
2025-04-14,389.3891894149445,390.8052508745935,380.46695659777833,384.0318908691406,19251200,-0.001647477695463806,0.08369198171978298,-0.0022896515898565006,372.1190673828125,377.79422760009766,389.0185650634766,377.92680559797566,388.4300763646047,0.02817933090680062,46.604469052904044,-3.8180812575953382,-5.911845374898815,377.79422760009766,401.3216383442535,354.26681685594184,2.4571377083913077,8.821735310252302
2025-04-15,384.7250528209778,388.0721288920929,380.4174255118224,381.9721374511719,17199900,-0.005363495758925474,0.08791177080295709,0.005762510295506118,372.46961975097656,377.9036529541016,388.53595886230477,378.31207529828004,388.1768238581956,0.028033314806951735,47.98326594703257,-3.0713086271264274,-5.343738025344338,377.9036529541016,401.490305052343,354.31700085586016,2.454557744195367,8.90351500012282
2025-04-16,376.9614484928254,377.892263018399,364.4148689208335,367.98968505859375,21967800,-0.036605948501585495,-0.04834953171115686,-0.04179770316617237,371.4268737792969,377.1010498046875,387.745043334961,377.328990513548,387.38517135625045,0.029103467152499313,42.00454460761225,-3.5666389949461177,-4.988318219264695,377.1010498046875,400.8997466220511,353.30235298732384,2.3426767619263407,8.25985881832171
2025-04-17,370.10883089247193,370.6732850580017,363.3156772913849,364.1969909667969,21120200,-0.010306522834173992,-0.03558412866887328,-0.04927113219521051,370.89906921386716,376.1573318481445,386.8600891113282,376.0783238900479,386.47583094882094,0.02916639253732807,45.021683587808795,-4.216623979963174,-4.833979371404391,376.1573318481445,400.45094606538385,351.86371763090517,2.370527325998735,8.313651544462365
2025-04-21,359.2853342749941,360.9291658129438,352.20499720618693,355.6213684082031,20807300,-0.023546659558688066,-0.07550518960234187,-0.08214483978454779,370.82777099609376,374.5659881591797,385.75361633300787,374.1300424155865,385.26585202565946,0.029358394140630975,42.98280894466309,-5.36191402725791,-4.939566302575095,374.5659881591797,399.8930994044061,349.23887691395333,2.4946546209838485,8.728718953546549
2025-04-22,359.8398489744652,364.1870645763753,356.3541225187108,363.246337890625,19485000,0.021441257921457346,-0.054124549217706375,-0.06680562438499416,371.7150390625,373.26578216552736,384.9196197509766,373.09349912749497,384.4023416674228,0.029851169637287515,43.42205778020926,-5.589856937198647,-5.069624429499806,373.26578216552736,398.0835911415192,348.4479731895355,2.3137079267224565,7.647402927873317
2025-04-23,372.396358924379,376.6841922722663,369.38596664501534,370.7426452636719,20545500,0.020636979897933783,-0.029398720708877613,-0.05256084365754021,373.67872314453126,372.23740234375,384.1867285156251,372.8696082833213,383.8666672986482,0.030270926278934514,46.883796449990896,-5.106746584035079,-5.077048860406861,372.23740234375,395.56684928852286,348.9079553989771,2.1610517142505636,6.7903959156519225
2025-04-24,372.0398293104223,384.6656149627633,371.53478821384334,383.52679443359375,22232300,0.03448254289934671,0.04222158937016429,-0.006846743472146644,373.3628265380859,372.1052017211914,383.7249377441407,373.8845783928711,383.853338950999,0.03122932254880547,55.533031053008244,-3.6502266119156275,-4.791684410708614,372.1052017211914,395.1301802473607,349.0802231950221,1.8113132686671005,4.986927655622163
2025-04-25,383.2297451406492,388.33947870229,380.8531326101871,388.0325012207031,18973200,0.011748088666825973,0.06544675229367636,0.003251579888303713,374.40259704589846,372.16808319091797,383.400697631836,375.2319996145694,384.017227667458,0.03133720081824659,63.39218828987749,-2.1080508602929626,-4.254957700625484,372.16808319091797,395.36795314696747,348.9682132348685,1.7414968079612798,4.729507571110621
2025-04-28,388.1414373128656,388.9138371850431,382.8732888048125,387.3492431640625,16579400,-0.001760826875303434,0.08921813359494268,0.03262945922708793,374.67095947265625,372.78006439208986,383.0331451416016,376.3860228097592,384.14789494183464,0.03050160766946513,64.08391664501305,-0.9302750496049725,-3.5900211704213816,372.78006439208986,396.9328059950792,348.6273227891005,1.7933174768122908,5.168279555088673
2025-04-29,387.4878753983452,391.2508732709842,386.5768551213708,390.2012023925781,14974000,0.007362759264015528,0.07420546799860461,0.04968161745099553,375.287890625,373.70347900390624,382.76433654785166,377.70175419859913,384.38527954774617,0.030409325136394157,66.75722779060182,0.23059192058320832,-2.825898552220464,373.70347900390624,399.06935549929085,348.3376025085216,1.7230896485086369,5.038219567403521
2025-04-30,386.4975712511458,392.7956259870468,380.69467558939255,391.4092712402344,36461100,0.0030960151845991213,0.055743859630349224,0.034197620080128166,376.2316040039062,374.3506118774414,382.49577209472665,379.00723201208825,384.6607302023536,0.03019731214112973,52.87037221585971,1.2338454158931427,-2.013949758597743,374.3506118774414,400.86262915700354,347.83859459787925,1.834996828217079,5.49731853067287
2025-05-01,426.9100091091665,432.7327295827746,420.76051687113977,421.2556457519531,58938100,0.07625362173242944,0.09837344317514685,0.11320444004192587,381.5582000732422,376.4925369262695,382.7227392578126,383.03089046350397,386.0958249297889,0.03443335912142094,71.15958419090398,4.386716686191733,-0.7338164696398479,376.4925369262695,410.3047184457785,342.6803554067605,1.4503878338689473,2.4631003308544392
2025-05-02,427.533877248033,435.1588741169636,425.8009261614823,431.0393981933594,30757400,0.023225213810350143,0.11083323391046318,0.1666265795255919,388.24244079589846,379.5707550048828,383.1020074462891,387.6031292949188,387.85831799894856,0.03390688423360466,71.90981134628119,7.587394181766399,0.9304256606414015,379.5707550048828,421.0362978936401,338.10521211612553,1.3347898382452876,2.3128317912049168
2025-05-05,428.652877068793,435.2182909345157,427.9002714913439,431.9207458496094,20136100,0.002044703245095647,0.11506799993066852,0.21212211267137615,395.87237854003905,383.3500747680664,383.6557598876954,391.8238546810798,389.5862563460333,0.03235557304348491,72.57280965879086,10.078888395244974,2.7601182075621162,383.3500747680664,429.42103677738953,337.2791127587433,1.487118344688027,2.820421227405104
2025-05-06,427.9894209087166,433.46554517602334,426.9694566129341,429.0885925292969,15104200,-0.006557113423069083,0.0996598418925283,0.2108365951563005,402.45660400390625,387.0858215332031,384.2362493896485,395.372877333291,391.13536756890636,0.03238326511991463,72.04818773758069,11.69012788856935,4.546120143763563,387.0858215332031,435.3292775340384,338.8423655323678,1.4873089508746946,2.8118155431283127
2025-05-07,429.6134515274466,433.8517538131467,426.9100367836598,429.1282348632813,23295300,9.23872940801207e-05,0.09636706740116097,0.22221914144546284,408.2951629638672,390.98694305419923,384.9383428955079,398.5876732885282,392.62528393339164,0.032157093511813374,82.9034432251966,12.822436533758776,6.201383421762606,390.98694305419923,439.5969385158142,342.37694759258426,1.4815463221245255,2.875919147282519
2025-05-08,433.6635627109641,439.3476626606329,431.4156885314204,433.9012451171875,23491300,0.011122573315239581,0.030018824656133924,0.12210298242771489,413.3326080322266,393.34771728515625,385.699652709961,401.95087060554334,394.2439490778542,0.024061257255516826,87.12162358966724,13.944201258549185,7.749946989119922,393.34771728515625,445.5328077753429,341.1626267949696,1.02862430369468,2.9516184634177773
2025-05-09,435.7133964534002,436.4461774951318,431.6335394854884,434.4557800292969,15324200,0.0012780210205656228,0.007925915473752099,0.1504654350370449,417.9749359130859,396.1887664794922,386.6146514892579,405.0465762649485,395.8208836249696,0.023084206340430173,95.90589670433198,14.708404881974332,9.141638567690805,396.1887664794922,450.8978403948822,341.47969256410215,1.107390425558681,3.6148683140170546
2025-05-12,441.5955462250109,444.9921230759706,435.4955548202822,444.8832092285156,22821900,0.024001128949223682,0.030011208082650453,0.15654528861919448,423.72833251953125,399.19964599609375,387.6498669433594,408.8405413090977,397.74489639373616,0.023254110425264308,96.03529625259162,15.971340478818036,10.507578949916251,399.19964599609375,457.7329492765456,340.6663427156419,1.0596731343729253,3.3615860227621606
2025-05-13,443.4176379697952,446.2794975271711,441.021200788799,444.764404296875,23618800,-0.0002670474613925,0.03653280940230963,0.15814445329080518,429.1846527099609,402.2362716674805,388.8510510253907,412.26186159364795,399.5887986644475,0.023227407945230313,95.52932986356123,16.76933304044428,11.759929768021857,402.2362716674805,463.6852073534052,340.78733598155577,1.0548284591787207,3.376963725958706
2025-05-14,443.7741186799948,449.4779827199474,443.7741186799948,448.52734375,19902800,0.008460522957258299,0.045205855291482244,0.17424099763647294,434.8964599609375,405.56403198242185,390.12511718750005,415.71571703711004,401.5079572952535,0.023025555729233142,94.9712639853857,17.50361488367207,12.9086667911519,405.56403198242185,469.5485926286306,341.5794713362131,0.9932038064816536,3.4606496197027115
2025-05-15,447.1979616790238,452.5750254060464,446.860659567107,449.5392761230469,21992300,0.002256121922437071,0.03604053037837196,0.22160836125465933,437.7248229980469,409.64151153564455,391.1736401367188,418.93700837862787,403.3915384257552,0.020541402995447773,94.71580464395997,17.960159481387905,13.918965329199102,409.64151153564455,473.93702626094057,345.34599681034854,1.692460669414988,4.996234347259201
2025-05-16,448.4678481067336,450.7595407562394,445.1741794982958,450.6702575683594,23849800,0.0025158679238583836,0.03732135302232398,0.23743542298911002,439.6879089355469,413.96517486572264,392.326576538086,421.9592225871737,405.24560584311223,0.020060407746785795,95.73702207254185,18.203397677727082,14.775851798904698,413.96517486572264,477.0112900262327,350.9190597052126,1.77017579837835,5.478720000748175
2025-05-19,447.3070896149787,455.9480603525366,447.2277066057748,455.2337646484375,21336500,0.010126044493597108,0.023265781232497007,0.28010801681043374,442.0192108154297,418.9457946777344,393.6416864013673,425.1282265930084,407.20592579626225,0.018358558390441142,95.83988165280704,18.550563237626136,15.530794086648987,418.9457946777344,478.2102782309133,359.6813111245555,2.389022016435492,7.270227027730204
2025-05-20,451.9797648957129,454.70797307292094,450.7198396549624,454.5393371582031,15441800,-0.0015254305461517292,0.02197777692390024,0.25132531217717835,444.5642852783203,423.5104446411133,395.2033459472657,427.9292847420745,409.06213800653444,0.018492772441154284,94.82342742584107,18.555760691458488,16.135787407610888,423.5104446411133,478.62959881609396,368.3912904661326,2.5122722474462083,7.719509875071179
2025-05-21,450.9678549991314,454.1524094962116,448.229716398419,448.9837036132813,19216900,-0.012222558293097041,0.0010174627470107556,0.2110387336044508,446.5498321533203,427.42249755859376,396.6481481933595,429.9344674917133,410.6276895989559,0.019082000165659984,80.05419452965461,17.905186668040358,16.489667259696784,427.42249755859376,477.6628432800974,377.18215183709015,2.456473160477955,7.542534436110143
2025-05-22,451.3448676580097,456.6028569421555,450.3031699710194,451.2555541992188,18025600,0.005059984510917381,0.0038178601233103127,0.17659459716667092,448.28526306152344,430.808935546875,398.0825378417969,431.9650471781424,412.2209391911231,0.018191236610291154,76.17439293104538,17.372660210188826,16.666265849795195,430.808935546875,477.60358480814386,384.0142862856061,2.958130802224353,10.76085945569398
2025-05-23,446.4142434023006,450.0948358464348,445.3527151156796,446.6126403808594,16883500,-0.010288879051247535,-0.00900351669398669,0.15096709418894094,449.5009490966797,433.7379425048828,399.51319274902346,433.36005605459167,413.56963335542645,0.018634376449603644,67.33362135026324,16.387084701174615,16.61042962007108,433.7379425048828,476.4107819258388,391.06510308392683,2.8908480719165053,10.335853442533617
2025-05-27,452.86270711658346,457.2972865174385,452.5055441364309,457.0393371582031,20974300,0.02334617481594825,0.0039662534943119,0.1799153999240506,450.71656188964846,437.22244720458986,400.9584881591797,435.615225683507,415.274327622202,0.018842503041612946,77.96511632823592,16.259922040154777,16.54032810408782,437.22244720458986,475.0525978682934,399.3922965408863,2.616706244184688,8.87000694982248
2025-05-28,457.56517641086623,458.8548627693229,453.3091629867606,453.7357482910156,17086300,-0.007228237481107569,-0.00176791930091591,0.1628250900019419,451.6136962890625,440.39917449951173,402.33493896484373,437.340989741365,416.7826186288222,0.01916726004660862,73.11074562812172,15.711460763168077,16.37455463590387,440.39917449951173,471.71314025671836,409.0852087423051,2.5807687111143145,8.556060036204103
2025-05-29,457.8925712924165,458.0612374989779,451.702028016876,455.0453186035156,13974800,0.0028861960236381545,0.013500746110498785,0.16258186006080444,452.26549377441404,443.58097686767576,403.84017272949217,439.02711629966507,418.2831166670455,0.01916999256606049,71.23973263821779,15.207173796005634,16.141078467924224,443.58097686767576,465.44034910269056,421.72160463266096,2.581371635315736,8.556191117011682
2025-05-30,456.0770623647159,458.0215223462663,451.9301930198663,456.71197509765625,34770500,0.0036626165043416314,0.012091642635003508,0.0841681997695547,452.982763671875,445.3537933349609,405.2935772705078,440.71138856614044,419.79013072314785,0.010361156107191325,71.86828131540567,14.771728698234199,15.86720851398622,445.3537933349609,465.2527373665737,425.45484930334817,0.6465764550348543,0.07714422000836017
2025-06-02,453.5175220765372,458.4481094805028,453.2695031394806,458.3092346191406,16626500,0.0034973016005170887,0.026189572754382162,0.0632652990424516,453.7466613769531,446.71728515625,406.7983349609375,442.38737390452144,421.30068381710834,0.009332524838594551,65.96179129314214,14.389645934477755,15.571695998084529,446.71728515625,466.2195507527684,427.2150195597316,0.7351395799271238,0.9725257231530442
2025-06-03,457.8131864599202,460.4620419695056,457.2080045237085,459.3013000488281,15743800,0.002164620205638901,0.004949164561391051,0.06339254241043646,454.1534149169922,448.08631286621096,408.2353961181641,443.99822401350303,422.7909040614895,0.009331840852225238,66.93091996216427,14.005447895333361,15.258446377534296,448.08631286621096,467.05189023867723,429.1207354937447,0.7331858768599283,0.9715128334694416
2025-06-04,460.32309699178137,461.9997072455568,459.35085196524574,460.1941223144531,14162700,0.0019438705388599153,0.014233778245956508,0.0724920921383676,454.71889343261716,449.64158935546874,409.6542694091797,445.5406905183554,424.25769693415475,0.00905748306788126,64.56166490339419,13.616054080779122,14.929967918183262,449.64158935546874,467.0883523884445,432.194826322493,0.716474939126964,1.265033630086529
2025-06-05,461.2755213187348,465.9283588981049,460.3528981592645,463.9739685058594,20131700,0.00821359076121242,0.019621452056126643,0.08120121402330893,456.217919921875,451.38387603759764,411.1075439453125,447.2962408028796,425.815197780104,0.009076617450154669,66.8520046354674,13.45733094127445,14.635440522801499,451.38387603759764,467.07670670705176,435.69104536814353,0.573903968472251,1.0848485800363246
2025-06-06,466.3648469522318,469.5890928719542,465.06523024972654,466.6525573730469,15285600,0.005773144721488155,0.021765538933515183,0.0754810285160945,457.7576202392578,453.0214416503906,412.7171789550781,449.1396995238479,427.4166628621802,0.008931797897340355,68.00805172760576,13.39329191321849,14.387010800884898,453.0214416503906,467.8440152006136,438.1988681001676,0.6723409725230799,1.4543036221006431
2025-06-09,465.9780260656937,469.6784495081475,464.90656722268056,469.00384521484375,16469900,0.005038626285545522,0.023334922772373146,0.07952032582744595,459.9967407226562,454.748844909668,414.36175842285155,451.0315229229904,429.0475327583631,0.008918085005404919,66.32949815545642,13.378055899549167,14.185219820617753,454.748844909668,468.4731318988036,441.02455792053235,0.6065077068610294,1.4178969369198784
2025-06-10,467.45614299188406,469.0533703074369,463.2596519580402,467.1882934570313,15375900,-0.003871080751972844,0.017171720191875517,0.05013694328270013,461.0116363525391,455.8640991210938,416.20333190917967,452.57026297385147,430.54324886419323,0.007701570617602236,64.61147211450523,13.068832034660204,13.961942263426245,455.8640991210938,469.83568326898745,441.8925149732001,0.4481007409544067,2.2045954720450673
2025-06-11,466.29544434484353,471.7022694228479,465.9383115986028,468.8748474121094,16399200,0.003610009023552685,0.018863181159286313,0.05420947108694629,462.5255462646484,457.06962127685546,418.1461706542969,454.12308053939984,432.0464488072488,0.007677620869702155,75.23280002344977,12.812169982691785,13.731987807279353,457.06962127685546,471.1687828767795,442.9704596769314,0.37098291435702596,2.2239217787389274
2025-06-12,471.2557893550323,476.6130223697302,469.7676758011157,475.0752868652344,18950600,0.013224082049501096,0.023926597423395757,0.059189129682206465,464.52854309082034,458.3970184326172,420.0783441162109,456.11852876090785,433.73385422128746,0.007936214408664115,77.47764364095593,12.959695795983578,13.577529405020199,458.3970184326172,474.0257977121581,442.76823915307625,0.3506155990465395,1.654692657903673
2025-06-13,472.6348110082228,475.3828499324856,469.0137405811006,471.1962890625,16814500,-0.008165017019365006,0.009736862292218929,0.048176019515423274,465.9769744873047,459.47986907958983,421.9339270019531,457.5545059324881,435.20296931309974,0.008314433335812676,78.86765106967195,12.618154134999884,13.385654351016136,459.47986907958983,475.5202092962346,443.43952886294505,0.3759476747417588,1.0835630270366334
2025-06-16,471.4442896166044,476.8808754060361,471.2359621947383,475.3431701660156,15626100,0.008800750769422105,0.013516573511818342,0.05474715090093074,467.6803680419922,460.71351470947263,424.05128967285157,459.2486644309193,436.7770948367435,0.008437378255324054,75.2118148618445,12.537573216447072,13.216038124102324,460.71351470947263,477.6700342030066,443.7569952159387,0.2612180890364037,0.7845594647954502
2025-06-17,471.63279762120845,474.9463269378011,470.3232503868908,474.25189208984375,15414100,-0.002295768919517105,0.015119382766516365,0.041776618779789665,469.17542724609376,461.66442108154297,426.4096405029297,460.67754325557877,438.24669472902195,0.008318498997266837,80.09308951409301,12.2445081691518,13.02173213311222,461.66442108154297,479.4402913090075,443.88855085407846,0.4676935438742665,1.1272535847266552
2025-06-18,474.2122082515913,477.1884355000323,470.7002516212213,476.4344482421875,17526500,0.004602103204535579,0.016122854258022734,0.04816989266731775,470.79945983886716,462.75917663574216,428.85085632324217,462.17820087335105,439.7442536903225,0.008291469693750641,80.59017363294114,12.049467290470318,12.82727916458384,462.75917663574216,481.3649454529378,444.15340781854655,0.35551043534465393,1.1102754795789198
2025-06-20,478.4087168746746,479.6289507141904,473.09117492174096,473.6169738769531,37576200,-0.005913666351435087,-0.003069646072107579,0.05486450859002434,471.7637603759766,463.99084014892577,431.30107971191404,463.26760782607505,441.0725956584257,0.007812558758047587,73.40660266484521,11.534585828858269,12.568740497438728,463.99084014892577,482.0090631573981,445.97261714045345,0.6026193051981232,1.4344131117176517
2025-06-23,474.4205253141637,483.884936234588,468.7657118311512,482.1488037109375,24864000,0.01801419776859814,0.02324405964705023,0.06846065211660535,473.3133850097656,465.5355026245117,433.21034057617186,465.0658169579667,442.6834273467595,0.008522946382486777,77.69069507879576,11.68034221088908,12.391060840128798,465.5355026245117,484.2405382597473,446.8304669892761,0.5481218623634813,0.4707858151060371
2025-06-24,485.0754151445847,487.9524285572733,482.9424282150726,486.2261962890625,22305600,0.008456709934241635,0.02289509307401194,0.08869779385200949,475.0356201171875,467.51618041992185,435.3821685791016,467.08109117997583,444.3909869131243,0.007955910948503269,79.18276673809576,11.986691579556918,12.310186988014422,467.51618041992185,486.1737066241488,448.8586542156949,0.5893925985772208,0.6726517469558685
2025-06-25,488.1409215620263,490.64094135329833,485.5119270894243,488.36907958984375,17495100,0.0044071736922772775,0.02976727712733207,0.0685493345637247,477.15369873046876,469.0826675415039,437.45623779296875,469.1085186475823,446.1156179984859,0.006575473454635932,79.73198486114116,12.261050674962348,12.300359725404007,469.0826675415039,489.23729151303365,448.92804356997414,0.10366227893921183,0.2918849447048704
2025-06-26,489.07347716233096,494.09337765578726,488.9048109762518,493.508056640625,21578900,0.010522732223541276,0.035836217262271486,0.0876552233307839,479.6170196533203,471.0712829589844,439.64576110839846,471.4322841707292,447.97414500406,0.006264400892357184,80.29715707386265,12.746224196211642,12.389532619565536,471.0712829589844,492.64842484522467,449.4941410727441,0.01326949760700148,0.4756488582138765
2025-06-27,493.60726767719865,495.3434002058453,489.1230962739066,492.0100402832031,34539200,-0.0030354445834563926,0.038835319299659554,0.08123305562867489,481.3104949951172,472.9195190429688,441.84651916503907,473.3920704671553,449.7010428581441,0.006467826324915194,76.65834641139139,12.861589904333925,12.483944076519215,472.9195190429688,495.0423935550489,450.79664453088867,0.08243875873184704,0.11006752413754542
2025-06-30,493.101351114434,496.7918742042072,491.4048797426009,493.4684143066406,28369000,0.0029641143554672844,0.023477421303506052,0.08048056808916582,483.53770751953124,474.757341003418,444.35609375,475.304103213773,451.4174103659283,0.0064712454952747436,76.2117354634168,12.921742846705797,12.571503830556532,474.757341003418,497.3138119567192,452.2008700501168,0.10010649185792932,0.10482675685934915
2025-07-01,492.5358672063285,494.1033336285329,487.0893808236798,488.15087890625,19945400,-0.010775837411726052,0.003958409957910414,0.06511246563012874,484.8184783935547,476.2494232177734,446.8351715087891,476.52760566067553,452.8579385439801,0.007257035857887449,70.89189167482478,12.39742403347077,12.53668787113938,476.2494232177734,498.16358005089694,454.3352663846499,-0.08351285833757344,-0.14805332593931292
2025-07-02,486.107196925814,489.5893925672679,484.82744098086494,487.198486328125,16319600,-0.0019510209225863662,-0.0023969438497249973,0.060738313338828176,486.11313781738284,477.64428253173827,449.4667138671875,477.5438800099564,454.20462669237793,0.007345276859192087,68.53305197742826,11.769377418197223,12.38322578055095,477.64428253173827,498.54416535707895,456.7443997063976,-0.006951717649500443,-0.2982960570651585
2025-07-03,489.8969449330373,496.1668712111537,489.52988173373706,494.8870849609375,13984800,0.015781244910589187,0.0027943380087849246,0.07538767003803337,487.9584014892578,479.3789306640625,452.09952880859373,479.19561381481174,455.8000172127136,0.007875291930098715,69.45262967998609,11.756529648526907,12.257886554146141,479.3789306640625,499.93668139183865,458.8211799362864,-0.047870770640151834,-0.6248398832522896
2025-07-07,493.4386378219278,494.7977767455099,491.3056810299541,493.7759399414063,13981600,-0.002245249579747921,0.0035891537034218324,0.06423199028065851,489.97429809570315,480.86902923583983,454.56019470214846,480.58421630305884,457.289269084427,0.007904900224078288,73.4445997578556,11.523847837130063,12.111078810742926,480.86902923583983,501.04198371060517,460.6960747610745,0.1379087671138754,-0.6444812574384643
2025-07-08,493.2997134401056,494.2521279146218,490.1945116420166,492.68463134765625,11846600,-0.002210129140515771,-0.0015883143404135103,0.055784702265756714,491.027880859375,482.17063293457034,456.7433514404297,481.7366367834967,458.67732250651443,0.00796663604189033,69.22566817151551,11.123165415170831,11.91349613162851,482.17063293457034,501.83422673477685,462.5070391343638,0.28201208840277125,-0.6701177169190243
2025-07-09,496.3354955466416,502.76415743455226,495.7799355375845,499.5200805664063,18659500,0.013873883583607638,0.023290343521720436,0.06506606643615798,492.3572692871094,483.6964447021484,458.97310302734377,483.4302980961548,460.27899929317687,0.00833671345696323,74.84877438886316,11.227758721226508,11.776348649548108,483.6964447021484,503.78937290919674,463.6035164951001,0.2070825823269652,-0.9952450717069959
2025-07-10,499.0637004891913,500.4427003321828,493.8057110553557,497.5061645507813,16492100,-0.0040317018153532835,0.021157040737836308,0.06489432958477681,493.2709777832032,485.21233825683595,461.1762414550781,484.7708568061192,461.73888812680843,0.008343947570033537,70.79091708632711,11.021099108243334,11.625298741287155,485.21233825683595,504.62436935026255,465.80030716340934,0.2072790009667655,-0.9995904566767968
2025-07-11,494.5199698227688,501.0279839194423,493.85526578992295,499.33154296875,16459500,0.003669056884183286,0.008980751656033403,0.06495698313684817,493.8533264160157,486.735173034668,463.35884826660157,486.1575888216078,463.21310988531593,0.0083441175582255,75.87853702271937,10.879203967786907,11.476079786587107,486.735173034668,505.5191854833978,467.95116058593817,0.20609064561299864,-1.0001584083484676
2025-07-14,497.5458219138798,499.9764196247383,497.0597144820079,499.033935546875,12058800,-0.0005960116601197996,0.01064854558545858,0.05043126709396062,494.5557159423829,487.93310546875,465.5113415527344,487.3839075573475,464.61784814655357,0.008035493726426281,70.36857603277741,10.620312266051315,11.304926282479949,487.93310546875,506.6419078381761,469.2243030993239,0.39800985950835505,-0.65137063548612
2025-07-15,499.033906939414,504.27206541624594,498.805748905247,501.8117370605469,14927200,0.005566357948438405,0.018525249484492745,0.06497387332773763,495.39004821777354,489.46387786865233,467.1224633789063,488.7579865576522,466.0764320255337,0.007654451942187441,69.40943966750021,10.518038691525248,11.14754876428901,489.46387786865233,507.4007362311644,471.5270195061403,0.32230545412707046,-0.5108712541191993
2025-07-16,501.1768265275145,502.70463167926073,497.9129190668174,501.61334228515625,15154400,-0.00039535698497761285,0.004190545686124203,0.05526569806391812,496.73629455566413,490.7773864746094,468.5339422607422,489.98230615074783,467.4700363494404,0.007574844756357226,67.33320124252197,10.30221976995341,10.97848296542189,490.7773864746094,508.2004849967377,473.35428795248106,0.5051337832677735,-0.2787130127484744
2025-07-17,501.67285674255714,509.3019216630888,501.6133346197656,507.6451721191406,17503100,0.012024859240198138,0.02037966218471743,0.07041253938312342,498.7809631347657,492.4470504760742,470.0484307861328,491.66448386202336,469.0455318698208,0.007750534982601145,68.07919414026291,10.496898268071618,10.882166025951836,492.4470504760742,509.6002634042949,475.2938375478535,0.2797151084934387,-0.6251605272124809
2025-07-18,510.4030974050004,510.5618634291492,503.4089756844231,506.0082092285156,21209700,-0.003224620227927244,0.01337120867644348,0.06207309546033235,499.8930755615235,493.9257385253906,471.5868231201172,493.03055294454646,470.49504862898533,0.007885004142831421,67.83810940655198,10.39921745033007,10.785576310827484,493.9257385253906,510.35021717499404,477.5012598757872,0.39578098603192985,-0.7053956057977437
2025-07-21,502.69466780228106,508.0320701704435,501.5438563610088,506.0181274414063,14066800,1.9600893246041196e-05,0.013995424753784569,0.06841214599895462,501.11729431152355,495.5457962036133,473.1246209716797,494.26746480139025,471.8881105431979,0.007637948552661102,66.6053163707059,10.204968491015848,10.669454746865158,495.5457962036133,509.78188696184384,481.30970544538275,0.39663557467300115,-0.544067976328755
2025-07-22,506.9209264172623,507.1491147296819,501.2660827636719,501.2660827636719,13868600,-0.009391056209314685,-0.0010873685419781065,0.039650163819955786,501.9754394531251,496.50166015625,474.4719177246094,494.9339998454171,473.0401878851773,0.007318746400619732,67.617189235994,9.557402711095506,10.447044339711228,496.50166015625,509.46016545443854,483.5431548580615,0.30345649801406804,-0.5012001624405681
2025-07-23,502.734390153368,502.77408166088094,496.73234393031225,501.8613586425781,16396600,0.0011875446980658122,0.000494437321567176,0.03215614969502889,502.2095672607422,497.2834182739258,475.820029296875,495.59374830228955,474.1704298756636,0.007158473166392864,69.8869134421063,8.988620729006811,10.155359617570346,497.2834182739258,509.49688692225374,485.06994962559787,0.45013569966464906,-0.17681175507346686
2025-07-24,504.73833906736274,509.5995039044367,503.27998658866585,506.8316345214844,16107000,0.009903683145380482,-0.0016025713280403142,0.037804512413329716,503.1421142578125,498.2065460205078,477.0589978027344,496.6640231803081,475.4512614304017,0.007373863342177839,67.48973801881861,8.83704863960213,9.891697421976703,498.2065460205078,510.37390166123714,486.03919037977846,0.3676050298155421,-0.5177157216138885
2025-07-25,508.4090573683804,514.1829458042694,506.3157919577708,509.6392822265625,19125700,0.005539606279171716,0.0071759171725356286,0.032686853575896846,504.1728881835937,499.0131072998047,478.35649536132814,497.8997621370942,476.79196812829036,0.0071472700010787454,72.12842581024812,8.841560367800241,9.681670011141412,499.0131072998047,511.981347154214,486.04486744539537,0.424468892015666,-0.2021406162017835
2025-07-28,510.0063088656235,510.91900158393673,506.07766717141,508.4388122558594,14308000,-0.0023555287289833693,0.004783790704678603,0.033391131537071406,505.1133758544922,499.8345458984375,479.55472473144533,498.90348119602425,478.03302083917544,0.007125476359829021,71.90942755370381,8.648572688608112,9.475050546634753,499.8345458984375,513.014579859181,486.654511937694,0.418664172912083,-0.1774054844552419
2025-07-29,511.4448055642593,513.5182098314434,507.5062336187249,508.50823974609375,16469200,0.0001365503351844488,0.014447729921188923,0.030477787439719295,505.78302612304685,500.58653717041017,480.7341040039062,499.8182201055547,479.22812746297615,0.007126450612745376,65.39756458085296,8.404350657822647,9.260910568872333,500.58653717041017,513.9521148611681,487.2209594796523,0.4836979452585482,-0.13499524164848142
2025-07-30,511.08761139494,511.8614594904868,505.4030371218621,509.17291259765625,26380400,0.0013071034048424135,0.014568872118096987,0.04306462325440896,506.5389831542969,501.6376388549805,481.9041571044922,500.70914320004056,480.4024327623754,0.006514540046954901,70.95493678641105,8.170254870775523,9.042779429252972,501.6376388549805,514.1656505825998,489.1096271273611,0.7169564873814728,0.017656014670868084
2025-07-31,550.8301225339796,551.0484106553389,527.6850421089878,529.2723388671875,51617300,0.03947465737521205,0.04427644767456185,0.08635875052929864,508.7016998291016,503.74133148193357,483.3849285888672,503.4294475492926,482.3188996684465,0.01050932730814529,82.46546963392788,9.497111208740762,9.13364578515053,503.74133148193357,519.7162769013078,487.76638606255943,2.1321890488369415,6.103552221892587
2025-08-01,530.7605061500977,531.5541546097426,516.7325410439772,519.956787109375,28977600,-0.017600677522182195,0.020244720614424283,0.05065741845014271,510.0965576171875,504.9948165893555,484.69327758789063,505.00347988834807,483.79489525436526,0.011201539055866945,68.97602531337402,9.685320892178765,9.243980806556179,504.9948165893555,521.9487076622644,488.0409255164466,1.7655791841070163,6.0026350944804125
2025-08-04,524.0839138486996,533.9848111754816,523.9450087012631,531.3955078125,25349000,0.02199936799886193,0.04515134368831042,0.07618752723261046,512.6342956542969,506.8757949829102,486.341513671875,507.51700635731487,485.6615859429196,0.011944500642171766,73.18818287330552,10.634895134527085,9.52216367215036,506.8757949829102,526.6943679646776,487.05722200114275,1.373559953043328,3.575064573188052
2025-08-05,532.9231983823397,533.0422426180032,523.0619638515897,523.5679321289062,19171600,-0.014730225544841602,0.029615434334617774,0.06268371046357557,514.8644805908203,508.41996002197266,487.78776123046873,509.04566595460926,487.14810932276225,0.012583991611322847,65.37010036816525,10.633246180017181,9.744380173723725,508.41996002197266,528.3948633297194,488.44505671422587,1.1617206938466682,2.8326461106379828
2025-08-06,526.6930670104376,527.486715540996,519.8775111011839,520.7802734375,21355700,-0.005324349564480024,0.022796501056244978,0.04256123767234099,516.7563720703125,509.4829696655273,489.27111389160154,510.1632476196465,488.46701771941866,0.012451946571616074,59.633282126932734,10.288400337938356,9.853184206566652,509.4829696655273,529.7246896028062,489.24124972824853,1.4006595036348324,3.566856703076399
2025-08-07,522.6255013664995,523.9053178574718,513.4488005319126,516.7127685546875,16079100,-0.007810405060015513,-0.02372988231234885,0.038605760837654435,517.7444854736328,510.4432998657227,490.46458251953123,510.78701151822185,489.57469422276256,0.012578842685041934,57.58047009974607,9.576501920154442,9.79784774928421,510.4432998657227,530.1067084311094,490.779891300336,1.3866250032293592,3.4097379549696516
2025-08-08,518.4587582353118,520.502431840537,515.2940341981842,517.9031982421875,15531000,0.002303851888215913,-0.003949537573312845,0.03719303443764166,518.5708770751953,511.3718826293945,491.7479315185547,511.4647435871709,490.6856159490145,0.012572840146316865,58.27804714746496,9.004575876504248,9.639193374728219,511.3718826293945,530.5745107193435,492.1692545394455,1.4065662037689213,3.4604842883348677
2025-08-11,518.1612057268388,523.4093257403006,515.6016330725902,517.6354370117188,20194400,-0.0005170101891194268,-0.025894217392662622,0.037275023079260006,519.4905395507812,512.3019577026367,492.99973388671873,512.052428675223,491.7424716769637,0.012572026494549703,62.161048158233896,8.4325095518235,9.397856610147276,512.3019577026367,530.7765535111415,493.8273618941319,1.4058341526626128,3.4600995828421284
2025-08-12,519.5997169841131,526.7724058726347,518.5580494708657,525.0462036132812,18667000,0.014316575086791739,0.0028234568881331246,0.046301162043029365,521.1443359375,513.4636810302734,494.3664184570313,513.2899310502762,493.0485003803487,0.012855189988549807,65.64051886708182,8.47938472945674,9.21416223400917,513.4636810302734,532.082318166094,494.84504389445283,1.2527463884581542,2.705549470268332
2025-08-13,527.8934364066101,528.4787877679453,515.2544004746543,516.454833984375,19619200,-0.016363073515781812,-0.008305689892157742,0.029587513824107292,521.8725280761719,514.2057556152344,495.5293304443359,513.5913503773332,493.9663958158007,0.013513227693187913,56.18942971511307,7.734127707581877,8.918155328723712,514.2057556152344,532.0005378522944,496.41097337817433,1.1210427386467432,2.13882677731272
2025-08-14,518.4191046945965,521.7822560401938,516.0182983192124,518.3397216796875,20269100,0.0036496660913614143,0.003148660578972784,0.021066977778795737,520.7792663574219,514.7404830932617,496.7100988769531,514.0435762156527,494.9222125163453,0.01329944822300809,55.66315231430298,7.212460082575774,8.577016279494124,514.7404830932617,532.3469266248873,497.1340395616361,1.2525864821215624,2.6717125199138114
2025-08-15,518.627406652342,521.9309749680182,514.9666450837208,516.0479736328125,25213300,-0.0044213243767013966,-0.003582184114081177,0.01984110973140929,520.3883850097657,515.2424713134766,497.8271759033203,514.2344712077631,495.7506737365989,0.013322724146291228,54.883458744254845,6.538735346053045,8.16936009280591,515.2424713134766,532.3665057428111,498.11843688414206,1.2588184739256536,2.657541441826644
2025-08-18,517.4567900842618,518.6770238166106,509.9467697824549,513.0023193359375,23760600,-0.005901882097190669,-0.008950541915228927,0.013802256314107808,518.5490661621094,515.5916809082031,498.80774291992185,514.1171234104464,496.4272088581416,0.013412701216991618,52.77811105192048,5.693414650211253,7.674171004286979,515.5916809082031,532.200780830533,498.9825809858733,1.2990754318875264,2.635866738065064
2025-08-19,510.9190052431903,511.0777107186651,504.5201046206217,505.7304382324219,21481000,-0.014175142741905788,-0.03678869640030047,0.008906159068525543,516.7653167724609,515.8148986816407,499.58930053710935,513.3183914887298,496.7920413826232,0.01364411932176634,48.032667996777334,4.386151058029611,7.0165670150355055,515.8148986816407,531.7183592287018,499.9114381345795,1.23983280096742,2.4141074014078563
2025-08-20,505.829663283555,506.9507137373093,500.4426991689255,501.7125549316406,27723000,-0.007944713224745104,-0.028545146802092636,-0.0002965036227136064,514.858544921875,515.8074584960938,500.2434747314453,512.213073721388,496.985002698271,0.013773188449268007,30.70297010906461,2.991442156308892,6.211542043290184,515.8074584960938,531.7385204094285,499.876396582759,1.3022191268332972,2.4086935747007976
2025-08-21,500.5201238427197,504.4353306174317,499.5562271428435,501.066650390625,18443300,-0.0012873995969736596,-0.03332384258163523,-0.01137455466113968,513.2939331054688,515.5192092895508,500.92104187011716,511.1515095946487,497.1450673136574,0.013578795259176409,34.945638208108264,1.8131058493377736,5.331854804499701,515.5192092895508,532.3190102939394,498.71940828516205,1.4741520540852826,3.023021748900306
2025-08-22,501.07655468445085,507.5157843906416,499.248138173549,504.0378112792969,24324200,0.005929672003426312,-0.023273344664000772,-0.010991050224373189,511.9073944091797,515.2391357421875,501.6243011474609,510.47401451699614,497.4153709985845,0.013588181070858076,24.795840728290273,1.1062613965411856,4.486736122907998,515.2391357421875,532.6281121331972,497.8501593511778,1.4673706044395616,2.995282077949129
2025-08-25,503.44159720621536,504.9917771303553,500.9473838488724,501.0865173339844,21638600,-0.005855302676245344,-0.02322757919959828,-0.014460530440731034,510.25250244140625,514.8715209960938,502.14452575683595,509.57996716623313,497.55933752154135,0.01363624904858707,27.24364498287224,0.3044280615726507,3.6502745106409287,514.8715209960938,533.1537399729679,496.58930201921964,1.4912305826415948,2.9985675719151406
2025-08-26,501.185838877316,501.8019624337255,495.37267961289456,498.8804626464844,30835700,-0.004402542497525697,-0.013544716845359073,-0.018933374814962045,507.63592834472655,514.3901321411133,502.6982092285156,508.5609667357809,497.6111463499705,0.013660383786670114,27.568242750824467,-0.5032397749306483,2.8195716535266135,514.3901321411133,533.8471058074114,494.9331584748153,1.5374941202699752,3.0768459130581647
2025-08-27,498.8407434548062,504.09746017877256,496.75395340313815,503.5509033203125,17277900,0.009361843214007903,0.00366414667243542,-0.01104145397024725,506.3455352783203,514.1090316772461,503.2623638916016,508.0838178390696,497.84407799586626,0.013845357916362612,36.682920553010206,-0.7577222737098737,2.104112868079316,514.1090316772461,534.0400433104913,494.17802004400085,1.4030607462366012,2.543157248341357
2025-08-28,503.8986776721373,507.8735040841052,502.3186878124423,506.4326477050781,18015600,0.005722846222226963,0.010709148793418777,-0.04315300363324037,505.1548278808594,512.9670471191406,503.9059790039062,507.9265635405942,498.1808846511295,0.01033222883800762,38.77824716428692,-0.7185853942112885,1.5395732156211954,512.9670471191406,531.8284989177822,494.10559532049905,0.560347867812336,0.18404193956037793
2025-08-29,505.458793364042,506.39287997665497,501.3150235761296,503.5011901855469,20961600,-0.005788444984373142,-0.0010646445201958343,-0.03164800870339757,503.9001495361328,512.1442672729493,504.44731384277344,507.5050994115421,498.38952408385177,0.009722307054647827,36.8573032164374,-0.9135820526383895,1.0489421619692785,512.1442672729493,531.1569493430807,493.13158520281786,0.7013458377817793,0.5100071891646134
2025-09-02,497.32034095368414,502.81553721257154,493.6833711758906,501.9410705566406,18128000,-0.0030985420875198066,0.0017054005507928238,-0.05542846490575193,502.7940246582031,510.6715454101562,505.0137957763672,506.9751919015515,498.52880041611803,0.007985758757209012,25.892778101007536,-1.180400008382776,0.6030737278988676,510.6715454101562,527.8832711858355,493.45981963447696,0.2915778634264043,-0.09516283619170572
2025-09-03,500.6194673133705,504.5942937991858,499.1587173668126,502.1696472167969,16345100,0.000455385449735779,0.006593131654953677,-0.040870121332872156,502.4379455566406,509.6016311645508,505.4142126464844,506.51752097919393,498.671578722027,0.0075006025009513025,31.944366216844458,-1.3577595277896535,0.21090707676116344,509.6016311645508,526.0827386737939,493.1205236553077,0.2524364606818848,0.21820007785539233
2025-09-04,501.1262158347851,504.95199223037696,499.983459333639,504.7731323242188,15509500,0.005184473258890376,0.0024272203581547913,-0.03073684225330442,502.74400329589844,508.80127410888673,505.7851513671875,506.3513887263391,498.9108553338777,0.007626733211004736,33.15856069039374,-1.273557951487419,-0.08598592888855305,508.80127410888673,524.5343684753009,493.0681797424725,0.06475082472388434,-0.029128430156733467
2025-09-05,505.86622472604114,508.74796779288187,489.27131242222254,491.884765625,31994800,-0.025532988730748274,-0.028726193198646444,-0.048049911751038454,501.82581481933596,507.5598739624023,505.85546508789065,504.97361509764016,498.6353224041178,0.009251162420269616,26.25191956279211,-2.2212063910574216,-0.5130300213223268,507.5598739624023,524.5336850939973,490.5860628308074,-0.6462980123500068,0.9579348801263561
2025-09-08,494.97517595073856,498.0457560062632,491.91457299081776,495.0646362304688,16771000,0.006464665766642286,-0.016755777582112774,-0.044098128934586533,500.9284973144531,506.4179458618164,505.8865966796875,504.0299028245762,498.49529549534725,0.009408389454005775,32.41687695572847,-2.684688209759372,-0.9473616590097359,506.4179458618164,523.5342069430537,489.3016847805791,-0.6463312849611738,0.7841821332896991
2025-09-09,498.2742984765216,499.0891451753406,494.5677922273047,495.2733154296875,14410500,0.00042151909861232184,-0.013283940123805293,-0.043200522960959886,500.34717712402346,505.29983978271486,505.95186218261716,503.1959421203011,498.36894333590965,0.009419612771961988,38.10204368119013,-3.0005734796336583,-1.3580040231345205,505.29983978271486,522.2515223530971,488.3481572123325,-0.6596941858450268,0.7800131661797326
2025-09-10,499.8145678368591,500.06299449245154,493.5939546766565,497.2209777832031,21611800,0.003932500081951451,-0.0098545769562558,-0.0529957661603675,500.1812286376953,503.90857849121096,506.02691345214845,502.6268978977203,498.3239250789408,0.008723939763579505,44.6368993418543,-3.0584982927346687,-1.6981028770545503,503.90857849121096,518.4296687170396,489.3874882653824,-1.0060575606876803,1.103750578716148
2025-09-11,499.0891506177463,500.0033740526988,494.7466575341409,497.8569641113281,18881600,0.0012790818500065804,-0.013701537918718643,-0.0360106414912742,499.61183471679686,502.9786849975586,506.22103515625,502.1726184894925,498.30561288413253,0.00814024113438185,46.16661404506027,-3.0182923475618395,-1.9621407711560082,502.9786849975586,516.4617290307835,489.4956409643337,-1.3167322773737218,2.621540793910197
2025-09-12,503.4614629424367,509.3243260516039,500.67909648146514,506.6910095214844,23624900,0.017744143492950837,0.030101041811431584,-0.022473122685746194,499.6376708984375,502.39624938964846,506.6108856201172,502.6029414449203,498.63445196795027,0.009180523729764124,52.779511271367305,-2.2476852940086474,-2.019249675726536,502.39624938964846,513.9543364976612,490.8381622816357,-0.6223119242910528,1.9313068272846592
2025-09-15,505.5880086221314,512.2259313574772,503.80926524972944,512.1166381835938,17143800,0.010707963157335909,0.03444399115833163,-0.007618158872988889,500.4992156982422,502.1996826171875,506.9554766845703,503.5090078009844,499.16316515287747,0.009509489519348449,60.98571264476099,-1.185504999301486,-1.852500740441526,502.1996826171875,512.8806362229122,491.51872901146277,-0.7113515294780993,1.6105409704399272
2025-09-16,513.6271130220401,513.9748860992247,505.3992229340873,505.8364562988281,19711900,-0.01226318657999581,0.021327902271448318,-0.013968480778771775,500.8887542724609,501.84138946533204,507.1966870117187,503.73066956268383,499.4248628448755,0.009807067439632302,56.40795399675389,-0.840785602525898,-1.6501577128584004,501.84138946533204,511.42047677750026,492.26230215316383,-0.6348360323195036,1.0533759397348783
2025-09-17,507.4064717390096,508.07226852063866,502.74598524416496,506.8102416992188,15816600,0.0019250992850847748,0.019285718713575095,0.0021351363990882444,501.3528137207031,501.8953796386719,507.47919921875,504.02396214711575,499.7144855450459,0.009285998913022614,53.221989713709476,-0.48344381410908,-1.4168149331085365,501.8953796386719,511.57836888645477,492.212390390889,-0.8558823428769173,2.1549206190719232
2025-09-18,508.270998935228,509.8410724066984,504.4651158521554,505.2501525878906,18913700,-0.0030782509566057437,0.01485002522714396,0.0070510447097182904,501.4005157470703,502.0722595214844,507.5938006591797,504.14074218909434,499.9315705271182,0.009125153832557334,48.79969070854618,-0.3224173982860634,-1.1979354261440418,502.0722595214844,511.86975308365476,492.27476595931404,-0.9526452785219457,2.6432392341835507
2025-09-19,507.34691829589656,516.0319056285313,507.09849160720086,514.6705322265625,52474100,0.01864498128386649,0.015748301341707016,0.027149844886567687,503.67909240722656,502.75245361328126,507.9370880126953,505.14357933551986,500.50956902513565,0.00998056264001155,60.017911939350405,0.55890044737572,-0.8465682514400894,502.75245361328126,514.0326983461226,491.47220888043984,-0.7040635924843436,1.8543340514242217
2025-09-22,512.3452424901319,514.48167541423,509.3143886623668,511.21240234375,20009300,-0.00671911381413659,-0.0017656833862124133,0.014234231845113632,505.2938690185547,503.1111831665039,508.1747052001953,505.7215624791608,500.9292879788068,0.010077890002651154,58.04176699719635,0.9671601882553205,-0.4838225635010075,503.1111831665039,515.0032723212075,491.2190940118003,-0.5101824329953002,1.4855940148791156
2025-09-23,510.56645428814153,511.35152134239047,504.1173079645634,506.0252380371094,19799600,-0.010146788855002531,0.000373207063133707,0.00985602392457352,506.3690612792969,503.35811920166014,508.31453125,505.7504839608702,501.1291291575638,0.010269905339340822,53.07937543599691,0.8622091552152256,-0.2146162197577609,503.35811920166014,515.2782602476959,491.4379781556243,-0.46680294289220425,1.147758148717282
2025-09-24,507.1679860456216,509.2547456727144,503.72976965544393,506.9394226074219,13533700,0.001806598765426548,0.00025489009016466113,0.0161540901365147,507.3409057617188,503.76106719970704,508.4170849609375,505.8637162129228,501.35698380265626,0.010206259533867255,51.778150170836966,0.8430832214884276,-0.0030763315085232112,503.76106719970704,515.5883804259731,491.9337539734409,-0.5702617950378022,1.3398996548326565
2025-09-25,505.1010467430239,506.8003068435259,501.8615838862597,503.8390502929688,15786500,-0.006115863505951946,-0.0027928785131368095,0.0005722300779451572,507.9391143798828,503.77547454833984,508.46159912109374,505.67089088721286,501.45431974345286,0.010113351161493046,61.69096674611456,0.5711675819855486,0.11177245119029115,503.77547454833984,515.6024118419282,491.9485372547515,-0.3844979244354225,1.3080678303948594
2025-09-26,506.849997214163,510.70558375978015,503.4316440082871,508.2411804199219,16213100,0.008737175342787173,-0.012492170046779272,0.0035711218916063547,508.09413146972656,503.865901184082,508.47351928710935,505.9156803665185,501.7204711425301,0.01022377126532797,62.585427006154845,0.70278630666769,0.22997522228577094,503.865901184082,515.8054994979925,491.92630287017147,-0.3956245060143348,1.1595241623572723
2025-09-29,508.2808926445399,513.5971983462931,505.6773863749633,511.3613586425781,17617800,0.0061391684555711645,0.0002913784918856521,0.015611022595864554,508.018603515625,504.25890960693357,508.5805822753906,506.4343163928098,502.0985451621398,0.010202205378550523,64.55670195966906,1.0468005354292131,0.3933402849144594,504.25890960693357,516.6566283572292,491.86119085663785,-0.5698576923731716,1.3352249456940612
2025-09-30,510.0099885223437,514.8990082310244,506.45253207823936,514.6903686523438,19728200,0.006510093016419027,0.0171239099631606,0.02539998984654601,508.90399475097655,504.89637451171876,508.7540270996094,507.220607084194,502.5923421617557,0.010233937900865865,65.42108088754811,1.5699600540649499,0.6286642387445576,504.89637451171876,518.0785556535053,491.7141933699322,-0.7078552334236897,1.4264114093533233
2025-10-01,511.5600762745242,517.2341620265153,508.4696637232757,516.439208984375,22632300,0.0033978493450546043,0.01873949026905697,0.02841581893024614,509.8668914794922,505.60985260009767,509.05748962402345,508.09856916992555,503.1353565469565,0.010242230603641898,66.08737601351146,2.1014602156188857,0.9232234341194232,505.60985260009767,519.6850490716139,491.53465612858145,-0.7534895612515481,1.4622527045171083
2025-10-02,514.3823296081488,518.3173691617891,507.4661094259624,512.4942626953125,21222900,-0.007638742799603859,0.01717852635144279,0.01529623879849118,510.5913024902344,505.9959091186523,509.2701477050781,508.51720664853383,503.502372474343,0.010396481800636468,55.488745748838916,2.1792328864767683,1.1744253245908922,505.9959091186523,520.3943169141043,491.59750132320045,-0.5564048189666818,1.0121047993147305
2025-10-03,513.8456285403139,517.2143082734997,511.7588690628015,514.0940551757812,15112300,0.0031215812486466987,0.011515939639175965,0.04515140761182468,510.5336547851563,507.1063735961914,509.41539611816404,509.0483350797002,503.9177325802818,0.008347519029427422,52.016160132911416,2.342950101272038,1.4081302799271214,507.1063735961914,520.297560209,493.91518698338285,0.18637243796259226,-0.15539263783638016
2025-10-06,515.3461902238155,527.6880704621805,514.9387971845453,525.2435302734375,21388600,0.02168761724708901,0.027147478776476053,0.06095950272828499,511.936767578125,508.61531829833984,509.72748107910155,510.5907346219609,504.75403837217027,0.009382537605369662,68.000020361933,3.333935105254909,1.793291244992679,508.61531829833984,522.8682950989448,494.3623414977348,0.375368079643192,-0.2943733028827383
2025-10-07,524.9652461341774,526.4657528279373,518.1583800775612,520.682373046875,14615200,-0.008683890354990176,0.011641959437128424,0.051303102399415934,513.4024810791016,509.8857711791992,509.97235229492185,511.5518430433813,505.3786789476489,0.009728992482707827,62.06359365460744,3.7085012970796924,2.176333255410082,509.8857711791992,523.6528077886675,496.11873456973086,0.3924658657760501,-0.509616428002506
2025-10-08,519.9867481874902,523.6336339322414,519.7979415330736,521.5468139648438,13363400,0.0016602077633438572,0.009890041057326604,0.04892359186069406,514.8632202148438,511.10206298828126,510.2331237792969,512.5037450359016,506.01272345812714,0.009725257768982509,64.34560173438163,4.028660964506059,2.5467987972292776,511.10206298828126,524.4497950847768,497.7543308917857,0.4316485634603321,-0.4811916053819273
2025-10-09,519.0526847229869,521.0301509722098,514.143772141299,519.1123046875,18343600,-0.004667863386675464,0.012913397229818546,0.04269366928333018,516.3905456542968,512.1648300170898,510.4319116210938,513.1331316693871,506.5264325259457,0.00985256498540286,54.4583279064943,4.039381776239907,2.8453153930314037,512.1648300170898,524.411514855194,499.9181451789855,0.49393928007392046,-0.550545133199922
2025-10-10,516.3697201998212,520.2849266906686,506.4227072751714,507.7443237304688,24133800,-0.021898885567496973,-0.012351302998711566,0.002078809746356436,516.3408599853516,512.217495727539,510.00135131835935,512.6199118656806,506.5741929653388,0.010513310269658746,46.995991542422054,3.0949009481059875,2.8952325040463207,512.217495727539,524.3737920533041,500.0611994017739,0.15262456043781109,0.23700602998403802
2025-10-13,513.1600134586593,513.1600134586593,508.4598005130746,510.81488037109375,14284200,0.006047446514153343,-0.02747040005391843,-0.0025419166561686524,516.2862121582032,512.1524078369141,509.8185131835937,512.4480041042914,506.7404944322311,0.010316940687543335,54.30664560092876,2.5645982541124113,2.8291056540595387,512.1524078369141,524.3249070019469,499.9799086718812,0.18513450529953904,0.4779197031215476
2025-10-14,507.018944638121,512.0371813139038,502.8155546768959,510.3379211425781,14684300,-0.0009337222677795465,-0.01986710601275843,0.008899051833248572,515.8509674072266,512.3774810791016,509.3973614501953,512.2470438222234,506.88156998949967,0.00991583821170871,53.08000454450132,2.0818447149012513,2.6796534662278813,512.3774810791016,524.2202599535527,500.5347022046505,0.12639340853075218,0.9410463806582431
2025-10-15,511.7191917714538,513.93513816427,506.7903850161382,510.1987915039063,14694700,-0.0002726225759597245,-0.02175839667137225,0.006686032613165915,515.2269256591796,512.546908569336,509.12997863769533,512.0519721728599,507.0116571077117,0.009911270883606868,56.09064359480447,1.6687956208114656,2.477481897144598,512.546908569336,524.1488378548302,500.94497928384175,0.16332219070586143,0.9572161730520146
2025-10-16,509.35418580491137,513.5972720757079,504.9321789592231,508.3902587890625,15559600,-0.003544760875487052,-0.020654578598155227,0.006214953494003472,514.8165252685546,512.7039138793946,508.8821783447266,511.7032375648792,507.06571991874506,0.009920382382242125,50.15023362452938,1.1818936282941763,2.218364243374514,512.7039138793946,523.9702092228375,501.4376185359517,0.16956636963941668,0.9433470635148077
2025-10-17,505.8364332653001,512.235876086287,504.1173098719632,510.3478698730469,19867800,0.0038506069896917516,0.005127671587639826,-0.008398892267670655,514.4419067382812,512.4877807617188,508.75488037109375,511.57415492756184,507.1944316816589,0.008993164052835711,48.95415144714587,0.9431115425281291,1.9633137032052372,512.4877807617188,523.7610727787624,501.21448874467524,0.014056449689332087,1.8141665966423335
2025-10-20,511.3713853844849,515.4356724346321,510.1988187679518,513.5376586914062,14665600,0.006250224614737565,0.005330264299141962,0.0045485131757283526,513.2713195800782,512.6040435791016,508.6675695800781,511.7611552860232,507.4431856820412,0.008979834741257603,48.807057335030585,0.9997399389905581,1.7705989503623014,512.6040435791016,523.8699128448498,501.3381743133534,-0.18291948496543783,1.8719144006586539
2025-10-21,514.2431942660954,515.4257076122852,509.81124074780416,514.4021606445312,15586200,0.0016834246495727179,0.007963820311165382,0.016554357327939417,512.6432983398438,513.0228897094727,508.6029040527344,512.0126796058811,507.7160866609624,0.008641130739285489,47.852545981605275,1.1016769873059502,1.6368145577510314,513.0228897094727,523.8741617667455,502.17161765219987,-0.33126995231645995,2.692707570755142
2025-10-22,517.8702452376143,521.9245247034462,514.4518919333965,517.2640380859375,18962700,0.005563501984168218,0.013848026886157605,0.020366566532567854,512.2150207519531,513.5391204833984,508.4472607421875,512.512808984934,508.0905161286085,0.008703474843456845,55.14579803374898,1.397285388151829,1.588908723831191,513.5391204833984,524.1515450123718,502.926695954425,-0.3869836874279057,2.559658073303946
2025-10-23,519.1719411998674,520.6525542416625,515.3461346267313,517.2838745117188,14023500,3.834874323493942e-05,0.017493678466302676,0.026684760164842558,512.032177734375,514.2113616943359,508.4638415527344,512.9671961779611,508.45103998676973,0.008544327956371047,53.56274164868867,1.6145463243395852,1.59403624393287,514.2113616943359,523.8997219318873,504.5230014567846,-0.4947887839233766,3.068648989068391
2025-10-24,519.4997896375017,522.0436758041421,517.4329238246899,520.3146362304688,15532400,0.005858991296820992,0.01952935820012569,0.023755367088852397,513.289208984375,514.8150344848633,508.50333984375,513.6669523734381,508.9162790551501,0.00843696493174969,43.27529206337684,2.0081357838247413,1.6768561519112444,514.8150344848633,524.4414675925896,505.1886013771371,-0.48736052855045764,3.3314790932880634
2025-10-27,528.4333612309177,531.2157277722118,525.6807743511338,528.1749877929688,18734700,0.015106919957981635,0.028502932265690673,0.03288013234911391,515.0252197265625,515.6557159423828,508.7458801269531,515.048670032441,509.6715225350646,0.008936324465956347,59.378232462852814,2.920655447565764,1.9256160110421485,515.6557159423828,526.8252194191111,504.4862124656545,-0.3673603908785421,2.406062700139976
2025-10-28,546.5385938392855,550.2351530342114,537.3667019364588,538.6585083007812,29986700,0.019848574336355673,0.0471544435697111,0.04656807492084081,517.8572784423828,516.8541229248046,509.25900390625,517.2972260579972,510.8082670748966,0.009775883366295599,67.26155291615176,4.43860091752947,2.428212992339613,516.8541229248046,532.016906744941,501.6913391046682,-0.1386975859420035,1.482349396383259
2025-10-29,541.5104645203966,542.8321112501552,533.3521116884923,538.1417846679688,36023000,-0.0009592786985627155,0.04036187526062407,0.042023485641754066,520.651577758789,517.9392517089843,509.90723083496096,519.2824221160898,511.88016972560536,0.009799208592850415,69.96875746502783,5.536071968387432,3.049784787549177,517.9392517089843,535.8367073466482,500.0417960713205,-0.06586600117712235,1.4243015643872967
2025-10-30,527.1414993194383,531.6032326010347,518.834126044735,522.4512329101562,41023100,-0.029156910325210172,0.009989405533499696,0.019428452062034696,522.0576751708984,518.4371002197265,510.32200439453123,519.5842136202866,512.2947212230388,0.011884794066835618,64.14923050622636,5.0811568740673465,3.456059204852811,518.4371002197265,536.2505656655062,500.62363477394683,-0.7664749965261812,1.7704036825763838
2025-10-31,525.5515477587454,525.9887810857076,511.8582417946861,514.5512084960938,34006400,-0.015121075262963357,-0.011076812630391064,0.000889240627682808,522.4780090332031,518.4599578857421,510.5916955566406,519.1048797989349,512.3832109200214,0.012404498701936797,53.28901132776509,4.036635614728198,3.5721744868278886,518.4599578857421,536.2511179196293,500.6687978518549,-0.5579071900699609,0.8952400190642996
2025-11-03,516.5385956979154,521.6562086548496,511.3514766558802,513.776123046875,22374700,-0.0015063329682659665,-0.02726154225186017,-0.02183255302657927,522.50185546875,517.886587524414,510.78646179199217,518.5973791558816,512.4378349249961,0.011318464143890181,53.01077445644285,3.110446778958135,3.479828945253938,517.886587524414,535.495448427546,500.27772662128206,-0.7965285890777228,1.415580004371346
2025-11-04,508.5393367379826,512.3054631947169,504.6439932361389,511.0931701660156,20958700,-0.005222027183646616,-0.05117405129591568,-0.018416607469821322,522.1709564208984,517.4071273803711,510.9865948486328,517.8826925854182,512.3851029736635,0.011221499312668718,50.74978776951673,2.1353288370302153,3.2109289236091936,517.4071273803711,535.2165180320592,499.597736728683,-0.8533298002795983,1.6380023330288758
2025-11-05,510.06960470137113,511.5900049686576,503.39189488693165,503.96826171875,23024300,-0.01394052760468567,-0.06350282383350636,-0.03370464889327973,520.8413787841797,516.5281997680664,511.0883508300781,516.5575086933546,512.0550307675885,0.011573165700949186,46.59629043983907,0.7786445467119165,2.7244720482297384,516.5281997680664,535.1919513420672,497.86444819406563,-0.6377302570309785,0.9044176651549825
2025-11-06,502.4776836990636,502.5174404542645,492.6896676102462,493.9715576171875,27406500,-0.01983597948702054,-0.05451164338216097,-0.04843026613566204,518.5101470947266,515.2711624145508,510.89676391601563,514.4064657337196,511.34587495776884,0.012258145172322064,38.7829773105635,-1.0906160597500048,1.9614544266337899,515.2711624145508,536.422824571965,494.1195002571365,-0.5202989548899589,0.15056430730050158
2025-11-07,493.8225155697467,496.2372153715257,490.1457889557352,493.6933288574219,24019800,-0.0005632485423001654,-0.04053606190068881,-0.02767336672483567,515.8480163574219,514.5686126708985,510.6419775390625,512.433786031215,510.65361824795133,0.011368688294576164,35.842877594699345,-2.5649026916914863,1.0561830029687347,514.5686126708985,537.6209281600245,491.5162971817724,-0.6709959592693361,1.0623272647614102
2025-11-10,496.8930687697553,503.6602084533397,495.66085193460816,502.8155517578125,26101500,0.018477508945690335,-0.02133336057748736,-0.015659936545838193,513.3120727539062,514.1686462402344,510.6282647705078,511.51776371946244,510.3462430914753,0.012109454481091964,42.605275533371696,-2.9630422125069344,0.25233795987360086,514.1686462402344,537.7663196600461,490.5709728204227,-0.4834192885544586,0.6446401203814028
2025-11-11,501.62311202080633,506.39292220487647,499.1885488885237,505.4786987304688,17980000,0.005296468980217739,-0.010985221018944724,-0.009521578175555101,509.994091796875,513.925685119629,510.6990173339844,510.9426146728916,510.1553589988868,0.012183545546059127,42.459315105395575,-3.028763249942301,-0.40388228208957955,513.925685119629,537.7880030785037,490.06336716075424,-0.5528611273403296,0.612547491222818
2025-11-12,506.1543908722183,508.4498810705414,495.9788447581273,507.9232177734375,26574900,0.004836047590349946,0.007847629216171992,-0.004460170757678794,506.97223510742185,513.8119064331055,510.8140887451172,510.65505306341976,510.06782404886917,0.012239942402106446,44.19095733194524,-2.8507339026256773,-0.8932526061967991,513.8119064331055,537.7705528393333,489.85326002687765,-0.6102302500899406,0.5983269421374754
2025-11-13,507.09842927280135,510.2683558569415,498.13520636364063,500.1226196289063,25273100,-0.015357829434784143,0.012452259481072536,-0.016262387048581406,504.7393737792969,513.3985244750977,510.72107849121096,509.65196416489465,509.6778160324001,0.01268906940883522,38.1696005453034,-3.3010351616692333,-1.374809117291286,513.3985244750977,538.0269809340117,488.7700680161837,-0.49193775515983396,0.06051357025354246
2025-11-14,495.0944623167857,508.3803150309122,494.30942559248354,506.96923828125,28505700,0.013689880008674438,0.026891004289146814,-0.00662025216767792,503.9811767578125,513.2295928955078,511.02276794433595,509.3964664616904,509.57159729706086,0.013061788611238617,37.42629889201552,-3.0700476497736986,-1.7138568237877685,513.2295928955078,537.9921392773903,488.46704651362535,-0.5002789666648763,-0.14511256602434564
2025-11-17,505.2501227292945,508.8970088955905,501.7323929449627,504.296142578125,19092800,-0.005272698028360612,0.0029446002915709535,-0.017995790487557284,503.0331787109375,512.7675170898438,511.20739807128905,508.9107213299223,509.3647167198477,0.013013993388111156,27.545452074843325,-3.067326633583207,-1.9845507857468563,512.7675170898438,537.8487071051799,487.68632707450763,-0.3687887310852705,-0.19469216687077562
2025-11-18,492.2524466910109,499.8145698875434,483.7165104088928,490.6824035644531,33815100,-0.026995524780487168,-0.029271847069277546,-0.046111309195042915,500.9921020507812,511.58152923583987,511.1155798339844,507.17469106654426,508.6320769882636,0.014244652892909352,23.519633945022917,-4.116235768614729,-2.410887782320431,511.58152923583987,538.5122894841127,484.65076898756706,-0.30737252264976755,-0.6229015309996798
2025-11-19,487.0156083775533,492.0735713081103,479.79134202204426,484.0543518066406,23245300,-0.013507824429130677,-0.04699305944593335,-0.06420258095301701,499.00071105957034,509.921044921875,510.8522473144531,504.9727539941725,507.66824462819994,0.014331386628173437,26.165778664490077,-5.419855478808415,-3.012681321618028,509.921044921875,539.3554437136611,480.486646130089,-0.11747314158273721,-0.746986704326837
2025-11-20,490.525525238351,491.3817281634789,473.3918355542452,476.308837890625,26802500,-0.01600133102224366,-0.04761588619197277,-0.07921189629151193,497.23443908691405,507.87229309082034,510.42128479003907,502.24285722240603,506.43846397182443,0.014586309829023057,26.21606622086172,-6.997320971789804,-3.8096092516523834,507.87229309082034,540.6617160444387,475.082870137202,0.032000189668243,-0.9108556789681489
2025-11-21,476.3785437287191,476.796695003642,466.19388806310616,470.0268249511719,31769200,-0.013188948933371858,-0.07286914183456572,-0.09664885009504587,494.86778869628904,505.35790252685547,509.6880010986328,499.17466367276467,505.01055655924984,0.014529322055512562,24.535436557917436,-8.654614672608659,-4.778610335843639,505.35790252685547,541.6548331829109,469.0609718708,0.2181309865917712,-0.8380780966251202
2025-11-24,472.8940649877621,474.7856351712577,465.94500021095376,471.89849853515625,34421000,0.00398205694787479,-0.0642432914067943,-0.10654894790260583,491.7760833740234,502.54407806396483,508.8836383056641,496.57693365965906,503.7120444798736,0.013920488573884107,26.968976738430996,-9.70512877142113,-5.763914022959137,502.54407806396483,540.0969299558598,464.99122617206996,0.2214305272252614,-0.6031820014734369
2025-11-25,471.9681767111092,477.0256407210385,462.8288843313517,474.8752136230469,28019800,0.006307956259938852,-0.03221470716410135,-0.118411375100973,488.7157348632812,499.35491333007815,508.26441345214846,494.5101031799817,502.5811883678412,0.012914403540106993,32.02864645126152,-10.180122616511767,-6.647155741669662,499.35491333007815,534.7665611577635,463.9432655023929,0.05368813878057905,-0.6099788376764059
2025-11-26,484.1539406114854,486.1450736050165,479.06661039650686,483.3475341796875,25709100,0.01784115134584785,-0.0014602030212413908,-0.10182121524365384,486.25816650390624,496.6152008056641,507.7951593017578,493.44700137042986,501.82692741928616,0.013958148026763598,43.31136372654105,-9.760401366790802,-7.269804866693891,496.6152008056641,527.5926870739906,465.63771453733744,0.11345848487328257,-0.8332844004049311
2025-11-28,485.4382224868377,490.4459206738112,484.4924221764412,489.8286743164063,14386700,0.013408861488697355,0.028384601229855644,-0.062441346749314564,485.22877197265626,494.98407287597666,507.48672973632813,493.10239879385614,501.35640768976145,0.0133550831176624,47.74317169520185,-8.803316258618281,-7.576507145078769,494.98407287597666,523.577288611884,466.39085714006933,0.08833760072086709,-1.0544000125481279
2025-12-01,486.2744758383938,487.68816317334665,482.5012705124726,484.5820007324219,23964000,-0.010711242234453855,0.030966691704802374,-0.05824339204501039,482.99004821777345,493.48561248779305,506.8849591064453,492.2909323118148,500.6985878090815,0.013182037316145624,38.847410645067704,-8.371678624913557,-7.735541441045727,493.48561248779305,520.8770808939851,466.09414408160103,0.06897069539642606,-0.9708502666350746
2025-12-02,484.56211884124775,491.312058367048,484.1638983253085,487.82757568359375,19562700,0.006697679538790746,0.03375530373138247,-0.050505553293129224,481.3431915283203,492.188185119629,506.41726257324217,491.86585072817473,500.193842235533,0.013354636777743518,39.28003225745927,-7.6791909827447284,-7.7242713493855275,492.188185119629,517.9422109800505,466.43415925920755,-0.01436104152897828,-1.0872986491312109
2025-12-03,474.2082166599713,482.0930858950488,473.0931871020635,475.6119689941406,34615100,-0.025040828559835693,0.0015514715233770904,-0.06942217827005948,479.8361480712891,490.41412506103524,505.80899719238283,490.31786199160007,499.2298472064588,0.014270880103943525,32.45847872422665,-8.023595888093155,-7.784136257127053,490.41412506103524,515.5661197614512,465.26213036061927,-0.00986342822168027,-1.2527315000731283
2025-12-04,477.6329924690825,479.1860737742951,474.377470578239,478.7081909179688,22318200,0.006509974781282901,-0.009598359221160258,-0.050122344440170497,479.30153198242186,489.1511215209962,505.24437255859374,489.2121790322066,498.42507637161606,0.0142155168195214,37.748475947577575,-7.954999738666515,-7.818308953434946,489.1511215209962,513.9720345729459,464.3302084690465,-0.2065926531677366,-1.1894746854958789
2025-12-05,480.3807061976695,481.2568095233099,476.7568601661199,481.0178833007813,22608700,0.004824844083790358,-0.01798749537870792,-0.026223522623229467,479.7724365234375,488.50343780517585,504.78794921875,488.431769914928,497.7424413492304,0.013689865392481706,34.33986766719018,-7.626352084063228,-7.779917579560603,488.50343780517585,513.4703306976851,463.53654491266656,-0.4042055253057152,-0.8754395811186165
2025-12-08,482.74025101921535,490.1173719905148,482.2325023858298,488.8430480957031,21965900,0.016267929045017837,0.008793243159755937,-0.00982448106589573,481.6540588378906,488.26092376708993,504.3999865722656,488.47093926547797,497.3934455353666,0.014239835838256058,41.220840413496894,-6.657724939875266,-7.555479051623536,488.26092376708993,513.1095025602757,463.41234497390417,-0.44774121408051953,-0.9967431469307272
2025-12-09,486.931555516862,489.93815525049575,486.3342095719457,489.8385925292969,14696100,0.0020365318428314794,0.0041223927181341935,-0.02580858762850302,483.4480682373047,487.6120758056642,503.96953125,488.60119195727026,497.0971767900305,0.013550785692771251,49.44038353352118,-5.743540869927074,-7.193091415284243,487.6120758056642,511.5203573148401,463.70379429648824,-0.47478540917748113,-0.8832758469359684
2025-12-10,481.8840433318536,482.10306917330496,472.9737111601482,476.4382934570313,35756200,-0.027356560460197077,0.0017373920690815225,-0.05745129388513048,483.6043762207031,486.1600555419923,503.20448974609377,487.4428206715332,496.287024502462,0.014647205732261899,45.36534000129576,-6.030816058838695,-6.960636343995135,486.1600555419923,509.0032191294444,463.31689195454015,-0.34023317596774105,-1.1538294092975645
2025-12-11,474.5168367702029,483.8751552220924,473.750231167373,481.3265075683594,24669200,0.01025991020969208,0.005469546375151291,-0.05236364331142229,483.4022735595703,484.83022003173835,502.50223571777343,486.86031466170715,495.7003375638697,0.014845895741748804,53.16345271188977,-5.797218957978771,-6.7279528667918616,484.83022003173835,505.3136242962915,464.3468157671852,-0.3554883560509076,-1.210894463064554
2025-12-12,477.6927059881058,480.31105063829824,474.2281237707076,476.4084167480469,21248100,-0.010217785106327315,-0.009582734265728199,-0.047416777306444335,482.06024780273435,483.64450988769534,501.7805187988281,485.86489581278715,494.94379164952375,0.014656338149268203,54.093759118000925,-5.940462446298795,-6.570454782693249,483.64450988769534,503.1213944486594,464.1676253267313,-0.3974432200579701,-1.0925843974267655
2025-12-15,477.97146396596463,478.588710310573,470.4250531780871,472.7148742675781,23727700,-0.007752890903315213,-0.03299254002067242,-0.06756694771028426,480.87353515625,481.9317916870117,500.95293518066404,484.61251280848154,494.07206939925135,0.014200492359419664,50.51173933099809,-6.279634238196081,-6.5122906737938155,481.9317916870117,498.59346412730804,465.27011924671535,-0.27191262387677506,-1.0266702983088625
2025-12-16,469.8177748762136,475.7712732838117,468.79234263095657,474.2779235839844,20705600,0.0033065371992535564,-0.031766931357867345,-0.05952498236587289,479.51856994628906,480.4308807373047,499.933623046875,483.6282662156723,493.295828386888,0.014270207954375605,49.61883765243466,-6.34911664548838,-6.4796558681327285,480.4308807373047,493.66573617755415,467.1960252970552,-0.36198744647198655,-1.0255939474082323
2025-12-17,474.7956002423544,477.8718969329872,472.8940646732686,474.0090942382813,24527200,-0.0005668181720784871,-0.00509866493124167,-0.0339798395154427,479.3582824707031,479.5972152709961,499.00015747070313,482.71215459877794,492.5394858712564,0.013103991293922819,43.343725166434524,-6.352644899343375,-6.454253674374858,479.5972152709961,492.1984875740082,466.99594296798404,-0.4438913071012218,-0.6834891468189003
2025-12-18,476.0699208090834,487.4293375934554,475.7712630284666,481.8342590332031,28573500,0.01650846975308906,0.0010549002742625824,-0.004586453494636378,479.67088928222654,479.48621063232423,498.20590637207033,482.6285454972946,492.11967305407785,0.01338961208931394,44.408848302972515,-5.65878471687887,-6.2951598828756605,479.48621063232423,491.9606405672806,467.01178069736784,-0.6049503821372529,-0.4885370625806309
2025-12-19,485.1992432324443,485.6870914455969,480.3508395546156,483.7656555175781,70836100,0.004008424988813264,0.015443133477262228,0.015655425710713766,479.94566650390624,479.8590515136719,497.49897338867186,482.7368416897026,491.7920645232347,0.012880278081514695,49.40129918179961,-4.896602977255611,-6.015448501751651,479.8590515136719,492.3792827625056,467.33882026483815,-0.827980940692151,0.1262685560986024
2025-12-22,483.9647726311972,486.5632169440421,480.5499868948874,482.7701110839844,16963000,-0.0020579063896725147,0.021271251157446214,0.02711182736035611,479.3383728027344,480.4962158203125,496.9994891357422,482.7400102034437,491.43826242757785,0.012475574267811743,46.16430777508512,-4.323066948296116,-5.676972191060544,480.4962158203125,492.1786265895684,468.8138050510566,-0.9773088629770632,0.7087460994437063
2025-12-23,482.8298239351052,485.6671639887272,482.5908673290986,484.6915283203125,14683600,0.003979983831256417,0.02195675619399573,0.027109706483211315,478.82366638183595,481.1358673095703,496.4770220947266,482.92586907171693,491.17368461944983,0.012475551805806147,58.16034952772772,-3.671174189395174,-5.275812590727471,481.1358673095703,492.22185420119166,470.04988041794894,-0.9772876816050856,0.7087361511864552
2025-12-24,483.5267014178325,486.9912835675863,482.680463867149,485.8563232421875,5855900,0.0024031674865694352,0.024993674484124373,0.023124200430173047,479.7654693603516,481.68492279052737,495.9873901367188,483.2049599450951,490.96516064387095,0.01242536386092041,56.65552438588296,-3.0256771430480285,-4.825785501191582,481.68492279052737,492.5508854036507,470.81896017740405,-0.9403430988864292,0.7010060261909783
2025-12-26,484.5521325365998,485.9558848600665,483.8054577080926,485.5476989746094,8842200,-0.0006352171471570855,0.007706882339286514,0.0045519313523672,480.1875885009766,481.79493103027346,495.49436828613284,483.42807794790593,490.752711166645,0.011795227838286088,54.38089361874783,-2.510084787419885,-4.362645358437243,481.79493103027346,492.775710013591,470.81415204695594,-1.0015455974342844,0.9592034584758667
2025-12-29,482.7103401528056,486.1848877649252,482.0333622504328,484.9404296875,10893400,-0.0012506892492577526,0.002428395146540474,-0.009979498721115587,481.04078979492186,481.55051879882814,495.0253717041016,483.5721114469149,490.52477855961973,0.011385706138117725,45.613239473863715,-2.125968841812039,-3.9153100551122026,481.55051879882814,491.9822673273373,471.118770270319,-0.9881760377773162,1.1665110806261985
2025-12-30,483.7755794175697,487.5089534635432,483.3474931520442,485.3187255859375,13944500,0.0007800873577012979,0.0052791472451154675,0.001520330619796173,482.3011749267578,481.5873550415039,494.52478881835935,483.73845565063135,490.32061961947534,0.011127074411775345,44.84792530396213,-1.7706182846449678,-3.486371701018756,481.5873550415039,492.0692582834174,471.10545179959036,-1.184896560154591,1.8474129281053198
2025-12-31,485.6771523949816,485.9758405710775,481.1572720274455,481.4758605957031,15601600,-0.007918229377188779,-0.00663446240901544,-0.013020410088523504,483.0209686279297,481.2697692871094,493.8835528564453,483.52297040730485,489.97376632442547,0.011153322600241074,57.3418729056368,-1.778585074864452,-3.1448143757878952,481.2697692871094,491.3320884410784,471.2074501331404,-0.991740895838375,1.451396154470388
2026-01-02,482.24244872265706,482.5112407273309,468.07552715971417,470.84320068359375,25571600,-0.022083474546271464,-0.030900333782648115,-0.010026594411894685,482.7043792724609,481.03133087158204,493.0123736572266,482.31537329076093,489.22354806400074,0.010827006863773006,36.91273069833121,-2.6127474809896967,-3.0384009968282557,481.03133087158204,491.8553231131992,470.2073386299649,-0.913746662686729,1.3844542578318424
2026-01-05,471.95825856508776,473.9593569778809,467.4184776979013,470.7536315917969,25250300,-0.00019023125249939543,-0.030468823998249683,-0.01661671865467418,481.5963165283203,480.63360290527345,492.08216552734376,481.2142550337167,488.4992376141104,0.010703344490768584,41.97288481663717,-3.243663738342377,-3.0794535451310803,480.63360290527345,492.36367860619345,468.90352720435345,-0.8574798981335026,1.4623899323752223
2026-01-06,471.69937935780575,476.617480129593,467.6673473241013,476.3885192871094,23037700,0.011969929315805317,-0.01763497097138622,-0.0096240995904453,480.8586029052734,480.40213470458986,491.2642584228516,480.75466115308745,488.0243074836398,0.011015067227968021,54.94242904412628,-3.251499807715163,-3.113862797647897,480.40213470458986,492.2820268155967,468.52224259358303,-0.8118387065020755,1.1661708763944183
2026-01-07,477.63296458601815,487.5288974221053,475.8309917616744,481.3265075683594,25564200,0.010365464492384069,-0.008225971525739562,-0.01537618373959615,480.71424255371096,480.0263076782227,490.4844958496094,480.8091227164467,487.76164866343277,0.010616113599917924,58.69351815809962,-2.82667145435812,-3.056424528989942,480.0263076782227,491.23867632739586,468.8139390290495,-0.9801150803624269,1.4088237676056077
2026-01-08,479.1063927688648,480.5201105081445,473.7502403609407,475.9902648925781,18162600,-0.011086533967845869,-0.011393293313475716,-0.02827120575619102,479.8441162109375,479.3338912963867,489.44080139160155,480.3501838760783,487.3000257704581,0.01083992737223688,52.17201614253483,-2.8872991236779058,-3.022599447927535,479.3338912963867,489.67111732555264,468.99666526722075,-0.7707217398778627,0.812049594388032
2026-01-09,471.9582322108041,477.6927047258898,470.106493184136,477.1550903320313,18491000,0.0024471623168933476,0.013405502382265677,0.0015044904761936095,478.9739929199219,479.3697311401367,488.2107330322266,480.0458892528357,486.9021851650296,0.00896728921339969,43.99280672610245,-2.808975192804837,-2.9798745969029956,479.3697311401367,489.669589558201,469.06987272207243,-0.4940911890568431,0.8421486860375768
2026-01-12,474.5566738594685,478.8574978399144,473.57104241242143,475.06439208984375,23519900,-0.004381590565727289,0.009157147621932316,-0.013010119700557432,477.9256622314453,479.05662536621094,486.9491851806641,479.57146095159834,486.4379579856106,0.008688679346303862,38.874681490513375,-2.882378523345892,-2.960375382191575,479.05662536621094,489.48593540179843,468.62731533062345,-0.36283462227122354,1.0929688412649279
2026-01-13,472.57548334410274,473.6706125344443,463.88420753037366,468.5832824707031,28545800,-0.013642591882396693,-0.01638418328822533,-0.016425264546663376,476.2899475097656,478.6653686523438,485.871826171875,478.5249677629416,485.73777463208484,0.008918529863876128,34.09236184277496,-3.4240522303013563,-3.0531107518135316,478.6653686523438,490.05581874590507,467.2749185587825,-0.38069086158851034,0.8260170410373726
2026-01-14,464.3919198839424,466.1242261748137,455.1431293963808,457.3433227539063,28184300,-0.02398711208289761,-0.04982726784696545,-0.03251759644222829,473.4924072265625,477.8967910766602,484.72766845703126,476.5076682382716,484.6242667152935,0.010228224476494518,24.635214166584788,-4.706054887172684,-3.3836995788853623,477.8967910766602,492.5771266988896,463.2164554544308,-0.6510129669736102,0.572687133925325
2026-01-15,462.062293141988,462.19172164087615,453.8787357567712,454.6353759765625,23225800,-0.005921037090992898,-0.044864129565412414,-0.04141569031716397,470.80835876464846,476.91466369628904,483.544853515625,474.4245927847755,483.4482317843629,0.010203265809421458,21.84915154625756,-5.872861214399393,-3.8815319059881688,476.91466369628904,494.8759609950876,458.95336639749047,-0.5159109130878092,0.4794037670960161
2026-01-16,455.8001683410004,461.1364202404358,454.4561779572919,457.8211669921875,34246700,0.00700735398951724,-0.04051915976918574,-0.034151090016758756,469.5061553955078,476.1052673339844,482.47941345214844,472.8433141378623,482.4432488513365,0.010400378117922182,26.23308730688008,-6.465961347425662,-4.398417794275668,476.1052673339844,495.9754024814769,456.23513218649185,-0.5699471262462856,0.31668834216598457
2026-01-20,449.2195254560932,454.77477325819245,447.2881239806389,452.5048828125,26130000,-0.011612141515025765,-0.04748726625900712,-0.06087025916246036,467.6812805175781,474.63879852294923,481.45014587402346,470.906320678304,481.26919528118606,0.00968786594029325,24.273478862925842,-7.281045815299706,-4.974943398480476,474.63879852294923,496.9124647038225,452.365132342076,-0.668025965987828,0.1105818742840968
2026-01-21,450.5934019351739,450.6829992738946,436.7351029497524,442.1410217285156,37980500,-0.022903313262762626,-0.056430226453588306,-0.08604297000895722,464.25653076171875,472.5575668334961,480.41353515625,468.16676839737175,479.73475710264995,0.010486065695555599,20.4362287470438,-8.663416629418577,-5.712638044668096,472.5575668334961,498.68570228564363,446.42943138134854,-0.5092020443330203,-0.4334470230646622
2026-01-22,445.6354487179439,450.8323067932568,442.7284117030413,449.1398620605469,25349400,0.015829429951262686,-0.01793720447029168,-0.06966100065293201,461.0378662109375,470.87605438232424,479.5224658203125,466.3546820795789,478.5349572970773,0.011420717263300692,28.776767739459018,-9.089430242148353,-6.387996484164147,470.87605438232424,498.5214426901257,443.2306660745228,-0.3295392063364044,-0.5390124236200594
2026-01-23,449.8665935761158,469.0113467802032,448.5325382185013,463.8841857910156,38000200,0.03282791169509047,0.020343357123467465,-0.04292904107774331,459.82725830078124,469.8356872558594,478.74383850097655,466.1193967187633,477.9604172380161,0.013960042436771087,45.66645089946155,-8.14343297171797,-6.739083781674912,469.8356872558594,496.8508573835514,442.8205171281674,0.4987895157661124,0.7838043235981376
2026-01-26,463.2470406576191,472.1474075016215,459.9517180089597,468.1950073242188,29291200,0.009292883148953157,0.022659154010256533,-0.03635090267038665,458.93125,468.95262145996094,477.99816467285154,466.3170739192829,477.57745998649466,0.014160557030520797,48.48626441372043,-6.965581164923378,-6.784383258324606,468.95262145996094,494.89619253305654,443.00905038686534,0.42536061764993366,0.5176147504820273
2026-01-27,471.5998386603028,480.729165976126,471.0622242712429,478.4493103027344,29213900,0.021901777716767823,0.05733513267078871,-0.014619343654321826,459.2697418212891,468.5977020263672,477.4086865234375,467.47252500342114,477.6116501949747,0.015118621105932286,51.15602027470446,-5.145375880232052,-6.456581782706095,468.5977020263672,493.76806189369006,443.4273421590443,0.32459033878156185,-0.14933243987180056
2026-01-28,481.0676716159272,481.59532063648624,475.8807787479093,479.4946899414063,36875400,0.0021849328991832007,0.08448360676161526,-0.01122970866669748,460.36088256835944,468.3254150390625,476.9961279296875,468.617493092753,477.6854948909132,0.015130683910855335,48.92549898826147,-3.5772602486256915,-5.880717475890015,468.3254150390625,492.86121109915007,443.7896189789749,0.28634877799424613,-0.17716877673868578
2026-01-29,438.0392806211351,440.5381621786467,419.1533835040837,431.57806396484375,128855300,-0.0999315049399565,-0.03910095624809107,-0.11073271808379392,457.7843566894532,465.6383819580078,475.48830444335937,465.0899284139045,475.87736034479286,0.026888197438300503,32.62715799425426,-6.130322036823657,-5.930638388076743,465.6383819580078,493.8358711761755,437.44089273984014,-2.2782363624527258,7.932026135464868
2026-01-30,437.2229597325442,437.65104604221966,424.5593524472701,428.38232421875,58566800,-0.007404777983234245,-0.0765317349883955,-0.11027247827391273,455.15905151367195,462.9837051391602,473.9700280761719,461.5939661096041,474.01480990847745,0.02688600354975616,31.219817716106263,-8.31565370775752,-6.407641452012898,462.9837051391602,494.6828146066854,431.284595671635,-2.281955083842182,7.946526989396786
2026-02-02,428.332517897532,428.8303011436502,420.3779513468908,421.4929809570313,42219900,-0.01608223045683066,-0.09974909094843676,-0.10481242939244595,451.52623291015624,460.51619415283204,472.58623962402345,457.77482466650196,471.9551303417541,0.026723780234859936,30.1072112840624,-10.482620106629042,-7.222637182936127,460.51619415283204,496.9662916431464,424.0660966625177,-2.3507994927122846,8.348352400497445
2026-02-03,420.1390072256922,420.178808008447,406.7486263222299,409.3868713378906,61424100,-0.028721972051949374,-0.14434640719023117,-0.13035854879420028,447.2144317626953,457.4478561401367,471.09289001464845,453.1664481590152,469.50147312591633,0.02720147199026851,28.899920850661687,-13.026655287823075,-8.383440803913517,457.4478561401367,500.07723616574947,414.81847611452395,-2.0924633048957926,7.01069212292051
2026-02-04,409.1778088233149,417.9387813848693,407.4256021580933,412.3536682128906,45012400,0.007246927253197866,-0.14002453653182323,-0.13441728438385458,444.23569641113284,454.2461135864258,469.81378662109375,449.27951673557476,467.2603827371703,0.02705193161781236,32.95874391360711,-14.634725775506979,-9.63369779823221,454.2461135864258,500.362027390127,408.13019978272456,-2.1093204989184007,7.143231499983214
2026-02-05,405.6335909812077,406.4897635323938,390.5806313349955,391.9246520996094,66289200,-0.049542462425080536,-0.09188004483115841,-0.1857405608521423,438.51417541503906,449.7760208129883,468.2517431640625,443.81714867500665,464.30604035922676,0.028334217273365925,29.05778504215843,-17.357497662068,-11.178457770999369,449.7760208129883,501.79362995458507,397.7584116713915,-1.695350935250053,4.722298849684156
2026-02-06,397.4002746193236,400.0086538663787,391.1779842848308,399.3615417480469,53515300,0.018975304586217767,-0.06774505116108365,-0.16098800500011257,432.06191101074216,445.94458465576173,466.80100402832034,439.5832813486295,461.7591972764354,0.029051991876680883,31.016438434252933,-18.699661103662777,-12.682698437532052,445.94458465576173,501.03023172137034,390.8589375901531,-1.6884217901992464,4.414949438075198
2026-02-09,403.0550898097971,413.0505856348112,399.0927243377603,411.7662963867188,45480500,0.031061465218646278,-0.02307674151115713,-0.13703886905997653,426.4190399169922,442.6751449584961,465.53882568359376,436.9340446855904,459.7986913591916,0.030288459066051925,37.35319852656898,-18.548559029990713,-13.855870556023785,442.6751449584961,497.723086629996,387.62720328699623,-1.5216228888337582,3.7355800731118336
2026-02-10,417.75959730190846,421.801594739736,410.8702943432265,411.437744140625,44857900,-0.0007979095156084304,0.005009620352582456,-0.13393268156621962,419.71788330078124,439.49381256103516,464.1006298828125,434.5058255860699,457.90218362513014,0.03031466953745066,39.83520274667314,-18.245003920334966,-14.733697228886022,439.49381256103516,494.0119984296736,384.9756266923967,-1.5369408596289056,3.7551682524045984
2026-02-11,414.3348470778888,414.61360447479314,399.2321207098042,402.57720947265625,42491000,-0.021535541632126787,-0.023708916626362986,-0.14086305565579738,412.02613525390626,436.1935089111328,462.3556005859375,431.46500500384,455.73257679562136,0.03046068256702668,34.772418379477514,-18.50607884872943,-15.488173552854704,436.1935089111328,491.28559076604284,381.1014270562228,-1.4778076246142635,3.524179174042146
2026-02-12,403.20440420967,404.3990960787573,396.24540458526855,400.0584106445313,40802400,-0.006256685100044179,0.020753373132687436,-0.12525581824269827,408.874169921875,433.3292633056641,460.6651287841797,428.473900779144,453.5492761622453,0.030200407194917556,27.312629098611666,-18.700659068390564,-16.13067065596188,433.3292633056641,489.7324279950539,376.92609861627426,-1.6040092327192692,3.9893475893694696
2026-02-13,402.65686886295305,403.7420326637702,396.2852191820681,399.5407409667969,34091600,-0.001293985238056683,0.0004487142601805605,-0.12118422349211533,405.99001159667966,430.5745315551758,458.89939208984373,425.71836174939665,451.4312943898748,0.030220526784553323,24.919993941673212,-18.681290621409914,-16.640794649051486,430.5745315551758,487.9691921403295,373.1798709700221,-1.6260734277876125,4.030396671929136
2026-02-17,397.4500470508712,398.7442713079252,392.7808378797226,395.1004943847656,32078800,-0.011113376251159934,-0.04047393423938983,-0.13699819302695582,403.35076293945315,427.43849792480466,457.28916259765623,422.80237438133656,449.22224340928227,0.030081736595061113,18.201179285407008,-18.807431415972815,-17.074122002435754,427.43849792480466,485.4158666209608,369.46112922864853,-1.5532590267376205,3.929975034966525
2026-02-18,396.3648852083561,400.77523739702553,394.5629123207548,397.828369140625,23223400,0.006904255485954636,-0.033077604555765916,-0.12083077055884672,402.1949127197266,424.7046722412109,455.6715661621094,420.423897691745,447.206797359531,0.03021352610999143,19.237997142529437,-18.47432172844242,-17.35416194763709,424.7046722412109,482.8614342634515,366.54791021897034,-1.6294047647686976,4.042578639092708
2026-02-19,399.82403795970674,403.5559453902056,395.8127368785549,397.5988464355469,28234000,-0.0005769390090856197,-0.01236623166927564,-0.1007420101370251,400.7194305419922,422.4775634765625,454.0031854248047,418.25008328639285,445.26138751937475,0.029966313431699438,30.024409938584512,-18.021114277609286,-17.48755241363153,422.4775634765625,481.2312721478623,363.72385480526276,-1.7834036828584494,4.605429388175819
2026-02-20,395.2539159508346,399.2552593187824,394.3059873534157,396.37152099609375,34015200,-0.0030868435621884682,-0.009215878357606955,-0.11748754791517402,401.16411743164065,419.83914642333986,452.1537548828125,416.1664106873168,443.34413785179515,0.029575181655210652,30.735748823645224,-17.55857469417657,-17.50175686974054,419.83914642333986,478.29005112981827,361.38824171686144,-1.7684453387597099,4.73976078131097
2026-02-23,394.14630950985264,394.50551684604494,382.27203437696886,383.6390686035156,43238300,-0.03212252071132937,-0.039799877040831544,-0.1729852399487729,399.5918701171875,415.82689056396487,450.0297644042969,413.06856858409765,441.0027625871567,0.028662556144539386,28.71619058933041,-18.011782622300586,-17.60376202025255,415.82689056396487,472.5384051089191,359.1153760190106,-1.7518500420205243,4.572067980110835
2026-02-24,383.3098196996745,388.5185091169527,380.8850482189813,388.1593017578125,33884700,0.01178251519260276,-0.017568169935503808,-0.17094523502892167,397.2311706542969,411.82510528564455,448.2641845703125,410.6962574577848,438.9304700056138,0.02875165687567559,36.951441275172755,-17.801009179065773,-17.643211452015194,411.82510528564455,464.0991212691788,359.5510893021103,-1.7429888783598109,4.51705865150518
2026-02-25,389.68597856263057,400.6023372807383,389.31678308531696,399.7342224121094,43625500,0.0298200264733548,0.004790641943412277,-0.16452126943357648,396.0608184814453,407.88935089111334,446.6323388671875,409.6522541201014,437.39336225684895,0.029248641896838068,42.98520546978718,-16.509657293236273,-17.416500620259413,407.88935089111334,449.8851452918142,365.8935564904125,-1.6333108743578564,4.22428234501245
2026-02-26,403.8353349281015,406.6093255926281,397.8782360341113,400.851806640625,34405900,0.0027958182358562844,0.008181513186571676,-0.1640120004465354,395.8882781982422,403.9572067260742,445.12120666503904,408.8141162649132,435.9603600758206,0.02926073089440325,56.31900355093914,-15.220618101855962,-16.977324116578725,403.9572067260742,429.04773479322546,378.866678658923,-1.6342477041070667,4.2202028236014755
2026-02-27,390.03523926255787,395.9624042352165,389.0374004516944,391.8912048339844,51367200,-0.022353901512221608,-0.0113033250997705,-0.09195754475160778,395.0715576171875,401.9728637695313,443.5047332763672,407.2024104143485,434.23215790947404,0.0202588327654476,44.82384563961077,-14.752038616240384,-16.532267016511057,401.9728637695313,423.94995064818835,379.9957768908742,-0.21237451234207044,0.16346251434002576
2026-03-02,392.0109241194205,400.3229381169724,389.78576315389057,397.6886291503906,35474900,0.014793453501622311,0.03662181903948625,-0.07165023702678708,394.8863464355469,400.4381790161133,441.9729473876953,406.2963360082573,432.79907835029434,0.020701206697844875,39.262499031448385,-13.754330941400951,-15.976679801489036,400.4381790161133,418.60699886973083,382.26935916249573,-0.3296101598635686,-0.02360352062066275
2026-03-03,392.2903484387299,405.82103971635513,391.8213629990231,403.0570068359375,38199200,0.013498946894749508,0.03838038921303566,-0.04373969426307778,395.68199768066404,399.5163803100586,440.55390563964846,405.98782846803635,431.6327226046333,0.020811772995848295,44.06409274548593,-12.387659974045562,-15.258875836000342,399.5163803100586,414.8345009034271,384.1982597166901,-0.5168960634391037,0.06472144672412258
2026-03-04,400.4027502952161,410.14166638677375,399.4448336072076,404.32427978515625,35808000,0.0031441531290252733,0.01148277309195378,-0.012366277248192281,396.3315887451172,399.26325073242185,439.0037060546875,405.82939526014303,430.5618032783793,0.019858396055112734,51.38655701209474,-11.07464345411097,-14.422029359622469,399.26325073242185,414.0527968306296,384.47370463421413,-0.7199212449201045,0.805003467552599
2026-03-05,403.54596943015656,410.7204021828405,403.525993165685,409.79241943359375,39001300,0.013524143668401711,0.02230403516924717,-0.006211291366455263,397.5509460449219,399.135188293457,437.5242413330078,406.206826133805,429.74731763740726,0.02003498347330608,57.379879471659805,-9.483515172188675,-13.434326522135711,399.135188293457,413.4852997140155,384.7850768728985,-0.7367991485000608,0.7243232204181088
2026-03-06,408.3156433731429,412.1572983375802,407.6271321747383,408.0761413574219,31123900,-0.004188164531066962,0.04129956560340231,0.04121069999370075,398.7214080810547,399.94276275634763,436.0303619384766,406.38485615510183,428.8974675872118,0.016379769152435504,56.35563831987013,-8.265741519526102,-12.40060952161379,399.94276275634763,414.40179630994,385.4837292027553,-0.2073093868540063,-0.00019489137291642383
2026-03-09,404.044890641513,409.3234358422322,402.62794618065146,408.5251770019531,30131900,0.0011003722075924038,0.027248824978258313,0.02294571283403024,401.21001892089845,400.400944519043,434.50703491210936,406.58869623575436,428.09855423092716,0.015893774031008168,60.62801697592534,-7.1816283611011045,-11.356813289511253,400.400944519043,415.35472418251845,385.4471648555675,-0.10867342478018553,0.30592709181084404
2026-03-10,409.1438479339772,409.3134939311744,402.05918625996463,404.8830871582031,31706400,-0.008915215141642507,0.004530575802665471,-0.01671630069997565,402.8823974609375,400.05678405761716,432.8875701904297,406.4262572759876,427.18814375748707,0.014390653578741473,55.50536868031895,-6.540947117835344,-10.393640055176071,400.05678405761716,414.2043016056048,385.9092665096295,-0.2205527758781186,0.5598426631383371
2026-03-11,404.6934855668013,408.1260534422115,400.7220762180728,404.0049743652344,25512100,-0.0021688058128880305,-0.0007897260587257371,-0.01806535710746604,403.30947265625,399.68514556884764,431.2567156982422,406.19565890353493,426.2789998597517,0.014394188981680997,54.949121521163356,-6.03449705468347,-9.521811455077552,399.68514556884764,412.935947742205,386.4343433954903,-0.2045736455664113,0.5508236329276665
2026-03-12,403.7555185610488,405.2422886286942,400.8418158660113,400.9914855957031,27263900,-0.007459038776109095,-0.02147656574529877,-0.003938931066242657,403.3234405517578,399.605859375,429.57773681640623,405.70002335040806,425.28733263371055,0.013652613162424637,53.47334357322066,-5.809328763975088,-8.779314916857059,399.605859375,412.80266613596143,386.4090526140386,-0.21398862011968506,1.1677269553469236
2026-03-13,400.1333630935344,403.9251383935716,393.3979511212616,394.6951293945313,26848000,-0.015701969810700822,-0.03279047855721251,-0.013406245456405341,403.60383300781257,399.3376953125,427.7652648925781,404.65193821175313,424.08763838903684,0.014034500415100914,59.202660460269314,-6.068985113354302,-8.237248956156508,399.3376953125,412.71254872643703,385.96284189856294,-0.16007405724291243,0.7474324891053757
2026-03-16,397.209690545171,399.7641553863696,393.9367805641587,399.0856323242188,27733700,0.011123782896491852,-0.023106396396443407,-0.0011390794377484914,403.7435333251953,399.31493988037107,426.1174603271484,404.12181384151177,423.10716756296557,0.01427393050849825,59.114361634157426,-5.853017801658098,-7.760402725256826,399.31493988037107,412.6898873590988,385.93999240164334,-0.26499187330556784,0.5410014485418951
2026-03-17,399.4049101655112,403.5259891234105,396.8903674487218,398.5467834472656,26228300,-0.0013502086602692476,-0.015649712008004135,0.008722563275620265,403.2925109863281,399.4872543334961,424.67153198242187,403.59085856586927,422.14401524470287,0.014037403008337257,48.785951848447944,-5.66009668095046,-7.340341516395553,399.4872543334961,412.7216470349238,386.25286163206835,-0.36530483108438927,0.8470595329988481
2026-03-18,396.271723303423,397.13983817793417,390.1549666521916,390.9432678222656,25908500,-0.019078100591435554,-0.03233055871030077,-0.017306712774738386,401.95440979003905,399.14299926757815,423.07532470703126,402.38632611409747,420.9204565222543,0.01460699799080475,41.05566821605129,-6.050993383462128,-7.082471889808869,399.14299926757815,412.90668939201237,385.3793091431439,-0.17321458104244422,0.2923911245150207
2026-03-19,389.2569126674818,391.6417315076428,386.2234742615233,388.1792297363281,25138800,-0.007070176962847952,-0.03195144116424675,-0.023691257617231898,399.7930908203125,398.67201843261716,421.31113891601564,401.0332693162147,419.6364868443749,0.01467446449517773,46.227167704397594,-6.508787360849851,-6.967734984017066,398.67201843261716,413.27713226791525,384.0669045973191,-0.10170211692049046,0.20971509393056967
2026-03-20,385.95408868282834,386.1636263101853,379.2984903035221,381.0447082519531,50853200,-0.018379451907360234,-0.03458472153816072,-0.0386677950666684,397.08994750976564,397.90567779541016,419.3055029296875,399.1295968339041,418.1230837623191,0.015173612752846653,33.530842744544074,-7.362419258002944,-7.046671838814242,397.90567779541016,414.4929502115209,381.3184053792994,-0.010165404484611507,-0.1616305019622062
2026-03-23,383.07032058481127,386.3731646745857,380.85511716508233,382.1722717285156,29680100,0.002959136952026542,-0.04238027938315425,-0.0038233772184341763,394.45465698242185,397.8323379516602,417.42914306640625,397.51461349053375,416.71324799628763,0.013417221797794672,27.441303294722744,-7.857368880058004,-7.208811247062995,397.8323379516602,414.6958768414019,380.96879906191845,0.22061411694486188,-0.16648557869132144
2026-03-24,381.53362193174286,381.6434000325674,371.04635704379217,371.9344177246094,42733600,-0.026788584000617788,-0.06677350521429437,-0.041799549720249796,391.1597900390625,397.02109375,415.3247296142578,395.0784043699695,414.95721543661404,0.014357542728561122,20.69339523910361,-8.972302163973382,-7.5615094304450725,397.02109375,417.09869207168214,376.9434954283178,0.22206894682403802,-0.14090313976721236
2026-03-25,376.10542586510894,376.2451074667104,368.831172255135,370.2381286621094,31181200,-0.004560720873527657,-0.05296200462919709,-0.07378926320596779,387.78310546875,395.5462890625,413.22820434570315,392.71266382636384,413.20352575918247,0.012245724855921741,11.58919495291444,-9.878893440813385,-8.024986232518735,395.5462890625,418.85762562098455,372.2349525040155,-0.20080876214911486,-0.7273209642344287
2026-03-26,370.01860155518807,373.9101668945663,364.4007640805619,365.1790771484375,36836600,-0.01366431796733969,-0.05925137365931077,-0.08899231312226341,384.2018646240234,393.7626525878906,411.1601202392578,390.0904174760851,411.3202140489572,0.012335174883413973,10.882662818342823,-10.880176830416133,-8.596024352098215,393.7626525878906,420.56261063526404,366.9626945405172,-0.01280684265296459,-0.8245521750013504
2026-03-27,361.1178497172151,361.6666793192034,355.73951450811694,355.9989318847656,37883400,-0.02513874928256188,-0.06572923288210797,-0.09158733981902878,380.3322448730469,391.96803894042966,409.133232421875,386.8436093245309,409.1507520033026,0.012560077252294553,8.681340416714235,-12.272986779709242,-9.331416837620422,391.96803894042966,423.65669817912635,360.279379701733,-0.0659450413388883,-0.789476553157713
2026-03-30,361.1178525849577,364.5703662773937,355.51000344849933,358.1842041015625,44797000,0.00613842352061944,-0.06276768201538585,-0.0993350630447346,376.2421020507812,389.9928176879883,407.204208984375,384.1141421604387,407.1520638502932,0.011988612903463303,12.403621485355487,-13.05003283915778,-10.075140037927895,389.9928176879883,424.93760181739754,355.04803355857905,-0.16406908976480722,-0.7245612422034229
2026-03-31,363.7621155862403,372.0940755014272,362.28533367877645,369.3699951171875,45244400,0.031229157756083703,-0.006894824692778578,-0.08357877706480898,373.3244232177734,388.30846710205077,405.435185546875,382.7099376801291,405.6704140960538,0.0139372780989993,26.085188315941366,-12.61779747321549,-10.583671524985414,388.30846710205077,423.8443414577337,352.7725927463678,0.583059546161502,0.9064706658414133
2026-04-01,372.682807332766,373.1817267376728,367.4042619540212,368.57171630859375,29417200,-0.0021611901863888283,-0.004500920419885923,-0.0884254675369982,371.08726806640624,386.52083892822264,403.7565222167969,381.36344040664954,404.2155632024279,0.013839035865889492,26.908347743072923,-12.199039328240133,-10.906745085636357,386.52083892822264,422.26087405259545,350.78080380384984,0.6507075040664957,1.0867761037206791
2026-04-02,366.4163701688664,372.83249667260446,363.3629859357669,372.6528625488281,24099100,0.011072868751592857,0.02046608326728605,-0.09063017060222622,369.5346313476563,384.6638610839844,402.36675903320315,380.5338615630475,402.9778102356201,0.013680698404613178,33.78835468435254,-11.406370547876122,-11.006670178084311,384.6638610839844,419.1501665312068,350.17755563676195,0.655792788898135,1.2362178331528826
2026-04-06,372.682794233078,372.9222962461191,368.7014272663852,372.0741271972656,16146600,-0.0015530146410365209,0.04515517849279238,-0.0882237663794786,368.6375732421875,382.86376037597654,400.8254443359375,379.7281725758301,401.7659010968611,0.013698059302545256,28.953511978187436,-10.70151354802465,-10.94563885207238,382.86376037597654,415.9338909017256,349.7936298502275,0.6219127581597492,1.1819229746442275
2026-04-07,369.5396147715723,371.645070458656,365.7677853538718,371.48541259765625,21443300,-0.0015822508381434508,0.03713510630502914,-0.09066702981716057,367.5688873291016,381.0117721557617,398.9774688720703,378.94314781600406,400.5784309596374,0.01365320645089171,28.931030396313147,-10.07428357548281,-10.771367796754465,381.0117721557617,412.1214950199423,349.90204929158114,0.6573163058980184,1.2734637473761208
2026-04-08,384.148004001906,384.167949815935,370.6073237610428,373.52099609375,33064800,0.005479578543501118,0.011238056776229355,-0.0774596224420675,367.7275451660156,379.44366760253905,397.08398864746096,378.4267524138846,399.5173550825438,0.013795339384701743,35.14800921770011,-9.305674701860141,-10.478229177775601,379.44366760253905,408.5865590442748,350.3007761608033,0.48802658664885307,0.9502919245782043
2026-04-09,371.6949574789129,372.6927962909368,366.2567237727329,372.26373291015625,30435300,-0.003365977272341003,0.01001709148639951,-0.07856646197228001,367.9301055908203,377.85660552978516,394.96027709960936,377.8397981754343,398.4485855855874,0.013789879242789236,36.07475726286462,-8.697735186438422,-10.122130379508166,377.85660552978516,404.7369717920454,350.97623926752493,0.5029574966974554,0.968020046168954
2026-04-10,372.17393720824543,374.8281921461914,369.23030048358606,370.0684814453125,28111100,-0.005897032858082851,-0.006935089900663272,-0.0771163609732316,368.41904602050784,376.3104553222656,392.7717529296875,377.09967277256555,397.3356403251845,0.013773626797088729,39.48777032196728,-8.2974295839565,-9.757190220397833,376.3104553222656,401.06079831265663,351.5601123318746,0.4866165335165299,0.9751691583823018
2026-04-13,372.8025510733858,383.70895264062807,370.2181521550117,383.539306640625,35745800,0.03640089840318694,0.03081423459815258,-0.02826440440503919,371.17308349609374,375.75266418457034,391.8109777832031,377.71297123619024,396.79460763167236,0.016149284328456866,51.058892821265246,-6.814646494249757,-9.168681475168219,375.75266418457034,399.22847459151416,352.2768537776265,0.6918352479310168,0.8680392138920618
2026-04-14,387.0816509997633,393.8370088930228,385.684652281273,392.2604064941406,37504500,0.022738477393367207,0.055924117588393996,-0.017102158728012906,374.58070373535156,375.4114028930664,391.08853942871093,379.09844126075694,396.6167958223574,0.01681502650471645,66.12317716446825,-4.87956178899384,-8.310857537933343,375.4114028930664,397.62348552875636,353.1993202573764,0.6451167962992388,0.3711221054243702
2026-04-15,397.1398382929036,413.47445440771634,395.8725939925935,410.3312683105469,45063400,0.046068533854630056,0.09854940579446803,0.029568636237257584,378.6768310546875,376.0006271362305,390.86530517578126,382.0729962178798,397.15461827287464,0.019800733724410158,75.24501909096055,-1.8663120113279774,-7.02194843261227,376.0006271362305,401.21860896012,350.782645312341,0.7659419311171994,0.176751943169467
2026-04-16,418.9525857224824,419.9105328997013,411.2492993874727,419.3517456054688,41642400,0.021983402171766864,0.12649100229883792,0.07266649696118699,383.754833984375,377.4210510253906,391.0646026611328,385.62335330241206,398.025093854545,0.01966753798800527,82.48952173880623,1.235346966339364,-5.370489352821943,377.4210510253906,408.6635027989045,346.17859925187673,0.56539444577329,-0.10944466686909558
2026-04-17,423.9018933176335,430.64726300981,419.78081413338697,421.8762817382813,48568200,0.006020092104702002,0.13999517086846214,0.086807972762587,388.6771759033203,379.1059036254883,391.25505493164064,389.07601315344726,398.96043455586795,0.019507578049329434,92.9370715161497,3.852731133609666,-3.5258452555356214,379.1059036254883,415.9274814777701,342.2843257732065,0.4774619814686564,-0.09067314714023379
2026-04-20,420.2398034863272,422.4150847565369,415.4002792280178,417.1664733886719,27582200,-0.011163956243767315,0.08767593351143899,0.09479665864519604,393.18641052246096,380.91199188232423,391.75989135742185,391.75129508061156,399.67439686303675,0.019128125655680853,87.21824866944567,5.483771269438307,-1.7239219505408359,380.91199188232423,421.48627655744497,340.3377072072035,0.5104853621186495,0.02794723585250371
2026-04-21,419.33177508554746,426.2567789178336,416.2983670043314,423.2433166503906,32048500,0.014566950244961241,0.07898556582134386,0.10746735951333153,398.36220092773436,382.96554412841795,392.23752685546873,394.75053523011434,400.5986682272467,0.0192479094698885,86.33733937201247,7.183921023293749,0.05764664422608101,382.96554412841795,427.74760340041774,338.18348485641815,0.40836656987766107,-0.12339516993271374
2026-04-22,425.2689090952171,432.7626880248645,422.7543663498755,431.984375,29378200,0.020652560845584977,0.05276981883102705,0.16145307993478908,404.2085388183594,385.9680419921875,392.6418884277344,398.29661520819866,401.8294802575508,0.017967061691182944,88.63223790776317,9.131371541829708,1.8723916237468063,385.9680419921875,435.4424715745706,336.4936124098044,0.4287200275165405,-0.15937167414705858
2026-04-23,418.9825380949446,422.7443793162959,410.5208543154444,414.8514709472656,38308000,-0.039660934617680055,-0.010731503339053927,0.1204990486700297,408.4673126220703,388.19870910644534,392.71016296386716,399.87326813572884,402.3401465591083,0.020726334761600778,72.18085081429865,9.18636325964593,3.335185950926631,388.19870910644534,438.6992998194553,337.6981183934354,-0.12188319607307566,0.21395330219423744
2026-04-24,416.0688403922519,424.0316048781353,414.9013556123021,423.7023010253906,27457400,0.021334937195510273,0.00432832886358403,0.16025897303301595,413.8306945800781,391.12487030029297,393.1326647949219,402.1426998395062,403.1778781068056,0.02046266581033499,74.9662198156978,9.830809161493164,4.634310593039938,391.12487030029297,442.7782170471984,339.47152355338756,-0.3362207027166842,0.4558073266760126
2026-04-27,421.46715688014,426.1869149113369,416.1686352924954,423.9018859863281,30867300,0.0004710499812119462,0.016145622976228236,0.1907392073961116,417.86695251464846,394.52001800537107,393.60953430175783,404.21500328206065,403.99058429815943,0.01905520848685507,75.44317874762214,10.239606213539503,5.7553697171398515,394.52001800537107,445.3723009684922,343.66773504224994,-0.34568234983808505,1.218542796080323
2026-04-28,423.6524179624475,428.99086152362304,420.9881750222059,428.3222961425781,30438100,0.010427908679775388,0.012000141035618306,0.1958157038693089,421.4731414794922,398.02692260742185,394.18516540527344,406.5109359354433,404.944769076372,0.019046170026226824,75.99885563596783,10.795823446683642,6.7634604630486095,398.02692260742185,447.9945327050409,348.0593125098028,-0.383498437206268,1.2478435381047361
2026-04-29,423.6623688360089,425.8975483734993,419.38166246548025,423.5426330566406,38288300,-0.011159034047451222,-0.0195417761194705,0.14666225913197461,422.7942779541016,400.73555450439454,394.75400817871093,408.1330023279383,405.67409707559824,0.018817360454772773,73.5409715899113,10.727293187201155,7.556227007879119,400.73555450439454,450.03105025486764,351.44005875392145,-0.1885305656849961,1.2365646753297685
2026-04-30,409.92216255995794,413.5243765293071,397.1498378648014,406.8987121582031,70909400,-0.03929691983619443,-0.019170135207435268,0.1039878920538746,421.548974609375,402.651904296875,394.9354150390625,408.0154508832016,405.7221211964847,0.021424033173626546,64.92760527599006,9.2236328474213,7.889708175787556,402.651904296875,449.6070724454522,355.69673614829776,-0.42490016645366424,0.636703852582588
2026-05-01,411.9078412872606,416.2085240460113,409.5529563541748,413.5443115234375,31372400,0.01633231850252348,-0.02397435528995251,0.1097306718508071,420.7157775878906,404.6964767456055,395.2543243408203,408.54200903941455,406.02887375832603,0.0215322188242933,62.873529860171566,8.470572042285767,8.0058809490872,404.6964767456055,449.67094581831276,359.7220076728982,-0.4523084539975923,0.5842739500212062
2026-05-04,410.6505829404435,419.87060358807366,409.9121615309381,412.72607421875,28066500,-0.0019785964451384253,-0.026364147311056296,0.10925765606897886,420.27173767089846,406.7290740966797,395.58141540527345,408.9404914374465,406.2915090704995,0.021539702220528093,59.41948617435055,7.718763910910582,7.9484575414518766,406.7290740966797,449.0945673304333,364.36358086292614,-0.448932216700375,0.5765610228589338
2026-05-05,414.42242364358015,415.8792597859335,407.916495085617,410.4909362792969,25700900,-0.005415548178495877,-0.04163070665213664,0.10499880307248088,418.9964996337891,408.6793502807617,396.1184527587891,409.088152850956,406.45619249045234,0.021622172843866652,50.08602890947263,6.86347572265845,7.731461177693191,408.6793502807617,447.67039032520637,369.688310236317,-0.41963831100569954,0.4988587438784587
2026-05-06,407.1182274562224,417.51572107575487,404.23445872829495,413.0653381347656,30285900,0.0062715193636264654,-0.02473728523209573,0.10586912771856705,417.10459594726564,410.6565673828125,396.61657348632815,409.466932401795,406.7153746725823,0.021623384977554956,46.36004993570928,6.320527281898194,7.449274398534192,410.6565673828125,445.9787536081233,375.3343811575017,-0.4256652982229103,0.501777722048653
2026-05-07,419.2020489501835,427.05506598481406,417.8549909144547,419.8606262207031,34942400,0.016450879458010714,0.03185538237206398,0.12785799180183388,417.6055114746094,413.03641204833986,397.0191015625,410.4568080035958,407.2308747332929,0.02166099912982122,48.887898086338296,6.36518578921897,7.232456676671148,413.03641204833986,443.55405745778694,382.51876663889277,-0.564289245970281,0.5873998013907346
2026-05-08,416.48795292910256,417.7252633012779,413.105264767488,414.2228393554688,33383800,-0.013427757958591635,0.0016407620976135462,0.11931401922614504,416.6575653076172,415.24412994384767,397.28652221679687,410.81547765615517,407.5050694243586,0.021946967210968754,48.39236457018665,5.877898934887867,6.9615451283144925,415.24412994384767,438.10059704514435,392.387662842551,-0.5175880171549567,0.37014621447885887
2026-05-11,406.9885016374445,411.79809190456297,404.6236285818644,411.7681579589844,35657900,-0.005925992396517588,-0.0023209492193554393,0.07360093432303594,415.44419250488284,416.65557250976565,397.6840612792969,410.90620911356746,407.67224936689297,0.020863045882649964,43.474796211695185,5.233321841491318,6.615900470949858,416.65557250976565,434.1184900804858,399.1926549390455,-0.4568438776592235,0.6108113874989402
2026-05-12,413.5842224333829,414.6020070114768,405.7611701670722,406.8887023925781,38594200,-0.01185000702966521,-0.008775428562124987,0.03729230800829253,413.3008331298828,417.3869873046875,397.8680627441406,410.52358942585414,407.64152203456695,0.02063983049607324,35.07416496889164,4.279427984199685,6.148605973599824,417.3869873046875,431.4402495429301,403.33372506644497,-0.2625889134398616,0.598733515703688
2026-05-13,402.3286237155428,405.4318878236479,400.1633000811369,404.3342590332031,29667100,-0.006277990380058274,-0.021137283367780202,-0.014615043357614876,411.37999572753904,417.08713684082034,397.89360778808594,409.9341293884588,407.5118254462782,0.01789913639296956,42.43251076206023,3.279533577491634,5.574791494378187,417.08713684082034,432.0036744071111,402.1705992745296,-0.7880785561906744,0.38819089311768085
2026-05-14,403.6058516736889,410.94993067744383,400.013625877668,408.5451354980469,27077500,0.010414344989990054,-0.026950587923689207,-0.025769798792226628,411.5446380615234,416.5468063354492,397.97802490234375,409.80184425603863,407.55234740909265,0.017308693800802254,38.31358105665705,2.7946772950442096,5.018768654511391,416.5468063354492,431.89461869163665,401.1989939792618,-0.8746567281629047,0.6015765945963726
2026-05-15,413.3746572242232,427.24464052002446,412.01761111071977,421.0081481933594,50771200,0.030505840389261074,0.016380817746429743,-0.002057791780435969,412.2910217285156,416.50339965820314,398.20233947753906,410.8691112976882,408.08002587122076,0.01865681134628988,48.12370093584354,3.3771564079090126,4.690446205190916,416.50339965820314,431.79254589359834,401.21425342280793,-0.634873186538139,0.2966634294094566
2026-05-18,415.7196062415453,424.2012362508279,414.7117792841577,422.6246643066406,32564100,0.00383963141857957,0.02636558009115819,0.013083963516127062,413.2808807373047,416.77630920410155,398.4933099365234,411.98868777473126,408.65040384908036,0.01848242584317108,46.166258300480386,3.9239814266499593,4.537153249482725,416.77630920410155,432.3082192205398,401.2443991876633,-0.7747799199216168,0.5755989526702925
2026-05-19,428.9708919761278,431.7648588737268,415.58987007798993,416.5178833007813,33018700,-0.014449655975185771,0.023665392653032358,-0.01589022929608286,413.8835754394531,416.4400375366211,398.6531640625,412.4200397295932,408.95893245502947,0.018484879416576967,45.35622133200165,3.8205372280262964,4.393830045191439,416.4400375366211,431.67071373237223,401.20936134087,-0.5692909666167524,0.31329114459009033
2026-05-20,413.2749005432513,421.18775475321456,410.4110776678385,420.1499938964844,27864000,0.008720179231968883,0.03911549543463866,-0.02739539156599269,414.592041015625,415.8483184814453,398.9585021972656,413.1562258407257,409.3977976095963,0.01794628705774967,60.57997907103197,3.985693333855579,4.312202702924267,415.8483184814453,429.35861734265075,402.33801962023983,-0.6005823698340486,0.5515150504109322
2026-05-21,424.75,426.3399963378906,415.7099914550781,419.0899963378906,31393500,-0.0025229027109182622,0.025810760975011338,0.010216970861756325,414.5149780273438,416.06024475097655,399.26020263671876,413.7213468404557,409.7778838342353,0.015518007428619226,54.861332913243004,3.985109926809969,4.246784147701408,416.06024475097655,429.637511728189,402.4829777737641,-0.44184814741603695,1.2048404128560544
2026-05-22,419.5400085449219,424.3999938964844,416.3299865722656,418.5700073242188,22390300,-0.001240757398686676,-0.0057911963927614885,-0.01211297103827691,414.94969482421874,415.80363006591796,399.61177307128906,414.1831240293855,410.1226729907052,0.01473338167824539,55.149703741410654,3.8977578782983073,4.176978893820788,415.80363006591796,428.9602270531482,402.64703307868774,-0.42293784605348966,1.8084539127789918
2026-05-26,416.4299926757813,419.7699890136719,413.0199890136719,416.0299987792969,30398000,-0.006068300404893701,-0.015604071613195991,-0.01857006884674517,415.37587890625,415.41003570556643,400.03847045898436,414.3590168627104,410.354332825552,0.014783045314389771,54.85496413816533,3.5822790061851038,4.058038916293651,415.41003570556643,428.00558524358985,402.814486167543,-0.3480838255933838,1.6963299486385637
2026-05-27,411.010009765625,415.9400024414063,409.5799865722656,412.6700134277344,28901500,-0.008076305462157207,-0.009238186467658283,-0.03654323591325137,415.9540100097656,414.6274215698242,400.3101580810547,414.1981593927127,410.44514382955913,0.014619353084839666,49.658206514191626,3.0262522378101835,3.8516815805969578,414.6274215698242,425.69761796006946,403.55722517957895,-0.18249258550075353,1.8236397053827456
2026-05-28,412.9800109863281,429.489990234375,412.6700134277344,426.989990234375,47250500,0.034700793226276616,0.01627989155600429,0.008139339251058031,418.21958312988284,414.79978942871094,400.8790222167969,415.4164289966805,411.09396133563035,0.01653778688172295,55.454285226121286,3.6984658569884914,3.8210384358752645,414.79978942871094,426.5414545407797,403.0581243166422,0.045957862659473096,1.2441373021408708
2026-05-29,432.5499877929688,450.3299865722656,432.3599853515625,450.239990234375,79522600,0.05445092515456418,0.074327696124175,0.10651613480487176,422.3890686035156,416.9668533325195,402.06495666503906,418.7329586383657,412.6290997238164,0.01788462584267766,71.70549049987491,6.03768204458413,4.264367157617038,416.9668533325195,436.18594644309326,397.7477602219458,1.3898691157443317,1.774579913496719
