Date,Open,High,Low,Close,Volume,daily_return,return_5d,return_20d,ma10,ma20,ma50,ema20,ema50,volatility_20d,rsi,macd,macd_signal,bb_middle,bb_upper,bb_lower,skew_20d,kurt_20d,spy_return_1d,spy_return_5d,spy_return_20d,spy_rsi,spy_macd,spy_volatility_20d,spy_trend_strength,relative_strength_5d,relative_strength_20d,relative_strength_50d,relative_momentum_score,volume_sma_20,volume_ratio,volume_momentum,volume_trend,abnormal_volume_flag,market_regime
2024-05-30,114.58533630630252,115.75367568258608,109.60114957621624,110.43767547607422,484553000,,,,,,,110.43767547607422,110.43767547607422,,,0.0,0.0,,,,,,0.0,0.0,0.0,0.0,0.0,0.0,0.0,0.0,0.0,0.0,0.0,0.0,0.0,0.0,0.0,0.0,0.0
2024-05-31,112.45653205108223,112.65342715935483,106.87968513049076,109.5711669921875,613263000,-0.007846131133703915,,,,,,110.3551508585612,110.40369475121592,,,-0.06912318389979077,-0.013824636779958155,,,,,,0.0,0.0,0.0,0.0,0.0,0.0,0.0,0.0,0.0,0.0,0.0,0.0,0.0,0.0,0.0,0.0,0.0
2024-06-03,113.55691490102478,114.93513488769533,111.93982368190672,114.93513488769533,438392000,0.0489541915337115,,,,,,110.79133981371683,110.58139828597982,,,0.30540307888475127,0.050020906352983736,,,,,,0.0,0.0,0.0,0.0,0.0,0.0,0.0,0.0,0.0,0.0,0.0,0.0,0.0,0.0,0.0,0.0,0.0
2024-06-04,115.65073625073812,116.53423270815344,113.98067349692546,116.37132263183594,403324000,0.012495637174341212,,,,,,111.32276674877579,110.80845414268006,,,0.7099226423780607,0.18200125355799912,,,,,,0.0011178601524610698,0.0,0.0,0.0,0.04594782207084336,0.0,0.0,0.0,0.0,0.0,0.0,0.0,0.0,0.0,0.0,0.0,0.0
2024-06-05,118.30423600418824,122.37993114467406,117.4017454559346,122.37094116210938,528402000,0.05155581628348793,,,,,,112.37497383575995,111.2618850061871,,,1.4973656857934543,0.44507414000509016,,,,,,0.011885166809659786,0.0,0.0,0.0,0.570489740295443,0.0,0.0,0.0,0.0,0.0,0.0,0.0,0.0,0.0,0.0,0.0,0.0
2024-06-06,123.97803133753258,125.51616477932996,118.25326519915949,120.92975616455078,664696000,-0.011777183241970857,0.09500454118802626,,,,,113.18971500993051,111.64101720847587,,,1.9822779201650036,0.7525148960370729,,,,,,-1.8826212542566445e-05,0.0,0.0,0.0,0.9741704299427738,0.0,0.0,0.0,0.0,0.0,0.0,0.0,0.0,0.3717715089990157,0.0,0.0,0.0
2024-06-07,119.70243576783464,121.62335628683404,117.95542832157363,120.81980895996094,412386000,-0.0009091823888260908,0.10266060202293437,,,,,113.91639062421913,112.00096982618116,,,2.3308341339627248,1.0681787436222034,,,,,,-0.0012156583247044939,0.0,0.0,0.0,1.2287257187483647,0.0,0.0,0.0,0.0,0.0,0.0,0.0,0.0,-0.32755440977199013,0.0,0.0,0.0
2024-06-10,120.3021010809677,123.0305567964374,116.94399587339676,121.72129821777344,313434100,0.007461435881853218,0.05904341902681853,,,,,114.65971515693859,112.38215917487106,,,2.6492709472883007,1.3843971843554228,,,,,,0.003089675881409404,0.014891811464125437,0.0,0.0,1.5426513575026775,0.0,0.0,0.044151607562693096,0.0,0.0,0.0,0.0,0.0,-0.2850369076078031,0.0,0.0,0.0
2024-06-11,121.71130884876212,122.81078479761145,118.68277039590036,120.85173034667967,222551200,-0.0071439253756397925,0.0385009606620903,,,,,115.24943088929489,112.71429922082434,,,2.7992001196095373,1.6673577714062457,,,,,,0.002408453385426501,0.016200161415916403,0.0,0.0,1.8714942002535508,0.0,0.0,0.022300799246173897,0.0,0.0,0.0,0.0,0.0,-0.4482073965347958,0.0,0.0,0.0
2024-06-12,123.00069556163665,126.8188544177255,122.51093382538542,125.13966369628906,299595000,0.03548094294809734,0.022625653671420665,,118.31484985351562,,,116.19135782329433,113.20156841594061,,,3.2268236401193917,1.9792509451488751,,,,,,0.00821319611838045,0.012512532293970535,0.0,0.0,2.451249598541949,0.0,0.0,0.01011312137745013,0.0,0.0,0.0,0.0,0.0,-0.4330169075817275,0.0,0.0,0.0
2024-06-13,129.32763594350715,129.7374419918796,127.09871503024355,129.5475311279297,260704500,0.03522358380583812,0.07126265062217252,,120.22583541870117,,,117.4633743284977,113.84258656150881,,,3.8767081462893884,2.358742385376978,,,,,,0.002013301440180859,0.014570125746265816,0.0,0.0,2.9624190023723713,0.0,0.0,0.0566925248759067,0.0,0.0,0.0,0.0,0.0,-0.6077838590874625,0.0,0.0,0.0
2024-06-14,129.89737910282292,132.7759808624214,128.2581700274141,131.8164520263672,309320400,0.01751419636239082,0.09101688838169308,,122.45036392211914,,,118.83033410924716,114.54744403071895,,,4.5226944476222855,2.7915327978260396,,,,,,0.000608435925496309,0.016423049801618017,0.0,0.0,3.35485102106054,0.0,0.0,0.07459383858007507,0.0,0.0,0.0,0.0,0.0,-0.24992507020121923,0.0,0.0,0.0
2024-06-17,132.9259111616535,133.66554475885698,129.5175509456389,130.9168701171875,288504400,-0.006824504038386192,0.07554612080263978,,124.04853744506836,,,119.98143277667006,115.18938230861967,,,4.905506873887305,3.2143276130382925,,,,,,0.007958879582898204,0.02135697644384349,0.0,0.0,3.960501691801255,0.0,0.0,0.05418914435879629,0.0,0.0,0.0,0.0,0.0,-0.07953729348529726,0.0,0.0,0.0
2024-06-18,131.0767862027837,136.26428691629846,130.62700616579136,135.5146484375,294335100,0.03511983074600611,0.12132981504491291,,125.96287002563477,,,121.46078664913006,115.98645156857577,,87.48364379310945,5.516302266183843,3.6747225436674027,,,,,,0.0025405909456592823,0.0214916117998587,0.0,97.00122705613573,4.498125818044855,0.0,0.0,0.09983820324505421,0.0,0.0,0.0,0.0,0.0,0.32255004691055356,0.0,0.0,0.0
2024-06-20,139.73263779444994,140.69216665961412,129.45759262565218,130.71697998046875,517768400,-0.03540331995359125,0.04456873320129495,,126.7974739074707,,,122.34232887116231,116.56411934943432,,76.51012679338564,5.549261830343198,4.049630401002562,,,,,,-0.00271641746130602,0.010418052522072063,0.0,90.8512137789449,4.752049820335969,0.0,0.0,0.03415068067922289,0.0,0.0,0.0,0.0,0.0,0.7282277741617851,0.0,0.0,0.0
2024-06-21,127.05874067811745,130.5670512631637,124.24010000634736,126.50900268554688,649445800,-0.03219151249937546,-0.023454931297627213,,127.35539855957032,,,122.73915494872274,116.95411477437992,,70.36302170126365,5.176166299188324,4.2749375806397145,,,,,,-0.0013407061120768171,0.007035912011336576,0.0,88.10180462014566,4.839726500193365,0.0,0.0,-0.03049084330896379,0.0,0.0,0.0,0.0,0.0,1.491118488556968,0.0,0.0,0.0
2024-06-24,123.18059459700768,124.40000776140424,117.98310411428992,118.05307006835938,476060900,-0.06684056025803731,-0.1044132332984864,,127.07872467041015,,,122.2928611505929,116.99721106041832,,53.4890550764238,4.150320004186625,4.250014065349097,,,,,,-0.003250512653033333,0.003152175215143993,0.0,82.08703716093326,4.714983809952969,0.0,0.0,-0.10756540851363039,0.0,0.0,0.0,0.0,0.0,0.5390543268403893,0.0,0.0,0.0
2024-06-25,121.14159285282038,126.43904192857352,119.2625015362155,126.02923583984376,414192600,0.06756423841299286,-0.037333876626966966,,127.50951843261718,,,122.64870635909298,117.35140811059188,,59.42757234972642,3.9355725126178243,4.187125754802842,,,,,,0.0038508483762180745,-0.0009362658158413861,0.0,83.06794267959583,4.72680726843862,0.0,0.0,-0.03639761081112558,0.0,0.0,0.0,0.0,0.0,0.43565436090402776,0.0,0.0,0.0
2024-06-26,126.06921428451572,128.0582531537486,122.54091663746888,126.3390884399414,362975900,0.002458577154997643,-0.06770899015976417,,128.05825424194336,,,123.00017131917377,117.70386616272323,,54.35754938087707,3.7471908105404594,4.099138765950366,,,,,,0.001248037323762441,-0.0022243368024811305,0.0,78.74347486076428,4.735328495006797,0.0,0.0,-0.06548465335728304,0.0,0.0,0.0,0.0,0.0,0.2332063012532315,0.0,0.0,0.0
2024-06-27,124.04018440835472,126.34907621355548,122.86075284303976,123.93023681640624,252571700,-0.01906655852341599,-0.051919369351071,,127.93731155395508,123.12608070373535,,123.08874898557686,117.94803756090687,,53.22635555636794,3.3647361758611964,3.9522582479325323,123.12608070373535,137.07707436137568,109.17508704609503,,,0.0015764091777425993,0.0020706080073644717,0.0,79.58364446070767,4.755226781949432,0.0,0.0,-0.05398997735843547,0.0,0.0,0.0,410323800.0,0.6155424082151706,-0.5121917444170019,-0.38445759178482947,0.0,0.0
2024-06-28,124.5199608102888,127.6484495693471,122.69084094404649,123.48046112060548,315516700,-0.003629265200768228,-0.02393933633694978,0.11810087081520404,127.33060455322266,123.77821998596191,,123.12605490319862,118.16499534756171,0.032897932294453314,52.84018821976113,2.9908681168222557,3.759980221710477,123.77821998596191,136.38663663649456,111.16980333542926,-0.10739746809253074,0.04669611482391208,-0.003934877088414557,-0.0005324243816031693,0.0,74.6439699798575,4.548658630418458,0.0,0.0,-0.02340691195534661,0.0,0.0,0.0,401871985.0,0.7851174298701115,-0.5141754708399069,-0.2148825701298885,0.0,0.0
2024-07-01,123.41049523168472,124.77983008392049,118.77273207553426,124.24009704589844,284885500,0.006151871465324366,0.05240886131937472,0.13387582204684234,126.57296905517578,124.51166648864746,,123.23215415488431,118.40323462984944,0.03273388808769341,52.69693054941443,2.7244653168370974,3.552877240735801,124.51166648864746,135.20088299051793,113.82244998677699,-0.17577138388115998,0.13153889611587868,0.00205777362635029,0.004790337341069373,0.0,74.08197105216608,4.422475077786316,0.0,0.0,0.04761852397830535,0.0,0.0,0.0,385453110.0,0.739092492988317,-0.4015776132843508,-0.26090750701168297,0.0,0.0
2024-07-02,121.07161927076024,123.35052684202404,120.9716689903923,122.61087799072266,218374000,-0.013113472171338514,-0.027123530713660027,0.06678326092823927,125.7423698425293,124.89545364379883,,123.17298499639273,118.56824025184447,0.03144485395280389,51.853405886825264,2.3547309441641886,3.313247981421479,124.89545364379883,134.64698898918996,115.1439182984077,-0.02385133470216152,0.4580413519219347,0.006729854689488501,0.007672038073202492,0.04354146435534045,76.45320051480456,4.559949213236791,0.004058447058611334,0.0,-0.03479556878686252,0.02324179657289882,0.0,0.0,374452210.0,0.5831825642049222,-0.4727718457548493,-0.41681743579507785,0.0,0.0
2024-07-03,121.60136576540062,128.21817016601562,121.30150730962696,128.21817016601562,215749000,0.04573242005262568,0.014873320278604663,0.10180212157302337,125.01272201538086,125.48779602050782,,123.65347882207111,118.94666887592962,0.03278358378102447,53.15572581748254,2.4855238348949484,3.147703152116173,125.48779602050782,134.46790671396414,116.50768532705149,-0.0681024845685838,0.034638015067824,0.0044626316745368655,0.010907257239955337,0.047027974696439934,74.55301064012728,4.807107623819888,0.004082904956469656,0.0,0.003966063038649326,0.05477414687658344,0.0,0.0,365073460.0,0.5909742110533042,-0.40561067552969765,-0.40902578894669583,0.0,0.0
2024-07-05,127.31861187118912,128.78791231292527,125.61943416430904,125.76936340332033,214176700,-0.019098749884861155,0.014840015109780058,0.027771480785695246,124.51796035766601,125.65771713256837,,123.85499163933295,119.2142255240626,0.03131859399496497,45.965001294827395,2.3643254310656374,2.991027607906066,125.65771713256837,134.51730457233012,116.79812969280661,0.08410673460675272,0.37878393358695417,0.005766470326189266,0.015136353676762804,0.04069677566614982,76.5859086989152,5.1944138292848265,0.003517646820223061,0.0,-0.00029633856698274563,-0.012925294880454574,0.0,0.0,349362195.0,0.6130505906627933,-0.15201623934906405,-0.3869494093372066,0.0,0.0
2024-07-08,127.42855719345992,130.70698288369695,126.97877711018438,128.13821411132812,237677300,0.01883487873283829,0.03772056686906389,0.05960863707497022,124.68088150024414,126.01814002990723,,124.26291758904678,119.56418586081811,0.03136630320787457,46.080090971680335,2.4313936847604936,2.8791008232769517,126.01814002990723,134.65148459936572,117.38479546044876,-0.06498189843212873,0.3547205402994232,0.0011538278736904495,0.020322489885475692,0.041917175968179565,76.86049076245705,5.48866201085923,0.0034918624104709937,0.0,0.017398076983588195,0.01769146110679065,0.0,0.0,328011260.0,0.7246010396106524,-0.24670453259684832,-0.27539896038934764,0.0,0.0
2024-07-09,130.28719371816868,133.7555228326683,128.58800070420872,131.3166961669922,285366600,0.024805106561751833,0.05695905983137961,0.0868805148542311,126.00724411010742,126.5429843902588,,124.93470602504158,120.02506861792298,0.03170700491695481,50.40635792181699,2.709785971329268,2.845237852887415,126.5429843902588,135.12181208387332,117.96415669664425,-0.17993217238081766,0.22761551561364932,0.000972592116235127,0.019217528545401263,0.044199926732884975,73.03027310272,5.698843379757477,0.003417275243762845,0.0,0.03774153128597835,0.04268058812134612,0.0,0.0,321660290.0,0.8871676388776495,0.001688748637610482,-0.11283236112235054,0.0,0.0
2024-07-10,133.96540518326054,135.03489683470838,132.35618048673416,134.84498596191406,248978600,0.026868554402518896,0.09977995567503473,0.10781751374899762,126.88881912231446,127.19916877746581,,125.87854220950562,120.60624184709911,0.03209214438241655,49.30427279403835,3.1784778493318555,2.911885852176303,127.19916877746581,136.22130955952906,118.17702799540257,-0.2549893389347008,0.09717506465530994,0.009895193071413955,0.022422130403196405,0.05128435868552961,77.16064556620815,6.228271328359256,0.003827799435308869,0.0,0.07735782527183832,0.05653315506346801,0.0,0.0,318437515.0,0.7818758414818053,0.14014763662340757,-0.2181241585181947,0.0,0.0
2024-07-11,135.68457428967133,136.08437540615716,126.98877036890757,127.3386001586914,374782700,-0.05566677729747238,-0.0068599482131538325,0.05367626755035504,126.98877029418945,127.52351226806641,,126.01759534752333,120.87025589853411,0.034825763469385776,46.67714623995526,2.910664608771043,2.911641603495251,127.52351226806641,136.03691789329628,119.01010664283656,-0.28278841783941344,-0.36273800303332615,-0.008622613418480696,0.009102924946496227,0.03971543391100574,68.59477201806853,6.193944630546412,0.0045667268821232695,0.0,-0.01596287315965006,0.013960833639349302,0.0,0.0,326049090.0,1.1494670940501628,0.7371236946637065,0.1494670940501628,0.0,0.0
2024-07-12,128.19818043978003,131.85642018701742,127.15868837162228,129.17771911621094,252680500,0.014442745210231589,0.027100047425386187,0.03226838957888001,127.51351852416992,127.7254150390625,,126.31855951596977,121.19603876981556,0.034109639461348526,52.75314663822238,2.814379797435521,2.8921892422833055,127.7254150390625,136.19218263911435,119.25864743901063,-0.24563632254126502,-0.18984992556206146,0.006307544740922433,0.009645794281108122,0.03775023929103338,73.45469993513291,6.370695361408025,0.004447700449135566,0.0,0.017454253144278065,-0.005481849712153375,0.0,0.0,323703365.0,0.7805927504028264,0.17977585797147877,-0.21940724959717364,0.0,0.0
2024-07-15,130.49705535546263,131.3266570475404,127.11868757874264,128.37808227539062,208326200,-0.006190207152527161,0.0018719487057474726,-0.009027179772219784,128.00328063964844,127.66694259643555,,126.51470454067652,121.47768753474007,0.03324180384397026,62.64998793909043,2.64308158133872,2.8423677100943885,127.66694259643555,136.09679826751383,119.23708692535727,-0.11600828706364257,0.03561395894281212,0.002750120523653532,0.011255626971754973,0.03851333712525262,78.6695851595461,6.55689505205271,0.004452052876843407,0.0,-0.0093836782660075,-0.04754051689747241,0.0,0.0,321084450.0,0.6488205828715778,-0.12349138937542625,-0.35117941712842216,0.0,0.0
2024-07-16,128.3781021800115,128.97780386568002,124.51996185494664,126.29910278320312,214769500,-0.01619419339609518,-0.03820986614990918,-0.04185630214095304,128.2091812133789,127.39107513427734,,126.49417103996477,121.66676264252293,0.033165431957310164,50.386482910824476,2.3129084715574493,2.7364758623870005,127.39107513427734,135.6075824807466,119.17456778780809,0.037331622770022076,0.05540913307966628,0.00593008157149999,0.016264044931222355,0.044036576566780505,79.44723780496051,6.888215555837405,0.004529114303095096,0.0,-0.05447391108113153,-0.08589287870773354,0.0,0.0,316356905.0,0.6788835540036656,-0.24739089998619324,-0.32111644599633443,0.0,0.0
2024-07-17,121.29152518792183,121.79128425966914,116.6637589288006,117.93314361572266,390086200,-0.06623926047868234,-0.12541691651010312,-0.09917535066216243,127.74140777587891,126.7418888092041,,125.67883509479884,121.52034621009938,0.03618081293098001,40.21865849078551,1.3604979423109143,2.4612802783717833,126.7418888092041,135.79459526446328,117.68918235394491,-0.03001461272188513,-0.33366223462356626,-0.014020955362313514,-0.007802929456996899,0.021270021209683243,63.85468629284712,6.450534635668191,0.005591740317091984,0.0,-0.11761398705310622,-0.12044537187184567,0.0,0.0,321435995.0,1.2135734829573148,0.5667458970369341,0.2135734829573147,0.0,0.0
2024-07-18,121.79128264268718,122.3410206645978,116.50383081871446,121.03164672851562,320979500,0.026273386919026143,-0.049528999237591353,-0.10687406768179752,127.0227554321289,126.01773872375489,,125.2362457265814,121.50118152454708,0.03572104346122277,46.68041597366818,0.8459771441518313,2.138219651527793,126.01773872375489,134.4085517887215,117.62692565878828,-0.03251306798732325,-0.23868789521274827,-0.007684924259649506,-0.006864465004342346,0.010853473266467129,57.040595082655436,5.69972059156612,0.005908497618226388,0.0,-0.04266453423324901,-0.11772754094826465,0.0,0.0,322768215.0,0.9944582058676379,-0.1435583873001609,-0.005541794132362135,0.0,0.0
2024-07-19,120.29199311286656,121.54139064753636,117.31343366061544,117.87316131591795,217223800,-0.026096359902318955,-0.0875116690218316,-0.09825669676938587,126.23313522338867,125.37554779052735,,124.5349995922325,121.3589062222479,0.03536330006286177,43.95343478722252,0.18126284323135167,1.7468282898685046,125.37554779052735,134.20647874642646,116.54461683462824,-0.05267654345642558,-0.13132496177447472,-0.006640716928150603,-0.01964324108247384,0.0068757764351412565,55.16332760014363,4.759787419707209,0.006085420986612312,0.0,-0.06786842793935777,-0.10513247320452712,0.0,0.0,307740985.0,0.7058656811669073,-0.14032226467812114,-0.2941343188330927,0.0,0.0
2024-07-22,120.2919960929094,124.01020446831424,119.80223438238662,123.48046112060548,258068900,0.047570623728832695,-0.03814997909284079,-0.02393933633694978,125.76735992431641,125.22412071228027,,124.43456735683944,121.44210445355604,0.03656044712270293,49.25838977466355,0.10571557942849097,1.418605747780502,125.22412071228027,134.07705246146,116.37118896310054,-0.21802177525564306,-0.26188464800359684,0.010310039029305162,-0.012252150269130513,0.01862237823624935,59.17610218065658,4.411343046302591,0.006460126373976714,0.0,-0.02589782882371028,-0.04256171457319913,0.0,0.0,288172140.0,0.8955372993378194,0.23877313559216273,-0.1044627006621806,0.0,0.0
2024-07-23,122.72083281792666,124.62991607602876,122.04116019537172,122.53092193603516,173911000,-0.0076897929919689245,-0.02983537304802697,0.037930837928084715,124.8887825012207,125.44801330566406,,124.25326779295332,121.48480317835916,0.03315102476902492,49.9208913890888,-0.03042532379507179,1.1287995334653875,125.44801330566406,133.74646207741478,117.14956453391336,-0.12409911098060084,0.14466148850982527,-0.0015686337077934764,-0.019615325929704053,0.020341164704517967,54.975991495794226,4.020098870431184,0.00641344507288164,0.0,-0.010220047118322917,0.01758967322356675,0.0,0.0,273064645.0,0.6368858187408333,-0.19024349360593562,-0.36311418125916667,0.0,0.0
2024-07-24,119.1125656978158,119.89218856658098,113.3853314691376,114.19493865966795,327776900,-0.06803167024825651,-0.03169766226392978,-0.0939012055521361,122.82377777099609,124.85629844665527,,123.29533168502138,121.19892613841049,0.032984782075500416,36.83618657074863,-0.8017204201756414,0.7426955427371817,124.85629844665527,134.550534791262,115.16206210204854,-0.4508805856264722,-0.18978093842717939,-0.02266259335745402,-0.028207931924096763,-0.006607814880068452,41.185516736492325,2.687241479442605,0.008270379685381272,0.0,-0.0034897303398330193,-0.08729339067206765,0.0,0.0,268743860.0,1.2196628417854831,-0.1597321310007891,0.21966284178548304,0.0,0.0
2024-07-25,112.98552700492492,116.57379332567128,106.24877714220032,112.22589111328124,460067000,-0.017242861807168275,-0.07275581100690509,-0.11170887411752417,121.31250686645508,124.15063858032227,,122.24109924961755,120.84704241193482,0.033063458031115205,37.170990907638945,-1.5539500530040726,0.2833664235889308,124.15063858032227,135.33112857290726,112.97014858773726,-0.35228011136828186,-0.2792053501709926,-0.005210277592075707,-0.025784465767398013,-0.013015457469396585,35.92854942133776,1.3920383700169623,0.00833265501479511,0.0,-0.04697134523950708,-0.09869341664812759,0.0,0.0,273598415.0,1.6815411741328985,0.4333220657394008,0.6815411741328984,0.0,0.0
2024-07-26,116.134004803412,116.14399449340688,111.52622597755057,113.00550842285156,293399100,0.006946857822526686,-0.041295684604745087,-0.08815224334428473,119.69528579711914,123.60440216064453,,121.36151917087793,120.53953127510803,0.033008287967491876,35.22061840326789,-2.0634032272144225,-0.18598750657173985,123.60440216064453,135.8472415975405,111.36156272374855,-0.47825415640463004,-0.17775935936157303,0.01119971183544255,-0.008287852875116464,-0.003532355746742155,41.4050594538344,0.8325293089141041,0.00873442203491295,0.0,-0.03300783172962862,-0.08461988759754258,0.0,0.0,275639785.0,1.0644294327830797,0.3506765833209804,0.06442943278307955,0.0,0.0
2024-07-29,113.63520299096253,116.22395093081532,111.24635559929368,111.53620910644533,248152100,-0.013002015007165024,-0.09672989480087868,-0.09672989480087868,118.0110984802246,123.00718955993652,,120.42577535521768,120.18645981751342,0.033068058126136855,30.014116010507777,-2.556241947608626,-0.6600383947791171,123.00718955993652,136.38790209246906,109.62647702740396,-0.42957189384031164,-0.2333488443380786,0.000587779587347903,-0.017831143957676043,0.0009921285864606944,41.19987503463536,0.40968180386187214,0.008689445191890322,0.0,-0.07889875084320264,-0.09772202338733937,0.0,0.0,272271555.0,0.9114139741847069,-0.038426947222234054,-0.08858602581529312,0.0,0.0
2024-07-30,111.46623842477167,111.93601308136988,102.49057150448816,103.68000030517578,486833300,-0.070436397867637,-0.15384624005930625,-0.16548680522301162,115.74918823242187,121.97918472290038,,118.83093963616606,119.5391476797747,0.03606288364103935,21.043828201078227,-3.5399443030317457,-1.2360195764296429,121.97918472290038,137.88245004231004,106.07591940349073,-0.33403509847021756,-0.6659764949687574,-0.005066463587138137,-0.02127200097320081,-0.006124532309324859,33.92686975091793,-0.1419116180891251,0.008750157578126035,0.0,-0.13257423908610544,-0.15936227291368676,0.0,0.0,282368945.0,1.7241035482850282,1.7993243670613128,0.7241035482850283,0.0,0.0
2024-07-31,112.84558326649312,118.28295597890576,110.82655264429766,116.96359252929688,473174200,0.12812106659935996,0.024244978824151442,-0.046058600623128054,115.6522331237793,121.6968204498291,,118.65309705455948,119.43814551701087,0.04719603419336447,41.2948594960538,-3.2106502524729024,-1.6309457116382948,121.6968204498291,137.7526658464872,105.64097505317102,0.7630538488475079,1.7451813443710182,0.01625458557234216,0.01770055078103505,0.003278582455503054,45.57520143094795,0.1158523664146287,0.009387221509165121,0.0,0.00654442804311639,-0.04933718307863111,0.0,0.0,295108955.0,1.6033881452360537,0.44358617095957653,0.6033881452360536,0.0,0.0
2024-08-01,117.47335365334,120.10209097077004,106.75851907796756,109.15736389160156,523462300,-0.06674067091210467,-0.027342417968259092,-0.14865916624558217,114.4648048400879,120.7437801361084,,117.74874151523015,119.03497761013207,0.047989296400802406,34.73089542819332,-3.5387868249569294,-2.0125139343020217,120.7437801361084,137.4205687075578,104.066991564659,0.9150435750778548,2.003667571476818,-0.014160914265491042,0.00854377355747582,-0.015323010258660008,37.5805201711868,-0.29291261103969646,0.009854771279968925,0.0,-0.03588619152573491,-0.13333615598692217,0.0,0.0,310494620.0,1.685898132470057,0.13779579930749208,0.6858981324700569,0.0,0.0
2024-08-02,103.7099895556254,108.66759790813096,101.32114215166182,107.21829223632812,482027500,-0.01776400222708774,-0.0512118061083221,-0.1475007161124141,113.39931793212891,119.81622657775878,,116.74584158390616,118.5715781837084,0.047972420249046355,34.13756877402223,-3.910229606953905,-2.3920570688323988,119.81622657775878,137.35729291814204,102.27516023737553,0.9116528983066079,2.0050778371947886,-0.018618501646100127,-0.021196121730697848,-0.03919666433743774,31.39219423174862,-1.399709034195439,0.010496856552856256,0.0,-0.030015684377624252,-0.10830405177497637,0.0,0.0,323887160.0,1.4882575153643016,0.642907220915129,0.48825751536430156,0.0,0.0
2024-08-05,92.01562533705626,103.36016082359782,90.64629054713856,100.40158081054688,552842400,-0.06357787727821673,-0.09982971794632223,-0.21645871602895372,111.09142990112305,118.42939491271973,,115.1892453197767,117.85902926711383,0.04917257634948875,31.873504778442424,-4.70046825807421,-2.8537393066807613,118.42939491271973,137.51772004182493,99.34106978361453,1.0284943604008365,1.9736277405111085,-0.029123586891172892,-0.050260638938623425,-0.06825377853047232,23.361869577963986,-3.463450018538765,0.01208902828388218,0.0,-0.0495690790076988,-0.1482049374984814,0.0,0.0,339645415.0,1.627704587150102,1.2278368790753733,0.6277045871501018,0.0,0.0
2024-08-06,103.78996956029714,107.65810786375978,100.50156128734052,104.19977569580078,409012100,0.03783003070858948,0.005013265712722648,-0.20650017296130796,109.25831527709961,117.07354888916015,,114.14262916511233,117.32337226431724,0.049754440860881044,39.73095308492349,-4.963044609181551,-3.2756003671809193,117.07354888916015,136.15985096413488,97.98724681418543,0.9826710971105463,1.7028835769271655,0.009219525118752125,-0.03662358149800249,-0.06057719605026468,29.766253700627672,-4.6682010087762364,0.012385149701440555,0.0,0.041636847210725136,-0.14592297691104328,0.0,0.0,345827690.0,1.1827048898253347,-0.15985184250954076,0.1827048898253347,0.0,0.0
2024-08-07,107.75803154331864,108.74755983917498,98.64243239882664,98.8623275756836,411440400,-0.051223220822463666,-0.15475982365264052,-0.26684461516717795,107.72505416870118,115.27441596984863,,112.68736234707148,116.59940972750809,0.04974486553801115,33.960086136165486,-5.537987245879776,-3.728077742920691,115.27441596984863,134.0890235290505,96.45980841064674,1.1885092007218834,2.1274246433614836,-0.006683876790567145,-0.05836850056734855,-0.07599934718384216,30.042338806413525,-5.831561141986413,0.012022903224024143,0.0,-0.09639132308529197,-0.1908452679833358,0.0,0.0,353950780.0,1.1624226396675832,-0.13046738389371182,0.16242263966758316,0.0,0.0
2024-08-08,101.9508334697326,105.44914638290967,97.47298958555044,104.91940307617188,391910000,0.06126778166183988,-0.03882432356682952,-0.1760597105243843,106.99440536499023,114.15345611572266,,111.9475567022239,116.1413702509851,0.05146247340739059,41.00499888955537,-5.442144402845088,-4.070891074905571,114.15345611572266,132.60966691247265,95.69724531897268,0.908264714007317,1.0961051845958725,0.023117311741988056,-0.02276192708131297,-0.046416554631212525,40.19259685215898,-5.739811951822276,0.013381335344215772,0.0,-0.01606239648551655,-0.12964315589317177,0.0,0.0,354807145.0,1.1045718935564277,-0.25131189008262866,0.10457189355642768,0.0,0.0
2024-08-09,105.58909444979489,106.54863093775164,103.3801603016259,104.69952392578124,290844200,-0.0020956957811798516,-0.02349196445877988,-0.18949239356369663,106.1638069152832,112.92954635620117,119.9249545288086,111.25726786637222,115.69267039509475,0.051208374154131105,35.90398523434396,-5.322575333799534,-4.321227926684364,112.92954635620117,130.41150643408216,95.44758627832019,0.970603884204321,1.2612501168051529,0.004409635243259213,0.0001689842456396029,-0.048215025771807696,37.990684554397085,-5.419700212748353,0.013323774756019088,0.0,-0.023660948704419482,-0.14127736779188893,0.0,0.0,356715330.0,0.8153397836868967,-0.39662322170415587,-0.18466021631310323,0.0,0.0
2024-08-12,106.26876479464012,111.01647580125626,106.20879614847053,108.96746063232422,325559900,0.04076366870176429,0.0853161847913606,-0.15119887522098707,105.9069320678711,111.95901527404786,119.8955502319336,111.03919098693908,115.42893667890768,0.05241692463548189,40.302988311598156,-4.827777547172957,-4.422537850782083,111.95901527404786,127.91878151946909,95.99924902862662,0.8063162285828381,0.6983860885694595,0.0005253411326555657,0.030712457982539076,-0.050326729926197245,38.553428226615594,-5.0852614780098975,0.013287901007281822,0.0,0.05460372680882153,-0.10087214529478983,0.0,0.0,362577015.0,0.8979055111918774,-0.41111626025789627,-0.1020944888081226,0.0,0.0
2024-08-13,112.38580888904526,116.1739831093698,111.52622277964618,116.08402252197266,312646700,0.06530905509178564,0.11405251831699292,-0.08088006989855667,107.14733428955078,111.44826126098633,120.02580734252929,111.51965113313275,115.45462631981218,0.05476994526175201,51.37454147780806,-3.8173951129246575,-4.301509303210598,111.44826126098633,126.07377854506966,96.822743976903,0.592475726073812,-0.02976245611592936,0.016445657378125755,0.038092482206594225,-0.04039923949128932,50.47202663046762,-4.080104118689746,0.013835542276799099,-0.0022984117101286726,0.0759600361103987,-0.040480830407267354,0.0,0.0,367470875.0,0.8508067476095895,-0.23560525471006843,-0.14919325239041054,0.0,0.0
2024-08-14,118.47287425328174,118.54284021234768,114.01502462748074,118.0230941772461,339246400,0.01670403569023815,0.19381261873380495,0.000762725038658596,107.2532844543457,111.4527587890625,120.08756652832031,112.13902666114355,115.55535054951548,0.05281923244645404,54.22002105098306,-2.827598086663585,-4.006727059901196,111.4527587890625,126.08672550924456,96.81879206888044,0.5025404372799525,0.12336744698320984,0.00315460641174492,0.04837446113555455,-0.023683182258442792,53.15229010752385,-3.112497840715264,0.013578737452916134,0.0001991710273169543,0.1454381575982504,0.024445907297101388,-0.006676293164069369,0.054402590577094144,364928885.0,0.9296233155125553,-0.17546648311638813,-0.07037668448744472,0.0,0.0
2024-08-15,118.70277375276062,123.180610648127,117.41339446628128,122.80079650878906,318086700,0.04048108012121632,0.17042980524427143,0.014617249521869269,108.61762771606445,111.54121627807618,120.21615600585938,113.15443331330026,115.83948568517327,0.05326581324236778,56.738178754483314,-1.6387654944936259,-3.533134746819682,111.54121627807618,126.4380053049604,96.64442725119196,0.46274930191655117,-0.012296715599377213,0.017140132684713594,0.04224972665851623,0.0007416412564984487,54.903910569203475,-1.5907826268364715,0.01407176054447575,0.016356387409731422,0.1281800785857552,0.01387560826537082,0.005165153306976089,0.04907361338603403,364784245.0,0.8719858501564397,-0.18836799265137405,-0.12801414984356027,0.0,0.0
2024-08-16,121.88123896431732,124.93976189528416,121.12160307679298,124.51996612548828,302589900,0.013999661773986816,0.18930785410024642,0.056389467588435105,110.34779510498046,111.8735565185547,120.25913650512695,114.23686500969912,116.17989668283269,0.0529038388816369,58.90092770444106,-0.5515268218660196,-2.9368131618289497,111.8735565185547,127.63652748257928,96.1105855545301,0.3554161862699699,0.001241166146462621,0.0022423176956276603,0.04000075766982847,0.009690692018119895,55.37061945069585,-0.28353589354151154,0.01398669060261253,0.017836351784288326,0.14930709643041795,0.04669877557031521,-0.022516052684884658,0.0578299397719495,369052550.0,0.8199100642984312,0.04038485209607079,-0.18008993570156878,0.0,0.0
2024-08-19,124.22011749326396,129.93736267089844,123.36053125322977,129.93736267089844,318333600,0.043506248146185866,0.19244187133377766,0.05229087656213394,113.30137329101562,112.19640159606934,120.4392886352539,115.7321505012419,116.71940515295293,0.05273544157004407,68.6232887821012,0.7387405443207058,-2.2017024205990188,112.19640159606934,129.17772095493558,95.21508223720309,0.3633053974781031,0.04261307618125833,0.009561257412605384,0.04939318321974051,0.008942369424530083,59.62819476591653,1.15796228998488,0.0139602395039992,0.026562715090411932,0.14304868811403715,0.04334850713760385,0.02444443674396024,0.07028054399853374,372065785.0,0.8555841811683921,-0.02219652973231656,-0.14441581883160795,0.0,0.0
2024-08-20,128.33812230971984,129.81742012912812,125.82933728380516,127.18868255615234,300087400,-0.021153885674191075,0.09566053788390882,0.03801294029721469,115.60026397705079,112.42928962707519,120.56666610717774,116.82324879218575,117.12996505111762,0.05297598324816598,58.52643229995368,1.5219471548938373,-1.4569725055004477,112.42928962707519,130.1202993871721,94.73827986697827,0.39519251970290337,0.004910746172323474,-0.0016261140417987985,0.030735625288220936,0.00888428396533425,54.721709823564325,2.203049359688748,0.013960701967917837,0.02390140922805867,0.06492491259568789,0.029128656331880443,0.003103506143396828,0.03238569169032172,378374605.0,0.7930960377216647,-0.04017090217168451,-0.20690396227833524,0.0,0.0
2024-08-21,127.2586330157018,129.28766098618868,126.59895509298428,128.4380645751953,257883600,0.009823059677431356,0.08824519023631172,0.12472642030112868,118.55783767700196,113.14144592285156,120.70100143432617,117.92942172390094,117.57341993441479,0.05025834581226626,68.05164312769877,2.2178922427036554,-0.721999555859627,113.14144592285156,132.22373973905303,94.05915210665009,0.37061461575935944,0.35343503523665065,0.003436664536923706,0.031025438399943983,0.03582598386736846,61.33643258456581,3.146754645510896,0.012854123039713113,0.02641638012802402,0.05721975183636774,0.08890043643376022,0.005208126484900877,0.050442771585009614,374879940.0,0.6879098412147633,-0.23983393781039386,-0.31209015878523666,0.0,0.0
2024-08-22,129.9573385201996,130.68698241163722,123.04066795762932,123.68035888671876,376189100,-0.037042801168115536,0.007162513623165001,0.10206617795420625,120.43393325805664,113.71416931152343,120.75757400512695,118.4771300251217,117.81290773646593,0.05095280415184542,64.6399972699237,2.358341162645374,-0.10593141215862684,113.71416931152343,133.36001476154564,94.06832386150123,0.3888352049763707,0.21659425522622378,-0.007848577207078211,0.005695599626175163,0.0330788512493998,66.20342704198214,3.506495651841874,0.012943513820406285,0.017578119718069232,0.0014669139969898382,0.06898732670480645,-0.01582388484915853,0.018210118617545918,370686045.0,1.0148455952799627,0.18266214840167794,0.01484559527996259,0.0,0.0
2024-08-23,125.79934477343178,129.53754784197983,125.15965381933412,129.30764770507812,323230300,0.045498645613678335,0.03844910762957432,0.14425968706964376,122.89474563598633,114.52927627563477,120.84093368530273,119.50860789940326,118.26368185288209,0.05171068087240071,76.26224983676907,2.8904043399885495,0.4933357382708085,114.52927627563477,135.36786794067334,93.69068461059621,0.27356517510445655,-0.036249849358648514,0.010625309443622832,0.014107475440843897,0.03249202062024659,85.88605875453945,4.210121345153652,0.012921964451641699,0.02754386883556087,0.024341632188730422,0.11176766644939717,-0.008409321799182967,0.042566658946314874,372177605.0,0.868484013163554,0.06821245520752672,-0.131515986836446,0.0,0.0
2024-08-26,129.50755712849073,131.196729770517,124.31005885081004,126.3990478515625,331964700,-0.022493641367210437,-0.027230926860488003,0.13325572802042007,124.63790435791016,115.27241821289063,120.7779640197754,120.16484027579938,118.58271581361466,0.0519566737240387,70.50025298494162,3.042298814378782,1.0031283534924031,115.27241821289063,136.71296325050704,93.83187317527421,0.29217784113915063,-0.08296773312021483,-0.002383780184026185,0.002108647403195496,0.029425711181603198,82.79016191858794,4.608725328768514,0.012952227293602188,0.02434229447036947,-0.0293395742636835,0.10383001683881687,-0.06144836509589835,0.004347359159745008,376368235.0,0.8820210345328425,0.04282017355378143,-0.11797896546715746,0.0,0.0
2024-08-27,124.98974063480068,129.1377346219971,123.82029866993176,128.23817443847656,303134600,0.014550161715409793,0.008251456507232025,0.23686510475516287,125.85331954956055,116.50032691955566,120.70639846801758,120.9337292436734,118.96136124988375,0.04861140958464667,79.00139447912471,3.2733453375508645,1.4571717503040955,116.50032691955566,137.9583991358516,95.04225470325973,0.30611391287180684,0.29776630427263284,0.0013730986678519574,0.00511907970116976,0.03608851900888976,88.1671758082696,4.928660955881128,0.012859295866049225,0.02498025120165582,0.0031323768060622648,0.2007765857462731,-0.06508316723915308,0.046275265104394094,367183300.0,0.8255675026614773,0.010154375025409168,-0.17443249733852276,0.0,0.0
2024-08-28,128.05825393148814,128.26815944285755,122.580899020736,125.54946899414062,448101100,-0.020966498128261124,-0.022490183035758338,0.07340640176295166,126.60595703125,116.92962074279785,120.59905044555664,121.37332350562266,119.21971841632521,0.040604947596777116,71.81819470697441,3.2025779873534646,1.8062529977139694,116.92962074279785,138.7669070303252,95.0923344552705,-0.2615017270287623,-1.0102951592436,-0.005805250282960306,-0.004138330603570606,0.013598148007978317,79.1235624400711,4.868458596883443,0.012500062797154625,0.018548132047813064,-0.018351852432187732,0.05980825375497334,-0.06476230335062949,-0.0077686340092812944,365929645.0,1.2245553376797336,0.7376099139301608,0.22455533767973349,0.0,0.0
2024-08-29,121.30151255769351,124.37003270157088,116.65375204642189,117.5333251953125,453023300,-0.06384848827359224,-0.049700969068471545,0.07673290197836469,126.07920989990234,117.34841880798339,120.23942398071289,121.00760938083123,119.15358534883451,0.04034280712657388,61.651527498703906,2.4711724043879713,1.93923687904877,117.34841880798339,138.87718653878954,95.81965107717726,-0.2411106292786447,-1.0463040490743998,8.952221702562824e-05,0.0038294541142795957,0.028249845466516765,78.0654202524417,4.769715355734888,0.01200159327878451,0.018207467942701342,-0.05353042318275114,0.04848305651184792,-0.15394995051748528,-0.052999105729462835,362407695.0,1.2500377509920146,0.20424355729605148,0.2500377509920147,0.0,0.0
2024-08-30,119.4723884011734,121.69131963851616,117.16350420185492,119.31246948242188,333751600,0.01513736026912249,-0.07729765717688264,0.11279956986664219,125.5584602355957,117.95312767028808,120.01133377075195,120.84616748574463,119.15981609917127,0.040057896184570965,59.83652377360553,2.0118983733509452,1.9537691779092052,117.95312767028808,138.95684570989272,96.94940963068346,-0.3721509905795234,-0.91950118549542,0.009546098252218416,0.0027574999775501485,0.05775951682434055,80.27069174362548,5.054424081906404,0.011142994806232378,0.02723655080858984,-0.08005515715443279,0.05504005304230164,-0.12106396312763634,-0.04869302241325583,354993900.0,0.9401615070005428,0.0325504756206334,-0.05983849299945718,0.0,0.0
2024-09-03,115.95410239434622,116.15400297350318,107.2383029304614,107.94795989990234,477155100,-0.09524997371874733,-0.14597489668852814,0.07516195490582112,123.3595199584961,118.33044662475587,119.64011291503907,119.61776676328347,118.72013546390582,0.04344155469015236,42.84208459327989,0.7225701102764788,1.7075293643826601,118.33044662475587,138.24971002077595,98.41118322873578,-0.6717888086908014,-0.11375792506662774,-0.02057899391929241,-0.015531483976718663,0.06706875990756256,59.4610180479212,4.313603508573578,0.009951890788719437,0.005819540004476145,-0.13044341271180948,0.008093194998258557,-0.16061971771823425,-0.09432331181059506,351209535.0,1.3586051984607992,0.43736698510413907,0.3586051984607992,0.0,0.0
2024-09-04,105.35921116658868,113.2154167588311,104.0698318463886,106.15882110595705,372470300,-0.016574086213434036,-0.1721745761681307,0.018800860146527265,121.25653381347657,118.42839889526367,119.40222793579102,118.33596241496667,118.22753490084901,0.04294781062739458,39.53448367247897,-0.4385451005983043,1.2783144713864674,118.42839889526367,138.0724510100046,98.78434678052272,-0.517987112827967,-0.1705279985014127,-0.0020469895515936587,-0.018893836309276435,0.05515644000238473,56.85974377277921,3.59573799758482,0.009917873504267555,0.0034604544940471283,-0.15328073985885426,-0.03635557985585747,-0.11588018932854505,-0.10183883634775226,349382445.0,1.0660818977324404,0.22872908602317255,0.06608189773244046,0.0,0.0
2024-09-05,104.93940893047392,109.59716719188592,104.70952402528704,107.15834045410156,306850700,0.009415320721646747,-0.14648511608517734,0.08391480437345544,119.1285614013672,118.84319953918457,119.02481002807617,117.27142699012238,117.79344884411383,0.041107096313204916,35.216330406151684,-1.263519348006085,0.769947707507957,118.84319953918457,137.04507104771503,100.64132803065412,-0.7110481121738779,0.4887120176992816,-0.0024322654839888935,-0.015565256896391988,0.05967274145536838,46.11241504929911,2.88763469693572,0.009749506015011435,0.0008455117775261718,-0.13091985918878535,0.02424206291808706,-0.1585073608071187,-0.08839505235927232,344152960.0,0.8916113927946457,-0.31521993585822483,-0.10838860720535427,0.0,0.0
2024-09-06,107.98792932713482,108.09787692095124,100.90134249947532,102.78044128417967,413638100,-0.04085448833352401,-0.1255208587574378,-0.02038671331783415,117.03856964111328,118.73625144958496,118.55363708496094,115.89133311336593,117.20470344960661,0.040059742827700064,30.43713358888769,-2.2447017337694035,0.16701781925248493,118.73625144958496,137.3040500459662,100.16845285320372,-0.5911883446733868,0.2585009547462499,-0.016830048351181848,-0.03221997903447882,0.018298083732335657,36.716765794732055,1.5772641006998356,0.009488289104159128,-0.015814165603751977,-0.09330087972295897,-0.038684797050169806,-0.17703069996326548,-0.10300545891213142,345239365.0,1.1981197451223444,-0.08693857468258259,0.19811974512234432,0.0,0.0
2024-09-09,104.82945579489092,106.4986568208146,103.640034438972,106.41869354248048,273912000,0.035398293808073245,-0.10806729586500607,0.016420032797072937,114.74967422485352,118.82220993041992,118.20340621948242,114.9891769637578,116.781722668935,0.04083878663538498,28.136037426915266,-2.6976227762691565,-0.4059102998518434,118.82220993041992,137.13050355529046,100.51391630554939,-0.6722103674566462,0.15398104288340014,0.011196201318494525,-0.030638142620232123,0.025178490876041737,37.6079996903622,1.0053188948802472,0.00973663531436672,-0.004796471031817124,-0.07742915324477395,-0.0087584580789688,-0.14137473347556384,-0.07585411493310219,344392755.0,0.7953477418536287,-0.17929382211201383,-0.20465225814637128,0.0,0.0
2024-09-10,107.75803619556127,109.34727382600164,104.8994140244394,108.0478973388672,268283700,0.015309376033040278,0.000925792752892507,-0.008438879718045245,112.91455917358398,118.77623176574707,117.89475494384766,114.32810271376823,116.4392197148147,0.03994147461515083,31.827662074065273,-2.891768329783474,-0.9030819058381696,118.77623176574707,137.19302685620386,100.35943667529028,-0.6649778346924421,0.31851069227914225,0.004355785972386839,-0.005959455519291779,0.029103318662746513,40.94652711630426,0.7317052626458462,0.009758467468564921,-0.0006279402882154022,0.006885248272184286,-0.03754219838079176,-0.13337693995929079,-0.054677963355966086,341528945.0,0.7855372258418682,-0.43774319922390015,-0.21446277415813175,0.0,0.0
2024-09-11,109.3372804678962,117.13352442144716,107.36822866067496,116.8536605834961,441422400,0.0814987006828245,0.10074376642582106,0.006630008547281019,111.77610778808594,118.81471366882325,117.74702621459961,114.5686320346947,116.45547229790024,0.041462422763988094,40.38175729906934,-2.3084679965860175,-1.1841591239877394,118.81471366882325,137.21102790990892,100.41839942773757,-0.4459914534689602,0.4475229218332465,0.010258947550831232,0.006298236265357859,0.02283956656871422,44.69539919909309,0.9488585034060861,0.009348572541684943,0.009290790138392836,0.0944455301604632,-0.0162095580214332,-0.0761031130069455,0.0007109530440281656,347967730.0,1.2685728070243756,0.18512106871339817,0.2685728070243755,0.0,0.0
2024-09-12,116.79367460276576,120.74211318355616,115.33425434141012,119.09276580810548,366052700,0.019161618159231564,0.11137187552018601,0.009063240023625907,111.13043746948242,118.86819725036621,117.67666397094726,114.99950191787667,116.55889557281026,0.04151453262982178,46.0247813999058,-1.6465409028404139,-1.2766354797582744,118.86819725036621,137.26104045562283,100.47535404510957,-0.4524815390829534,0.43522404147443516,0.00842317294279371,0.017248679192482408,0.028211518481821907,52.44421137837171,1.4730355983360823,0.009480694002874013,0.017418829161521127,0.0941231963277036,-0.019148278458196,-0.047053510013448596,0.00930713595201967,349308045.0,1.0479366428563075,0.1929342184977907,0.04793664285630753,0.0,0.0
2024-09-13,119.03279906427296,119.91244749081416,117.55338237388467,119.05278778076172,238358300,-0.0003356881257438049,0.15832143054912873,-0.030521045747118558,111.28238372802734,118.68079681396485,117.49335632324218,115.38552914291334,116.65669526723973,0.04047626959624956,40.16133326222975,-1.1123621859578634,-1.2437808209981922,118.68079681396485,136.9810734517231,100.38052017620659,-0.37311304092996256,0.6815204787679902,0.005222850617956354,0.04006597777966925,0.016164518962007435,49.89235043821016,2.0950661698101385,0.008791080924070483,0.022340106850993195,0.11825545276945948,-0.04668556470912599,-0.09061364602551403,-0.006347919321726847,345321625.0,0.6902501399963006,-0.4237515838120328,-0.3097498600036995,0.0,0.0
2024-09-16,116.74370941440674,118.1331578565614,114.3146722769762,116.73371124267578,248772300,-0.01947939717595326,0.09692862557157511,-0.0625301718679051,111.02450790405274,118.29148406982422,117.31264328002929,115.5139274381288,116.65971550157056,0.04052594672300741,40.62083412989514,-0.8661671636782842,-1.1682580895342105,118.29148406982422,136.39899661111093,100.18397152853753,-0.242562648991004,0.5993179935919685,0.0014769019367719682,0.03006919119996887,0.01538847077219252,51.85659684273033,2.6233855583194554,0.008786314828570473,0.02354464999182598,0.06685943437160624,-0.07791864264009762,-0.08662739777166639,-0.03256220201338592,342630745.0,0.7260653155921545,-0.09178020678174015,-0.2739346844078455,0.0,0.0
2024-09-17,118.12315326201993,118.75290839853,114.78448096424104,115.54417419433594,231925900,-0.010190175877017538,0.06937920163275746,-0.11077020635717494,111.7841293334961,117.57182464599609,117.06076248168945,115.51680808157711,116.6159687836398,0.03907487622972095,37.52456354419732,-0.7583003191538467,-1.0862665354581378,117.57182464599609,134.85584573631905,100.28780355567311,-0.13669025382431718,1.0259223789198022,0.0004084583316585899,0.02602080451561295,0.006182841501209957,51.38095535302101,3.0253762505307122,0.008540938095113516,0.023672692593310406,0.04335839711714451,-0.1169530478583849,-0.1123136591858026,-0.061969436642347664,338310360.0,0.6855418202386708,-0.1355199738187598,-0.3144581797613292,0.0,0.0
2024-09-18,115.84405559100924,117.65333558843456,113.17511592459984,113.32505798339844,310318900,-0.01920578191337563,-0.030196765616737786,-0.10900045738451036,112.50075302124023,116.8786434173584,116.70092971801758,115.30806997698866,116.48691345814014,0.039035211120395104,37.87414485635106,-0.842171174952739,-1.037447463357058,116.8786434173584,133.64291398053857,100.11437285417824,-0.14412006607370423,1.0454000014208789,-0.002965730735644212,0.012589797457626117,0.004832746761660234,52.920139934559124,3.1753819201703664,0.00856241954450531,0.020429720225604082,-0.042786563074363904,-0.1138332041461706,-0.1470486825314169,-0.1012228165839838,338821935.0,0.9158760633369265,-0.2970023723309012,-0.08412393666307348,0.0,0.0
2024-09-19,117.30348218615993,119.61257171272584,117.2035233503676,117.82328033447266,293506400,0.03969309551761424,-0.01065963549522686,-0.08264515878396883,113.56724700927734,116.34790420532227,116.36049560546876,115.54761382055857,116.53932000231005,0.04018751101885266,50.3091966431652,-0.5394520148809647,-0.9378483736618395,116.34790420532227,132.2196406531271,100.47616775751743,-0.17840334592014198,0.6725286245068867,0.017064491041375307,0.021266819939839587,0.01847953367190236,60.086277759303776,4.005188032799083,0.00933460289727902,0.03747850149199607,-0.03192645543506645,-0.10112469245587119,-0.14344113149833015,-0.09216409312975593,340603075.0,0.8617256318076401,-0.1981853978948933,-0.13827436819235997,0.0,0.0
2024-09-20,117.01360271419075,118.57298961925171,115.344266422119,115.95402526855467,382462400,-0.015864904292357207,-0.0260284750149109,-0.06247017463169546,114.88460540771484,115.96158752441406,116.13280410766602,115.58631967274867,116.51636726765298,0.03953163690327851,46.42555770563103,-0.44524564669418965,-0.8393278282683095,115.96158752441406,131.45343612654486,100.46973892228326,-0.2428851349810565,0.9486787131463851,-0.0017287449719705084,0.014204272647696303,0.024761764123597985,55.41721524288789,4.532559330024469,0.009128780977881211,0.03517662595159633,-0.040232747662607204,-0.08723193875529345,-0.11368693599337432,-0.08038387413709165,340916740.0,1.1218645350181395,0.6045692556122442,0.12186453501813962,0.0,0.0
2024-09-23,116.50379891378353,116.9436192978204,114.814466443239,116.2139129638672,206228500,0.002241299469428748,-0.00445285490605174,-0.1012603273943612,115.86412734985352,115.30690078735351,115.87352798461914,115.64609046237901,116.50450631456334,0.03791951247928554,61.52082771338604,-0.34563143214464276,-0.7405885490435763,115.30690078735351,129.47403527893167,101.13976629577535,-0.20312488774311085,1.4929123087575118,0.002498934268385433,0.015239293580782132,0.016521718596645085,70.10465313093783,5.005372481853101,0.008867261902939247,0.03733289962706063,-0.01969214848683387,-0.11778204599100628,-0.12076269861004929,-0.08607896436262981,335066650.0,0.6154850087288604,-0.17101502056298068,-0.38451499127113964,0.0,0.0
2024-09-24,116.47380837806097,121.75172180406904,115.33426088161052,120.82209014892578,354966800,0.03965254303494059,0.045678771702611476,-0.04412183317382301,117.14154663085938,115.02805290222167,115.72240814208985,116.1390428134787,116.6738233276756,0.03891217198124032,68.94822269433816,0.10395659039480165,-0.5716795211559008,115.02805290222167,128.4772793556244,101.57882644881894,-0.36289001837009605,1.2073457978160909,0.0028611142466234973,0.017728309579965407,0.021866007306671875,72.74067954443625,5.44649961267703,0.008843895653685803,0.039865809586230226,0.02795046212264607,-0.06598784048049489,-0.07937662063950413,-0.039137999665784316,336216755.0,1.0557677293625656,0.5305181525651081,0.05576772936256553,0.0,0.0
2024-09-25,121.97162190060216,124.89047006468223,121.5617884105282,123.4610366821289,284692900,0.02184158981151829,0.08944163699625318,-0.037252072382233825,117.80228424072266,114.7891960144043,115.66564682006836,116.83637556287395,116.93998855726201,0.03910439632499389,70.21041145962823,0.6655274814673078,-0.3242381206312591,114.7891960144043,127.39374732354997,102.18464470525862,-0.3802273666986171,1.1386491123275533,-0.0022053444394793953,0.018504478146763592,0.01821433204664391,72.85503640438446,5.631307214914273,0.00887463700244516,0.037311714974663124,0.07093715884948959,-0.055466404428877736,-0.03473685915168989,-0.006422034910359346,335294670.0,0.8490826889672896,-0.0825795657306081,-0.15091731103271042,0.0,0.0
2024-09-26,126.7497296956914,127.61937987933592,121.7517120835012,123.9908218383789,302582900,0.004291112163702371,0.052345695064659914,-0.012414605718758187,118.29208984375,114.71126365661621,115.78680038452148,117.51775139863634,117.21649182318818,0.03883805348572949,79.06781389379408,1.1401823803108186,-0.03135402044284355,114.71126365661621,127.05220846610383,102.37031884712859,-0.4886155891313488,1.3332339361786343,0.003964639116043278,0.005386079100751395,0.028220260373470696,90.56076670211598,5.889036210300446,0.008751821039766041,0.04077796288602531,0.04695961596390852,-0.04063486609222888,0.020634389555712618,0.008986379809130751,328018760.0,0.92245608147534,0.03092436825909073,-0.07754391852465999,0.0,0.0
2024-09-27,123.92085618310573,123.98082995705606,119.21272426875332,121.35187530517578,271009200,-0.02128340222345626,0.04655163996350664,0.03248908429603059,118.52199859619141,114.90219116210938,115.7932049560547,117.882906056402,117.3786637244426,0.03622777802063225,71.04154077208526,1.288555214302363,0.2326278265061978,114.90219116210938,127.54151567560682,102.26286664861193,-0.4884447638523428,2.3173958061191877,-0.0014502546060429777,0.005666554307922844,0.026637172369086137,86.91255069117673,5.958805459942596,0.008770975656974343,0.0384942486592848,0.0408850856555838,0.005851911926944453,-0.034561178896507894,0.004058606228673452,318918055.0,0.8497769121287285,-0.2914095607829684,-0.1502230878712715,0.0,0.0
2024-09-30,118.26308944890737,121.45182710299632,118.1031568521794,121.39185333251952,226553700,0.0003294388920089819,0.044555253640433,0.017428051394108524,118.98781280517578,115.00616035461425,115.86357879638672,118.21709151127034,117.53604370907308,0.03610120141894644,69.68380430394916,1.3933064771402286,0.46476355663300395,115.00616035461425,127.83108229435203,102.18123841487647,-0.42790855894198393,2.3519582567692052,0.00400722886300664,0.007179614697319536,0.02100453289110016,86.88257030984126,6.125024197520702,0.008584082196284537,0.04165441907801666,0.037375638943113465,-0.0035764814969916348,-0.018473447826229394,0.005108569873297479,313558160.0,0.7225252884504744,0.09855669803155243,-0.27747471154952563,0.0,0.0
2024-10-01,121.72171877480598,122.39145893750027,115.74409392230912,116.95361328125,302094500,-0.036561267741025305,-0.032017960150395375,0.0834258784482671,119.12875671386719,115.45644302368164,115.73304183959961,118.0967602512684,117.51320330013885,0.029629047553899352,50.16924924119823,1.1054507789530845,0.5929010010970202,115.45644302368164,127.86351017543082,103.04937587193247,0.8063006426632663,0.9564574208955832,-0.008958432638663472,-0.004690829284111797,0.03311847129817891,72.29185868753493,5.78264262975938,0.007345119790481615,0.03173594704141881,-0.027327130866283578,0.05030740715008819,-0.0811888059490199,-0.019402843221738426,304805130.0,0.9911070066307611,-0.1489499863085787,-0.008892993369238896,0.0,0.0
2024-10-02,116.39385371455396,119.3326833168896,115.09436589368318,118.80289459228516,221845900,0.015812092154758872,-0.03772965313613008,0.11910525526379079,119.67654037475586,116.08864669799804,115.65848129272462,118.16401114088904,117.56377942924263,0.029304251675531544,49.502596309719394,1.0148460968781592,0.6772900202532479,116.08864669799804,127.76815716694581,104.40913622905028,0.6739646049525004,0.9325299495172253,0.00042208177110447664,-0.0020699479352290773,0.0356745467483508,68.37503477528224,5.467304467329882,0.007300217339536384,0.031543532232118414,-0.035659705200901004,0.08343070851543999,-0.060807000881899165,-0.004345332522453393,297273910.0,0.7462676425253734,-0.22075366122583318,-0.2537323574746267,0.0,0.0
2024-10-03,120.87206480654892,124.31070361178112,120.29229289145832,122.80130004882812,277118000,0.033655791555120995,-0.009593627753361589,0.14597986053569767,120.17434234619141,116.87079467773438,115.83060852050781,118.60565770354991,117.76917239471658,0.029945331876978638,55.662943252394456,1.2512554439582004,0.7920831049942385,116.87079467773438,128.11943266712072,105.62215668834804,0.542371596064063,0.491969020162426,-0.0018282857429317012,-0.007828052933044671,0.03630159834888014,62.818407971817116,5.07643378079149,0.0072831066303197115,0.02860391009978954,-0.0017655748203169175,0.10967826218681753,0.02301864224674377,0.043643776537748126,295787275.0,0.9368827648180605,-0.08415842402197882,-0.06311723518193946,0.0,0.0
2024-10-04,124.89047211115172,124.99043094258552,121.78170440742984,124.87047576904295,243678100,0.01684978676440796,0.02899502339802007,0.21492449544739856,121.06598739624023,117.97529640197754,116.08350021362304,119.20230704312068,118.04765487998428,0.02776662726805381,62.385873623567086,1.5872795716994688,0.9511223983352846,117.97529640197754,127.62259955999203,108.32799324396306,0.6392448899918217,0.8467213145559257,0.009087270490398813,0.002642168345794671,0.06361951921841569,67.5986408193528,5.116716961393536,0.005981404214990707,0.03659098525029255,0.0263528550522254,0.15130497622898287,0.0451991669663514,0.0742856660825199,287289275.0,0.8481976920300975,-0.10084934385991329,-0.15180230796990246,0.0,0.0
2024-10-07,124.94045138468704,130.58821322989388,124.9004663256647,127.66937255859376,346250200,0.022414399979764354,0.05171285431221406,0.19968934318508968,122.21153335571289,119.0378303527832,116.3767774963379,120.0086942350705,118.42497714189054,0.027292754923531046,67.59503108014702,2.0557315003304666,1.172044218734321,119.0378303527832,127.98122134399912,110.09443936156728,0.7113964887990822,1.1882730449366847,-0.00904035053668073,-0.010387671405240884,0.0423338463422962,58.346648812562776,4.68402791164624,0.006246496568540563,0.02629057579271385,0.062100525717454946,0.15735549684279349,0.0836571130452668,0.10103771186850508,290906185.0,1.1902469519511936,0.5283361075100517,0.19024695195119348,0.0,0.0
2024-10-08,130.20834865989482,133.4270732055081,129.36868536610157,132.83731079101562,285722500,0.0404790759823781,0.13581194342040992,0.2294298553020626,123.41305541992188,120.27730102539063,116.80279953002929,121.2304672403986,118.99016669675818,0.02814221485123646,76.08231758570332,2.8115822834644035,1.4999518316803377,120.27730102539063,129.66762564567588,110.88697640510537,0.5772893513936762,0.6048376677901512,0.009457650768306847,0.008001853095220834,0.04762862975522908,65.92119929718837,4.7124859035030795,0.00644476360587357,0.03487172749064151,0.12781009032518909,0.18180122554683353,0.1356006122147866,0.1484039760289364,291778125.0,0.9792457882166458,-0.0541949621724328,-0.02075421178335422,0.0,0.0
2024-10-09,134.05685551069462,134.46669669658758,131.32794162563073,132.59742736816406,246191600,-0.0018058437153170015,0.11611276663939707,0.13473062551958725,124.32669448852539,121.06448936462402,117.38114807128906,122.31303487161435,119.52378476230352,0.022772315227420917,72.28593449488292,3.352596244684136,1.8704807142810975,121.06448936462402,131.79091833679234,110.33806039245569,-0.05703371832419733,-0.9256644862920074,0.006926461358692126,0.014555513592114044,0.044172874226794834,60.74952354140848,4.9922013043835705,0.006270205470393468,0.04065693070300605,0.10155725304728302,0.09055775129279242,0.21081019937883272,0.13430840123963605,282016585.0,0.8729685170820716,0.1097414917291688,-0.1270314829179284,0.0,0.0
2024-10-10,131.8577168886846,134.94648840712318,130.94807393580103,134.75656127929688,242311300,0.016283377091003803,0.09735451681468454,0.1315260029851899,125.40326843261718,121.8476791381836,117.73700744628906,123.49813262472696,120.12114854728365,0.022697623486503813,78.11663452221084,3.910499959408952,2.2784845633066686,121.8476791381836,134.14089282410072,109.55446545226646,-0.04185024877501094,-0.8971362388111774,-0.0017499534415069684,0.01463513162493113,0.0336390994171889,60.70675468219561,5.075311503883881,0.006148733855944609,0.03782514584683907,0.08271938518975341,0.097886903568001,0.10294688889989967,0.0945177258858847,275829515.0,0.8784821305290698,-0.12560245094147615,-0.12151786947093025,0.0,0.0
2024-10-11,133.9568713960576,135.72617401836632,133.60701929174726,134.74656677246094,170209500,-7.416712582342111e-05,0.07909068130471875,0.13182202016637912,126.7427375793457,122.63236808776855,118.24879150390625,124.56941206736829,120.6946943600357,0.022693589035102633,77.92173902159865,4.30224262470891,2.683236175587117,122.63236808776855,136.11990531765605,109.14483085788106,-0.04361983191121701,-0.8952191162608563,0.005988158911539587,0.011518981439815779,0.034426041909462635,62.760925821705044,5.3529532480617945,0.006174312934424531,0.042603780107934405,0.06757169986490297,0.09739597825691648,0.1638041771026162,0.10959061840814521,272422075.0,0.6248006884170455,-0.30149857537464386,-0.3751993115829545,0.0,0.0
2024-10-14,136.4159022137037,139.54466630986312,136.24597143489578,138.01527404785156,232347700,0.02425818596855467,0.08103667529586667,0.18230862857545826,128.40507965087892,123.69644622802734,118.86473114013671,125.84997035122385,121.37393277916574,0.02216420261437126,76.99314682630346,4.820886687870129,3.1107662780437195,123.69644622802734,138.51666204388027,108.87623041217441,-0.2528476186254965,-0.6957722788385311,0.008178342384112192,0.029094908708295453,0.04134796342720115,65.5224466294406,5.880939605835351,0.0063404963906517064,0.04912817018864734,0.051941766587571214,0.1409606651482571,0.18738201254223052,0.12676148142601962,271600845.0,0.8554748789533405,-0.32896009879561083,-0.1445251210466595,0.0,0.0
2024-10-15,137.8153397242487,138.5150744275185,128.68896947491228,131.54783630371094,377831000,-0.04686030433050681,-0.009707170971966828,0.13850687168751707,129.864501953125,124.49662933349609,119.48765625,126.39262425146072,121.77290938797144,0.02512318973495496,61.33373136185786,4.656371912320026,3.4198874048989807,124.49662933349609,139.19115542996343,109.80210323702876,-0.5357661981329095,-0.3560364374867779,-0.007769839646246113,0.011532287173906308,0.03283498667988893,60.76959114155553,5.871789909998597,0.006704968449331485,0.03859039440962806,-0.021239458145873136,0.10567188500762814,0.18617200674748924,0.09020147786974808,278896100.0,1.3547374810906283,0.3223704818486468,0.35473748109062836,0.0,0.0
2024-10-16,133.92688301499192,136.56583584893667,131.527840530584,135.66619873046875,264879700,0.03130695678832418,0.023143521131703926,0.19714210735584348,131.55083236694335,125.6136863708496,120.11698471069336,127.27582182089006,122.3177442641478,0.02490856321687361,64.86764397533906,4.80294483831338,3.696498891581861,125.6136863708496,140.12801437196126,111.09935836973796,-0.7666867666200893,0.03608464651748078,0.0043466049342035795,0.008940630116724524,0.04040988791145694,60.99392506835056,5.9951987368465325,0.006639770682703894,0.04080227128293803,0.014202891014979402,0.15673221944438653,0.18336424310826338,0.1180997845225431,276624140.0,0.9575436908723873,0.07590876374336086,-0.042456309127612654,0.0,0.0
2024-10-17,139.28475003463748,140.83413853249198,136.81572813387166,136.87570190429688,306435900,0.008915287559807528,0.015725695319635413,0.16170337063896767,132.95827255249023,126.56630744934083,120.87725219726562,128.19009611454786,122.8886445637615,0.023862948375203037,70.51520020878867,4.959531345897716,3.949105382445032,126.56630744934083,141.4246206394894,111.70799425919225,-0.7771069702067058,0.23395662268880785,8.56767013679427e-05,0.010795918618236255,0.023041346899599136,62.16998320396472,6.027474938809178,0.005619880766495239,0.03846819774770528,0.004929776701399158,0.13866202373936853,0.258267257687415,0.13395301937606088,277270615.0,1.1051870750890787,0.2646372661943541,0.10518707508907858,0.0,0.0
2024-10-18,138.61502982502418,138.8449343829922,137.22558142668973,137.94529724121094,176090200,0.007814355082992996,0.023738864338944676,0.18965509754166354,134.26575469970703,127.66587104797364,121.5377700805664,129.11916288851577,123.47910153150463,0.023205698724664665,71.29632480787326,5.111018051412515,4.181487916238529,127.66587104797364,142.47223568241853,112.85950641352875,-0.9532738104502975,0.8207523385378485,0.0038465863373264852,0.008644111165769353,0.028755018833300783,62.12766133097722,6.159621626630042,0.005607591184774152,0.04040106922335228,0.015094753173175324,0.16090007870836276,0.20974610349333966,0.1285803117916259,266952005.0,0.6596324309307959,0.03454977542381599,-0.340367569069204,0.0,0.0
2024-10-21,138.07524085271365,143.6530303955078,137.94528751258602,143.6530303955078,264554500,0.04137678680206358,0.040848785661951936,0.23610871307785564,135.86412048339844,129.03782691955567,122.31684020996094,130.50334074632454,124.27023599675965,0.02423492732267479,83.26280068192115,5.626776741245095,4.470545681239843,129.03782691955567,144.44890783926454,113.6267459998468,-0.9656829420395596,0.6877893161838885,-0.0016420986000978965,-0.0011808667685420104,0.02450552968076125,68.544659295131,6.117730843342656,0.005642519684613958,0.03676372547317645,0.04202965243049395,0.21160318339709439,0.2736806001100096,0.17577114531253266,269868305.0,0.9803096365836662,0.13861467102966807,-0.019690363416333755,0.0,0.0
2024-10-22,142.85335791004843,144.3627538949317,141.72380093133486,143.5330810546875,226311600,-0.0008349934595188735,0.09110940238732357,0.18797051828658207,136.93369750976564,130.17337646484376,123.0081526184082,131.74426839474006,125.02564168530584,0.023385959299525683,82.19680901007615,5.957169764595534,4.767870497910981,130.17337646484376,146.3627578330338,113.98399509665371,-0.9011578075949521,0.7289581629389101,-0.0005311986033414984,0.006105842969922115,0.02104000167910236,67.83425334083321,5.990896880924765,0.005641779114609936,0.03431387728957311,0.08500355941740145,0.1669305166074797,0.22000047743790163,0.1573115178209276,263435545.0,0.8590776920403813,-0.4010242674634956,-0.14092230795961874,0.0,0.0
2024-10-23,141.97369118156848,142.37352650102258,137.40551088320953,139.50466918945312,285930000,-0.028066086477301466,0.028293491635380308,0.12994895343889934,137.62442169189453,130.97555809020997,123.47656555175782,132.48335418471274,125.59344668546848,0.024566414940000444,71.72952978460393,5.826781930226389,4.979652784374063,130.97555809020997,147.3533603944493,114.59775578597063,-0.6455208642094361,-0.07804252537798051,-0.009137531074060123,-0.0074019121802074705,0.013946317809813813,61.3427757526064,5.405545297721801,0.006050850599803405,0.023497792582542452,0.03569540381558778,0.11600263562908553,0.13216195369207417,0.09461999771224916,263497400.0,1.0851340468634605,0.07947117125245917,0.08513404686346052,0.0,1.0
2024-10-24,140.76418072009866,141.293969386979,138.40511570705533,140.35433959960938,172354900,0.00609062345434741,0.025414574295624437,0.13197362126174306,138.18419952392577,131.7937339782715,123.92319046020508,133.23297184327433,126.17230523112107,0.024561521490844902,70.80313486433036,5.726004121998329,5.128923051898917,131.7937339782715,148.3364423794586,115.25102557708439,-0.6580800561862601,-0.06348611418643768,0.0021627271602522313,-0.005340412488907265,0.012126490774669874,57.649100465322384,4.983297146876566,0.006013138945039966,0.024363489000795203,0.0307549867845317,0.11984713048707318,0.12067434896864881,0.09042548874675123,256986000.0,0.6706781692387912,-0.43754990848004427,-0.3293218307612088,0.0,1.0
2024-10-25,140.8741279131319,144.0728716327459,140.74418981710016,141.48388671875,205122100,0.008047824686881144,0.02565212115460147,0.16589781874360177,138.8579315185547,132.8003345489502,124.2968522644043,134.0187732599863,126.77275940710653,0.02367462233839841,69.4319550331937,5.671899864406413,5.237518414400416,132.8003345489502,149.116245151981,116.48442394591939,-0.8470263801675636,0.5778749275690535,-0.00034516086716684935,-0.009493797679551275,0.013246609880467997,65.63718174610989,4.580018110441529,0.0059981724667407,0.023009046637606594,0.035145918834152745,0.15265120886313377,0.10197380862918815,0.09659031210882489,253691645.0,0.8085488980135708,0.1648694816633749,-0.19145110198642923,0.0,1.0
2024-10-28,142.9433224828564,143.08326638426843,139.99449475491215,140.4643096923828,173586700,-0.007206311969602308,-0.02219737860277482,0.15711479672049777,139.10283508300782,133.75395736694335,124.61573913574219,134.63263387259548,127.30968294770561,0.02386187623348115,62.14586711211334,5.483539673427231,5.28672266620578,133.75395736694335,149.4811554048213,118.02675932906541,-0.7877309585287304,0.39770468974292095,0.003091425928256619,-0.004797500492343398,0.012322379265112149,61.83563561032608,4.352147598621286,0.005974847983300164,0.025149560664649042,-0.01739987811043142,0.14479241745538562,0.0769891377903098,0.06812722571175467,251043295.0,0.6914612079163477,-0.3438527789170095,-0.30853879208365237,0.0,1.0
2024-10-29,140.23437413304583,142.20359433012132,138.8449258203989,141.19400024414062,157593600,0.0051948466721249975,-0.01629645788524292,0.2072649684161305,140.06745147705078,134.9659767150879,124.84087188720703,135.25752590798072,127.85416597893837,0.021505468353315352,63.47961277106835,5.331682477519081,5.29571462846844,134.9659767150879,148.87251027759055,121.05944315258525,-0.8946344690843983,1.4956037074133957,0.0016181785372491042,-0.0026572981171303356,0.023126103894614003,57.89278577436761,4.1976761868832,0.005533310679312608,0.0259439319510971,-0.013639159768112585,0.1841388645215165,0.04384348097515134,0.07144772857618509,243818250.0,0.6463568662313014,-0.30364329535030465,-0.3536431337686986,0.0,1.0
2024-10-30,139.48467718743143,140.27437255912164,136.75576367804047,139.28475952148438,179418100,-0.013522109433509621,-0.001576360628260387,0.1724020698274238,140.42930755615234,135.99006996154785,125.08279342651367,135.64107196640964,128.3024245492343,0.02205863046395254,57.15639602176088,4.999642024472934,5.23650010766934,135.99006996154785,147.7333034565868,124.24683646650888,-0.6763531922213194,0.8386365193508627,-0.00302512486502704,0.0034950831816897843,0.019600664823236302,56.44939417427484,3.8908934422503307,0.005610601508566202,0.02201059636621381,-0.005071443809950171,0.15280140500418748,0.05377687395651831,0.06716894505025188,241696860.0,0.7423269793409811,-0.37251040464449336,-0.2576730206590189,0.0,1.0
2024-10-31,137.54545990469654,137.55545044959692,132.05763071180766,132.70736694335938,270039600,-0.047222629386888926,-0.054483336091100676,0.08066744318335717,140.0124740600586,136.48537330627443,125.16817947387695,135.36167148802392,128.4751673882196,0.02443493260843509,47.331226910142824,4.1578281074556,5.020765707626592,136.48537330627443,146.61056607215136,126.36018054039751,-0.6896058493204477,0.40705818357842527,-0.019603165693758418,-0.018299747007166745,0.0014441901844961524,35.60523319877477,2.7151528950746524,0.0072485698804526134,0.0016323454882109728,-0.03618358908393393,0.07922325299886102,0.015823448364771675,0.019621037426566252,241342940.0,1.1189040789840383,0.5667648555393552,0.11890407898403824,0.0,1.0
2024-11-01,134.64660922766117,137.25557537634637,134.5166711244238,135.34632873535156,207127800,0.019885571183990924,-0.043379907957992625,0.08389375392213982,139.75257720947266,137.00916595458983,125.40149887084961,135.3602102734837,128.74462469595028,0.024527087311609613,46.44851613687738,3.6614201033706877,4.748896586775412,137.00916595458983,145.56698372315515,128.45134818602452,-0.6951892699364127,0.3760391873306624,0.004220669216986606,-0.013815922817785542,-0.0033855502291695316,31.379743492770928,1.9511323946549055,0.0070086086267375156,0.005274816618685992,-0.029563985140207083,0.08727930415130936,0.06453023698252025,0.04074851866454084,239515425.0,0.8647785419248051,0.00977807852006185,-0.13522145807519495,0.0,1.0
2024-11-04,137.15560698724303,138.90491316378314,135.5162578090522,135.99606323242188,187528200,0.004800532848886929,-0.03181054653489135,0.06522073780856541,138.98688049316405,137.42550048828124,125.53526718139648,135.42076769814446,129.02899483463543,0.024156752619062107,57.003456069305955,3.2826015403539657,4.455637577491123,137.42550048828124,144.79828274004683,130.05271823651566,-0.6306340680980773,0.474433840399176,-0.002154124044861594,-0.01897305777661118,0.003539971743252268,34.59044003292877,1.2339063295987671,0.006711516905943078,0.002777488070229064,-0.012837488758280169,0.06168076606531314,0.03495333225776753,0.027932203188266835,231579325.0,0.8097795431435859,0.08031433283771161,-0.19022045685641412,0.0,1.0
2024-11-05,137.3955214816271,140.31436236962443,137.27557392202525,139.85455322265625,160537400,0.028372071209444405,-0.009486571803110078,0.052825839290592036,138.61902770996093,137.77636260986327,125.80437728881836,135.8430329861932,129.45352653612645,0.023316907258775152,56.64870989915056,3.2561975766375895,4.215749577320416,137.77636260986327,144.8932341734207,130.65949104630585,-0.7775843173944209,0.6139647224448749,0.012091818399094123,-0.008714734687247705,0.006158697261608781,42.37466793611199,1.1978717569329547,0.0069252339400117475,0.014273696006645376,-0.0007718371158623727,0.046667142028983255,0.07492754633975518,0.040274283750958685,225320070.0,0.7124860204419429,0.018679692576348383,-0.28751397955805713,0.0,1.0
2024-11-06,142.9033632109471,146.431963336867,141.90375943017108,145.55230712890625,242043900,0.04074056778958668,0.04499808614348155,0.09770083792630646,139.22379150390626,138.4241065979004,126.15065994262696,136.7677257616897,130.08485126525505,0.024766743685598596,62.05561315144313,3.65292472491808,4.103184606839949,138.4241065979004,145.90516107596028,130.9430521198405,-0.7259230765438912,0.36700789942410383,0.024865585678215618,0.019016807089947463,0.02408414330758002,58.51794740867632,2.279779703038116,0.00874676561432253,0.03835475268492469,0.02598127905353409,0.07361669461872644,0.07929053500225125,0.05962950289150393,225112685.0,1.075212176515064,0.349049510612363,0.075212176515064,0.0,1.0
2024-11-07,146.33198051831096,148.8709671267726,146.1120664908763,148.8209991455078,207323300,0.022457163895771792,0.12142228855332404,0.10436922501354817,140.0704574584961,139.12732849121093,126.6160905456543,137.91565656014856,130.81960216251989,0.024953013087673552,64.2408616489784,4.18287242674802,4.119122170821563,139.12732849121093,147.71855292266832,130.53610405975354,-0.7363383374891367,0.30980649427282014,0.007732166018771691,0.04742893722718744,0.03381165418293319,60.32993257867349,3.459589760128324,0.00883347093483584,0.044950929301683776,0.0739933513261366,0.07055757083061498,0.11525731818048635,0.08660274677907931,223363285.0,0.9281888023808389,-0.23224852947493624,-0.07181119761916109,0.0,1.0
2024-11-08,148.71098881456317,149.7105921253368,146.2019747427702,147.57144165039062,175665800,-0.008396378886661338,0.09032467322363313,0.09517774875545681,140.67921295166016,139.76857223510743,127.21685287475586,138.83525514017163,131.4765370443972,0.02511574567708369,55.80906937928417,4.450725755616816,4.185442887780614,139.76857223510743,148.88168025975517,130.65546421045968,-0.6757516890896613,0.1596268153419377,0.004331742166261199,0.04754478927522787,0.032109424469508596,63.245931829657984,4.546707711125123,0.008798856992592002,0.04794965061863981,0.04277988394840526,0.06306832428594822,0.18093172814619085,0.09559331212684812,223636100.0,0.7854984056688522,-0.1518965585498422,-0.2145015943311478,0.0,1.0
2024-11-11,148.62105018654825,148.7909962143961,143.51309063046196,145.20240783691406,182325600,-0.016053470691768434,0.06769566990154874,0.052074915900762075,141.15302276611328,140.12792892456054,127.7346516418457,139.44165063509948,132.014806487241,0.02509440222185163,52.320071981801014,4.420879076525978,4.232530125529687,140.12792892456054,149.51270130590933,130.74315654321174,-0.4699977755282254,-0.05846721384025416,0.0009528259744473466,0.05080648467498117,0.02471239631530442,63.98038249967027,5.3912912676378255,0.008662606065522067,0.047597285575193486,0.01688918522656757,0.027362519585457656,0.15150074445949313,0.06525081642383945,221134995.0,0.8244990803016049,-0.027743027448671742,-0.1755009196983951,0.0,1.0
2024-11-12,146.72179022487757,149.59064718789998,145.952091313065,148.23118591308594,198634700,0.02085900723887235,0.05989531622251598,0.1268234436852107,141.85674133300782,140.96209640502929,128.54031616210938,140.27874923300294,132.65074293531336,0.0224661706109593,62.474963928757795,4.588726464208975,4.3037693932655445,140.96209640502929,150.09825189979438,131.8259409102642,-0.49801003056496035,0.36156489866106556,-0.003106343791748234,0.03502696043128073,0.02952855914043484,68.27065410602182,5.845802514748925,0.00846740717589604,0.04264625990462568,0.024868355791235253,0.09729488454477586,0.2886725262159189,0.13694525551731,212175180.0,0.9361825450083275,0.2373110564890175,-0.06381745499167245,0.0,1.0
2024-11-13,149.01091396688446,149.27080540839845,145.84215717514013,146.21202087402344,191903300,-0.013621728967657454,0.004532485661892904,0.07773360086919157,142.54946746826172,141.48938751220703,129.3413801574707,140.84382272262394,133.18255775643925,0.02206923819141201,58.1028934202326,4.506864654129856,4.3443884454384065,141.48938751220703,150.5556210867412,132.42315393767285,-0.3132000573716113,0.33366025853733755,0.0004857694632012244,0.010405422323724212,0.02557092105014669,67.67087627093345,6.158005400716661,0.00844282994566557,0.04140914544115985,-0.005872936661831307,0.05216267981904488,0.29004253618580633,0.11211075978100664,208526360.0,0.9202831718733305,-0.20715498304233237,-0.07971682812666946,0.0,1.0
2024-11-14,147.5814687564354,148.94093020600926,145.49230097997514,146.70181274414062,194463300,0.003349874156648225,-0.014239834522916883,0.07178856950603363,143.94891204833985,141.9806930541992,130.13224960327148,141.40172653419697,133.71272461870205,0.022038820689089546,57.347978757848594,4.4304393435173495,4.361598625054196,141.9806930541992,151.05917504568316,132.90221106271525,-0.2730658278517484,0.3365548993640244,-0.006430017150249601,-0.003794329503642224,0.01888918737436307,63.14537483507895,6.031504784639765,0.008615968116839602,0.03307632900875715,-0.010445505019274659,0.05289938213167056,0.2861237110293364,0.10952586271391078,202927730.0,0.9582884507701338,-0.06202872518428948,-0.04171154922986622,0.0,1.0
2024-11-15,144.81254410002094,145.18240774117885,140.0244503789864,141.92369079589844,250132900,-0.03257029929531685,-0.038271299591096986,0.028840371032953005,144.60664825439454,142.1796127319336,130.91511459350585,141.4514374162638,134.03472329231758,0.02344737443588794,51.85840217765818,3.9389119009438787,4.277061280232132,142.1796127319336,151.05793543575,133.30129002811717,-0.15577783587311,-0.22789136590990686,-0.012808708921050571,-0.02079609679939165,0.0019843131811809744,54.08361221705404,5.268061422245751,0.00911393537289984,0.01817607801890694,-0.017475202791705335,0.02685605785177203,0.2935187650589812,0.10096654003968264,206629865.0,1.2105360471488475,0.4239134766129775,0.21053604714884752,0.0,1.0
2024-11-18,139.44468522690033,141.49387540802255,137.09561095173166,140.09442138671875,221205300,-0.01288910539826904,-0.035178386683039076,-0.02477225157723051,145.01648406982423,142.00168228149414,131.58862915039063,141.32219779440234,134.27235851170587,0.021686075315402963,48.63792075866596,3.3629995426290407,4.094248932711515,142.00168228149414,150.8982906842057,133.10507387878258,-0.1538864545887202,-0.03427934869891704,0.004097381706267278,-0.0177198666649373,0.007744641440942779,55.17024015513618,4.797972807028941,0.009145225954006127,0.020807354776835877,-0.017458520018101775,-0.03251689301817329,0.23675425876883072,0.06225961524418522,204462405.0,1.0818874012559914,0.2132432307915071,0.0818874012559913,0.0,1.0
2024-11-19,141.26398946372595,147.07168399645053,140.9341184421503,146.95172119140625,227834900,0.048947700677948625,-0.008631548845800197,0.023817785500028554,145.72620086669923,142.17261428833007,132.3667056274414,141.8583428798313,134.76958842071375,0.024397124047814328,58.46018108559911,3.420482442412947,3.9594956346518013,142.17261428833007,151.32091459725805,133.02431397940208,0.0532830892862456,-0.1919120071614035,0.0036554827170298676,-0.011057162169560764,0.011965989481151018,58.2863289422194,4.543480339462235,0.009170058693816829,0.02300524030846369,0.002425613323760567,0.011851796018877536,0.28112239253763205,0.09846660062675672,204538570.0,1.1138970024088855,0.14700452639946593,0.11389700240888552,0.0,1.0
2024-11-20,147.3515703217148,147.5015047606034,142.67341754276418,145.83216857910156,309871700,-0.0076185062905554934,-0.0025979553025202717,0.04535690042786622,145.75418701171876,142.4889892578125,132.94627578735353,142.236802470238,135.20341509359173,0.023506888877499334,66.46601972866998,3.3372300051661625,3.835042508754674,142.4889892578125,151.68631938764403,133.29165912798098,0.027014335632580575,0.1451029952515687,0.00033879905995104487,-0.011202436927187143,0.02164414775382184,71.46501833680577,4.307987093776887,0.008878741776444248,0.02201369584927658,0.008604481624666871,0.02371275267404438,0.1796457597515213,0.07065433135007752,205735655.0,1.5061643058418823,0.6147283553748164,0.5061643058418824,0.0,1.0
2024-11-21,149.290807835149,152.8293979645091,140.64422730754492,146.6118621826172,400946600,0.005346513126098795,-0.0006131523519775639,0.04458374853858271,145.53327331542968,142.8018653869629,133.49665771484376,142.65347482379792,135.6508051755143,0.023501465404099982,64.82504668226593,3.296170405835454,3.72726808817083,142.8018653869629,152.11840653136935,133.48532424255646,0.032204296113280566,0.14871218844720768,0.005368235809295685,0.000539145423614551,0.02491196949884844,71.89003566617684,4.32281105344282,0.00892757003390282,0.02621100764105382,-0.0011522977755921149,0.019671779039734272,0.16596526910566567,0.06149491678993594,217165240.0,1.846274293252456,1.0618111489417283,0.8462742932524561,0.0,1.0
2024-11-22,145.87214043901812,147.1016638018941,141.04406865837018,141.8937225341797,236406200,-0.032181159001723025,-0.0002111575703160895,0.0028966960474048342,144.9655014038086,142.82235717773438,133.9534764099121,142.58111746288188,135.89562546408942,0.02468829244333349,57.01045065998009,2.850062196161531,3.5518269097689705,142.82235717773438,152.12848947575958,133.51622487970917,0.1379665661685149,-0.23076987555674613,0.0030993837232957677,0.016662332047655548,0.028443543440210384,74.56984825646055,4.429359845306976,0.008928019335364936,0.028139799992321836,-0.016873489617971638,-0.02554684739280555,0.12899798128622897,0.028859214758483926,218729445.0,1.0808156167542966,-0.05487762705345833,0.08081561675429662,0.0,1.0
2024-11-25,141.93371415065735,141.99368792347047,135.7661620516237,135.96607971191406,344941900,-0.04177522949147916,-0.029468280277975878,-0.032024006598686094,144.0418685913086,142.59744567871093,134.33812377929686,141.9511138675516,135.89838837576883,0.026401944642808563,45.59454571730992,1.9952074797272985,3.2405030237606365,142.59744567871093,152.3502419444189,132.84464941300294,0.093825424031858,-0.5432420868121708,0.0033921526241242894,0.01594827795654652,0.028751870698036308,71.95874828040779,4.620668666817437,0.008931197730867516,0.03033200620071366,-0.0454165582345224,-0.0607758772967224,0.09986401625130092,-0.0021094730933146253,227297205.0,1.517580913500454,0.5593744815336703,0.5175809135004542,0.0,1.0
2024-11-26,137.64541224160723,139.2447840977321,135.61621816013383,136.86572265625,190287700,0.006616671939369878,-0.06863477646525229,-0.030654826553582537,142.905322265625,142.38103179931642,134.76455474853515,141.4667908950467,135.93632305343476,0.02642224525469223,38.958025727284024,1.3744784925566194,2.8672981175198333,142.38103179931642,152.45185684915782,132.31020674947501,0.08534410175062429,-0.5533153508290254,0.005221376941263234,0.01753335128894684,0.032452679227728654,63.269837214168774,4.962398922109401,0.008970892109872673,0.034309877362465276,-0.08616812775419913,-0.06310750578131119,0.11451826055930625,-0.011585790992068024,228931910.0,0.8311978002542328,-0.1648000372199343,-0.1688021997457672,0.0,1.0
2024-11-27,134.95646019838466,137.1655905980091,131.74774157257602,135.2863311767578,226370900,-0.011539715341721934,-0.07231489118687506,-0.028706861816491958,141.81275329589843,142.18111038208008,135.20378021240234,140.87817568378108,135.91083317591804,0.026377361537777907,32.023324463549415,0.7464974473487871,2.443137983485624,142.18111038208008,152.66117376146158,131.70104700269857,0.07568365809911855,-0.5361855416556736,-0.003030060111948951,0.014106585710699449,0.032447568357801826,54.81167195073394,5.030955150700834,0.008971027146935243,0.029787498571830297,-0.08642147689757451,-0.061154430174293783,0.12384581352650526,-0.00791003118178768,231279550.0,0.9787761174734212,-0.2694689447277696,-0.021223882526578766,0.0,1.0
2024-11-29,136.7257870913165,139.29477581313424,135.99608069190262,138.19520568847656,141863200,0.021501614290346582,-0.0574077456546932,0.041352932180919844,140.96209259033202,142.45550231933595,135.61121871948242,140.62265473184732,136.00041641170466,0.024462978235978435,38.07228128509993,0.4780293821253849,2.0501162632135763,142.45550231933595,152.1490217263741,132.7619829122978,0.061000292593180294,-0.5433570557808522,0.00621216929893964,0.014957854409338056,0.05963347809037822,56.30054728837646,5.318864810807213,0.007489017642925382,0.034998762958765785,-0.07236560006403125,-0.01828054590945838,0.11437466318410361,0.007909505736871325,224870730.0,0.6308655644067149,-0.6461793166471546,-0.36913443559328507,0.0,1.0
2024-12-02,138.77496038075373,140.39431322408433,137.76536630294407,138.57504272460938,171682800,0.0027485543672842727,-0.023388489288318604,0.023855201832412076,140.62722778320312,142.61693801879883,136.06363906860352,140.42764406449132,136.10138214946562,0.024112642300239445,41.119751494393334,0.2925439164466468,1.6986017938601905,142.61693801879883,151.91127019964213,133.32260583795554,0.1595617013596788,-0.3681847174719144,0.0017924648629352724,0.013635485375997458,0.05707128563201769,56.935414778151625,5.56846219445697,0.007486620359380497,0.03559525221824575,-0.03702397466431606,-0.03321608379960561,0.13282462267641715,0.020861521404165157,223098480.0,0.769538187799397,-0.2737804676865496,-0.23046181220060308,0.0,1.0
2024-12-03,138.2051993772479,140.48429454860658,137.8953246767264,140.20440673828125,164414000,0.011757990339645197,0.03117194402712342,0.030944597996687362,140.6382263183594,142.8273551940918,136.5434489440918,140.40638336675704,136.2622850745172,0.024213429578474072,38.825555676845084,0.27386446817141064,1.4136543287224346,142.8273551940918,151.67014252861074,133.98456785957288,0.11403558472833498,-0.42810627883411145,0.00046378250761835993,0.010677220397900644,0.05984457348315542,60.453266058285095,5.722496711036911,0.007417915012098636,0.03485973634510687,0.020494723629222777,-0.028899975486468055,0.14632892808311548,0.04597455874195674,221942770.0,0.7407945751060059,-0.5233574117844193,-0.25920542489399406,0.0,1.0
2024-12-04,141.94371889092554,145.73221002899123,140.2343899311033,145.0824737548828,231224300,0.03479253705418417,0.060035127416598666,0.037381124974196656,140.45130157470703,143.08875122070313,137.02865661621092,140.8517253084833,136.6081748266884,0.02462332143077852,48.54344783929923,0.6452421613806791,1.2599718952540835,143.08875122070313,151.87039676562478,134.3071056757815,0.13214388153835788,-0.5052275767202835,0.006209500212288388,0.011670706712337164,0.05368471437111477,64.15244868819426,6.071842534745201,0.007147484071969209,0.03998973278851844,0.0483644207042615,-0.016303589396918117,0.13714976473053953,0.056403532012627634,225477115.0,1.0254889947478705,0.2151300373066678,0.025488994747870534,0.0,1.0
2024-12-05,145.06248362625453,146.49200804389403,143.9028598130552,145.0124969482422,172621200,-0.00048232432787742585,0.07189318896361141,-0.003708702330537328,140.36933441162108,143.06176071166993,137.4596858215332,141.2479892741746,136.9377560863572,0.022884616742533465,47.79778207017568,0.9232722081074485,1.1926319578247566,143.06176071166993,151.81479673141308,134.30872469192678,0.18460074958312744,-0.043150474776195574,-0.0016456003578503298,0.013075580943551213,0.026428036152609025,69.48748593967801,6.197986773677258,0.00492045905656127,0.036978493812783175,0.0588176080200602,-0.030136738483146353,0.11031963210626228,0.04633350054772537,222005980.0,0.7775520281030268,-0.23744085480951838,-0.2224479718969732,0.0,1.0
2024-12-06,144.5526526293818,145.65228325014007,141.26372149336697,142.3933563232422,188505600,-0.01806148214891312,0.030378410118142574,-0.04319042916773508,139.9474838256836,142.74037857055663,137.82773651123046,141.3570718502763,137.15170119368602,0.022589327396344287,50.64878289065016,0.9216461013195101,1.1384347865237074,142.74037857055663,151.06455383111097,134.4162033100023,0.4045460580334971,0.21636302260337878,0.0018956365539355424,0.008729604963799709,0.020483224943291134,89.81957891154691,6.316308766249676,0.004687498855195251,0.037684516905682,0.021648805154342865,-0.06367365411102621,0.08637055248427616,0.014781901175864273,221065095.0,0.8527153506527116,0.3287843499935148,-0.1472846493472884,0.0,1.0
2024-12-09,138.92447761551347,139.90415231737651,137.08508402113657,138.7645263671875,189308600,-0.02548454541528611,0.0013673720668063716,-0.05967899469375293,139.6345642089844,142.30003280639647,138.1759895324707,141.11016275664878,137.2149492397057,0.023161374066280133,48.24992869908496,0.620389683822367,1.0348257659834394,142.30003280639647,150.4786524019471,134.12141321084584,0.43833485524731614,0.0039498144052221105,-0.0051497285097474865,0.001739338791886702,0.010849274958011357,79.07127680719007,6.091735205223699,0.004813217880961093,0.03117142082464256,-0.00037196672508033046,-0.07052826965176429,0.08537568850303723,0.00482515070873087,221747235.0,0.853713463439578,0.10266491459831739,-0.14628653656042204,0.0,1.0
2024-12-10,138.96445323342698,141.77354545828368,133.74616214517607,135.0257568359375,210020900,-0.02694326589892848,-0.03693642748341497,-0.07008596587741578,139.54053192138673,141.79120025634765,138.44866760253908,140.53069552610484,137.129098557205,0.023612508133771453,32.902785749016076,0.07904318689358547,0.8436692501654687,141.79120025634765,150.46104802552395,133.12135248717135,0.43849226281565,-0.141992755591233,-0.003109119192492127,-0.0018381182327604773,0.0067471692239846615,72.19443527634871,5.699032819780541,0.004880584879079842,0.026948248656377197,-0.03509830925065449,-0.07683313510140044,0.06169977143897398,-0.016743890971026982,223132000.0,0.9412406109388165,0.277390611505103,-0.05875938906118351,0.0,1.0
2024-12-11,137.31500040642362,140.12407738797447,135.16571086465208,139.2643585205078,184905200,0.03139106037169204,-0.040102123184118876,-0.06049217873650248,139.7803955078125,141.34285888671874,138.8948825073242,140.41009200176225,137.21283424204043,0.02428887479655586,41.3572284378703,-0.007867389274537118,0.6733619222774675,141.34285888671874,149.5241089629004,133.16160881053707,0.4439030946265206,-0.32496554045978904,0.007730767645118819,-0.0003290178286152745,0.01769139701968414,75.99625929229691,5.691615451517464,0.00507465710488663,0.0335196063974303,-0.0397731053555036,-0.07818357575618662,0.12245997359001093,0.0015010974927735694,222445525.0,0.8312381199846569,-0.20032107352038686,-0.1687618800153431,0.0,1.0
2024-12-12,137.0350888468848,138.39464386571996,135.7555094472505,137.2949981689453,159211400,-0.014141165568019254,-0.053219542740867376,-0.06098693289220758,139.98126220703125,140.89700775146486,139.26472457885743,140.11341639863684,137.216056356821,0.024301289693917573,38.111889459801404,-0.2329700352372015,0.4920955307745337,140.89700775146486,148.93156238921998,132.86245311370973,0.44601070022821043,-0.3286025852907818,-0.005152797669157105,-0.0038408402657372775,0.011955861905378784,66.35952079294489,5.375642289479629,0.005251802968701889,0.026954600782169515,-0.0493787024751301,-0.07294279479758636,0.09330101911148825,-0.009673492720409405,220810930.0,0.7210304308758629,-0.07768338998917856,-0.2789695691241371,0.0,1.0
2024-12-13,138.89449032268433,139.55427778956917,132.4965775973186,134.20602416992188,231514900,-0.022498809426563127,-0.05749799263621913,-0.08517814702134852,139.58234405517578,140.2722183227539,139.4928190612793,139.5508076149497,137.0980158789034,0.024638571491172417,39.765148579355106,-0.6530914582327512,0.2630581329730768,140.2722183227539,148.3494519262973,132.1949847192105,0.5724212823676869,-0.3462747497693685,-0.00019841624767935606,-0.005922903310218497,0.018302777745492493,64.09589457330996,5.057427108391039,0.004990663801016035,0.02548254793870405,-0.051575089326000634,-0.10348092476684101,0.02878406959226254,-0.0420906481668597,222663510.0,1.0397523150515322,0.22815926953894206,0.03975231505153224,0.0,1.0
2024-12-16,134.13603509853905,134.35596424649526,130.37727237183418,131.95675659179688,237951100,-0.01675981083589173,-0.049059871089650486,-0.07022741691825851,138.92051544189454,139.77387161254882,139.63454467773437,138.82756466036372,136.8963978676443,0.023922078999834475,44.082720955013286,-1.1542325342394406,-0.020400000469426693,139.77387161254882,148.61576521013612,130.93197801496152,0.6046768767682311,-0.19220152828434053,0.004269983555946322,0.003489487971428229,0.03591970786506371,64.73570561245103,4.952664720708185,0.003848568936214656,0.02868075688104162,-0.052549359061078715,-0.10614712478332222,-0.002258392041482482,-0.05365162529529447,222054420.0,1.0715891176586352,0.25694817879377907,0.07158911765863521,0.0,1.0
2024-12-17,129.04771280436398,131.54689392732612,126.81844751374322,130.3472900390625,259410300,-0.01219692416139928,-0.03464869893348976,-0.0695754424135856,137.93480377197267,139.28651504516603,139.68810302734374,138.01991945833504,136.63957010966072,0.023908069381797865,40.57701010465645,-1.6621012785170706,-0.34874025607895554,139.28651504516603,149.07757434903,129.49545574130207,0.6016642910900278,-0.18914452285462013,-0.004120155361802658,0.0024717595646437385,0.02744173674989181,55.90896160173602,4.618220712886,0.004022106379029247,0.023176542157369955,-0.0371204584981335,-0.09701717916347741,-0.04329008926639211,-0.05914257564266767,223964670.0,1.1582643816098317,0.23516421460911752,0.15826438160983158,0.0,1.0
2024-12-18,133.81617414487124,136.65524065308236,128.23799923564917,128.8677978515625,277444500,-0.011350387008863927,-0.07465342015282639,-0.12306030302489102,136.31333618164064,138.38231887817383,139.60871276855468,137.1482888291186,136.3347947269902,0.02053240611083615,40.69454698736114,-2.1590849845349567,-0.7108092017701558,138.38231887817383,148.5265510419398,128.23808671440787,0.47436746557961795,-0.24874712212964878,-0.029803373957551726,-0.03486650397186086,-0.0068100821295652425,36.64620826779012,2.8921703805689276,0.008004696252607838,-0.007758081215592292,-0.039786916180965526,-0.11625022089532577,-0.05275533806942112,-0.06959749171523748,226445150.0,1.225217232517455,0.5004688889225397,0.22521723251745512,0.0,0.0
2024-12-19,131.7168244915274,133.98608501684748,129.50755712091288,130.63717651367188,209719200,0.013730184666827627,-0.04849282016145118,-0.10419506349991425,134.87580413818358,137.62256927490233,139.56950775146484,136.52818289431414,136.11135871862476,0.021011990380946716,38.66812106566504,-2.3827077101124985,-1.0451889034386244,137.62256927490233,147.69330279651038,127.55183575329428,0.32413722627683483,-0.5814768974084864,-0.000306999319557244,-0.030165438028026292,-0.007451265336802071,31.07028924287623,1.4927873303016668,0.00800324055167746,-0.00836344660790504,-0.018327382133424885,-0.09674379816311218,-0.030308284179177747,-0.04845982149190494,221437525.0,0.9470806720766952,0.31723733350752514,-0.05291932792330478,0.0,0.0
2024-12-20,129.76747112979962,135.2356803497186,128.1779956829599,134.65586853027344,306528600,0.030762238773439643,0.0033518939491270494,-0.08154861055820695,134.10205535888673,137.02476959228517,139.56749389648436,136.34986724059598,136.05428067202277,0.022410306138257653,44.70201173635604,-2.2101779158917907,-1.2781867059292578,137.02476959228517,146.23106134266334,127.81847784190698,0.31491237604547356,-0.8886722335112154,0.01201088957923413,-0.01832208134500679,-0.0008933123805393572,39.38423814525315,0.9310685139171255,0.008381621459316785,0.002969704371051375,0.02167397529413384,-0.08065529817766759,-0.030271003075824976,-0.029750775319786243,216716625.0,1.4144212517152295,0.32401240697682954,0.41442125171522953,0.0,1.0
2024-12-23,136.23536324975828,139.74420813475027,135.07573952144836,139.62425231933594,176053500,0.03689689757521042,0.058106124503030765,-0.015994155162833756,134.18802795410156,136.91129608154296,139.66504760742188,136.6617134385712,136.19427956015272,0.02315030007449428,49.28067665120652,-1.6534794795156813,-1.3532452606465426,136.91129608154296,145.91869853393774,127.90389362914817,0.21243727003754542,-1.0068323375704264,0.005988323763746806,-0.01664239693109859,0.001984128640142524,43.148976506685806,0.7587200471288043,0.008462547678587118,0.00839226139169218,0.07474852143412936,-0.01797828380297628,0.006675007602526373,0.02114841507789315,213698990.0,0.8238387088305845,-0.26012739592294387,-0.17616129116941545,0.0,1.0
2024-12-24,139.9541431061549,141.85351466107917,138.60457919611483,140.174072265625,105157000,0.003937854184755452,0.07538923305285139,0.03094884078901794,134.7028594970703,137.1216957092285,139.70822357177735,136.99622380305252,136.35034986232813,0.021025163647469754,43.182426043163375,-1.1546163843088948,-1.313519485379013,137.1216957092285,146.23213026282033,128.01126115563667,0.3610595183220252,-1.1759111612626816,0.011114857203426531,-0.0015989501543328677,0.009695996226908754,46.09791250135716,1.1347882964371365,0.008788953343109958,0.018945915941092337,0.07698818320718426,0.021252844562109185,-0.01688090609548465,0.027120040557936265,201709745.0,0.521328307663073,-0.5946305909981215,-0.478671692336927,0.0,1.0
2024-12-26,139.65425012018665,140.8038826879709,137.68489400548984,139.88417053222656,116205600,-0.0020681551781494,0.08548584568313466,0.022054082040378065,134.76484069824218,137.27261810302736,139.87495025634766,137.27126634868813,136.48893106506927,0.02100868837116175,42.92021191572443,-0.7737372726736851,-1.2055630428379476,137.27261810302736,146.46483767237171,128.080398533683,0.4297378281317644,-1.1282509997660404,6.662664262480078e-05,0.029139396236084414,0.004518300191512115,46.9817870556122,1.419646781521692,0.008719122953049304,0.018202693223608034,0.05634644944705025,0.01753578184886595,0.022693794181496196,0.0321920084924708,198005640.0,0.5868802525018985,-0.5811573125435898,-0.41311974749810154,0.0,1.0
2024-12-27,138.50462254046806,138.97446981750295,134.66588395063462,136.96511840820312,170582600,-0.020867637223834,0.048439058952479686,0.012409141535902002,134.73185272216796,137.3565574645996,139.90092864990234,137.24210940197526,136.5076050785255,0.02140846236870596,42.56772085448237,-0.6993690523952978,-1.1043242447494177,137.3565574645996,146.50295257711713,128.21016235208208,0.42643495532842113,-1.1876667683678517,-0.010526514144038046,0.018618861122671415,-0.0030349117565064976,40.9728246036011,1.1289101478597559,0.009023894003105756,0.006984540019933996,0.02982019782980827,0.0154440532924085,-0.01569181839542888,0.009857477575595963,195216225.0,0.8738136392095482,-0.1866142918721796,-0.12618636079045173,0.0,1.0
2024-12-30,134.78581438230358,140.22403398735426,133.97608228188028,137.4449462890625,167734700,0.0035032852629626188,0.020712634281973452,-0.00542898283392923,135.05574493408204,137.3190444946289,139.91231353759767,137.26142720074546,136.5443635573701,0.02086532345707805,48.02274481607911,-0.5948564670670748,-1.0024306892129493,137.3190444946289,146.45710739157306,128.18098159768476,0.5477534907582102,-0.9012121043685724,-0.011411505727450755,-0.004956471788993166,-0.02049662536319219,38.596110083079616,0.35435571631137464,0.009231825427697135,-0.0047702129269403554,0.02566910607096662,0.015067642529262959,-0.009320693506295274,0.010472018364644767,196509800.0,0.853569134974439,-0.4527926594777779,-0.14643086502556107,0.0,0.0
2024-12-31,137.98479821279548,138.02479365615312,133.7861766339878,134.2460174560547,155659200,-0.023274255761140172,-0.03851934584387706,-0.031239573760462602,135.2846710205078,137.10259323120118,139.83832794189453,136.9742453202987,136.4542323377107,0.0214827698885088,48.81242819756829,-0.7613796023682085,-0.9542204718440012,137.10259323120118,146.32012640733907,127.88506005506328,0.6301593194273892,-0.9349428929085862,-0.0036380505985887934,-0.014478114618346694,-0.025806316149604713,38.43438009226894,-0.4247963963412076,0.00922541329196895,-0.00850669171112353,-0.02404123122553037,-0.005433257610857889,-0.03274008090603253,-0.020738189914140264,195708620.0,0.7953620029613412,-0.11584149136484079,-0.2046379970386588,0.0,0.0
2025-01-02,135.9554382894446,138.8344995109043,134.58589206435911,138.26467895507812,198247200,0.029935051893356546,-0.013621586928919682,-0.013834998687480615,136.07640991210937,137.005606842041,139.73056091308592,137.09714376170626,136.52523024427413,0.02243087841747648,48.46718202270258,-0.5625927699627482,-0.8758949314677505,137.005606842041,146.12602844824693,127.8851852358351,0.5656616384324464,-1.2093724992259562,-0.0024571493834200098,-0.027706591506596268,-0.028650550442698708,32.777997272731625,-1.1436382624480075,0.009219713498219293,-0.011042238271504762,0.014085004577676585,0.014815551755218093,-0.042611335301325104,-0.004570259656143476,197400280.0,1.004290368787724,0.8852496742965281,0.004290368787724111,0.0,0.0
2025-01-03,139.96413776465596,144.85253555834646,139.68423069189672,144.4226837158203,229322500,0.044537801029740365,0.032444794620619,-0.004547689476105954,137.63189849853515,136.97261734008788,139.7483529663086,137.79481423352664,136.83493430198183,0.02332497443643872,59.684920759649614,0.09080005992936435,-0.6825559331883275,136.97261734008788,145.97402556775177,127.97120911242399,0.6513995096661139,-0.9937985629990581,0.012503473922702568,-0.01561513248705626,-0.022574630966834985,41.97796945431409,-1.1190023927582615,0.009593383550027154,0.0009646642903148039,0.04805992710767526,0.01802694149072903,-0.01201209214467025,0.018024925484578014,197305190.0,1.1622730248504867,0.9734203859366501,0.1622730248504867,0.0,1.0
2025-01-06,148.5413213081193,152.11015917129038,147.77158452702758,149.38104248046875,265377400,0.03433227133768657,0.09065026348724725,0.03012530384733525,139.50628509521485,137.19104461669923,139.94588043212892,138.89826454275922,137.32693854427544,0.024551701067112113,69.62257938772683,0.9972213516409738,-0.34660047622246726,137.19104461669923,147.17255967660108,127.20952955679738,0.4813156286794434,-1.400394284614197,0.00576066668960995,0.0005882873885356688,-0.015323625407469676,44.969413087254935,-0.818813355005318,0.00971328523420956,0.006073910602952334,0.09006197609871158,0.045448929254804926,0.03727663652468438,0.05759584729273363,201943000.0,1.314120321080701,0.5557120128313204,0.314120321080701,0.0,1.0
2025-01-07,152.97986196669754,153.07983530547875,139.9641234037018,140.09408569335938,351782200,-0.06216958077745127,0.019274185598104454,-0.01614731676570158,140.05010681152345,137.0760810852051,139.9406753540039,139.0121522713878,137.4354541187493,0.028144881990128566,58.9020264112048,0.9551762797750598,-0.08624512502296183,137.0760810852051,146.8562416894374,127.29592048097275,-0.08391902399837166,-0.4775065060368476,-0.011304119376359778,0.0006969772283929032,-0.028296521326704127,38.798711625668666,-1.1034824574210234,0.009970761552934717,-0.005679717032640204,0.01857720836971155,0.012149204561002547,-0.021485421732416632,0.0030803303994324884,210106830.0,1.6743015921947897,1.0972535796111358,0.6743015921947897,0.0,0.0
2025-01-08,142.53330977712477,143.90285624874434,137.51494945407617,140.06411743164062,227349900,-0.00021391525252778543,0.04333908808498155,0.009365441575567068,140.0940933227539,137.14106063842775,139.9122799682617,139.11233942950713,137.53853895454898,0.027521534786689797,61.010462653769984,0.9089591538196373,0.112795730745558,137.14106063842775,146.98551286987987,127.29660840697564,-0.19881270622763916,-0.21238536074991626,0.0014610443232185855,0.00581825758029586,-0.02183955876399668,40.92122623950302,-1.246314335911734,0.009948998056375639,-0.0046436905214438245,0.03752083050468569,0.03120500033956375,-0.031508305299836725,0.01240584184813757,212008895.0,1.0723601950757773,0.4605619198865214,0.07236019507577736,0.0,0.0
2025-01-10,137.40498271998055,139.87417502688794,134.17604480086774,135.86549377441406,207602500,-0.029976440320453435,-0.017352119129742105,0.006219087070157059,139.66323547363282,137.18304748535155,139.82030364990234,138.80311603378397,137.47292933964175,0.02769045793646686,57.46905947947052,0.5274577046590707,0.19572812552826055,137.18304748535155,146.99662767323218,127.36946729747092,-0.1984561125585131,-0.2608943993940615,-0.015267376834053215,-0.0070982408394353325,-0.03376937664907653,46.88624220942354,-2.051696846437153,0.010440365868398162,-0.01989340110367217,-0.010253878290306773,0.03998846371923359,-0.03551832522705467,-0.0019279132660426173,211887975.0,0.9797748078908206,0.04719007380684315,-0.02022519210917939,0.0,0.0
2025-01-13,129.94742663109315,133.4462801889749,129.4675728747113,133.1863555908203,204808900,-0.019719047928696942,-0.07780168485935113,-0.043643635703046524,138.9934539794922,136.8791473388672,139.66015075683595,138.26818646778742,137.30482840831542,0.027057779600327667,52.669056073351854,0.008829218965558994,0.15834834421572025,136.8791473388672,146.79723051517658,126.9610641625578,-0.0074879702252921765,-0.11706394548608176,0.001550440352794169,-0.017839227492619902,-0.03969518707771902,47.791223097718344,-2.588543898055832,0.010237148048656572,-0.018425894725177635,-0.059962457366731226,-0.003948448625327505,-0.05942418017639839,-0.041111695389485704,212883160.0,0.9620718707858339,-0.10689574725550266,-0.03792812921416612,0.0,0.0
2025-01-14,136.0054462036023,136.33533995791203,130.00741122442506,131.7168426513672,195590500,-0.011033509648449402,-0.11824927404299723,-0.04062897841852953,138.4686264038086,136.6002395629883,139.5087924194336,137.64424896146167,137.0856917119645,0.026992506905582376,46.74923476998552,-0.5148303615081318,0.023712603070949856,136.6002395629883,146.7793765630405,126.42110256293607,-0.023530463964632885,-0.08556603724320379,0.0013759292368293874,-0.022121078301162056,-0.03339314606540578,41.98566632738073,-2.916750150085022,0.010234507940547529,-0.017212224623436082,-0.09612819574183518,-0.00723583235312375,-0.061470913606294086,-0.054944980567084335,214702115.0,0.910985436729396,-0.26297228023185093,-0.08901456327060402,0.0,0.0
2025-01-15,133.60622538989423,136.4053114797544,131.24699764678536,136.1953887939453,185217300,0.034001317162089206,-0.027829132686925884,0.014823214057102518,138.3436706542969,136.69970779418946,139.5785528564453,137.50626227884106,137.0507778720422,0.027652427644627185,46.1658946465242,-0.5619750087789157,-0.09342491929902327,136.69970779418946,146.81904000670164,126.5803755816773,-0.212762784914049,-0.20408261437072875,0.018189978739041157,0.007050335706728195,-0.015615270018928373,48.48292291253537,-2.3079437597401693,0.011155934963332927,-0.00021455432784632034,-0.03487946839365408,0.03043848407603089,-0.019677158294621355,-0.00803938087074818,212387235.0,0.8720735970784684,-0.47348870977553725,-0.1279264029215315,0.0,0.0
2025-01-16,138.59457607585483,138.70454064615834,133.44626949753135,133.5262451171875,209235600,-0.019597900489832676,-0.04667771042532709,0.011893961066698377,138.27169342041014,136.77818222045897,139.54215118408203,137.12721302535024,136.9125609012636,0.027755993090429993,42.902871405721356,-0.8054305669372184,-0.2358260488266623,136.77818222045897,146.76613618164976,126.7902282592682,-0.20201845089689752,-0.24894551599430584,-0.0019231741492636845,0.0036472294469922506,-0.021685798836076575,41.597175007415366,-1.894298685507465,0.0110957179129672,-0.0028946097862091865,-0.05032493987231934,0.03357975990277495,-0.05300910941489545,-0.023251429794813278,210951460.0,0.9918660909007219,-0.07967586526319126,-0.0081339090992781,0.0,0.0
2025-01-17,136.6452315490251,138.45463626831489,135.41563868932835,137.66490173339844,201188800,0.03099507975064153,0.013244039446631328,0.05613934660354647,138.2117156982422,137.1440628051758,139.57552795410157,137.1784214737358,136.9420644633081,0.028352448194497715,47.810654294705465,-0.6568441594497187,-0.3200296709512736,137.1440628051758,146.66532809893346,127.62279751141811,-0.36857742764723456,-0.3386634501185863,0.010039953635990084,0.02944065957556652,-0.007775450316469201,47.03381881217108,-1.0815566306648634,0.011337748749287216,0.0061097128079334465,-0.01619662012893519,0.06391479692001567,-0.0399941399082111,0.0025746789609564593,208040385.0,0.9670660819052032,-0.030894136631302582,-0.03293391809479684,0.0,1.0
2025-01-21,139.1144233323199,141.78354697270905,137.0450940162502,140.78387451171875,197749000,0.022656267058981383,0.05704427369602172,0.09246745004428414,137.84783477783202,137.7398666381836,139.59411437988283,137.52179795354368,137.09272368089285,0.028458601666159634,53.7524649834353,-0.2841379586239725,-0.31285132848581343,137.7398666381836,146.5448994609825,128.9348338153847,-0.5372674393795126,-0.24572992824320955,0.009153480738035569,0.03725542216126865,0.03206590407484633,56.42994525707731,-0.002358473049071108,0.009141081383357013,0.014353032295617843,0.01978885153475307,0.06040154596943781,-0.042565483004178395,0.012541638166670829,204055610.0,0.9690936701029685,-0.03447066997576764,-0.0309063298970315,0.0,1.0
2025-01-22,144.61262104889417,147.74158546149795,143.62293982675305,147.02183532714844,237651400,0.04430877355140872,0.11619617026723783,0.12542110332399758,137.6119140625,138.55909957885743,139.62350494384765,138.4265634176965,137.482100608197,0.0297544918787731,58.453960637514676,0.508721471272338,-0.14853676853418313,138.55909957885743,147.62662112053312,129.49157803718174,-0.5063783272420425,-0.45270506096617474,0.005621570715055313,0.041653185793552705,0.038186458073402596,65.4093372627024,1.1097615063907824,0.009171412249813342,0.019459145111037943,0.07454298447368513,0.08723464525059499,-0.01941303490692503,0.04745486493911836,205452220.0,1.1567234464538763,0.21504572052323612,0.15672344645387623,0.0,1.0
2025-01-23,145.0024960002277,147.18177468068177,143.67292977388993,147.17178344726562,155915500,0.0010199037427571778,0.08059299768163863,0.09294741516726646,138.31968383789064,139.18489532470704,139.5905206298828,139.25944151575072,137.8620881705134,0.029208261915220222,62.05931549086559,1.13607191201217,0.10838496757508752,139.18489532470704,148.82751401581086,129.54227663360322,-0.3999637814850717,-0.372427699867826,0.005458021479211039,0.028627832845654178,0.03146410064322369,69.63005944932937,2.2287008456672766,0.008904955406740389,0.024467524953162092,0.051965164835984456,0.061483314524042765,-0.03826784160830132,0.02506021258390863,197921565.0,0.7877640822009466,-0.15820228455981167,-0.21223591779905338,0.0,1.0
2025-01-24,148.32140487495408,148.92121448023644,141.8335400716498,142.5732879638672,234657600,-0.031245768554854614,0.06775479111795346,0.021121227835021683,138.5706008911133,139.33234710693358,139.49055755615234,139.57504593938086,138.0468411035861,0.029248885676562725,53.97676490442917,1.2478075530954982,0.3362694846791697,139.33234710693358,149.09272654144078,129.57196767242638,-0.19500949804959317,-0.5504713221342965,-0.0029192782547332596,0.027601238117914262,0.02233092137280801,69.23965438142702,2.9399981137306668,0.008896033079661999,0.021072412526783674,0.0401535530000392,-0.0012096935377863272,-0.053639327625540245,-0.004898489387762457,200851770.0,1.1683123330205156,0.12149940067560205,0.16831233302051557,0.0,1.0
2025-01-27,124.75912547322824,128.3579371600633,116.66177248371496,118.38121032714844,818830900,-0.16968169831960267,-0.14007703607412403,-0.1554699923191205,136.82217254638672,138.24270401000976,138.95413360595703,137.55658540488253,137.27563989666697,0.04813806687725012,31.967327083839407,-0.6087226541483517,0.14727105691366538,138.24270401000976,151.75296499467487,124.73244302534465,-2.0633365171411504,6.299340447852889,-0.014145367696859479,0.00299541331222275,-0.0032095093828230503,55.99164792034022,2.787550943849965,0.009193856323123221,0.006540438399423389,-0.14307244938634678,-0.15226048293629746,-0.18910384482273745,-0.16147892571512723,236535465.0,3.461767984771332,3.0699626420556214,2.461767984771332,1.0,1.0
2025-01-28,121.77009783396647,128.95774513931468,116.21192149182428,128.94775390625,579666400,0.08925862094077885,-0.08407298525147155,-0.07818194570812442,136.3983123779297,137.69588317871094,138.5684649658203,136.73669669072706,136.9490561323369,0.05276272327213601,36.870521013027776,-1.2134169452042443,-0.12486654350991655,137.69588317871094,151.79870406904018,123.5930622883817,-1.4986223503542118,4.66447392822942,0.008592344588856049,0.002437701334200293,0.005288279012553909,57.194492308938266,3.0412967101193544,0.009398371330199488,0.014861000671016754,-0.08651068658567185,-0.08347022472067833,-0.14626480124761765,-0.10541523751798927,259708505.0,2.231988513429701,1.9313240522075965,1.2319885134297008,1.0,1.0
2025-01-29,126.45856310434584,126.8484347440811,120.01067894543576,123.65947723388672,467120600,-0.04101100261279511,-0.15890400253320547,-0.09714620283582731,135.59257583618165,137.0306011199951,138.11741409301757,135.49124721864703,136.42789617553495,0.05331787729685651,38.86783446373393,-2.0952089938815277,-0.5189350335842388,137.0306011199951,152.4705361239656,121.59066611602464,-1.4087541475003709,4.212023341037755,-0.0044828171819780716,-0.007634695352446985,0.011428572617901755,61.04972230833494,2.9923542534575063,0.009124936299342828,0.010086939880170107,-0.15126930718075848,-0.10857477545372907,-0.16537353359842666,-0.1417392054109714,274535405.0,1.7014949310454146,0.9655705794285243,0.7014949310454147,0.0,1.0
2025-01-30,123.05968876955971,124.95906813052294,118.0613260443388,124.60918426513672,392925500,0.007680018163539026,-0.15330791442242397,-0.09338838837283037,134.43395538330077,136.38881301879883,137.6755615234375,134.45486027069367,135.964417277088,0.05335561374216552,39.66026064655859,-2.686434579453419,-0.9524349427580748,136.38881301879883,152.79319075177153,119.98443528582612,-1.4183933846663643,4.217547808968626,0.0053669749643716624,-0.007724556291944906,0.028594698741303937,62.53831972860656,3.173879753095548,0.008724229681592465,0.015041921590731968,-0.14558335813047907,-0.1219830871141343,-0.17372898681821913,-0.1470984773542775,285794945.0,1.3748511192176616,1.5201182691906836,0.37485111921766145,0.0,1.0
2025-01-31,123.73945402173636,127.80812056780856,119.15096116009845,120.03067016601562,388161100,-0.036742990704274114,-0.1581124916159934,-0.10589027190093325,133.0843978881836,135.67804565429688,137.23770111083985,133.08112787977197,135.3395644492028,0.05370273633602783,39.45968213495202,-3.4842684611908794,-1.4588016464446358,135.67804565429688,153.63199611633502,117.72409519225876,-1.3602478044416677,3.9426715536417065,-0.005321949711351581,-0.010115648440961245,0.02685632474815458,68.96675133182984,3.026738408136339,0.008783807082431401,0.009029336317092542,-0.14799684317503214,-0.13274659664908783,-0.18515195670111628,-0.1552984655084121,297420040.0,1.305093967440795,0.6541595072991457,0.3050939674407952,0.0,1.0
2025-02-03,114.71241004430098,118.53115837860842,112.97298217131676,116.62178802490234,371235700,-0.028400092546333577,-0.014862344263788962,-0.15653231970550852,130.98008651733397,134.59590110778808,136.7682484436035,131.51357170311772,134.60553400119102,0.0533379319456177,39.080021322231225,-4.341578841772673,-2.0353570855102436,134.59590110778808,154.40639884739778,114.78540336817838,-1.2266224501684462,3.784461786235556,-0.006729546139925269,-0.002669514424210817,0.022458380711425585,63.79253529353172,2.55850862030843,0.008932289215033957,0.0018495702574930109,-0.012192829839578145,-0.1789907004169341,-0.18732566689693808,-0.12616973238448345,306069465.0,1.212913218899507,-0.5466271485357965,0.212913218899507,0.0,1.0
2025-02-04,116.92168099297383,121.16028976109212,116.66176403787988,118.6111297607422,256550000,0.017058062387236506,-0.08016133536550718,-0.1787222982635287,128.76281204223633,133.3053234100342,136.20143661499023,130.28476770860576,133.9783024623499,0.052282582462417966,41.41903916409082,-4.805090154278048,-2.5893036992638048,133.3053234100342,153.77250171037718,112.83814510969118,-1.26523628852031,4.158741872569182,0.006708326846265988,-0.004532495379927615,0.016606255905569967,65.64952858098117,2.4778200475890344,0.008633572832239755,0.008115466303771364,-0.07562883998557957,-0.19532855416909867,-0.215735360962092,-0.16223091837225675,307430840.0,0.8344966302014463,-0.5574178527511686,-0.1655033697985537,0.0,1.0
2025-02-05,121.72011429490168,124.95905075493906,120.72044188886218,124.7891082763672,262230800,0.05208599334722619,0.00913501389257787,-0.1646255361172546,126.5395393371582,132.0757266998291,135.78057540893553,129.76137157220208,133.61794190603686,0.053189583404955006,42.694322841971925,-4.620650985857424,-2.9955731565825285,132.0757266998291,151.39933977689142,112.75211362276676,-1.2015190719746578,3.83457426775921,0.004054603016241831,0.004004498784811572,0.014881794947051885,60.507012697066436,2.5782242971863525,0.008590919004142389,0.01167078962891508,0.005130515107766298,-0.1795073310643065,-0.17097483589959095,-0.11511721728537705,307273510.0,0.85341167222648,-0.4386229166515029,-0.14658832777352007,0.0,1.0
2025-02-06,127.37828117148048,128.72784528628156,125.16900563533248,128.6378631591797,251483600,0.030842073767277434,0.03233051333897641,-0.08177520469533084,124.6861473083496,131.5029155731201,135.4210954284668,129.65437077096186,133.42264470027774,0.052218703776830064,46.915618104287134,-4.116467191048741,-3.2197519634757716,131.5029155731201,150.50220741149872,112.50362373474148,-1.4772943264913456,4.917658732583111,0.003475511193955949,0.0021155983314691262,0.030052868576280645,63.249140470119514,2.792631042326775,0.008120055218708159,0.01468936575236348,0.03021491500750728,-0.11182807327161148,-0.1473413725691035,-0.07631817694440257,302258580.0,0.8320147603419562,-0.3599712922678726,-0.1679852396580438,0.0,1.0
2025-02-07,129.17766285547097,130.32727996151158,124.95904429961288,129.79745483398438,228186300,0.009014388503715942,0.08136907554094486,-0.0732997343353623,123.40856399536133,130.9895824432373,135.1791700744629,129.66799782458304,133.28048039179566,0.05228428622446556,44.842036155066985,-3.582037050789154,-3.2922089809384483,130.9895824432373,149.56498428905778,112.41418059741684,-1.5004783441568712,4.940289767214745,-0.00915358332287397,-0.0017446857152969564,0.019135192129749123,52.89944876632992,2.4923841825793716,0.008463261194369994,0.005157154950827508,0.08311376125624181,-0.09243492646511142,-0.0974769784922388,-0.0355993812337028,302300400.0,0.754832941008348,-0.4121350645389247,-0.245167058991652,0.0,1.0
2025-02-10,130.04737430419848,134.95576927734325,129.91742726932324,133.5262451171875,216989100,0.02872776117199205,0.14495110543730938,-0.01721738605028411,124.92306747436524,130.87262001037598,135.13037338256837,130.03544994768822,133.29011822416396,0.05230392855974642,45.279582196927315,-2.8250496869594315,-3.198777122142645,130.87262001037598,149.34794023255927,112.39729978819268,-1.6651527620751367,5.36686938214965,0.0067912958944049695,0.011844012470499932,0.04196450552953057,51.678511117490224,2.549561579423539,0.007630536000397738,0.011667821431119666,0.13310709296680945,-0.05918189157981468,-0.033601704235957985,0.01344116571701226,302769730.0,0.7166802969372137,-0.41549506149327775,-0.28331970306278637,0.0,1.0
2025-02-11,132.5365863252507,134.43595803743202,130.9770996135579,132.7565155029297,178902400,-0.0057646316166702904,0.11925850272837812,-0.0032273582829399627,125.3039436340332,130.85112800598145,135.04818923950197,130.2945990481874,133.2691926272528,0.05211258842453714,40.01120796359803,-2.2611770527662998,-3.011257108267376,130.85112800598145,149.3161126440449,112.38614336791801,-1.7248748332507151,5.609401560169999,0.000760531944440368,0.005865875111024321,0.04114272312999989,48.885327351912686,2.6014749205526186,0.007635491890261607,0.012211214421413494,0.1133926276173538,-0.044370081412939855,-0.041173752071679726,0.009282931377578074,301474405.0,0.5934248381715854,-0.3026606899239914,-0.4065751618284146,0.0,1.0
2025-02-12,129.97741762356085,132.19669170682792,129.03772306980744,131.0970458984375,160278600,-0.012500099134159393,0.050548783537264,-0.004705523913674292,126.04770050048828,130.82013816833495,134.96440353393555,130.37102255773502,133.1840104025934,0.05213174960318149,38.97724515865484,-1.9260074411184291,-2.7942071748375867,130.82013816833495,149.28108517238684,112.35919116428305,-1.7185909265746082,5.5841232075124045,-0.0032214928773622864,-0.001423346552245519,0.03636272748641001,43.523171014615755,2.459169886908171,0.007725389979801017,0.008729789696827478,0.051972130089509516,-0.0410682514000843,-0.041922021396781695,-0.010339380902452159,299708810.0,0.5347810763387303,-0.38878804473006223,-0.46521892366126977,0.0,1.0
2025-02-13,131.51689288233604,136.455276767875,131.12702127315083,135.24566650390625,197430000,0.031645416393918824,0.05136748374426814,-0.006973233810991464,127.11134872436523,130.772652053833,134.90541275024415,130.83527436213228,133.26485966146842,0.05205618481307172,44.94411630686831,-1.3105172704040342,-2.4974691939508764,130.772652053833,149.18019091845596,112.36511318921006,-1.721486558601367,5.614968258252397,0.0105575681694563,0.005624136595307361,0.028594092948298844,51.63208120001014,2.8205359689420675,0.0070312946454095596,0.01906599584436141,0.04574334714896078,-0.03556732675929031,-0.03666512354987228,-0.008829701053400604,300319445.0,0.6573999895344772,-0.21493886678892782,-0.3426000104655228,0.0,1.0
2025-02-14,136.43528567888637,139.20438251414282,135.45561099221797,138.8045196533203,195479600,0.026313990247600838,0.06939323140701248,0.0395298656941967,128.9887336730957,131.03656578063965,134.91000228881836,131.59425010415018,133.48210122977633,0.05211152622492572,69.70104777990751,-0.5294638396015614,-2.1038681230810132,131.03656578063965,149.7589907066507,112.31414085462858,-1.8526364315970667,5.96565660456741,-4.9152155779053075e-05,0.014864353421549126,0.030525415169822656,61.3892654920401,3.069158134885356,0.006996600491221466,0.01874025215950678,0.05452887798546335,0.009004450524374041,-0.011799377743120898,0.017244650255572164,299631645.0,0.6523997156575367,-0.14333332018618117,-0.3476002843424632,0.0,1.0
2025-02-18,141.22373753647113,143.3930250185803,137.8848198127303,139.35433959960938,219176600,0.003961109823097164,0.04364755765660089,0.012272103091917286,131.2619888305664,131.12103767395018,134.89300094604494,132.33330624657486,133.71238508741686,0.05170472494545975,62.443207817151446,0.13236666559839705,-1.6566211653451313,131.12103767395018,149.98409815320315,112.25797719469722,-1.8185210747066558,6.0218616372134806,0.00293586851761396,0.010978010911570468,0.023277246184365996,58.29966198899826,3.3697216203763674,0.006716433710086158,0.02140326493476827,0.03266954674503042,-0.01100514309244871,-0.022022596809181616,-0.00011939771886663546,300531035.0,0.7292977246093736,0.010081151541713407,-0.27070227539062647,0.0,1.0
2025-02-19,139.46430955469114,141.31370984182348,137.17506616632772,139.1844024658203,167536000,-0.0012194606517265116,0.04841861763650135,-0.011361187859375899,133.3193161010742,131.04106407165528,134.77503952026368,132.9857916007887,133.92697400421702,0.05147688614594577,71.15228250293498,0.6358301485656455,-1.1981309025629758,131.04106407165528,149.74451723456187,112.33761090874872,-1.7692712412089022,5.983204335414655,0.0023548417997938387,0.012588598214819058,0.016383455831051164,63.65421050251249,3.680030747638739,0.006458335848775075,0.023558605657750968,0.03583001942168229,-0.027744643690427062,-0.052720762261115994,-0.014878462176620255,299020385.0,0.560282871684484,-0.06353408338848443,-0.439717128315516,0.0,1.0
2025-02-20,139.9841417995603,140.6139403685729,136.74519734237094,140.06411743164062,143903600,0.006320499641016442,0.06840025625100687,-0.04732438470806544,134.84681701660156,130.69317817687988,134.67607192993165,133.65991787039366,134.16764629548854,0.05047686577493729,71.09715769621272,1.0932123601459693,-0.7398622500211869,130.69317817687988,148.37606292088861,113.01029343287114,-1.7884867492885008,6.376351039533338,-0.004160263017604526,0.011634938065085532,0.0064969396075615915,56.66846570929973,3.680706535273316,0.0064469674064068115,0.019104449385310553,0.05676531818592134,-0.05382132431562703,-0.043642142368058745,-0.01356604949925481,294332995.0,0.4889142652864997,-0.1021658537072323,-0.5110857347135003,0.0,1.0
2025-02-21,139.99411868487,141.41366694156105,133.98609294492073,134.38595581054688,228217600,-0.04053973084052043,-0.006356659814564569,-0.08687689540230481,135.42162628173827,130.05388679504395,134.51592391967773,133.72906434088443,134.1762074529418,0.0512333940707932,69.02488916633983,0.986143224400621,-0.39466115513682537,130.05388679504395,146.0747236659426,114.0330499241453,-1.60176494503425,5.494256321535743,-0.01710418249222523,-0.016056303185120635,-0.016088577403525095,48.011031974408176,2.8183743811307522,0.0074073950560941855,0.0018685822277132664,0.009699643370556066,-0.07078831799877972,-0.04660832208036969,-0.035898998902864444,297948100.0,0.7659642736436312,0.1559418528085903,-0.23403572635636877,0.0,1.0
2025-02-24,136.51527743543022,138.544611438826,130.03740375103862,130.23733520507812,251381100,-0.030870938711165197,-0.061721221107494784,-0.08652359032300216,135.46561431884766,129.43708915710448,134.34538009643555,133.39651870890287,134.02174187459423,0.051222666028930434,67.69752141379189,0.5600749560795464,-0.203713932893551,129.43708915710448,144.3392877082798,114.53489060592915,-1.60361170886664,5.50438479493221,-0.004550479994154144,-0.02048557404719853,-0.0176982344643557,49.39049866517729,1.8959748027172054,0.007441041428143517,-0.0025091116339048796,-0.041235647060296254,-0.06882535585864646,-0.05242130553152413,-0.05416076948348895,298784275.0,0.841346486524433,0.2859710169245282,-0.15865351347556694,0.0,0.0
2025-02-25,129.93742515974864,130.1573543264651,124.39924631174092,126.5885238647461,271428700,-0.028016630826993127,-0.09160687619446817,0.06932952885780286,134.7718421936035,129.8474548339844,134.17663543701173,132.7481382475546,133.73024312911,0.03383023946318821,59.94021871061473,-0.07119510415381569,-0.17721016714560395,129.8474548339844,143.89528737423984,115.79962229372893,0.6722812762206228,0.5773625968834664,-0.004973260662582302,-0.028210002270288248,-0.00855918227731689,41.603424509300034,0.9181487975723712,0.006837725641670718,-0.007253075670989283,-0.06339687392417992,0.07788871113511975,-0.05160353506118265,-0.01237056595008094,271414165.0,1.0000535528423875,0.23840181844229713,5.355284238757399e-05,0.0,0.0
2025-02-26,129.9474287481865,133.68619399137987,128.44792005609298,131.23699951171875,322553800,0.036721145843673364,-0.05709981013176546,0.017753280193876897,134.61989059448243,129.9619171142578,134.01608825683593,132.6042202727131,133.63246886960448,0.028467444798564934,58.35276390679523,-0.19414999883281325,-0.18059813348304582,129.9619171142578,144.01618738500682,115.90764684350879,-0.05047608748027489,-1.135902647739083,0.000505063503894565,-0.030003375206707372,-0.01650893582744517,38.68107997238129,0.16518213278754956,0.006508705232510426,-0.0063903943536395445,-0.027096434925058088,0.03426221602132207,-0.03966635221680681,-0.010833523706847611,258558535.0,1.2475078418896517,0.925280536720466,0.2475078418896518,0.0,0.0
2025-02-27,134.9557838016939,134.96577503505506,119.97069557287364,120.11064910888672,443175800,-0.0847805911764884,-0.14245952988275068,-0.028698391780258237,133.52125091552733,129.78447570800782,133.67240127563477,131.41435635234868,133.10220142800773,0.033180787672221795,40.706022900567646,-1.1758417575812246,-0.37964685830268163,129.78447570800782,144.25716475957117,115.31178665644447,-0.7105724340405863,0.5721015097689311,-0.01596213571403282,-0.041498976613882355,-0.02784958106584079,28.793674381965772,-1.1728538604107825,0.007306698574098131,-0.021686363664923436,-0.10096055326886832,-0.0008488107144174473,-0.09651886406320132,-0.06610940934882903,257361295.0,1.7219986400830007,2.079671391125726,0.7219986400830009,0.0,0.0
2025-02-28,117.98134023479652,125.04902421361967,116.36187573271177,124.87908172607422,389091100,0.03970033175713383,-0.07074306260004692,0.002165951591202253,132.48459243774414,129.7979705810547,133.48586242675782,130.79194924508445,132.77972614557896,0.0343689899622869,45.030318650448145,-1.5511857842029997,-0.6139546434827452,129.7979705810547,144.25083091487798,115.3451102472314,-0.6991369970539748,0.3161301044918314,0.015605610136830705,-0.009601018405865358,-0.017949222569807244,43.8675119247069,-1.489897035803665,0.008118319279543212,-0.006153169172183237,-0.061142044194181566,0.020115174161009497,-0.05620673651585828,-0.032411202183010114,257169575.0,1.5129748532655933,0.7049127674640343,0.5129748532655933,0.0,0.0
2025-03-03,123.46954557652552,123.65947815441596,112.2432206852501,114.02263641357422,411381400,-0.08693565937899761,-0.12450115603157452,-0.0500541548600173,130.00640411376952,129.49756889343263,133.12718002319335,129.19487183255967,132.04415399922584,0.03879307959398176,32.77414615421593,-2.693622630169287,-1.0298882408200536,129.49756889343263,145.0157127963293,113.97942499053596,-0.891412816999157,0.3335607509687118,-0.017519874487343268,-0.02250461104396484,-0.029992296714070665,32.45099271572225,-2.539863760151434,0.008891451647808257,-0.02287931122211131,-0.10199654498760968,-0.02006185814594663,-0.10120976537994164,-0.07442272283783265,258330590.0,1.592461039941108,0.6364850022535504,0.592461039941108,0.0,0.0
2025-03-04,110.61376362073892,119.27092350243323,110.07393955565604,115.95201110839844,398163300,0.01692097951345506,-0.08402430513932113,-0.005743154241134474,127.66617126464844,129.4640800476074,132.83927444458007,127.93364700168716,131.41308957213457,0.03848188560077354,35.455956353730215,-3.4040874468786058,-1.5047280820317641,129.4640800476074,145.1016510400648,113.82650905515001,-1.0837275597090053,0.7347772862018607,-0.011836893452684794,-0.02924731366548461,-0.03498002811943002,28.612338978960537,-3.87688799229727,0.00912043805459788,-0.03362358474067792,-0.05477699147383652,0.029236873878295544,-0.06825878826927212,-0.0312663019549377,259676970.0,1.5333023178759364,0.46691672619734015,0.5333023178759364,0.0,0.0
2025-03-05,117.54148848655969,118.2412561507128,114.47249437052442,117.26158142089844,284337900,0.011294071573072939,-0.10648992389964218,-0.011377923324447092,125.47388916015625,129.39660263061523,132.6071501159668,126.91725980351681,130.85812846816452,0.03837226088605161,37.95264876551146,-3.8174592590083876,-1.967274317427089,129.39660263061523,145.2416291114971,113.55157614973336,-1.071435764290817,0.7415198614740911,0.010747915551218012,-0.01930905697556462,-0.031107721042489267,35.65583704013473,-4.392714816760304,0.009358970024025613,-0.023196032084915472,-0.08718086692407756,0.019729797718042175,-0.08791789430096986,-0.05178965450233508,261066365.0,1.0891403034626848,-0.1184791498348493,0.08914030346268467,0.0,0.0
2025-03-06,113.49281250827369,115.31221606989396,110.18389912538346,110.53378295898438,321181900,-0.05737427706833764,-0.07973369739447833,-0.11423533282898313,122.52085571289062,128.6838363647461,132.20508224487304,125.35692867546611,130.0610953109418,0.03838031275786914,29.40688939607584,-4.634512729758399,-2.5007219998933508,128.6838363647461,146.55456722247217,110.81310550702003,-0.9338296676930516,0.03402624610793077,-0.017751313392863732,-0.021092149282042283,-0.052149987051635316,25.234251112402305,-5.560634944184585,0.00992623754285854,-0.04016818386290766,-0.05864154811243605,-0.06208534577734781,-0.13432991793286164,-0.08501893727421517,264013920.0,1.2165339615426338,-0.27527202523242467,0.21653396154263382,0.0,0.0
2025-03-07,111.21356818629886,113.44284126847424,107.52477413573756,112.6530990600586,341755500,0.01917346936239972,-0.09790256700344468,-0.12426173528194528,120.34757003784179,127.88459815979004,131.76502685546876,124.1470401406654,129.3784287912993,0.037887077878127846,27.671575885308272,-5.052777124935432,-3.011133024901767,127.88459815979004,147.14011626119964,108.62908005838045,-0.9545080417935139,0.10181551434662753,0.005604971721603569,-0.03073142594529199,-0.050138568570379016,28.324015903991324,-6.159894306807246,0.01000624390035397,-0.0342953663456985,-0.0671711410581527,-0.07412316671156627,-0.13763659494945868,-0.09297696757305922,268527515.0,1.2727019799069752,-0.12165685619640232,0.27270197990697526,0.0,0.0
2025-03-10,109.86400325750408,111.81336147496827,105.42545516002184,106.94496154785156,366487400,-0.05067004423166255,-0.06207254180697119,-0.17606272261164113,118.01833267211914,126.74197349548339,131.11144104003907,122.50874694134978,128.49868497783078,0.03898430351510285,24.568571832324025,-5.778245644923288,-3.564555548906071,126.74197349548339,148.1152410128114,105.3687059781554,-0.7122629167976031,-0.48484715207085916,-0.026635663385389252,-0.039724633519829355,-0.06689752668241011,22.171315924270402,-7.765408294281201,0.011296529289845378,-0.05894105661070693,-0.022347908287141838,-0.10916519592923102,-0.1766939852595648,-0.10273569649197922,275442570.0,1.3305401557936378,-0.10912987315420675,0.3305401557936379,0.0,0.0
2025-03-11,106.95494843650206,112.2032285608424,104.73567447790636,108.72437286376952,354865700,0.01663857081403286,-0.06233301324866303,-0.18574529847410115,116.23191757202149,125.5018798828125,130.48244705200196,121.19594941015167,127.72322175767152,0.038460461076841146,26.687071313516682,-6.1388363673485316,-4.079411712594563,125.5018798828125,148.06281318035914,102.94094658526586,-0.7270006848748972,-0.42561555856540806,-0.008312627979411458,-0.036299829156564156,-0.08089596784984032,19.8966796877086,-9.301208982324624,0.011082547549528615,-0.06533967710732068,-0.02603318409209887,-0.10484933062426083,-0.1488921915386514,-0.09325823541833704,282336400.0,1.2568896536188745,-0.1087433221494799,0.2568896536188745,0.0,0.0
2025-03-12,114.09312447156262,116.7325020716217,112.85341103244578,115.71273803710938,323857500,0.06427597593132317,-0.013208447003879686,-0.1283837362049789,114.67949142456055,124.64969100952149,129.9990184020996,120.67373880319526,127.25222239608087,0.04185719384219449,32.95611028906782,-5.79391579283012,-4.422312528641674,124.64969100952149,147.3440105911495,101.95537142789347,-0.5233979955336833,-0.46397547924346655,0.005306329122947595,-0.04148812357686349,-0.07672108246743525,22.915196091607257,-10.166520485622755,0.011234140224150488,-0.05903628663632572,0.028279676572983803,-0.05166265373754364,-0.1021704413166925,-0.04185113949375078,289584155.0,1.1183536613044316,0.13898815458649727,0.11835366130443152,0.0,0.0
2025-03-13,117.0024278677365,117.73225924433854,113.76319330991836,115.55277252197266,299033100,-0.0013824365221175583,0.04540683787915478,-0.11857073719652833,114.22370376586915,123.87247734069824,129.570771484375,120.1860277287931,126.79342044023349,0.041840105858909384,35.71492144338583,-5.470412126904023,-4.631932448294144,123.87247734069824,146.70139247831506,101.04356220308142,-0.5680305660002997,-0.42314367482573867,-0.01333052945633073,-0.03717417135270318,-0.08608470766925624,23.659133139105634,-11.314420045528664,0.011426683752682657,-0.0702150541286374,0.08258100923185796,-0.03248602952727209,-0.0830749847589024,-0.01099333501810551,296521880.0,1.0084689197303078,-0.06896029944402227,0.008468919730307929,0.0,0.0
2025-03-14,118.5820578648422,121.85128414551468,118.12216714928688,121.6413345336914,277593500,0.052690747948613614,0.07978684606662201,-0.10058978096589821,113.89992904663086,123.1922607421875,129.2546992492676,120.32462837687865,126.59137785566321,0.043068523189007155,43.66627963585157,-4.668916705350128,-4.6393292997053415,123.1922607421875,145.39648824046634,100.98803324390866,-0.4957941209293623,-0.508743869729927,0.020655943292980483,-0.02276347870233919,-0.07695206669581944,32.92983147833509,-11.1892124955682,0.012312508225506098,-0.05019557421424356,0.1025503247689612,-0.02363771427007877,-0.07178333447156404,0.0023764253424394624,300530055.0,0.9236796632536469,-0.18774240648650864,-0.07632033674635304,0.0,0.0
2025-03-17,122.711081524258,122.86104771124882,118.00219206936818,119.50183868408205,255501500,-0.017588559495923417,0.11741438731185116,-0.13906377845223528,114.44784927368164,122.22712669372558,128.95981567382813,120.24626745375517,126.31335671167963,0.04253682250119573,44.659595224937576,-4.158429457601812,-4.543149331284636,122.22712669372558,143.21899768331267,101.23525570413848,-0.36617944131410823,-0.48861075606278676,0.007711215109664327,0.011720036663222633,-0.0697885236261856,36.73756817972682,-10.62234659220428,0.012560807983498085,-0.04225949798080804,0.10569435064862853,-0.06927525482604968,-0.07753013123640873,-0.013703678471276626,303531150.0,0.8417636871866364,-0.30283687788447844,-0.15823631281336364,0.0,0.0
2025-03-18,117.9722034382706,118.99195980676367,114.51301940530756,115.4028091430664,299686900,-0.03430097466409643,0.061425383319202,-0.17187502395232268,114.39292907714844,121.02955017089843,128.5025782775879,119.78498570988005,125.88549210114579,0.0428964914713702,37.967987037306365,-4.038073663263475,-4.442134197680404,121.02955017089843,140.59146092599758,101.4676394157993,-0.22492530246530915,-0.643267820255595,-0.010808446655089399,0.009173800991272074,-0.08253621778079223,34.47572966542097,-10.539179997795031,0.012564102192745352,-0.051854815609704036,0.052251582327929924,-0.08933880617153045,-0.1249477169892309,-0.054011646944277146,307556665.0,0.9744119835608179,-0.1554920636173065,-0.02558801643918203,0.0,0.0
2025-03-19,117.24236846895433,120.4216195833343,115.65274672556286,117.4923095703125,273426200,0.018106148739028605,0.015379218946771633,-0.15585146403768024,114.41600189208984,119.94494552612305,127.96397079467773,119.5666356013498,125.55634768817194,0.043284960558847146,47.693637688733425,-3.7310760847478264,-4.2999225750938885,119.94494552612305,137.57900788975587,102.31088316249021,-0.2800499897941328,-0.7088008110591728,0.010890895685803592,0.014779851706224978,-0.07472309616267991,41.43243690746645,-9.873477528687204,0.012938701501809226,-0.040723895552458096,0.0005993672405466555,-0.08112836787500033,-0.14453995047674106,-0.07502298370373157,312851175.0,0.8739816943311784,-0.15572064874211655,-0.1260183056688216,0.0,-1.0
2025-03-20,116.52253841801044,120.17167220516042,116.4425554391302,118.50206756591795,248829700,0.008594247566485747,0.025523360275794937,-0.15394413830684506,115.2128303527832,118.86684303283691,127.34639129638671,119.4652481694039,125.27970925200512,0.043326222152563605,43.984485775657085,-3.3674810354380043,-4.113434267162711,118.86684303283691,133.74257712200315,103.99110894367067,-0.28689332656158045,-0.7152731094249829,-0.002891692811274549,0.025516092584153993,-0.07354441382131238,35.22507026054605,-9.368350355047369,0.012939930583339867,-0.04253032747916978,7.267691640944207e-06,-0.08039972448553268,-0.15654152288356826,-0.07897799322582,318097480.0,0.782243543708677,-0.1678857624791369,-0.21775645629132304,0.0,-1.0
2025-03-21,116.91244866461768,117.9621966837067,115.39280254041712,117.6722640991211,266498500,-0.0070024387239933095,-0.03262929044461438,-0.12437082141967437,115.71474685668946,118.03115844726562,126.89795486450195,119.29448778175792,124.98137806953908,0.042620048401878274,54.245916707813905,-3.110432415404844,-3.9128338968111382,118.03115844726562,130.99046512280222,105.07185177172903,-0.40516172379935095,-0.48374651545105407,0.000329920251935123,0.005093281289315188,-0.05711141900168315,39.585507438255256,-8.851163619739623,0.01257377547542968,-0.041469393177474764,-0.037722571733929566,-0.06725940241799122,-0.12105371086667027,-0.07534522833953035,320011525.0,0.8327778194863451,-0.03996851511292587,-0.16722218051365495,0.0,-1.0
2025-03-24,119.8517551027078,122.19120779583362,119.31188140429414,121.38140106201172,228452500,0.03152091099195853,0.01572831346050263,-0.06799842863124783,117.15839080810547,117.5883617401123,126.52430053710937,119.49324142749639,124.84020250061644,0.04296578753006732,56.06529341716975,-2.577708953491239,-3.645808908147159,117.5883617401123,129.3405775332725,105.83614594695212,-0.5880845425255976,-0.3809787990075272,0.01790833431211336,0.015263909387140062,-0.03583845726273249,49.41551839614515,-7.548530376414078,0.013391231702210557,-0.023851051233582065,0.0004644040733625676,-0.03215997136851534,-0.11017516166766872,-0.047290242987607166,318865095.0,0.7164550262235507,-0.10586630606865322,-0.28354497377644927,0.0,-1.0
2025-03-25,120.5216012824151,121.26142480153008,118.89198043130344,120.66156768798828,167447200,-0.005930343262850357,0.045568722147851126,-0.04682064373458128,118.35211029052735,117.29201393127441,126.22022201538086,119.60451059516228,124.67633446874868,0.042560626435941544,53.84891493720066,-2.188380026518189,-3.354323131821365,117.29201393127441,128.3681093128663,106.21591854968253,-0.6791531691882461,-0.18661709002143878,0.0024039896226795143,0.028824588976989807,-0.028690045330673875,46.55868651215452,-6.333081347572602,0.013399021654343687,-0.02139494240993723,0.01674413317086132,-0.018130598403907405,-0.10622132805789031,-0.03586926443031213,313666020.0,0.533839145215666,-0.4412595278605772,-0.466160854784334,0.0,-1.0
2025-03-26,118.70203035263673,118.81199741904776,112.68344440410922,113.7332000732422,293463300,-0.05741983754646507,-0.03199451530758002,-0.13337549245716762,118.15415649414062,116.41682395935058,125.8311589050293,119.04533816450322,124.2471919434347,0.04330836973265099,53.60549028382011,-2.41110173076099,-3.16567885160929,116.41682395935058,125.42691018807838,107.40673773062278,-0.44681506554629247,-0.5930094169177126,-0.01193834026356333,0.0055903513431332374,-0.04077034596101092,48.527402720987205,-5.850460549514082,0.013594890733967932,-0.032714124749119756,-0.037584866650713256,-0.0926051464961567,-0.1269853891185564,-0.08572513408847544,312211495.0,0.9399503371904997,0.07328156555589782,-0.06004966280950034,0.0,-1.0
2025-03-27,111.32376457585453,114.42303269482778,110.63393232562052,111.40374755859376,236902100,-0.02048172840602669,-0.05990038953012933,-0.0724906710178519,117.73925399780273,115.98147888183594,125.42489700317383,118.31756763060707,123.74352745775467,0.039378089236373405,48.598716234084,-2.7439471215128037,-3.081332505589993,115.98147888183594,125.08103283061976,106.88192493305212,-0.405659016174044,-0.2629293235718136,-0.0026558606726869716,0.005828189621473134,-0.02779953043886707,45.547614604668425,-5.52476512254168,0.013194894886031214,-0.03484424826862776,-0.06572857915160246,-0.04469114057898482,-0.13119416579512966,-0.08053796184190565,301897810.0,0.7847095677838802,-0.047934792349948574,-0.21529043221611976,0.0,-1.0
2025-03-28,111.46372827094804,112.84340799305504,109.04430030890693,109.64415740966795,229872500,-0.01579471236369623,-0.0682242901580501,-0.12199740825949135,116.53953628540039,115.21973266601563,124.89387237548829,117.49152856194621,123.19061098528068,0.038146185266127716,53.32165614441076,-3.113819537867826,-3.0878299120455597,115.21973266601563,123.71366983429726,106.725795497734,-0.28760274939129393,-0.0783465272201435,-0.02013817945562557,-0.014752412095071055,-0.06201569533480378,47.86931078854421,-6.107299204357787,0.013201577648892794,-0.053141628093437775,-0.05347187806297904,-0.05998171292468757,-0.13514909322134216,-0.08286756140300293,293936880.0,0.7820471524362645,-0.1374341694230924,-0.21795284756373545,0.0,-1.0
2025-03-31,105.10522740758996,110.9338556226425,103.6255803841977,108.35446166992188,299212700,-0.011762557807137308,-0.10732236799140749,-0.04971096022629373,115.42479858398437,114.936323928833,124.39043670654297,116.62133171508675,122.6088012082078,0.03309873034232704,49.539230093589964,-3.4710022075517486,-3.1644643711467975,114.936323928833,123.96015899993768,105.91248885772833,0.041082500244674545,-0.1733658251226789,0.006712994647558368,-0.0255885365558588,-0.038880315477951344,53.4209509300949,-6.199912941610592,0.012918737335299814,-0.04579431680061298,-0.08173383143554869,-0.010830644748342388,-0.1368505230743554,-0.0764716664194155,288328445.0,1.0377495012675562,0.30973703505105,0.03774950126755617,0.0,-1.0
2025-04-01,108.49443304563393,110.17403760023085,106.4449205320371,110.12405395507812,222614000,0.01633151286881862,-0.08733115220381105,-0.050261803116739445,114.89692306518555,114.64492607116699,123.83961975097657,116.0025433569907,122.11920327671253,0.03308122979622638,41.99828367553151,-3.57012654187794,-3.2455968052930264,114.64492607116699,123.90398893984802,105.38586320248596,0.0431237857633061,-0.1669774331607613,0.002824358079869027,-0.025179907053386352,-0.024620303791315967,52.56099786132208,-6.077214359995537,0.012740014555839854,-0.04196130102539738,-0.062151245150424694,-0.025641499325423478,-0.14161726542758368,-0.07647000330114395,279550980.0,0.7963270241442187,0.3294578828430694,-0.20367297585578129,0.0,-1.0
2025-04-02,107.26472214391916,111.95361956622256,106.76483994973236,110.39398193359376,220601200,0.0024511264235309582,-0.02936010010707546,-0.05856649214591547,114.18709030151368,114.30154609680176,123.23182189941406,115.46839465000052,121.6593906750216,0.03295227873579428,42.636977595299165,-3.5855701383843694,-3.3135914719112955,114.30154609680176,123.66085454443241,104.9422376491711,0.08462333250983038,-0.1116728731392406,0.00632832407041195,-0.007158044502196814,-0.028885244366102403,60.561511729707746,-5.631845685111898,0.012559496472067791,-0.034687758304917576,-0.022202055604878645,-0.02968124777981307,-0.15478621675266524,-0.06888984004578565,276364145.0,0.7982265572113199,-0.24828351620117406,-0.20177344278868012,0.0,-1.0
2025-04-03,103.48562015563714,105.60511590388695,101.57606639857327,101.7760238647461,338769400,-0.0780654698553378,-0.08642190146057593,-0.07923151510600168,112.51448593139648,113.86365814208985,122.32690567016601,114.16435933711915,120.87965080010883,0.035025481891387274,23.556034727877872,-4.244281062639246,-3.4997293900568858,113.86365814208985,124.67244462970326,103.05487165447643,-0.193449418624037,0.24066436110314976,-0.049280806450378245,-0.05357251721582246,-0.060057346058161265,35.85237106914835,-7.412836635150256,0.016178698638134238,-0.0801223725482554,-0.03284938424475348,-0.019174169047840417,-0.19541210960917932,-0.08247855430059108,277243520.0,1.221919992936174,0.4299974546447667,0.22191999293617395,0.0,-1.0
2025-04-04,98.88670323249266,100.1064094274434,92.08830207120737,94.28778076171876,532273800,-0.07357570888187503,-0.14005649740708515,-0.1630254156483414,110.17603759765625,112.94539222717285,121.26922561645507,112.27135185374769,119.8368323672308,0.03788457853489403,20.619758771499406,-5.309349970913601,-3.861653506228229,112.94539222717285,126.86113217157157,99.02965228277412,-0.12489362534286731,-0.14200522911336866,-0.058542901454432195,-0.09066681317294378,-0.12001659830268974,23.471531654101724,-11.201752922524406,0.02023918988952857,-0.13091685980478587,-0.04938968423414136,-0.04300881734565165,-0.19049552042631934,-0.09429800733537079,286769435.0,1.8561036673939815,1.3155175151442648,0.8561036673939815,0.0,-1.0
2025-04-07,87.43938789235719,101.72602116602216,86.59958951154498,97.6169891357422,611041300,0.035309011911489385,-0.09909580435080778,-0.08722217743690186,107.79959640502929,112.47899360656739,120.37009963989257,110.87569826155669,118.96546596599595,0.03768556844757585,28.896782994583972,-5.817722379515118,-4.2528672808856065,112.47899360656739,127.79621031114097,97.1617769019938,-0.33518054908867845,0.022948351286138004,-0.001781254190373338,-0.09833940944076347,-0.09754662819193272,24.602142312872218,-14.113605488168105,0.01967172418650588,-0.12941720230357004,-0.0007563949100443113,0.010324450755030856,-0.1474295961311911,-0.045953846762068186,298997130.0,2.0436360041315447,1.0421636514760237,1.0436360041315447,1.0,-1.0
2025-04-08,103.78553826456236,105.82505852328022,94.43774279946976,96.27731323242188,476243400,-0.013723798645924545,-0.12573765880708154,-0.11448269880520423,105.36117095947266,111.856640625,119.92802169799805,109.48537587782957,118.07573448624794,0.037426617644438755,24.371984149842206,-6.256589753134293,-4.653611775335344,111.856640625,128.74688795939562,94.96639329060437,-0.21758813098540614,0.05923198698099729,-0.015662775875482926,-0.11496158259165024,-0.10423539517560665,18.659875159930664,-16.857188914443896,0.019806432850120764,-0.14005189737929538,-0.010776076215431307,-0.010247303629597582,-0.017546152907350954,-0.012856510917459948,305066015.0,1.5611158784763357,1.1393236723656193,0.5611158784763357,0.0,-1.0
2025-04-09,98.8667046992448,115.072885329754,97.50702445286696,114.30307006835938,612918300,0.18722746024727277,0.03541033728738108,-0.012182478719827028,105.41815795898438,111.7861572265625,119.63512802124023,109.94420389597526,117.92778686201702,0.05530106042158823,46.40535211638154,-5.091179432127134,-4.741125306693703,111.7861572265625,128.62032256726852,94.95199188585647,1.914493748832165,6.511830546715512,0.10501934995636097,-0.0281655069240081,-0.015387456875433636,45.27308245325754,-14.702438666952617,0.0316343561705388,-0.04795689296062641,0.06357584421138918,0.003204978155606608,-0.023830649644880797,0.014316724240704995,319519055.0,1.9182527314372535,1.7783996641904034,0.9182527314372534,0.0,-1.0
2025-04-10,109.34423379452804,110.83388059600858,99.1266405350102,107.5446548461914,437812400,-0.05912715396118473,0.056679665429958836,-0.06930268743018253,105.03224868774414,111.38575134277343,119.31283157348633,109.71567541504348,117.52060521433759,0.05690301627545246,42.128987154541036,-4.659222367213246,-4.724744718797612,111.38575134277343,128.22364586757857,94.5478568179683,1.858426882592892,5.960241009706223,-0.04381899412347667,-0.022582388743578208,-0.04581236169724889,39.314401017901346,-14.742679139282359,0.03299984032429713,-0.08728519057249363,0.07926205417353704,-0.023490325732933637,-0.004608701965733597,0.017054342158289937,326458020.0,1.341098619663257,0.29236111644085927,0.34109861966325716,0.0,-1.0
2025-04-11,108.4744417347206,111.52372632761112,107.45468536211308,110.90386962890624,313417300,0.031235534555567934,0.17622738315560893,-0.0882715151551644,105.15821990966796,110.84887809753418,119.03872528076172,109.8288367687447,117.26112538745794,0.05601041460228585,41.81250090748858,-3.9997263665403437,-4.5797410483461585,110.84887809753418,126.97982483717553,94.71793135789284,1.9700868905307496,6.706653864737584,0.01784282319934194,0.056721015140171804,-0.048442282618250676,39.06984984923979,-13.867995487810845,0.0329047818765518,-0.06875456271356783,0.11950636801543713,-0.03982923253691373,0.004871704811939548,0.02818294676348765,328249210.0,0.9548150930812598,-0.4111727836312815,-0.045184906918740185,0.0,-1.0
2025-04-14,114.08312248391158,114.26308039077928,109.04430871921362,110.68392181396484,264705000,-0.0019832294010782014,0.13385920620899605,-0.07378896397927781,105.39116592407227,110.40798225402833,118.8517903137207,109.91027343971804,117.00319583555624,0.055908023027626444,42.14173537415066,-3.454991988099181,-4.354791236296763,110.40798225402833,126.0166913862179,94.79927312183875,1.9354044157798096,6.646531543987146,0.009701320140789838,0.06887654483202077,-0.04656307380090963,40.30517594547459,-12.616132157113839,0.032938614167596365,-0.057718712560409786,0.06498266137697528,-0.027225890178368184,0.023619555761357547,0.020458775653321548,328709385.0,0.8052857997954637,-0.5667968760867719,-0.1947142002045363,0.0,-1.0
2025-04-15,110.94385517244878,113.5932323217664,110.47396469045395,112.1735610961914,228966900,0.013458497474730935,0.16510896835472133,-0.027982404162030905,105.59611663818359,110.24651985168457,118.76282577514648,110.12582464509646,116.81379839479685,0.05549304238480781,48.65655648544464,-2.8700010424409044,-4.057833197525592,110.24651985168457,125.70375201708849,94.78928768628064,1.8480752084941232,6.539051303717832,-0.0028008096342629907,0.08284315474854487,-0.03884487523619473,41.49180892326608,-11.6106424256551,0.03287294832600175,-0.0584367916831417,0.08226581360617646,0.010862471074163826,0.05979296289455838,0.05097374919163289,325173385.0,0.7041378863156343,-0.5192229435620526,-0.29586211368436566,0.0,-1.0
2025-04-16,104.52537649088836,106.7648467272822,100.4263361362673,104.46538543701172,397016900,-0.06871651023515024,-0.08606667017311254,-0.11087469623281943,105.0032569885254,109.59517364501953,118.47991088867188,109.58673519670744,116.32954690625625,0.05736393649027255,44.53026596205868,-2.9938654419600823,-3.84503964641249,109.59517364501953,124.86353538374951,94.32681190628955,1.8236162756527738,6.069653442482315,-0.02222803272207108,-0.041850550658921626,-0.07033435436966606,39.241568697759526,-11.633023792079484,0.0330507985639514,-0.07696313729104608,-0.04421611951419091,-0.04054034186315336,0.004602300355057598,-0.02671805367409556,331352920.0,1.1981693114398992,-0.35225151541404454,0.1981693114398992,0.0,-1.0
2025-04-17,104.42538906519316,104.44538862475022,100.02643178468183,101.4660873413086,292517500,-0.028710927386675578,-0.05652133537995241,-0.14376103788343542,104.97226333618164,108.74337463378906,118.0134504699707,108.81334016285993,115.74666613900341,0.05752638860578209,43.67656243265816,-3.296052321674125,-3.7352421814648173,108.74337463378906,123.81912502678612,93.667624240792,1.9112332636028155,6.26124811819446,0.0014268092873082061,0.0034883980930435765,-0.06630794819825003,41.95678050885029,-11.458836696428648,0.033066563762973566,-0.07317245426667814,-0.060009733472995985,-0.07745308968518538,-0.06074265776929055,-0.06606849364249064,333537310.0,0.8770158277045528,-0.33186565752820163,-0.12298417229544725,0.0,-1.0
2025-04-21,98.74673137333838,99.41657935183264,95.01761424618036,96.88717651367188,288501100,-0.04512749971558783,-0.1263859697784704,-0.17663540125259192,105.23220291137696,107.7041202545166,117.37843673706055,107.67751505341346,115.00707831055904,0.05818100330325247,41.56246048537999,-3.860515814006007,-3.7602969079730553,107.7041202545166,123.05143313822349,92.3568073708097,1.9392352269609268,6.147090776789022,-0.02380270230206527,-0.037569809245679764,-0.08883295461026153,38.063228156422895,-12.179994420331695,0.03338064563294307,-0.0923370394775881,-0.08881616053279062,-0.08780244664233039,-0.09691109245554208,-0.09117656654355437,334637440.0,0.8621303701104096,-0.07949848333196663,-0.13786962988959037,0.0,-1.0
2025-04-22,98.75672452641882,99.78648062043172,97.2570779520085,98.86669921875,241004800,0.020431214700521227,-0.10676548500943961,-0.18548724636782976,105.35717391967773,106.57838516235351,116.75982162475586,106.83838973582647,114.374122267743,0.0578348995035551,41.74243578270388,-4.100854165553173,-3.828408359489079,106.57838516235351,120.97503295116123,92.1817373735458,1.9944064974333198,6.463091332884965,0.026017879051356108,-0.02201714174737357,-0.08157380398693426,41.670796654826695,-11.551730539526488,0.03370999019900996,-0.0663561836225343,-0.08474834326206604,-0.1039134423808955,-0.11856409217090169,-0.10240862593795441,335265055.0,0.7188485540194459,-0.08953438733684671,-0.2811514459805541,0.0,-1.0
2025-04-23,104.4953697335839,104.77531016741209,101.99595878138034,102.68579864501952,247526000,0.03862877446550006,-0.08458109342749598,-0.14897675695256385,105.9980224609375,105.67959671020508,116.1430126953125,106.44290487003533,113.91575663547934,0.05879741835104418,44.62567721605618,-3.937762558936967,-3.850279199378657,105.67959671020508,118.53638895151056,92.82280446889959,1.8021766205461742,5.5051174950858535,0.015495236846295724,-0.004073665654881764,-0.06957929427515808,42.97234840680001,-10.283516683120979,0.033961295918878094,-0.049613297370048215,-0.08050742777261422,-0.07939746267740577,-0.11884317803623579,-0.09291602282875193,339268995.0,0.7295862682648027,0.081055820732167,-0.27041373173519734,0.0,-1.0
2025-04-24,103.4556132191724,106.51488953927,103.08569768188364,106.40491485595705,220815000,0.03621840858242109,0.01856624001176721,-0.06443400179161285,105.20820693969726,105.31318244934081,115.61598068237305,106.43928677345646,113.62121382059613,0.05825251282150819,53.46400113798718,-3.4684278126080272,-3.7739089220245314,105.31318244934081,117.60902366384634,93.01734123483529,1.646850038010439,5.119586085912304,0.021049019601060648,0.040006915016119526,-0.038516331409632176,52.62218475412988,-8.283863609598257,0.03430689929469377,-0.02764774659041873,-0.021440675004352316,-0.025917670381980673,-0.10436965971724599,-0.050576001701192995,335636580.0,0.6578990883532421,-0.4438146083957635,-0.34210091164675793,0.0,-1.0
2025-04-25,106.8248323353286,111.8936379045766,105.70510100806126,110.98385620117188,251064700,0.04303317521952299,0.09380246256907188,-0.003769095444487114,105.55212707519532,105.29218788146973,115.21371688842774,106.87210290942934,113.5177880315991,0.05890743748995836,63.063215455446745,-2.695917487374686,-3.5583106350945624,105.29218788146973,117.54560304520552,93.03877271773393,1.4402742848797656,4.356761106253139,0.0072253777163768795,0.0460288740924073,-0.02899038247996677,63.91241162833739,-6.311249062854245,0.03435919563135057,-0.0188452617382567,0.047773588476664575,0.025221287035479656,-0.06879021168863841,0.001401554607835272,336344710.0,0.746450568525368,-0.1417104959532336,-0.2535494314746321,0.0,-1.0
2025-04-28,109.66416443154382,110.34400455936344,105.9950231207954,108.7043914794922,207708500,-0.020538705355019005,0.1219688238531007,-0.008571053418418573,105.33217926025391,105.24519958496094,114.68289138793945,107.04660658276866,113.32902738249686,0.0589897566175826,58.81980016057007,-2.241789290276003,-3.295006366130851,105.24519958496094,117.43539155875649,93.0550076111654,1.4460987622006958,4.342236156523411,0.0003814141653319947,0.07194298405661947,-0.008656165618161737,64.31346158294915,-4.677266266701054,0.03406021087810718,-0.0164713947832527,0.05002583979648123,8.511219974316475e-05,-0.1023953781539031,-0.017428142052559565,335236510.0,0.619587944045832,-0.2800426064233378,-0.380412055954168,0.0,-1.0
2025-04-29,107.64463563001284,110.17403844763396,107.41469407982768,108.99431610107422,170444300,0.002667092080053779,0.10243708915492467,0.005905196899981036,105.16321868896485,105.27719230651856,114.08668731689453,107.2321027273692,113.15903870479401,0.05891171042844525,60.28793372655062,-1.8373154989155012,-3.003468192687781,105.27719230651856,117.50504317379962,93.0493414392375,1.4116455364210914,4.297258648977186,0.006299227600181201,0.05134171529735765,-0.009063615818435844,68.31539997455931,-3.070111797257937,0.03405611152559508,-0.008379653866836267,0.05109537385756702,0.01496881271841688,-0.1266672537354646,-0.020201022386493572,328798090.0,0.518385918847643,-0.2927763264466102,-0.48161408115235704,0.0,-1.0
2025-04-30,104.44538450923936,108.8943328857422,104.0554770168086,108.8943328857422,235044600,-0.0009173250395855259,0.06046146908965788,-0.011166689067200086,104.83529586791992,105.21570625305176,113.47748718261718,107.39041036149996,112.991795339341,0.05881505353697584,43.83685066951752,-1.5074578789995314,-2.7042661299501316,105.21570625305176,117.35297055409359,93.07844195200994,1.4666237836201519,4.4531303632573165,0.00039692408336877705,0.03571043957855835,-0.0114622738166692,52.792983021381524,-1.7586053966925874,0.0340501586458291,-0.0060260017574019775,0.02475102951109953,0.0002955847494691133,-0.12817436828626128,-0.03437591800856421,329419620.0,0.7135112353052924,-0.050424601860006635,-0.28648876469470763,0.0,-1.0
2025-05-01,113.05335693358144,114.91291927434725,111.27377757314032,111.58370208740234,236121500,0.024697053835500915,0.048670564122493376,0.01077703814075881,105.54712753295898,105.27519226074219,112.92547317504882,107.78977147825256,112.93657599612771,0.059053639065514446,55.0728278690265,-1.0173068401409182,-2.3668742719882894,105.27519226074219,117.53040543811699,93.01997908336739,1.3899007563699683,4.194342005244497,0.007086914929300692,0.021547850624033416,-0.010717093874087258,69.73331836799306,-0.4010814135860983,0.034058043644462466,0.002910111937176432,0.02712271349845996,0.021494132014846068,-0.11219210438973592,-0.021191752958809967,330195635.0,0.7150957643640565,0.06931820754930595,-0.2849042356359435,0.0,0.0
2025-05-02,114.15310576985596,115.37281962529518,113.34329900218786,114.47303009033205,190194800,0.02589381736650509,0.03143857141560846,0.1247543944383156,106.84782180786132,105.91004257202148,112.41365142822265,108.4262722984506,112.99682909786122,0.05612683698749633,54.53621634734127,-0.39120442666879285,-1.9717403029243903,105.91004257202148,118.7055930365594,93.11449210748356,1.4842094122552285,4.889514000243204,0.014844239670051884,0.029275050737501696,0.056009035578106436,69.35144173050725,1.3208968992499877,0.03213872468535792,0.01932748019281729,0.0021635206781067673,0.06874535886020916,-0.11403935713666935,-0.014376825866117807,322766905.0,0.5892636359356608,-0.24244706643347314,-0.4107363640643392,0.0,0.0
2025-05-05,112.88340831442672,114.64298826396649,112.63346720059008,113.7931900024414,133163200,-0.005938866887284844,0.046813182555823785,0.20687101852589063,108.53842315673828,106.88531303405762,112.00179611206055,108.9374073178783,113.02805893725653,0.052943515232198035,53.90605559501689,0.04955756464337924,-1.5674807294108366,106.88531303405762,118.9005929976808,94.87003307043443,1.7628121293703152,6.123489664445271,-0.005734511693465172,0.02298248091414834,0.11524289427231915,64.71580563215403,2.3986440702661866,0.028793704527664894,0.014746182174224283,0.023830701641675445,0.09162812425357147,-0.09533872683694411,0.0067066996861009365,302811375.0,0.4397562674123454,-0.35889383438809674,-0.5602437325876546,0.0,0.0
2025-05-06,111.4537475013017,114.7129742117387,110.7938992837595,113.51325988769533,158525600,-0.0024599900463294633,0.04146036186355384,0.16284328058764874,110.00307922363281,107.68012657165528,111.66731460571289,109.37320280071802,113.04708642550904,0.052692563049282715,51.73577012970547,0.3719885450974658,-1.1795868745091762,107.68012657165528,119.20708632319571,96.15316682011485,1.900768352459261,6.631752187647428,-0.008358212160090583,0.008082038104934686,0.10789489998504909,62.309764082160704,2.844234813361595,0.028922689545498807,0.007593567065872019,0.033378323758619155,0.054948380602599656,-0.06691135397052161,0.007138450130232399,280185590.0,0.5657878408379247,-0.06992724309349152,-0.4342121591620754,0.0,0.0
2025-05-07,113.02337494499028,117.65228163619798,112.25355204144066,117.0324249267578,206758800,0.03100223747026698,0.07473384358352719,0.21557634916785906,111.43774185180663,108.71788215637207,111.47619262695312,110.10265252700754,113.20337420987174,0.05263484432760115,68.26504030709576,0.9010973386536847,-0.7634500318766041,108.71788215637207,119.64384259534006,97.79192171740408,1.77428680017339,6.288935458558425,0.004205436907619653,0.01191980817158833,0.13025704486257816,73.20519484615834,3.3462710364857458,0.028494909033985133,0.012974627353051441,0.06281403541193886,0.0853193043052809,-0.0226457682340353,0.04182919049439482,266711360.0,0.7752155738698194,-0.12034226695699457,-0.22478442613018057,0.0,0.0
2025-05-08,118.2221437727092,118.65204278244111,115.82270761670767,117.34235382080078,198428100,0.002648230985873745,0.051608358798561405,0.02658969484042517,112.53148574829102,108.86984634399414,111.19829971313476,110.79214788832118,113.36568713579054,0.032416881766792825,75.03153998589161,1.330096022148112,-0.3447408210716609,108.86984634399414,120.19995741218135,97.53973527580693,-0.817527179233641,-0.08025731710948575,0.006967790512363292,0.011800112090397441,0.029966071835076935,74.26849329465605,4.009841984075024,0.016611864368803717,0.021053830970142604,0.039808246708163963,-0.003376376994651764,-0.05914888797120377,-0.007572339419230523,245986850.0,0.8066614129982964,-0.15963561132721926,-0.19333858700170356,0.0,0.0
2025-05-09,117.32235248570746,118.20215005190204,115.18285724943864,116.62252044677734,132972200,-0.006134471915594353,0.01877726443293337,0.08441019791796212,113.09535217285156,109.32373962402343,111.12853713989257,111.347421465317,113.49340608916258,0.029176928321660613,85.4271123735768,1.5936257070475932,0.04293248455218995,109.32373962402343,121.14692532819612,97.50055391985074,-0.8929917486893455,0.689244266177976,-0.0012741154091596707,-0.004269894358238657,0.07579398656751368,87.20144695442399,4.427256419600553,0.012767475368542142,0.020451934861382,0.02304715879117203,0.008616211350448433,0.0034557684588228943,0.011706379533481118,230744840.0,0.576273774962855,-0.3008631150799076,-0.4237262250371449,0.0,0.0
2025-05-12,121.94127499373305,122.97103118896484,120.25167057965504,122.97103118896484,225023300,0.05443640488875179,0.08065369453415028,0.10880739869975997,114.52201614379882,109.92709770202637,111.09037612915039,112.45443191518822,113.86507766170385,0.030717674351673708,87.40302672279168,2.2883677620345395,0.4920195400486599,109.92709770202637,123.22895833759392,96.62523706645882,-0.6781771324043581,0.48152664215014107,0.03304739833427317,0.03456914392989674,0.09186423840370472,88.12586826207867,6.17472281791936,0.014040773856620432,0.054534001807601824,0.04608455060425354,0.01694316029605525,0.000601855621504499,0.021209855507271096,226325140.0,0.994247921375416,0.6898309743232365,-0.005752078624584083,0.0,0.0
2025-05-13,124.95056035306072,131.18908818741485,124.44067836400951,129.89938354492188,330430100,0.0563413373781545,0.1443542690381565,0.17360662159454354,116.61252288818359,110.88787078857422,111.40791107177735,114.11585587992477,114.49387397084966,0.03266383736397477,88.51158332876214,3.359292149613111,1.0654740619615501,110.88787078857422,126.91626879977207,94.85947277737637,-0.6428842366821992,0.24293539246068174,0.006603834423700716,0.050178885184700706,0.0885146994697712,87.38008471255978,7.777092506933855,0.013997367059747893,0.061312875445677574,0.09417538385345581,0.08509192212477235,0.13095915458489737,0.10340882018770851,229611395.0,1.4390840663635183,1.084395832597385,0.43908406636351827,0.0,0.0
2025-05-14,133.16861033831793,135.4080880073059,131.6489642323906,135.30810546875,281180800,0.0416377797663503,0.15615912046109992,0.20623883334434034,119.25390014648437,112.04459800720215,111.79503295898438,116.1341653645748,115.31011834331635,0.03348436516922929,89.03590035077475,4.59151793836763,1.7706828372427663,112.04459800720215,131.44755401328797,92.64164200111634,-0.6808556967985335,0.08147308001396601,0.0012779544649297314,0.047117379903939494,0.09296696409306304,85.10128087857292,9.003029933255107,0.013917298054715949,0.06219047061968429,0.10904174055716043,0.1132718692512773,0.14526715637506293,0.12252692206116689,232222090.0,1.210827100901555,0.359945985370393,0.21082710090155507,0.0,0.0
2025-05-15,134.25836692241,136.26790331471523,132.62876117393418,134.79824829101562,226632600,-0.0037681199952365185,0.1487603912980353,0.2903628099117421,121.5753547668457,113.56124114990234,112.14576629638673,117.91169707185487,116.0743587334222,0.02818277870357312,86.13474247529176,5.463939645425924,2.5093341988793982,113.56124114990234,135.09473937713182,92.02774292267289,-0.2625044612080914,-0.6668039537569908,0.004884447976478912,0.044950970811045154,0.12327366822227126,84.81988039591582,10.087278811030274,0.012410993709909838,0.06702575280171319,0.10380942048699016,0.16708914168947087,0.1338136954267648,0.13490408586774194,223702875.0,1.0130965013301685,0.14213964655207612,0.01309650133016842,0.0,0.0
2025-05-16,136.18791721457987,136.31789147723805,133.42857277146337,135.36810302734375,226542500,0.004227463958566213,0.16073724447690418,0.3341216417658499,123.66486206054688,115.2563419342041,112.64245269775391,119.57421192475857,116.83097615671323,0.026517833599894437,92.67204387512331,6.13065230490318,3.233597820084155,115.2563419342041,138.0797555307462,92.43292833766199,-0.2937810708733153,-0.26610324800969215,0.006334078244299102,0.05291130253665899,0.12877802056350274,85.70253344052144,11.116774587526947,0.012366290447309787,0.07288446542537694,0.1078259419402452,0.20534362120234717,0.1840317288171618,0.1657337639865847,220404125.0,1.0278505449932027,0.703683175881876,0.027850544993202827,0.0,0.0
2025-05-19,132.35879696756518,135.83797251007488,132.35879696756518,135.53805541992188,193154600,0.0012554832990736564,0.10219499754902239,0.39892667220822475,125.83934860229492,117.1888858795166,113.10015182495117,121.09457797191698,117.56458710821161,0.022758177041077014,92.64379589905586,6.596698000426883,3.906217856152701,117.1888858795166,140.00873472168863,94.36903703734457,0.25223097255273835,-1.1938293263529434,0.001093917986384696,0.02034340616721453,0.15756601028052963,85.00607855276805,11.84793737006487,0.01026777157801031,0.07325748900126235,0.08185159138180786,0.24136066192769512,0.16716905658878178,0.16346043663276158,215636800.0,0.895740430204863,-0.1416240007145927,-0.10425956979513701,0.0,0.0
2025-05-20,134.2583525069389,134.54829272140586,132.58874781513978,134.3483428955078,161514200,-0.00877770099864661,0.03424927223805807,0.3588836681828733,127.92285690307617,118.9629680633545,113.6482194519043,122.35684129797325,118.22277360967422,0.023464007734490987,89.50969860192845,6.791751628870514,4.483324610696264,118.9629680633545,141.29697903908607,96.62895708762292,0.3586772140463028,-1.2771995021809623,-0.0033623352652387695,0.01024120391137373,0.12441889056455313,82.10146559961254,12.128023808630246,0.00953856585663053,0.06833998171768452,0.02400806832668434,0.23446477761832019,0.19549145720878425,0.15132143438459625,211662270.0,0.7630750629292599,-0.5112000995066732,-0.2369249370707401,0.0,0.0
2025-05-21,133.02864907239967,137.36762292180558,130.55922977564506,131.76895141601562,270608700,-0.019199280198776703,-0.02615626048767461,0.28322468301128323,129.39650955200196,120.4171257019043,114.10911102294922,123.2532327377868,118.75399626874643,0.024046599309327725,81.43886844513268,6.661409121408241,4.91894151283866,120.4171257019043,142.06548140148948,98.76877000231912,0.5065399672999105,-1.045847196545098,-0.01685069102724135,-0.008049725760677418,0.08860348640096993,68.55318088340593,11.421368036004765,0.010521691704068798,0.04925590192050927,-0.018106534726997192,0.1946211966103133,0.16034004269868785,0.11228490152733465,212816405.0,1.2715593988160827,-0.03759893989916807,0.2715593988160828,0.0,0.0
2025-05-22,132.19884131725317,134.21836966107523,131.5190088530086,132.7987060546875,187344000,0.0078148503695743,-0.014833592139946172,0.2480504893449742,130.94214477539063,121.73681526184082,114.45083038330078,124.16232543463448,119.30476920152843,0.023422382371800957,80.29757929272014,6.56552109817477,5.248257429905882,121.73681526184082,143.00316409306595,100.4704664306157,0.691601460087999,-0.6641667587172998,0.0003946470773714683,-0.012481737065179077,0.06658258289185404,64.15812774877394,10.75570383704519,0.009779274135194672,0.04869222921979711,-0.002351855074767095,0.18146790645312016,0.10118234381331259,0.09343279839722189,211142855.0,0.8872855299792172,-0.17335811352823904,-0.11271447002078284,0.0,0.0
2025-05-23,129.96937433382988,132.6487356514494,129.12957588399638,131.25906372070312,198821300,-0.01159380523896325,-0.030354560747671955,0.18268609700117056,132.4057991027832,122.75057563781738,114.76495620727539,124.83820527140293,119.77356506502548,0.02271328084647978,78.07782847289907,6.292753929703338,5.457156729865374,122.75057563781738,143.79046982435236,101.7106814512824,0.9426201563794376,-0.043360994598979054,-0.006825781018315102,-0.02539554137771538,0.05170336965176503,63.356202018507375,9.797701863488783,0.00998300513252795,0.04043590184247575,-0.004959019369956574,0.13098272734940553,0.08254792458092819,0.06952387752012572,208530685.0,0.953439058621037,-0.12236644338258829,-0.04656094137896301,0.0,0.0
2025-05-27,134.1183754403962,135.6280293045703,133.27857708527512,135.4680633544922,192953600,0.03206635423474524,-0.0005164015760211749,0.2462059858920156,133.65550231933594,124.08875923156738,115.0414907836914,125.85057270788762,120.38903558618104,0.022193415377962794,81.33564415113894,6.343095817730813,5.634344547438462,124.08875923156738,144.76847697300036,103.4090414901344,0.8152267051794739,-0.42474830339221525,0.020790667721467315,-0.0062199777594774686,0.07315966665321794,74.60825232539631,9.885052756622486,0.010760301566730865,0.0609225515507828,0.005703576183456294,0.17304631923879765,0.06015379324818504,0.07963456289014632,207792940.0,0.9285859278953366,-0.001040617205078198,-0.07141407210466343,0.0,0.0
2025-05-28,135.9979578766118,137.2176717346689,134.75824445795843,134.7782440185547,304021100,-0.005092117794083917,0.0031998989625143803,0.23656213314435703,134.1433883666992,125.37795562744141,115.34701889038087,126.70082711842736,120.95331826980355,0.02241884953565391,77.5536245665985,6.255223152575198,5.758520268465809,125.37795562744141,145.2963326090352,105.4595786458476,0.8290650674674328,-0.4606802912548408,-0.005785518908830278,-0.008636213449167318,0.0602719865482384,69.89510649597315,9.57110275722141,0.010938061208708804,0.05394168253452693,0.011836112411681698,0.17629014659611864,0.08843003549139006,0.09218543149973013,214471780.0,1.417534278868763,0.8823180872022398,0.41753427886876304,0.0,0.0
2025-05-29,142.21648797143945,143.45620133736625,137.87751407348716,139.15721130371094,369241900,0.03249016424752793,0.05606980861803623,0.2779104992518038,134.5282989501953,126.89109954833984,115.82210693359374,127.8871494217877,121.66719642799599,0.0227338247817582,80.07173081708166,6.464411780655766,5.8996985709038015,126.89109954833984,146.12314107066737,107.6590580260123,0.6079690591502848,-0.839604747985281,0.0039473827948730555,0.012335633887833986,0.06403494485066763,69.16107714619127,9.399031452230929,0.010922615518203638,0.05693777511191551,0.04373417473020225,0.21387555440113615,0.15093015145999567,0.13617996019711134,221181645.0,1.6694057049806281,0.3644864337325444,0.669405704980628,0.0,0.0
2025-05-30,138.6873257641086,139.58710766728817,132.88868890141003,135.09817504882812,333170900,-0.029168709381678815,0.017315447284506513,0.21073393803520823,134.55829162597655,128.06682319641112,116.17422424316406,128.57391376722012,122.1939014719502,0.024355349873022066,73.32162004805895,6.230839730692281,5.965926802861498,128.06682319641112,146.20246649389486,109.9311798989274,0.5629406619177298,-0.6641009345626417,-0.0011183521919033712,0.010804575041399866,0.055365692158204416,69.22484320815968,9.105062595633626,0.0109216256141854,0.05485025005878112,0.006510872243106647,0.15536824587700382,0.10747025875133054,0.08978312562381367,226034115.0,1.4739850221281863,0.7783910880519258,0.4739850221281863,0.0,0.0
2025-06-02,135.45808684638126,138.08745689917103,135.36809645457458,137.34764099121094,197663100,0.016650601990513936,0.04638595688495273,0.1998253290126788,134.7562454223633,129.21055374145507,116.55113571166993,129.40950683617163,122.78816576682317,0.02412214538480671,70.24217287474968,6.156279541871712,6.003997350663541,129.21055374145507,146.60663543185458,111.81447205105555,0.627492299003753,-0.5084844791000422,0.005632901136813695,0.023484417792758006,0.04578655647724994,59.75511830985996,9.032823495268644,0.010573626705449136,0.05969529098565564,0.022901539092194723,0.15403877253542886,0.10774329057667043,0.094894534068098,226407530.0,0.8730411925787097,-0.005825331591735927,-0.12695880742129026,0.0,0.0
2025-06-03,138.74729436292043,141.9665367692297,137.91748812723765,141.1867218017578,225578800,0.027951559872750442,0.04221407101909369,0.24073085391778437,135.32111206054688,130.5802303314209,117.02142486572265,130.53114635670366,123.50967776819316,0.024176595541041686,67.40677464645512,6.333957868373631,6.069989454205559,130.5802303314209,147.159707777799,114.00075288504277,0.4305553634558109,-0.712143027446727,0.005702485631296383,0.008356419712035823,0.057816198649657924,59.37179440569728,9.139855230213016,0.010424820945933187,0.06451593666719314,0.03385765130705787,0.18291465526812645,0.14289551597954286,0.11988927418490906,231028310.0,0.9764119384329998,0.16908313708580724,-0.023588061567000166,0.0,0.0
2025-06-04,142.15650682982962,142.3564566649135,139.5071219355859,141.88656616210938,167120800,0.00495687095373043,0.05274087220320278,0.24995587566144484,136.07493438720704,131.9988956451416,117.43152816772461,131.61261490959944,124.23034005815066,0.024013722398019192,61.86874523364694,6.456810718528544,6.147353707070157,131.9988956451416,147.23026990126723,116.76752138901597,0.39747557786074794,-0.6740222986461734,-0.0002683402981673577,0.013952075957812893,0.06644592523589155,58.552145948398504,9.106938784837553,0.010118871247429176,0.06340039563639428,0.03878879624538989,0.1835099504255533,0.1308706886824207,0.11772314511778796,231458070.0,0.722034880874968,-0.4502986799271498,-0.277965119125032,0.0,0.0
2025-06-05,142.13651043477643,143.96608121416313,138.79730082341692,139.95703125,231397900,-0.013599137425771679,0.005747599702493611,0.1958825200587706,136.89374237060548,133.1451259613037,117.81743743896484,132.40732122773284,124.84707304606633,0.02417648593151115,58.85383055774444,6.325558050093861,6.182994575674899,133.1451259613037,147.0245686621252,119.26568326048222,0.6018005101277402,-0.4932124915568209,-0.004832872149647116,0.005084322646229156,0.05684742326519232,52.65527667703656,8.750222782900096,0.010275506170767506,0.0575971974838617,0.0006632770562644552,0.13903509679357828,0.12934720144812428,0.08968185843265568,232690025.0,0.9944470116413456,-0.3733162460706654,-0.005552988358654394,0.0,0.0
2025-06-06,142.4764068268356,143.23623746842864,141.47664251332282,141.6865997314453,153986200,0.012357853449719514,0.04876768083829375,0.2074634189443807,137.78253173828125,134.36233825683593,118.37650543212891,133.29106203761023,125.50744664157139,0.024134239647510162,60.429050573326464,6.288609906106842,6.204117641761288,134.36233825683593,146.57649714507585,122.14817936859602,0.5392288414994998,-0.529145058973763,0.010268979858962801,0.01654236569487999,0.060312135331989536,54.83172091290949,8.851334175950115,0.010371738235017795,0.06729470997587521,0.03222531514341376,0.14715128361239116,0.19205111149136278,0.1238092367490559,230467930.0,0.6681458891048312,-0.5378161778234534,-0.3318541108951688,0.0,0.0
2025-06-09,143.15627066728982,144.96584183837217,141.9065651342004,142.59640502929688,185114500,0.0064212515479658006,0.03821517428480492,0.22271757189790065,138.91626586914063,135.66103248596193,119.00035858154297,134.17728517967564,126.1776018724626,0.02386125999532332,61.372466848837426,6.2605739206908595,6.215408897547203,135.66103248596193,145.15339565535163,126.16866931657222,0.48729787650185125,-0.4722034371276705,0.0009012828881442836,0.01175941716303508,0.0626216791711951,54.73430821316006,8.872270878836503,0.010336088726221257,0.06701734561231434,0.02645575712176984,0.16009589272670555,0.22250887360289973,0.13635350781712505,233075045.0,0.7942270267501181,-0.06348478800544965,-0.2057729732498818,0.0,0.0
2025-06-10,142.65638139553192,144.25599524562207,141.4966510569608,143.92608642578125,155881900,0.009324789052088667,0.01940242388990243,0.17040643665592747,139.76206817626954,136.70878524780272,119.68599716186523,135.1057424412095,126.87362087455354,0.021490961929494908,65.36244317101381,6.273334283737569,6.226993974785277,136.70878524780272,144.83046280039676,128.5871076952087,0.5140324729854658,0.020406633366275136,0.005669767615193333,0.011726502099806746,0.034460276341715224,59.759657161981174,9.055720520521731,0.007614706772138265,0.07125933443209286,0.0076759217900956855,0.13594616031421225,0.22732525991378805,0.123649114006032,229617975.0,0.6788749879010997,-0.30896919391361244,-0.3211250120989004,0.0,0.0
2025-06-11,144.5859620448177,144.96590375929992,141.84641202362192,142.80625915527344,167694000,-0.007780571947151982,0.006481889145962372,0.09936056090588075,140.56486968994142,137.3541290283203,120.37503311157226,135.83912498540604,127.49843021889549,0.018491335063005862,68.57317897238026,6.122509779830665,6.206097135794355,137.3541290283203,145.24549252033196,129.46276553630864,0.3164360530202947,-0.32520024224949867,-0.0028520166647609813,0.00911182662407839,0.024742746966699203,70.95602064870998,8.960597317414795,0.007589215142254636,0.06661372609677471,-0.002629937478116018,0.07461781393918154,0.2429265550666857,0.10497147717591708,221481170.0,0.7571478875608252,0.003429854332913651,-0.24285211243917484,0.0,0.0
2025-06-12,141.94641106631286,144.9759063720703,141.82643588786814,144.9759063720703,162365000,0.015192942029507384,0.03586011418822732,0.07145027173226604,141.14673919677733,137.83751907348633,121.07207015991212,136.70929464127883,128.18382144058862,0.016572707454351087,69.7342748883981,6.107647513097305,6.186407211254945,137.83751907348633,146.36032616147503,129.31471198549764,0.0834912470994663,-0.3094752728798787,0.003974123438458488,0.01804222952452461,0.027502100239084726,72.31089852064734,8.97244043137755,0.007613642330314292,0.06922997330749102,0.01781788466370271,0.04394817149318131,0.24021753460374184,0.10066119692020863,215540380.0,0.7532927240826057,-0.2983298465543551,-0.24670727591739422,0.0,0.0
2025-06-13,142.4563055840922,143.556128789635,140.8265869783813,141.94639587402344,180820600,-0.02089664809731795,0.001833597129654807,0.05302849015942468,141.83156127929686,138.1949264526367,121.70311843872071,137.2080661872545,128.7235302418998,0.01739495399866331,66.52197068572569,5.784730113241551,6.106071791652266,138.1949264526367,146.78037980620576,129.60947309906766,0.07781952641145774,-0.5980425108926434,-0.011179963287322514,-0.0035717468886059534,0.01107611579291401,68.22914567860758,8.347118123699147,0.008059353421289682,0.056061097699267766,0.00540534401826076,0.04195237436651067,0.22828083785596553,0.09187951874691232,213249780.0,0.8479286590588745,0.1742649666009033,-0.15207134094112548,0.0,0.0
2025-06-16,143.32618096280035,146.1556971839991,143.1761967394354,144.66595458984375,183133700,0.019159054367494432,0.014513336154033274,0.06868569001533453,142.56339263916016,138.65981903076172,122.56091705322265,137.9183412732154,129.34872335358386,0.017778793653132795,64.905823645564,5.6827541549215255,6.021408264306118,138.65981903076172,147.6003631847039,129.71927487681955,-0.021064816554223494,-0.8014158464240321,0.009514299887150468,0.005002778520706963,0.014271323244920753,63.498047175785636,8.210042392315245,0.008208808019702436,0.06362595441913159,0.009510557633326311,0.05441436677041378,0.2984783569653171,0.12080109378968573,211079340.0,0.867605991187958,-0.010700404344338277,-0.13239400881204197,0.0,0.0
2025-06-17,144.46598768948277,145.1958620737219,143.75609899624828,144.09603881835938,139108000,-0.003939529332248171,0.0011808310557084312,0.06314081585369724,142.8543243408203,139.08771820068358,123.55708221435548,138.50669342037196,129.92704945024173,0.017850758078944803,65.15904744798485,5.492634363584614,5.915653484161817,139.08771820068358,148.21637106660106,129.9590653347661,0.023615773611354387,-0.8432097458387994,-0.008545236528975764,-0.009202797824151121,0.00450528848074816,61.02621662629061,7.602911650916212,0.008465921799454566,0.05111448058375984,0.010383628879859552,0.05863552737294908,0.34568586889159736,0.13823500838146865,208377010.0,0.667578443514474,-0.10760646361123394,-0.3324215564855259,0.0,0.0
2025-06-18,143.9860537050978,145.62578045463974,143.0962022725339,145.455810546875,161494100,0.009436565638210936,0.01855346822523174,0.08267662564328204,143.21124877929688,139.64309158325196,124.51385864257813,139.16851409908654,130.5360204736391,0.01767032315243847,61.36346740603396,5.389557806110105,5.810434348551475,139.64309158325196,148.90819952888967,130.37798363761425,-0.12676973477960668,-0.7352240838278995,-0.00015063576973428638,-0.006518621876814512,0.007742341667077213,58.753945274164295,7.033497691636626,0.008423976606817896,0.04752650691475921,0.02507209010204625,0.07493428397620483,0.3055628319157293,0.1351897353313268,208376005.0,0.7750129387498335,-0.0369715076269872,-0.2249870612501665,0.0,0.0
2025-06-20,145.42582047781178,146.17569581398777,142.6262828381709,143.8260955810547,242956200,-0.011204192941437152,-0.00793104743946016,0.09150216371512832,143.59815521240233,140.2459487915039,125.46483428955078,139.61209328784543,131.0571998896162,0.01719897442436386,67.25913700741577,5.117374605047729,5.6718223998507264,140.2459487915039,148.90288726470854,131.58901031829927,-0.11049364151333946,-0.6055685708712113,-0.002348536060589046,-0.012775201927906377,0.022607261442673332,57.737310710881474,6.3965614339629155,0.007423984311090307,0.04143053405577234,0.004844154488446217,0.06889490227245498,0.2933477423322961,0.1223622663643991,206993380.0,1.1737389862419754,0.49635820527823116,0.17373898624197548,0.0,0.0
2025-06-23,142.47632119978937,144.7559411184857,142.00639807778802,144.1460418701172,154308900,0.002224535733727162,0.015496314524575228,0.0854476384036209,143.84409942626954,140.81331558227538,126.06169372558594,140.04389791472843,131.57048781042013,0.017188158497473103,64.55423288652392,4.871330779923511,5.511724075865284,140.81331558227538,148.88260072438803,132.74403044016273,-0.057040100537899555,-0.6050121841914913,0.009877480504495662,0.008248270416366887,0.03230065029672091,60.120946286454355,6.288964791016383,0.00767224134694939,0.049761826770751874,0.00724804410820834,0.053146988106899995,0.16392583892547363,0.07477362371352732,205341625.0,0.7514740374729186,-0.14661880338855193,-0.2485259625270814,0.0,0.0
2025-06-24,145.53578955415,147.93539956519925,145.47580197371775,147.87539672851562,187566100,0.025872058712224533,0.02218519310760625,0.12659189039447383,144.37199859619142,141.644132232666,126.86830856323242,140.78975494461292,132.20989600328662,0.017410952025920492,64.38691920721263,4.920546053445747,5.393488471381377,141.644132232666,148.9577476277295,134.33051683760252,-0.25889300346461713,-0.5878540857506979,0.011047208993087754,0.00977925710465799,0.05087775274148165,62.79344310255618,6.657435415021041,0.007677791467755518,0.058258365242303496,0.012405936002948259,0.07571413765299218,0.21489771194953788,0.10100592853515944,204778865.0,0.9159446215311331,0.024203082228994477,-0.08405537846886689,0.0,1.0
2025-06-25,149.24520677628502,154.4243389252029,149.23519867353343,154.28436279296875,269146500,0.043340313576431866,0.07070509403421066,0.13889841614726683,145.40782623291017,142.58494720458984,127.73591842651368,142.07495569207538,133.07556136758788,0.01844685165218195,71.40887715760482,5.414286981677975,5.397648173440697,142.58494720458984,151.26646482355082,133.90342958562886,-0.001956055200838764,-0.2899507644614949,0.0005603646306042709,0.019053151903672516,0.030051175734405744,63.25764450145504,6.897150827068572,0.0063629992029710656,0.05609760486216505,0.05165194213053814,0.10884724041286109,0.2507359959101405,0.1370783928178466,208588510.0,1.290322750759378,0.9348024556459729,0.29032275075937786,0.0,1.0
2025-06-26,155.95406403411533,156.69394650127538,153.97439748110884,154.99423217773438,198145700,0.004601045575293838,0.06557607836357615,0.14999444685150065,146.62662353515626,143.59574661254882,128.62212463378907,143.30536297642385,133.93511708563284,0.01824740377661474,77.108574219048,5.796047523303628,5.477328043413283,143.59574661254882,153.1170577103118,134.07443551478585,-0.07494265439982217,-0.15404124817431622,0.007823779874487347,0.02718072960442952,0.04415102489098999,70.28205857723863,7.382090286439507,0.006269802416391522,0.061614638506120575,0.03839534875914663,0.10584342196051066,0.26203454644357005,0.13542443905440912,203294740.0,0.9746720451301396,0.2269531828097744,-0.02532795486986038,0.0,1.0
2025-06-27,156.01407794562124,158.68364793378802,155.23420870961348,157.7238006591797,263234500,0.017610774562986764,0.09662853616361167,0.13342168315623337,147.9014129638672,144.52407608032226,129.53312942504883,144.6785475176387,134.86800663753664,0.01744646356627052,77.90520953773108,6.246839193771677,5.631230273484962,144.52407608032226,155.6999748412021,133.3481773194424,-0.10975007182604977,0.16237545760258862,0.0049683317640052405,0.034714167786145556,0.04521285834038169,68.3919406386176,7.918367524313453,0.006289065694092379,0.06397661758721658,0.06191436837746611,0.08820882481585168,0.25890346432713507,0.1363422191734843,197994370.0,1.3295049753182375,0.08346483851821862,0.3295049753182376,0.0,1.0
2025-06-30,158.37368067249696,158.6336472456001,155.93409881773164,157.96376037597656,194580300,0.0015213919255940844,0.09585916010312534,0.16925162252476178,149.5031494140625,145.6673553466797,130.60309692382813,145.94380588509944,135.77372247041663,0.01537805470663989,77.3778643186221,6.547976586005177,5.814579535989006,145.6673553466797,157.44524847774701,133.88946221561238,0.2292350048735731,0.3250774778082471,0.004781306168960997,0.0294926593474667,0.05138616104558413,69.90791899425682,8.480853020011182,0.006261937741224838,0.0656070480172841,0.06636650075565864,0.11786546147917765,0.33326140266938475,0.17249778830140702,191064840.0,1.0183993036081365,0.2609791139720392,0.01839930360813638,0.0,1.0
2025-07-01,156.26402965591922,157.17388214393176,151.46483925954294,153.2745361328125,213143600,-0.02968544324345679,0.036511411118707926,0.11596045644949049,150.36400756835937,146.46370010375978,131.6392658996582,146.64197067059592,136.4600288885498,0.01736226281366348,64.87430185052455,6.33522045412937,5.918707719617079,146.46370010375978,158.02481819297992,134.90258201453963,0.0034157911285234563,0.2862396711833266,-0.0003236793082248557,0.017914321627589436,0.04515857417965252,67.4339008615398,8.809079826286165,0.006248089964406782,0.061863363499322664,0.01859708949111849,0.07080188226983797,0.3338048944230878,0.14106795539468142,191838865.0,1.111055364094236,0.1363652600336629,0.11105536409423607,0.0,1.0
2025-07-02,152.9545671877056,157.57380961936815,152.94457434216997,157.22386169433594,171224100,0.025766351418616162,0.019052474587535784,0.11358815962237645,151.67678985595703,147.26555709838868,132.84599960327148,147.64976981571402,137.2742968417179,0.017220787775390774,71.04493219932897,6.411380846266951,6.017242344947054,147.26555709838868,159.49113407674415,135.03998012003322,-0.009168776272919784,0.3441441323498052,0.0045332765158159205,0.021956140641692157,0.04394349422358923,71.74554901170025,9.187330660060638,0.006219287156231568,0.06272758132598388,-0.002903666054156373,0.06964466539878722,0.4117995798764491,0.15951352640702665,189121130.0,0.9053673695794859,-0.3638256488566636,-0.09463263042051409,0.0,1.0
2025-07-03,158.34368228178877,160.95324924613055,157.74379112425564,159.3135223388672,143716100,0.013290989179453039,0.027867425132180434,0.12282315830271795,153.06256103515625,148.13690490722655,134.05493606567381,148.76060338934766,138.13858019454727,0.017306706636914526,70.97716158099621,6.564683075610674,6.126730491079778,148.13690490722655,161.20347504486708,135.07033476958603,-0.08404061973143788,0.27573993335406954,0.007881385954874975,0.02201455451201939,0.05245363153794047,73.1489396264179,9.765787102611284,0.006317266335615526,0.06745960226751707,0.005852870620161044,0.07036952676477748,0.4218502620763527,0.1660242198204304,187950895.0,0.764647063798233,-0.2746948331455086,-0.23535293620176695,0.0,1.0
2025-07-07,158.17371270193448,159.28352889047815,157.31385497697042,158.21371459960938,140139000,-0.006903417381724064,0.003106150995488166,0.13044491717603068,154.5013229370117,149.04973907470702,135.16549438476562,149.66089969508687,138.9258403672948,0.016970113188510765,75.22483830378359,6.522246506003455,6.205833694064514,149.04973907470702,162.26025241746265,135.8392257319514,-0.09091555516276928,0.4897361812656172,-0.0074520170832973465,0.009383532326694866,0.049683716294760316,76.27691280384715,9.739087912378977,0.006503394704355842,0.05637307869720535,-0.0062773813312066995,0.08076120088127037,0.3780889345748033,0.150857584708289,183387950.0,0.7641668931900923,-0.4676267738461334,-0.23583310680990763,0.0,1.0
2025-07-08,159.3035323273478,160.19338386133896,158.36368604860908,159.97341918945312,138133000,0.011122326495506485,0.012722277620469846,0.12906527147005353,156.0840606689453,149.9640800476074,136.23686447143555,150.64304440883603,139.75123561522258,0.01694908038622646,74.46470722617318,6.5550461807887075,6.275676191409353,149.9640800476074,163.5547074384728,136.37345265674202,-0.08043517564530958,0.507503095012811,-0.0005477162177452977,0.004030101279046239,0.038445016540349375,72.55666165201393,9.580292044382986,0.0062640742629857995,0.053096620673322784,0.008692176341423608,0.09062025492970416,0.3653656748446126,0.1548927020385801,182595290.0,0.7564981550181278,-0.29009771287226915,-0.24350184498187222,0.0,1.0
2025-07-09,161.1932080055649,164.39267314506114,161.13322041798892,162.85293579101562,183656400,0.017999969095818136,0.06249178695868585,0.14205498909707415,157.58181457519532,150.97690658569337,137.27424606323243,151.80589120713884,140.65718464172429,0.0171527083414877,77.91670940530345,6.7357475787560475,6.367690468878693,150.97690658569337,165.257353957731,136.69645921365574,-0.1712311129180253,0.35395914511289767,0.005996626767211355,0.01037793349002003,0.043731486394307906,83.94787258384856,9.640954263262529,0.006324359837444227,0.05671925722445824,0.052113853468665816,0.09832350270276624,0.3306708993357881,0.1603694185024067,182522385.0,1.006213018748358,-0.13834428995287684,0.006213018748357907,0.0,1.0
2025-07-10,164.29270331195812,164.4726660794993,161.5831469026993,164.07273864746094,167704100,0.007490211033165828,0.043561307293419116,0.13997915681580597,158.56065216064454,151.98423919677734,138.3816130065918,152.97416239193143,141.5754416615571,0.017143413638316223,77.82431584145357,6.897868302706058,6.473726035644166,151.98423919677734,166.99416899160477,136.9743094019499,-0.1538564405720889,0.3580719309045175,0.0028203102183428364,0.008655000673118307,0.040774185200612045,84.77360232320868,9.717834583369608,0.006273052693351598,0.05695787356295394,0.03490630662030081,0.09920497161519393,0.36989056114067886,0.1680006131253912,183113495.0,0.9158478461677552,-0.02055785371334995,-0.08415215383224486,0.0,1.0
2025-07-11,163.6927958392512,167.862101078866,163.44283738179527,164.89259338378906,193633300,0.0049968979800461,0.03501944444524252,0.15465942710887148,159.55048828125,153.08855590820312,139.4995785522461,154.10925105782263,142.4898397683113,0.016809782429162326,82.26647355490395,7.011679295562544,6.581316687627842,153.08855590820312,168.49986717663427,137.67724463977197,-0.2525456732476448,0.6724458265047579,-0.0035154238705955576,-0.002750556947425098,0.040081753279124,83.23513782588631,9.493299626573958,0.00630185254257279,0.05072465211017609,0.03777000139266762,0.11457767382974748,0.38451106522211287,0.17895291348150932,184410460.0,1.0500125643632146,0.34733199690222594,0.05001256436321454,0.0,1.0
2025-07-14,165.3425116109199,165.4625020418882,161.99307751467913,164.04273986816406,136975800,-0.005153982348054642,0.03684273062740595,0.13151725671685122,160.18238220214843,154.04189758300782,140.60254669189453,155.05529761118848,143.33505153693298,0.01692543577919554,79.98796752280265,6.953147692758506,6.655682888653976,154.04189758300782,169.697179543947,138.38661562206866,-0.0761887115057816,0.5242909190409119,0.0019081172266208757,0.006653914058634802,0.037941443770215244,81.24678271363983,9.303321775612062,0.006284452837805959,0.050184952132958614,0.03018881656877115,0.09357581294663597,0.37639126315387705,0.16671863088976138,183141000.0,0.7479253689780005,-0.02257187506689784,-0.25207463102199945,0.0,1.0
2025-07-15,171.1615549258278,172.37134531045626,169.17188012202328,170.671630859375,230627400,0.040409535932759866,0.06687493287401836,0.20236677943443548,161.4531692504883,155.4781593322754,141.784305267334,156.54256744434912,144.40707425546012,0.017282234680115156,81.59648343424429,7.356851869999986,6.795916684923179,155.4781593322754,171.72077523558295,139.23554342896784,0.007725010711133826,0.5785435851922673,-0.00427316705062708,0.002901619203335315,0.04519134748532916,71.6339134642921,8.837264503911342,0.0056905840832477865,0.04340635316562622,0.06397331367068304,0.15717543194910633,0.4122377860655009,0.21112884389509676,185631340.0,1.2423947378713098,0.6696039324419218,0.24239473787130988,0.0,1.0
2025-07-16,171.03157616389174,171.72146396229547,168.87193138356372,171.34152221679688,158831500,0.00392503050477,0.052124245624127985,0.18439423223372464,163.2598678588867,156.81193771362305,142.9216751098633,157.95199170839177,145.46332711668902,0.017164684662105183,78.11471654267262,7.642744175610289,6.9652821830606015,156.81193771362305,173.68496464244802,139.93891078479808,0.14325663366932867,0.7008874567037404,0.0033431911185151097,0.00025634700487775497,0.038802146767628276,72.95923171422534,8.535935396453397,0.005436325828759598,0.04482237720800173,0.05186789861925023,0.14559208546609637,0.3921459701597809,0.19653531808170918,184416230.0,0.8612663863695728,-0.13517035072014916,-0.13873361363042722,0.0,1.0
2025-07-17,171.99141956059896,174.13106334471073,170.80161486292053,172.97125244140625,160841100,0.009511589505708296,0.05423517561357549,0.20038867036064456,164.83460693359376,158.25569839477538,144.10523635864257,159.3823974924884,146.54206928628577,0.016907606127325597,78.75882307485008,7.909644043500492,7.15415455514858,158.25569839477538,175.48517679930183,141.02621999024893,0.041293921098274324,0.9214514688758352,0.006119689977517551,0.0035472910670051316,0.05416740365923012,72.26668381670657,8.504744607735802,0.004914556215879208,0.048892213732789576,0.05068788454657036,0.14622126670141444,0.40224000647024427,0.19971638590607635,185502885.0,0.8670544396115457,-0.04092326901966026,-0.13294556038845434,0.0,1.0
2025-07-18,173.61115431570738,174.22105359276725,171.23154479926822,172.38136291503906,146456400,-0.0034103327462868815,0.045416045545598305,0.18511156252150518,166.14139099121093,159.6019760131836,145.28259841918944,160.62039419939796,147.5553749187859,0.017144861432235887,75.1717425669202,7.981558518593147,7.319635347837493,159.6019760131836,176.828081658798,142.37587036756918,0.140674772031418,0.7159775338909223,-0.0007324129021104575,0.006350026990205704,0.053554020772681676,68.78163878416288,8.347001913825238,0.004933705392049169,0.04566415981138171,0.0390660185553926,0.1315575417488235,0.39219584003192187,0.18760646677871265,184751000.0,0.7927231787649323,-0.24364042755042647,-0.20727682123506774,0.0,1.0
2025-07-21,172.72129949000853,173.35119970444802,170.97159023323564,171.35153198242188,123126100,-0.0059741431161833836,0.04455419435283536,0.19137998768696973,167.45517272949218,160.97824783325194,146.36898056030273,161.6424073215907,148.48855754873242,0.01686341070675863,72.38384712199718,7.864792081165291,7.428666694503053,160.97824783325194,177.27031939066924,144.68617627583464,0.15354819070736764,0.8952804358513985,0.001896175165666536,0.006338031984718384,0.05803658080600416,67.07323642501206,8.222422274056385,0.00479800017747229,0.045234035544782586,0.03821616236811698,0.13334340688096558,0.3403222405240487,0.17062726992437707,178759495.0,0.6887807553942799,-0.10111056113561667,-0.3112192446057201,0.0,1.0
2025-07-22,171.31154005146294,171.36153479867312,164.55266825003173,167.00225830078125,193114300,-0.02538216980801078,-0.021499604475081924,0.15856291393182098,168.158056640625,162.12105865478514,147.36217864990235,162.15286931960884,149.21458502920493,0.01849217578201488,73.21614551641584,7.336730537851167,7.410279463172676,162.12105865478514,176.54067462385402,147.70144268571627,-0.004978206640694159,0.3345465205938129,0.0001431211632245688,0.01080138342081538,0.04783800872909194,67.58710063194385,8.038232659023947,0.0045324536660085075,0.043113264329538666,-0.032300987895897304,0.11072490520272904,0.30700687902275314,0.12847693210986164,180699765.0,1.0687025519928042,-0.16265673549630266,0.0687025519928042,0.0,1.0
2025-07-23,169.5018251648929,171.23153339032083,167.94208685699226,170.75161743164062,154082200,0.022450948681822958,-0.0034428594862712103,0.15469930231276696,168.9479248046875,163.2648696899414,148.4447605895996,162.97179771123092,150.0591745351828,0.01832885060519088,73.03375628965249,7.138491817341986,7.355921934006538,163.2648696899414,176.5077575901538,150.021981789729,-0.00100328012441325,0.4331187009852395,0.008507541122114937,0.016004121800181403,0.0452059253791921,69.98848335445844,8.225515932916323,0.004305843600211872,0.04949702934862249,-0.019446981286452614,0.10949337693357486,0.33700871107053243,0.14235170223921823,179025570.0,0.8606714672099633,-0.029901499387715913,-0.13932853279003665,0.0,1.0
2025-07-24,172.41134882841166,173.80111724784433,171.27153886755505,173.7111358642578,128984600,0.017332301017892293,0.004277493585832737,0.12591537288427257,169.9117645263672,164.23620834350587,149.45956268310547,163.994591821043,150.98670243044066,0.016471481384144015,73.8095742427763,7.1379131868687296,7.312320184578977,164.23620834350587,177.55522424648802,150.9171924405237,-0.33343629614618087,0.7377437986179071,0.00033105252282705777,0.010158614976133684,0.04496638123744656,65.26567855515393,8.295117591867552,0.004310803360527458,0.04800102453821078,-0.005881121390300947,0.08094899164682601,0.32118368652019935,0.13208385225890815,172017475.0,0.7498342828250444,-0.1980619381488935,-0.2501657171749556,0.0,1.0
2025-07-25,173.58115848322245,174.69097468726906,172.9312725713388,173.47117614746094,122316800,-0.0013813721014661606,0.0063221059051437045,0.11921052616034622,170.76962280273438,165.1600555419922,150.33099853515625,164.89712366165423,151.86844649777478,0.016553790546353263,75.97007982873691,7.036974018213641,7.2572509513059105,165.1600555419922,178.34244020711785,151.97767087686654,-0.2735533354014191,0.6291694935496335,0.004224349640319147,0.015169401325331622,0.041234296659343084,79.57520212542458,8.467109516459004,0.004135699439912486,0.050623551852186685,-0.008847295420187917,0.07797622950100314,0.24657259207009052,0.10523384205030191,168226030.0,0.7270979407883548,-0.1648244801865948,-0.2729020592116452,0.0,1.0
2025-07-28,173.99108478739527,176.97058528484683,173.94109004538618,176.7206268310547,140023500,0.01873193435220344,0.031333801259410876,0.12044362418659071,172.03741149902345,166.10989685058593,151.15924896240233,166.0231715825495,152.84304180496224,0.016597814038782077,77.12992708923167,7.136912627010304,7.23318328644679,166.10989685058593,179.76533696605475,152.4544567351171,-0.2760276522910809,0.5977779466351751,-0.0002511001451916961,0.01299367868476553,0.03582651281067739,80.09449475553487,8.49271547317187,0.004105124770869864,0.048593113297420235,0.018340122574645346,0.08461711137591332,0.21886904447817446,0.10727542614291104,162065480.0,0.8639933686063189,0.1372365404248166,-0.13600663139368113,0.0,1.0
2025-07-29,177.93044011853777,179.35020236643535,174.99092613442062,175.4808349609375,154077500,-0.007015547037994785,0.05076923358057717,0.1108929956039777,172.5183319091797,166.985750579834,151.97290069580077,166.92390142811027,153.7307983993142,0.016822777847657698,71.60454568604672,7.034978993243243,7.193542427806081,166.985750579834,180.6882283354373,153.2832728242307,-0.20557418908264394,0.3740811568041942,-0.0026377452404861,0.010177081711174818,0.028178231435786127,71.92638701145458,8.283097375415991,0.0041535661373292,0.04422703252666771,0.04059215186940235,0.08271476416819157,0.22274998071976237,0.11535229891911876,160040340.0,0.9627416437630663,-0.2021434974002443,-0.037258356236933764,0.0,1.0
2025-07-30,176.48066791766442,179.86011122312902,176.01074478620916,179.24021911621094,174312200,0.021423331819171443,0.049713155355431304,0.16940637132901948,173.3082015991211,168.2840347290039,152.85034301757813,168.09688406507223,154.73116783919252,0.01499410910278348,73.87475798120775,7.174839651615713,7.189801872568007,168.2840347290039,181.42548199297266,155.14258746503515,-0.04330424831251415,0.3845348739543819,-0.0012592342390789213,0.00039413787604813955,0.027216002768060132,67.57535762366328,7.961196157974314,0.004179172390081215,0.041473674394497395,0.049319017479383165,0.14219036856095935,0.253183404600519,0.14823093021362052,158098770.0,1.1025525372525036,0.13129355629657424,0.10255253725250361,0.0,1.0
2025-07-31,182.86960179799485,183.26954448460756,175.9007587673991,177.84043884277344,221685400,-0.007809521101566741,0.023771089619391894,0.13112880529877113,173.7951202392578,169.3148635864258,153.69639068603516,169.02484166294855,155.63741376090158,0.01477371381692128,70.01546415957485,7.090989152441097,7.170039328542626,169.3148635864258,182.0308629678387,156.5988642050129,0.16171961368525556,0.5496065783481338,-0.0037511295105476794,-0.0036883015979956024,0.01874453184454339,67.08431526658032,7.430012396470829,0.004257072753634661,0.036240755227446665,0.027459391217387497,0.11238427345422775,0.24637847629048237,0.12874071365403253,160621835.0,1.3801697633450645,0.718696650607902,0.3801697633450645,0.0,1.0
2025-08-01,174.06106522140863,176.51065501732398,170.86160006411595,173.69113159179688,204529000,-0.02333162962246693,0.0012679653716589634,0.09024726239087122,173.92609710693358,170.03374404907225,154.48324645996092,169.46925022760078,156.3454026954465,0.016071916491140682,63.53436194645861,6.6134864546914685,7.058728753772395,170.03374404907225,181.97084370374608,158.09664439439842,0.13641684048059075,0.1799234149393134,-0.016390562686528054,-0.024140781484711993,-0.005789024683256261,45.44648087029562,6.109670883340527,0.005462419210183535,0.01823398804503752,0.025408746856370956,0.09603628707412748,0.24104445409859676,0.12082982934303173,163662480.0,1.2496999923256693,0.6721251700502302,0.24969999232566928,0.0,1.0
2025-08-04,175.1309006070304,180.170056491935,174.49100755408614,179.9700927734375,148174600,0.03615015415062883,0.018387587236714076,0.13751259319640452,174.78795318603517,171.12156295776367,155.44726928710938,170.46933047006144,157.27186112987752,0.01730683630659685,63.17281699983861,6.664893079722873,6.979961618962491,171.12156295776367,182.47427266454446,159.7688532509829,0.0682142786045356,-0.14339872400348758,0.015199814188961769,-0.009059077279122585,0.016900759236029517,61.09053134939354,5.753097220937207,0.006195386807452595,0.03201979978294646,0.02744666451583666,0.120611833960375,0.279714849474346,0.14259111598351923,164064260.0,0.9031497780199051,0.058212371494784865,-0.09685022198009487,0.0,1.0
2025-08-05,179.59015184800575,180.23004490386853,175.87076869322405,178.23037719726562,156407600,-0.009666692667442134,0.015668618381831756,0.11412494713381838,175.9107650756836,172.0344108581543,156.35590270996093,171.2084777774142,158.0937637207555,0.017642245318237368,59.47209319162474,6.4904349983323755,6.8820562948364685,172.0344108581543,182.51534481250496,161.55347690380364,0.2141728099340348,-0.30866762973028017,-0.005069966572431306,-0.011475639204779453,0.012299559265048776,54.482394280450805,5.155043586372585,0.0063303897722887205,0.025225196008453032,0.02714425758661121,0.1018253878687696,0.2619563898799153,0.13030867844509872,164977990.0,0.9480513127842084,0.015122908925703005,-0.051948687215791635,0.0,1.0
2025-08-06,176.30069964693718,179.87009845787975,176.22071111043454,179.3901824951172,137192300,0.00650733795265368,0.0008366614348369605,0.10154712055865733,176.77462158203124,172.86127319335938,157.3185250854492,171.98768775052878,158.92891739818145,0.017401420218059398,58.941501479124895,6.37230632586548,6.780106301042272,172.86127319335938,182.89197610389712,162.83057028282164,0.3119732186756901,-0.10300095498925264,0.007659680244984202,-0.0026479588480767813,0.013973032373993277,55.53477605925503,5.008216407266104,0.006414944537848006,0.031213482715787715,0.003484620282913742,0.08757408818466406,0.27078101599929627,0.12061324148895802,162654785.0,0.8434568955349208,-0.21295067126684186,-0.1565431044650792,0.0,1.0
2025-08-07,181.53984513179373,183.84945895635624,178.7703010091291,180.73997497558597,151878400,0.007524338632664662,0.01630414405002667,0.10158443423034158,177.47750549316407,173.69463500976562,158.2239633178711,172.82123891481996,159.7842529894522,0.017401679943273785,61.40206778907555,6.314812249572782,6.687047490748374,173.69463500976562,183.41565962703524,163.973610392496,0.31163958761804533,-0.10335545730808515,-0.0008376240775045396,0.00026877278056258724,0.010274416886860038,55.444078150183714,4.794181067276213,0.00640385537227995,0.028912975320730862,0.016035371269464083,0.09131001734348154,0.26150170715393317,0.12294903192229294,161863500.0,0.9383116020597603,-0.3148921850514287,-0.06168839794023977,0.0,1.0
2025-08-08,181.51984435483087,183.2695536485861,180.37002623661053,182.66964721679688,123396700,0.010676510503399017,0.051692424032915074,0.10780989896636273,178.39735260009766,174.583487701416,159.18179138183595,173.7591825626273,160.68171942974024,0.017448047241243523,65.06921225435968,6.351737328704189,6.619985458339538,174.583487701416,184.1657162448381,165.0012591579939,0.2569264257695213,-0.16176274252199924,0.007797573458693252,0.024866581971893842,0.021743969004248465,59.01771993714425,4.961824804498292,0.006526120113057599,0.03521147526076011,0.026825842061021232,0.08606592996211426,0.267992516627126,0.12696142955008716,158351670.0,0.7792573327455278,-0.396678710598497,-0.22074266725447228,0.0,1.0
2025-08-11,182.01974653412333,183.8094423252684,180.2200426409657,182.0297393798828,138323200,-0.0035030879331288123,0.01144438264549974,0.10964825097516862,178.92826385498046,175.48283767700195,160.03924194335937,174.54685464046116,161.518896682687,0.017399946568518263,72.200834315252,6.257235984011118,6.547435563473854,175.48283767700195,184.24043209472592,166.725243259278,0.2483337965425112,-0.13491218151514012,-0.0019774432364148,0.00752576210653455,0.017781481924797005,57.38489153206307,4.9369581901444235,0.006558438244368244,0.031568574628824425,0.00391862053896519,0.09186676905037161,0.2271616817147637,0.1076490237680335,158419040.0,0.8731475711505384,-0.0664850790891286,-0.12685242884946152,0.0,1.0
2025-08-12,182.9295986692803,184.44933506001817,179.4301803710301,183.1295623779297,145485700,0.0060419962243181136,0.027487935882229753,0.0729935693227155,179.6931365966797,176.1057342529297,160.99986968994142,175.36425537736292,162.36637376877496,0.015330113523153855,69.83971231274792,6.199624104292212,6.4778732716375265,176.1057342529297,185.18860557790944,167.02286292794994,0.039412021433923604,0.054543018677952734,0.010646114455700184,0.02344080736921139,0.03303121502256423,58.614354907014985,5.3967348902287995,0.006783426422381887,0.04069251894370736,0.004047128513018361,0.03996235430015127,0.261873437297679,0.10196097337028287,154161955.0,0.9437198691467036,-0.06982972694421496,-0.05628013085329646,0.0,1.0
2025-08-13,182.58965738273272,183.93943921657484,179.3202115957667,181.5598297119141,179871700,-0.008571705439759048,0.01209457054237606,0.05963707665785822,179.92509765625,176.61664962768555,161.88411346435547,175.9543100758916,163.11905831556473,0.01557067510302067,63.16670298562766,5.958614765294186,6.374021570368859,176.61664962768555,185.72069002859266,167.51260922677844,0.1432413772652728,-0.11998406052843318,0.0034230513551560815,0.019137827924330386,0.0331134382518834,60.222579589440976,5.869476951508432,0.006784500188593019,0.04243429876792235,-0.0070432573819543265,0.026523638405974825,0.23064708713782656,0.08337582272061568,155213965.0,1.1588628639182048,0.3110918032571799,0.15886286391820478,0.0,1.0
2025-08-14,179.72011917648817,182.9895798582924,179.43017409752198,181.98974609375,129554000,0.0023679047425748667,0.006914746548641881,0.05213868504189012,180.34002838134765,177.06757431030275,162.7001739501953,176.52911350616384,163.85908528725827,0.015495563058342524,64.19996385159715,5.736180666735152,6.246453389642118,177.06757431030275,186.30378968698784,167.83135893361765,0.21787118550321258,-0.03499646447233903,9.296545483872265e-05,0.02008702198681278,0.026925019363907232,58.077719179583596,6.17771259204153,0.0067090443560641425,0.04082799779690327,-0.0131722754381709,0.02521366567798289,0.20383434248537413,0.07195857757506204,153649610.0,0.8431781896485127,-0.14698864354641605,-0.1568218103514874,0.0,1.0
2025-08-15,181.84978375259035,181.8697694448933,178.01041021115256,180.4200134277344,156602200,-0.008625390714084302,-0.01231531249629314,0.046632944401636456,181.0129165649414,177.4695068359375,163.47084289550781,176.89967540345629,164.50853344962988,0.015646199652635553,56.53248171856322,5.37131851739295,6.071426415192286,177.4695068359375,186.54531307233694,168.39370059953805,0.24867491524142574,-0.13191536433282117,-0.002341194642022759,0.00982461807669055,0.02527171023956165,56.507768632849036,6.2293674498058635,0.006744883442599878,0.036742652070836566,-0.02213993057298369,0.021361234162074805,0.18866315085194896,0.06262815148034669,154156900.0,1.0158624103105343,0.2690955268657913,0.01586241031053427,0.0,1.0
2025-08-18,180.56998232776263,182.90958965389837,180.55997422620712,181.979736328125,132008000,0.008644955017783174,-0.0002746971562347378,0.06202573284721735,181.21388092041016,178.00091705322265,164.31129699707031,177.3834907296152,165.19367866055126,0.01557584951267761,61.347727824043666,5.148668591672873,5.886874850488404,178.00091705322265,186.80908726617258,169.19274684027272,0.10836285950701496,-0.11736820909631401,-0.00021763143719111255,0.011605240434366282,0.023108585791592695,58.305799926525964,6.18777108693655,0.006751118008952691,0.03478310244265268,-0.01187993759060102,0.03891714705562466,0.21231604356348854,0.07978441767617073,154600995.0,0.8538625511433481,-0.045655392587794386,-0.14613744885665192,0.0,1.0
2025-08-19,182.39967416584764,182.46966985536903,175.46084035755914,175.61080932617188,185229200,-0.03499800104375028,-0.04105701424787522,0.051547512668278506,180.9519241333008,178.43134460449218,164.98978118896486,177.21466392928727,165.6021935886148,0.016615905593988223,44.191977257665286,4.40749092787118,5.590998065964959,178.43134460449218,185.67972169955115,171.1829675094332,-0.22532277637504705,0.4402446613755357,-0.005425130066677664,-0.004481256061882877,0.01741247538438251,55.23583136731508,5.808603596295711,0.006908442357316144,0.02776614961194574,-0.036575758185992346,0.034135037283896,0.16839370090747496,0.05531766000179287,154206740.0,1.2011744752531568,0.27317805117616367,0.2011744752531569,0.0,1.0
2025-08-20,175.1408920976954,175.9707560164781,168.77195541250927,175.370849609375,215142700,-0.0013664290809751733,-0.03408782720472536,0.02705234800826206,180.54999084472655,178.6623062133789,165.6452700805664,177.03906256548612,165.98527813844854,0.015962533085887787,45.8956436758726,3.757426274517144,5.224283707675396,178.6623062133789,185.13299583420306,172.19161659255477,-0.11757040424648603,0.8728281861662405,-0.0026570836306466505,-0.010513495739719603,0.006149269068834062,55.98082967997721,5.310865950242828,0.006708368006210991,0.023713227530694235,-0.02357433146500576,0.020903078939428,0.1626107025712238,0.05331315001521534,157259765.0,1.3680721194006618,0.19608976842938608,0.3680721194006617,0.0,1.0
2025-08-21,174.8209444570093,176.87059152353538,173.78110877087863,174.95091247558594,140040900,-0.0023945663416949925,-0.03867708906268863,0.00713700135089157,179.97108459472656,178.72429504394532,166.2657666015625,176.84019112835276,166.3368716418657,0.01553363365241265,52.38996755631207,3.1717974297407636,4.81378645208847,178.72429504394532,185.0165654592466,172.43202462864403,0.021056426178337584,1.2755034639941392,-0.004011822287558586,-0.014574750257301372,0.0017811348345653233,66.22862770321898,4.657880261861692,0.006778186004003811,0.018487096305151603,-0.024102338805387258,0.0053558665163262464,0.15860514915333512,0.046619558954758035,157812580.0,0.8873874313441932,0.08094616916498132,-0.11261256865580678,0.0,1.0
2025-08-22,172.58132291943235,178.56032512128596,171.17155351749952,177.96043395996094,172789400,0.017202090813873028,-0.013632520145879679,0.025878984118282933,179.50016326904296,178.94875793457032,166.96885009765626,176.94688092183924,166.79269761512435,0.01596680989105703,45.647482581085754,2.916901360025747,4.434409433675926,178.94875793457032,184.75339713150365,173.144118737637,-0.10743574862735095,0.8639809232086335,0.01535688655115064,0.002906312392661148,0.012886586981901926,66.47258164800073,4.865233005694336,0.007547246387429113,0.03261465754466721,-0.016538832538540826,0.012992397136381006,0.16991017759222915,0.05545458073002311,160336210.0,1.0776692301757662,0.10336508682508927,0.07766923017576628,0.0,1.0
2025-08-25,178.3203719824875,181.8797780221864,176.54066896263805,179.78012084960938,163012800,0.010225232930471728,-0.01208714510141684,0.01731260279808522,179.27520141601562,179.10173263549805,167.66493438720704,177.2167132959126,167.3020083302022,0.015589641822578599,53.34484681432412,2.829115628682217,4.113350672677184,179.10173263549805,184.81974283192866,173.38372243906744,-0.09421254847152528,1.1840228465272735,-0.0044011570576184544,-0.0012902851716811714,0.00868199422624194,67.03468979990203,4.747588631005897,0.007630421405124256,0.026739163548109176,-0.01079685992973567,0.008630608571843279,0.1727904999224179,0.056874749521508505,161485675.0,1.0094567211611805,0.23487061390218766,0.009456721161180395,0.0,1.0
2025-08-26,180.03006938032237,182.359683936518,178.7802771456414,181.7397918701172,168688200,0.01090037658917331,0.03490094127726273,0.03566746710871849,179.13622436523437,179.41468048095703,168.46080230712892,177.64748268393208,167.8681959200028,0.015621089807734972,54.901963249045146,2.8844240330697346,3.867565344755694,179.41468048095703,184.9813864398745,173.84797452203955,-0.262187030241209,1.2001318077793415,0.004187036349890816,0.00836184285907926,0.015584234883423864,65.30654487826521,4.814099134075036,0.007637202216888267,0.02939571027046688,0.02653909841818347,0.020083232225294623,0.1964762521782406,0.0810328609405729,162216210.0,1.039897307426921,-0.08930017513437405,0.039897307426921144,0.0,1.0
2025-08-27,181.9497659792912,182.4596910242481,179.07025476697962,181.56983947753903,235518900,-0.0009351413404259379,0.035347892092510325,0.01299719657125431,179.13722534179686,179.53116149902343,169.19888000488282,178.02104047379942,168.4055152752003,0.014932982229782711,51.820983364820705,2.881328443560051,3.670317964516566,179.53116149902343,185.1793925092525,173.88293048879436,-0.18177307435822507,1.8102241325544468,0.0022785132820093423,0.013351969641723693,0.019181645475428555,67.37550777074375,4.927626076102115,0.007627933023661381,0.030237889098319894,0.02199592245078663,-0.0061844489041742445,0.17900117657691617,0.06493755004117618,165276545.0,1.4249989313365667,0.0947101621388966,0.42499893133656685,0.0,1.0
2025-08-28,180.7899615720414,184.43934897141472,176.3806906932069,180.1400604248047,281787800,-0.007874540490031223,0.029660593796233536,0.012930813694540522,178.95225677490234,179.646142578125,169.91976043701172,178.2228518977047,168.86569351636126,0.014934951138820153,44.32478654272169,2.7320110237140227,3.4826565763560575,179.646142578125,185.2428472696334,174.0494378866166,-0.18122850732224374,1.8074481495305543,0.003541362732142783,0.02103683487211483,0.026642004491816307,65.15221326552424,5.14155414007962,0.007564001911193254,0.03213824957201253,0.008623758924118707,-0.013711190797275785,0.16092437936691462,0.05194564916458585,168281665.0,1.6745009029949876,1.0121821553560424,0.6745009029949876,0.0,1.0
2025-08-29,178.08040158317536,178.12038822306508,173.12121914292007,174.1510467529297,243257900,-0.03324642868305783,-0.0214058098323604,0.002647890867644831,178.3253601074219,179.66913833618165,170.4936651611328,177.83506093153565,169.0729622707365,0.015909106292707115,35.74527691672489,2.106134336064372,3.2073521282977207,179.66913833618165,185.16570352875112,174.17257314361217,-0.41381586562745526,1.6685584112551044,-0.0059636816039791984,-0.0004030014210449906,0.03752505795704475,61.0398908961522,4.9444508221550905,0.006571660174377099,0.02437408637789449,-0.02100280841131541,-0.03487716708939992,0.11439614126509068,0.019505388588125117,170218110.0,1.4290952942668673,0.40782883672262304,0.4290952942668674,0.0,1.0
2025-09-02,169.9717482776903,172.351357635579,167.19221149694363,170.75161743164062,231164900,-0.019520005102879878,-0.050219698236388055,-0.05122226254226536,177.20254821777343,179.2082145690918,171.03217559814453,177.16044726487897,169.1387918848896,0.014060574357467853,29.325284326991323,1.3205940299561405,2.830000508629405,179.2082145690918,185.99350327613328,172.42292586205033,-1.0662430600447093,0.8416884999827576,-0.007410295555874247,-0.003424224107760221,0.014417729630584297,46.92572220426016,4.355573855410967,0.006083437359504163,0.015300132136987919,-0.046795474128627834,-0.06563999217284966,0.10982117627428711,-0.00087143000906346,174367625.0,1.3257329163025533,0.41807821226308617,0.3257329163025533,0.0,1.0
2025-09-03,171.03158891427162,172.3813708166661,168.851958278929,170.59165954589844,164424900,-0.0009367869432114206,-0.061341174706450174,-0.04285867410196098,176.70063323974608,178.82627868652344,171.56108795166017,176.53484843449988,169.1957670872821,0.01396254477267009,30.7746005579054,0.6773325453396808,2.3994669159714603,178.82627868652344,186.62725072655132,171.02530664649555,-1.1852067930896224,1.1361345630887625,0.0054195597134076845,-0.002201042685535448,0.025112714285056237,48.58472556349772,4.119046288117261,0.006008473201663051,0.019393357005546452,-0.059140132020914726,-0.06797138838701722,0.1108322888164277,-0.005426410530501413,174768490.0,0.9408154753754524,-0.025273255627838775,-0.059184524624547596,0.0,1.0
2025-09-04,170.54166973363456,171.83144870716828,169.381858788342,171.63148498535156,141670100,0.006095406083867605,-0.054735712279003756,-0.043250402011140165,176.32669677734376,178.43834381103517,172.03620971679686,176.0678614393429,169.29128543622602,0.013949486487244003,32.22375206566805,0.2485828981994871,1.9692901124170659,178.43834381103517,186.86760652710922,170.00908109496112,-1.1854935946141496,1.1431374925666808,0.008357360441814565,0.0038506358422880638,0.025822478557951944,54.537490237946514,4.312353422459978,0.0060494816970393965,0.02653626413762752,-0.05858634812129182,-0.06907288056909211,0.09087128605244899,-0.012262647545978314,174992380.0,0.8095786799402351,-0.3984767252224768,-0.1904213200597649,0.0,1.0
2025-09-05,168.00209055003162,169.0019244592772,164.04275681292185,166.9922637939453,224441400,-0.027030129068697395,-0.07298652281926832,-0.07606347839484695,175.53083190917968,177.75095825195314,172.2903677368164,175.20351880644787,169.20112772476404,0.014806372715723626,29.152438604357982,-0.4602452440105651,1.4833830411315396,177.75095825195314,187.52487085322448,167.9770456506818,-0.8953223955558821,0.08737106138920395,-0.002896148488535144,-0.0025888593017147077,0.0237090276671037,54.10185706466939,4.2659552671127585,0.006104895937756487,0.022266071624242774,-0.07039766351755361,-0.09977250606195065,0.016284300830056386,-0.051295289583149294,178620530.0,1.2565263354665894,-0.2035091654074449,0.25652633546658943,0.0,1.0
2025-09-08,167.5221599855096,170.93159698121408,167.32219627229085,168.2820281982422,163769100,0.007723497933343371,-0.03370073659685746,-0.07876305252551952,174.5629913330078,177.03157730102538,172.55612365722655,174.544329224714,169.1650846060769,0.014668046335254868,28.553531049388198,-0.9074627790857903,1.0052138770880736,177.03157730102538,187.38208150415403,166.68107309789673,-0.9153808855794032,0.13833541763067447,0.002456541908713472,0.005859951454295631,0.01828367007668552,55.788120037990296,4.306757152017894,0.0059144892669583,0.02358226949731726,-0.03956068805115309,-0.09704672260220504,0.02532595945396321,-0.037093817066464974,180639150.0,0.9066091154658334,-0.3267675993256539,-0.0933908845341666,0.0,1.0
2025-09-09,169.0618925540675,170.95157781434446,166.71229229208453,170.7316131591797,157548400,0.014556426417988044,-0.00011715421945535098,-0.06206747457416706,173.65814056396485,176.46667098999023,172.81627990722657,174.18121340894885,169.22651709835546,0.01524416538419907,41.29190945049594,-1.052096944678624,0.5937517127347341,176.46667098999023,186.90150126069258,166.03184071928789,-0.9078501157358236,0.00820000016293244,0.0023119206976098816,0.01571214710469726,0.0226601134941542,61.489716983478,4.408299713156339,0.005881460711516336,0.024803430927549563,-0.01582930132415261,-0.08472758806832126,0.024870094915369068,-0.025228931492368267,181600410.0,0.8675553100348177,-0.31845881446534485,-0.13244468996518236,0.0,1.0
2025-09-10,176.61064931709572,179.26020289704138,175.44084555219968,177.300537109375,226852000,0.03847514721289991,0.03932711353729168,-0.03183006169438207,173.21421508789064,176.1752197265625,173.20301544189454,174.47829185660848,169.54314533408174,0.01778051719879015,52.80932969706904,-0.6294078767408848,0.3491197948396103,176.1752197265625,186.14157710870455,166.20886234442042,-0.13803545201424713,0.5227531530702382,0.0028908542790047065,0.013157555042747848,0.014812663096794187,65.3394510939319,4.5863296710653,0.005462268302229111,0.026654221036522575,0.026169558494543832,-0.04664272479117626,0.06680057020816399,0.01544246797051052,185668725.0,1.2218105122443212,0.37966938097575254,0.22181051224432116,0.0,1.0
2025-09-11,179.66027757334626,180.26021784214308,176.4606317396978,177.1505584716797,151159300,-0.0008459006393353175,0.03215653285758835,-0.024285499976678282,172.77228698730468,175.9547561645508,173.68053588867187,174.73279343899623,169.84147526104636,0.017701752680946124,53.22771900831911,-0.3030325965859504,0.2186893165544982,175.9547561645508,185.6098012575865,166.29971107151508,-0.20885294648341066,0.6122544182372975,0.008310264731785644,0.013110235137823611,0.019755350047389486,72.61369666092682,5.102277075285656,0.00569262328012196,0.0338846767165106,0.019046297719764738,-0.04404085002406777,0.09104370462591427,0.022016384107203746,184233105.0,0.8204784910942037,0.06698096493190864,-0.17952150890579627,0.0,1.0
2025-09-12,177.75047851465564,178.5803891806412,176.43061617633268,177.80047607421875,124911000,0.003668730192814884,0.06472283227209785,-0.02301926404893817,172.5383285522461,175.74529266357422,174.09206817626952,175.0249536899698,170.1535929399943,0.01771746743027939,49.7478174674728,0.007973173499635777,0.17654608794352572,175.74529266357422,185.02347969360622,166.46710563354222,-0.21983981696071192,0.6016909457193803,-0.00033461291182779185,0.015712890725301243,0.019319365251941667,65.4021298765785,5.430957442006047,0.005696986307019758,0.03233902061946217,0.04900994154679661,-0.04233862930087984,0.07130500480263424,0.025992105682850337,184000955.0,0.6788606070006539,-0.443458292454066,-0.32113939299934613,0.0,1.0
2025-09-15,175.650725630949,178.83038469078608,174.49084923140515,177.73049926757812,147061600,-0.0003935692872465424,0.056146643646375116,-0.014906961312435185,172.89627380371093,175.6108169555664,174.46040771484374,175.2826246973611,170.45072652146817,0.017626727777870378,46.579973559880095,0.24596560510534005,0.1904299913758886,175.6108169555664,184.6793158262614,166.54231808487143,-0.2963910743783016,0.7148137260209463,0.005323858293106998,0.018618124111150935,0.027150837144434448,73.08467615066782,5.903429896783564,0.005720104521186133,0.036676956943651425,0.03752851953522418,-0.04205779845686963,0.05872115994175919,0.018063960340037915,183523925.0,0.8013211356502974,-0.10201863477298223,-0.19867886434970264,0.0,1.0
2025-09-16,176.98057174387853,177.4805168617991,174.36086420825131,174.86080932617188,140737800,-0.016146299893558758,0.024185305173344718,-0.039119339029687894,173.30719299316405,175.25487060546874,174.793349609375,175.24245180486687,170.62367094518203,0.017812907784545074,38.859952785176546,0.20070275015311267,0.19248454313133342,175.25487060546874,183.8154210339606,166.69432017697687,-0.10187985580154138,0.5014252406631482,-0.0013767927852816886,0.014869400454635473,0.02595994441966254,69.44456987649218,6.1343481003763145,0.005742714295443902,0.03397424309460818,0.009315904718709245,-0.06507928344935043,0.04186910646437103,-0.004631424088756719,183960415.0,0.7650439362185609,-0.1067011788123523,-0.23495606378143907,0.0,1.0
2025-09-17,172.62104942275718,173.18098551277336,168.39151800406466,170.27130126953125,211843800,-0.0262466362492908,-0.039645880122221366,-0.030405349631543732,173.27515716552733,174.9878952026367,174.99930725097656,174.76900889673968,170.60985252652904,0.01704657909141346,33.9939430879852,-0.20316141422981104,0.11335535165910454,174.9878952026367,183.83011588016393,166.14567452510948,0.056879747336948006,0.5354360069715419,-0.0012424352925486382,0.010686742799028925,0.030274629445112167,66.72896917697307,6.180496316167819,0.005558190930310356,0.03143438695245632,-0.05033262292125029,-0.0606799790766559,0.0017616607525656747,-0.03641698041511351,185291145.0,1.1433023418361412,-0.06615855271278193,0.14330234183614118,0.0,1.0
2025-09-18,173.96089569350613,177.08056354559588,172.9410186572187,176.2206573486328,191763300,0.034940451119733984,-0.005249213612812498,0.004845775344937353,173.73407440185548,175.0303855895996,175.2666616821289,174.90726113025332,170.82988408818017,0.01888493431270582,45.07787647020261,-0.04267146931113075,0.08214998746505749,175.0303855895996,183.88850771082647,166.17226346837273,0.137231291515773,0.01547797011642086,0.004672445142330339,0.0070403492628734465,0.03784617521602485,67.41526803648276,6.389849405154223,0.005510614150425602,0.03501639797631073,-0.012289562875685944,-0.033000399871087494,0.02087252702064335,-0.008139145242043363,184122175.0,1.0415002972890148,0.2686172799159563,0.041500297289014755,0.0,1.0
2025-09-19,175.7506939671915,178.06043774665943,175.16074718989944,176.6505889892578,237182100,0.0024397346321005653,-0.00646728912289829,0.00971516232536973,174.6999069213867,175.1153694152832,175.51821868896485,175.0732923549204,171.05814702547733,0.018878073403140825,53.64842710752953,0.1178513417070235,0.0892902583134507,175.1153694152832,184.00284556832912,166.22789326223727,0.0949629963154774,0.013264593584002933,0.004952874775332017,0.012366845024330608,0.047187628023286576,77.16798007048061,6.740512568145732,0.00536949495496726,0.03885293319671533,-0.018834134147228898,-0.037472465697916846,0.013191375577174647,-0.014371741422657033,188979235.0,1.2550696376773882,0.8988087518313039,0.2550696376773882,0.0,1.0
2025-09-22,175.28075846993005,184.5297429971473,174.69082690233378,183.58984375,269637000,0.039282375453410845,0.03296758016529555,0.03163292909987847,176.2306884765625,175.39683990478517,175.89216369628906,175.8843924877851,171.5495861127135,0.020474951537536118,66.98407620515988,0.7958328259348093,0.23059877183772243,175.39683990478517,184.99209272248777,165.80158708708257,0.25637092947235973,-0.17972514442101178,0.004731007968096224,0.011769841374062118,0.03622863544004984,89.38446547758534,7.187497486290567,0.004460597283995111,0.04230126585719499,0.021197738791233434,-0.004595706340171368,0.0411208858279275,0.01924097275966319,193821615.0,1.391160629839969,0.8334969835769501,0.3911606298399691,0.0,1.0
2025-09-23,181.95002022927716,182.3999677661597,176.19065819152993,178.410400390625,192559600,-0.028212036426306986,0.020299523250129736,-0.007618864936297265,176.99856719970703,175.32835388183594,176.1795169067383,176.12496466900794,171.81863765302376,0.02142032874004263,59.130975862410196,0.9047706116795098,0.36543313980607994,175.32835388183594,184.8107669910221,165.84594077264978,0.3600552820814424,-0.36643074702780964,-0.0054434748398075605,0.007649622429118708,0.03514378129343343,79.39253150652868,7.167863191545962,0.004542089301486681,0.03532878306659511,0.012649900821011029,-0.042762646229730694,0.023183142028974535,-0.002309867793248377,195298955.0,0.9859735296586712,0.3682152200759141,-0.01402647034132876,0.0,1.0
2025-09-24,179.75025700209653,179.76025041106172,175.38072666046574,176.9505615234375,143564100,-0.008182476268150385,0.03922716396777459,-0.026352128487647786,176.96356964111328,175.08889236450196,176.30509552001953,176.20359294085836,172.01988956951058,0.02132628550825588,56.15144158449445,0.8633555699468332,0.4650176258342306,175.08889236450196,184.12076500896123,166.0570197200427,0.5028020933897095,-0.2192245368930442,-0.003181633452613686,0.005693159356543909,0.027547952581888913,70.93837179142233,6.903421793551843,0.00463099180582585,0.03072562028565862,0.03353400461123068,-0.0539000810695367,-0.028778995663282236,-0.016381690707196084,194042750.0,0.7398580982798894,-0.3223115333089758,-0.26014190172011065,0.0,1.0
2025-09-25,174.4608472798892,180.2402117285651,173.11100459099512,177.67050170898438,191586700,0.00406859508864299,0.00822743702222839,-0.021475691005592545,177.01556396484375,174.89392547607423,176.43167510986328,176.34329853782273,172.24148220243111,0.021357887956921208,63.58032331608089,0.8785002036763103,0.5477141414026465,174.89392547607423,183.49480335092665,166.29304760122182,0.46236296339339195,-0.2664714401406278,-0.0046134974884720625,-0.0036022174870524726,0.02048218048108774,68.49128228353476,6.375640918202521,0.004812679205877229,0.024834128557249466,0.011829654509280862,-0.04195787148668029,-0.02018058477964524,-0.016769600585681554,191846140.0,0.9986476663017562,-0.0009209269969800982,-0.0013523336982438113,0.0,1.0
2025-09-26,178.15043859744398,179.750269051669,174.91078879333958,178.17044067382812,148573700,0.00281385463560313,0.00860371705108065,-0.010933824193973374,177.05256042480468,174.7954444885254,176.5356588745117,176.51731207458516,172.47399037778004,0.0213070369691897,62.83366594502989,0.9202354301051514,0.6222183991431475,174.7954444885254,183.18593253503875,166.40495644201204,0.384437063163138,-0.28872247026979614,0.005729144366994232,-0.0028325562231473755,0.02270689413620941,70.3898856669205,6.188523559040959,0.004897002931504285,0.02956659056873062,0.011436273274228026,-0.033640718330182784,-0.026649940623169277,-0.016284795226374677,185185435.0,0.802296897701485,-0.3735880574461563,-0.197703102298515,0.0,1.0
2025-09-29,180.41019002973695,183.97980553666213,180.30021674934375,181.83004760742188,193063500,0.020539921884648038,-0.009585476552692596,0.04409391156509379,177.46251525878907,175.17939453125,176.72463256835937,177.02328688723628,172.84089458286402,0.02030521979475336,63.96545743232343,1.234381412122616,0.7446510017390412,175.17939453125,184.1298242859581,166.22896477654191,0.3125494918726176,-0.36551956914520856,0.0028103664411398555,-0.004738739257868163,0.031734008396687274,70.68427931703947,6.118929734372273,0.0046123655681529095,0.031246096643787913,-0.0048467372948244325,0.012359903168406516,-0.005641792733337425,0.0006237910467482196,182675715.0,1.056864619361145,-0.2839873607850555,0.056864619361144966,0.0,1.0
2025-09-30,182.06000352373024,187.32942897828707,181.4600633204032,186.55950927734372,236981000,0.026010341701790285,0.04567619863458883,0.09257828466562956,178.63238525390625,175.96978912353515,177.0287921142578,177.931498543437,173.37887947284364,0.02027597742082062,62.21634260379578,1.8437191504819452,0.964464631487622,175.96978912353515,186.0005916325596,165.9389866145107,0.1042926333686162,-0.47308942425620765,0.0037668667591119753,0.004478128722692043,0.04335195932455749,71.17639784692216,6.192973879396732,0.004117122416043633,0.03387285401086005,0.041198069911896784,0.049226325341072075,0.02631858350351468,0.03891432625216118,182966520.0,1.2952151027412009,0.23068909573970875,0.29521510274120094,0.0,1.0
2025-10-01,185.21967144700423,188.11934700723293,183.87980694521147,187.21945190429688,173844900,0.0035374376225019155,0.05803253910273254,0.09747130898814338,180.32720031738282,176.8011787414551,177.43313598632812,178.81606553018554,173.92164701917514,0.020235955949010898,63.108555803997774,2.3527544638767495,1.2421225979654476,176.8011787414551,187.67594147205776,165.92641601085242,0.06926950299909675,-0.4539651428837583,0.0034075694259330103,0.011117964423293714,0.04126406080667211,68.52706367345306,6.36047218287365,0.004056708319770711,0.036066785565141805,0.046914574679438825,0.05620724818147127,0.055157133595158614,0.052759652152022905,183437520.0,0.9477063361955613,0.21092181123275244,-0.0522936638044387,0.0,1.0
2025-10-02,189.57919146332628,191.0290292282152,188.0393519833977,188.8692626953125,136805800,0.00881217616136909,0.06303106525061297,0.10043482238373769,181.5920608520508,177.66306762695314,177.79548889160156,179.77351287924526,174.50782802608248,0.020253833083994924,64.04465142243956,2.856368126202966,1.5649717036129513,177.66306762695314,189.50228056211375,165.82385469179252,0.04715266900962889,-0.46667234621031267,0.001151711603039951,0.016974289043304003,0.03382326306476657,69.66007163064235,6.480284794713839,0.0037755724623985305,0.036079289654160185,0.04605677620730897,0.06661155931897111,0.0479774479302264,0.053548594485502164,183194305.0,0.7467797647967277,-0.28593268739427113,-0.2532202352032723,0.0,1.0
2025-10-03,189.16924608680657,190.33911589327727,185.35966652947783,187.5994110107422,137596900,-0.006723442800848245,0.05292106985454126,0.1234018076563379,182.68694305419922,178.69342498779298,178.07325439453126,180.51883651081639,175.02122343724562,0.01903654615000803,62.15216332891107,3.1170873212654158,1.8753948271434444,178.69342498779298,190.2047485978796,167.18210137770637,0.1435111818939861,-0.2313279198989107,-1.4767362221612679e-05,0.01116615413952382,0.03681075412061108,66.24146760567294,6.499521782157785,0.003644822435002597,0.03489296393978858,0.04175491571501744,0.08659105353572683,0.022188387551260735,0.05017811893400167,178852080.0,0.7693335185142941,-0.07388117816275697,-0.23066648148570595,0.0,1.0
2025-10-06,185.4796339074747,187.2094396983396,183.3098739831843,185.5196228027344,157678100,-0.011086325894107962,0.02029133932406202,0.10243277187143063,182.87992095947266,179.55530471801757,178.3142233276367,180.99510187195145,175.43292537314716,0.019408240090403,63.38519788064657,3.1199231034104287,2.1243004823968414,179.55530471801757,190.34290260270814,168.767706833327,0.257099986004966,-0.39187962219593525,0.003586228910336109,0.011948481382412668,0.037979155525665886,70.56125686035642,6.630889176779419,0.003663984166961074,0.037440494479731086,0.008342857941649351,0.06445361634576474,0.012365161306832517,0.02838721186474887,178547530.0,0.8831155491201699,-0.18328373825192235,-0.11688445087983015,0.0,1.0
2025-10-07,186.2095556681108,189.03924688644503,183.97980469837796,185.01968383789065,140088000,-0.002694803694029413,-0.008253803011262884,0.08368731727140455,183.5408493041992,180.26970825195312,178.48020446777343,181.37839539251706,175.80887668549005,0.01934748411119159,70.64090481935895,3.04670901982243,2.308782189881959,180.26970825195312,190.47355408867116,170.06586241523507,0.39756500740564016,-0.2832673697984835,-0.003707492250961897,0.004413199535570955,0.03174554197673185,67.12536884376489,6.460739677183824,0.003867510364451454,0.03251152493607556,-0.012667002546833839,0.0519417752946727,-0.006473788462080687,0.010933661428586058,177674510.0,0.7884529975627905,-0.40886400175541504,-0.21154700243720947,0.0,1.0
2025-10-08,186.5495190429729,189.57918508139647,186.519508300894,189.0892333984375,130168900,0.021995224919487466,0.009987111248976444,0.06648990737005023,184.7547164916992,180.85914306640626,178.75237243652344,182.11276091689047,176.32967498795858,0.01812322876538987,69.01031531968871,3.2792636597920364,2.5028784838639746,180.85914306640626,191.68389161443685,170.03439451837568,0.29521609841826274,-0.11771589585822725,0.005963052412792269,0.006971243665792715,0.034906131900431125,67.98174222314671,6.570293327457989,0.003982010507855049,0.03740040663482496,0.003015867583183729,0.0315837754696191,0.015029615707428112,0.016543086253410316,172840355.0,0.7531163656774484,-0.2512354403264059,-0.2468836343225516,0.0,1.0
2025-10-09,192.20888438710807,195.27855455286465,191.039014711271,192.54885864257807,182997200,0.01829625717954375,0.019482238108810446,0.08692210910167719,186.2425521850586,181.62905807495116,179.0185452270508,183.10667498600358,176.9657214057868,0.018391839911347213,71.55639597482799,3.70007556346269,2.7423178997837176,181.62905807495116,193.48452608725694,169.77359006264538,0.14075098216065363,-0.3407047052060863,-0.0028970083792374535,0.0028989891327806383,0.023403248244311836,60.99001661363371,6.426575563613483,0.003790420106934339,0.03317041849027211,0.016583248976029807,0.06351886085736536,0.013473073569488792,0.031191727800961317,174432250.0,1.0491018719302194,0.3376421175125617,0.049101871930219324,0.0,1.0
2025-10-10,193.4887469873255,195.5985159182785,182.03001384654087,183.139892578125,268774400,-0.04886534322137226,-0.02377149484953245,0.030030383617631218,186.73949737548827,181.8960289001465,179.12453430175782,183.1098385662056,177.20784576548635,0.021907556237273727,49.42820797447002,3.237032604633356,2.8412608407536455,181.8960289001465,193.62832073741848,170.1637370628745,-0.3525453296851651,0.2344418676861582,-0.02702782789908964,-0.02419278204702513,-0.003923818669167467,35.88059034022777,4.801866513001414,0.007362402519841034,0.004544399084705484,0.0004212871974926813,0.033954202286798685,-0.006193938639775132,0.009393850281505411,181625420.0,1.479828098952228,0.9533463326572038,0.47982809895222817,0.0,1.0
2025-10-13,187.9493639887039,190.089128427756,185.9395901592244,188.29933166503903,153482800,0.0281721203080485,0.014983368445397938,0.05946549658620626,187.38642578125,182.42447052001953,179.41669830322266,183.60407600418975,177.64280599684136,0.0226807823394021,62.57311573021815,3.248939585650419,2.922796589733,182.42447052001953,194.31774441838797,170.53119662165108,-0.4349768720304609,-0.017903306959465376,0.015344074693208754,-0.012760390437823177,0.006004224722608864,49.84629310539649,4.269013910254785,0.008063524329698077,0.018609420161559927,0.027743758883221115,0.05346127186359739,0.014686896850921949,0.031963975865913485,181946480.0,0.8435601502156018,-0.02660673866567398,-0.15643984978439815,0.0,1.0
2025-10-14,184.74970821605345,184.77970370013517,179.6802578066599,180.01022338867188,205641400,-0.044020911827305054,-0.02707528380390023,0.029448645939266438,186.73149719238282,182.68194122314452,179.41750091552734,183.26180432652137,177.7356458945602,0.024695135010595497,53.314553086632735,2.5600040577268146,2.8502380833317633,182.68194122314452,194.0992053843238,171.26467706196524,-0.5280395407185025,-0.27343863525958995,-0.0012216548034567065,-0.01029714076764876,0.006160509359300015,51.04571516180931,3.7386370464118954,0.008061869946930757,0.016340611054071787,-0.01677814303625147,0.023288136579966423,-0.05189611151710283,-0.01512870599112929,185191660.0,1.1104247351095615,0.4679444349266175,0.11042473510956163,0.0,1.0
2025-10-15,184.77971248532197,184.84969686580231,177.2705272995106,179.8102569580078,214450500,-0.0011108615216387507,-0.049071944888991026,0.05602209895240562,185.9905776977539,183.15888900756835,179.44909851074217,182.93308552952007,177.817003191166,0.023819758594231546,52.34442367912029,1.9751141817481823,2.6752133030150476,183.15888900756835,193.0939849817641,173.2237930333726,-0.6696785141754831,0.24767589957058608,0.004439615866679292,-0.011795952778617558,0.011884676755467893,56.60242251658291,3.5136998352065802,0.00810324571607026,0.01963417864335429,-0.03727599211037347,0.044137422196937726,-0.05331103790466751,-0.015483202606034419,185321995.0,1.1571778082790443,0.6474787756522487,0.15717780827904426,0.0,1.0
2025-10-16,182.20999112544493,183.2598789113643,179.75026972003684,181.7900390625,179723300,0.011010395836064779,-0.055875789947159804,0.031604590504101804,185.28265533447265,183.4373580932617,179.49709564208985,182.82422396123243,177.97280851945362,0.02270590943768917,53.84125103089093,1.6522900401660081,2.47062865044524,183.4373580932617,192.8522166528791,174.02249953364432,-0.7575300035609657,0.5453839452652433,-0.006810260525524803,-0.01567427993364201,0.0003195403080860082,48.920969902086554,2.9381047630901094,0.008207306516263968,0.01177175349823136,-0.040201510013517794,0.031285050196015796,-0.03354465313696098,-0.014153704318154325,184719995.0,0.9729498964094276,-0.017890437667898773,-0.027050103590572316,0.0,1.0
2025-10-17,180.1602152773484,184.07979842608083,179.7302697995737,183.19989013671875,173135200,0.007755381326113531,0.0003276050769120964,0.0370748899561224,184.84270324707032,183.76482315063475,179.5462939453125,182.86000169223112,178.17779211228756,0.022744818881674036,51.526624337128716,1.4930023791471,2.275103396185612,183.76482315063475,192.62501688674777,174.90462941452174,-0.7915558469920118,0.5624237199361595,0.005676300358907982,0.017411470635344983,0.001039630538557379,50.627556029070654,2.7511082091102708,0.008231618027685891,0.016459794804980683,-0.017083865558432887,0.036035259417565024,-0.0401375592934714,-0.007062055144779755,181517650.0,0.953820193242916,-0.3558344842365939,-0.046179806757083955,0.0,1.0
2025-10-20,183.10990104163824,185.1796658652692,181.7100455780644,182.6199493408203,128544700,-0.0031656175965260047,-0.03016145768547729,-0.005282941525351581,184.5527359008789,183.7163284301758,179.54529998779296,182.8371395635253,178.35199435654377,0.021003457278403644,45.16209544849639,1.3049269985717729,2.0810681166628444,183.7163284301758,192.59115967172534,174.84149718862625,-0.9933103010777449,0.8096292459823072,0.010400475399621634,0.012457805416941081,0.006688268370968142,54.19811058354926,3.121351240112176,0.008493509262552313,0.025905100296995286,-0.04261926310241837,-0.011971209896319723,-0.05674144800351355,-0.03711064033408388,174463035.0,0.7368019248318132,-0.16248139856713584,-0.2631980751681868,0.0,1.0
2025-10-21,182.7699167975169,182.7699167975169,179.7802549646251,181.14010620117188,124240200,-0.008103403516373953,0.0062767702368793366,0.015300149568468369,184.16477813720704,183.85281372070312,179.52750732421876,182.67551733853927,178.46133207594096,0.0200438979577523,42.68174048585091,1.024653364490149,1.8697851662283054,183.85281372070312,192.46411565002393,175.24151179138232,-1.1518925602461534,1.6893672531777708,-1.4995920012528252e-05,0.013680990932420256,0.012182964655602646,52.41815688825991,3.375058234777498,0.008384056044121532,0.02472684478725849,-0.0074042206955409196,0.0031171849128657225,-0.06343405296249283,-0.02257369624838934,171047065.0,0.7263509607721126,-0.39584052627535116,-0.27364903922788736,0.0,1.0
2025-10-22,181.12011433169937,183.4198648953589,176.74059027394597,180.2602081298828,162249600,-0.004857555235790012,0.0025023665473102863,0.0187037926184086,183.28187561035156,184.0182960510254,179.47012023925782,182.4454878900958,178.53187623491908,0.019977819837805347,39.44077186529504,0.723197498887572,1.6404676327601588,184.0182960510254,192.18693976842616,175.84965233362465,-1.186946529470334,1.8044800287838352,-0.005198815962920711,0.003953880438442692,0.01013469002297751,48.84447462739277,3.25854793264989,0.008444357155563622,0.01856338300245646,-0.0014515138911324055,0.008569102595431088,-0.05761927779510878,-0.016833896363603367,171981340.0,0.9434139773535897,-0.24341701231752777,-0.05658602264641036,0.0,1.0
2025-10-23,180.4001849787377,183.0098989665471,179.7702492811968,182.13999938964844,111363700,0.010428209748937878,0.0019250797730898661,0.025156104348626585,182.2409896850586,184.24177093505858,179.4817236328125,182.41639374719603,178.67337126059473,0.020077598508400605,43.40260156431732,0.6287274197912041,1.438119590166368,184.24177093505858,191.90833127992627,176.5752105901909,-1.2164913374203112,1.7954812458078502,0.005929891190499692,0.01683210928467016,0.02083429527998315,51.94981233897124,3.4442379160364,0.008434899370094324,0.02370857093896138,-0.014907029511580294,0.004321809068643434,-0.04135845905600588,-0.017314559832980914,167970190.0,0.6629968091361925,-0.38036025379013183,-0.3370031908638074,0.0,1.0
2025-10-24,183.81980015643103,187.44940625639555,183.47984116964935,186.23953247070312,131296700,0.0225075935807193,0.016591944087498867,0.04528861109821736,182.55095367431642,184.64522552490234,179.56671936035156,182.78050219705383,178.97008346491273,0.020624162215153143,50.82948010807633,0.8745756956854223,1.3254108112701788,184.64522552490234,191.79860071086821,177.49185033893647,-1.2192505092447887,1.5996180659250292,0.008172571104630766,0.019356070768910216,0.02331442009863216,54.11801297354628,3.9859406148477774,0.008523233818893163,0.031003894663151108,-0.0027641266814113497,0.021974190999585197,-0.029640941947829846,-0.003476959209885333,167106340.0,0.7857074722598796,-0.2416521885786368,-0.21429252774012045,0.0,1.0
2025-10-27,189.9691435897376,191.97891738858848,188.4093020699799,191.46897888183597,153452700,0.02807914271345946,0.048455985082445086,0.05301066243586394,182.8679183959961,185.12717208862304,179.78769866943358,183.6079761670331,179.4602362263607,0.021037504826377035,56.70060237996446,1.4743890079358266,1.3552064506033084,185.12717208862304,192.76439564009104,177.48994853715504,-1.1397920661935805,1.4258500751626333,0.011797712023148943,0.02076569167583786,0.03248552626212198,60.89485364644127,4.998698018991263,0.008844158824867212,0.041785101271232014,0.027690293406607225,0.020525136173741965,-0.006675593096971522,0.01384661216112589,165125800.0,0.9293078368129026,0.19376917134662097,-0.07069216318709735,0.0,1.0
2025-10-28,193.0288146936141,203.12769700573315,191.8889404255143,201.0079345703125,297986200,0.04981984937812545,0.10968210622045049,0.07744673723111806,184.96768951416016,185.84959335327147,180.16826263427734,185.2651150625835,180.3052440045549,0.023002075790925655,61.11940564623269,2.688468392877297,1.6218588390581061,185.84959335327147,196.2799468264869,175.41923988005604,-0.6052014944830866,1.254074315847019,0.002655998956591077,0.023492192494904973,0.03134287554742299,59.71314833858311,5.879566625208554,0.0088335617386717,0.04310772569361065,0.08618991372554552,0.04610386168369507,0.03357688216977461,0.055290219193005065,168176060.0,1.7718705028527841,1.398468450630311,0.7718705028527841,0.0,1.0
2025-10-29,207.95717223581016,212.1667169482571,204.7575264516481,207.01727294921875,308829600,0.029896025705414164,0.1484357812349617,0.10574660294936744,187.68839111328126,186.83948440551757,180.79639190673828,187.33674914702496,181.35277455140448,0.023718781230443072,62.88512610663539,4.088409794292602,2.1151690301050055,186.83948440551757,200.93210853535052,172.7468602756846,-0.6611951976160091,0.9593671441190957,0.0004802976988058649,0.02933509717408933,0.028334107293570554,61.561495106503095,6.528877452014626,0.008825962938819393,0.042047272601157495,0.11910068406087237,0.07741249565579689,0.10149686482553677,0.09933668151406867,174925295.0,1.765494235696444,0.903422874386131,0.765494235696444,0.0,1.0
2025-10-30,205.12746791137428,206.13736677538768,201.38788833733,202.8677215576172,178864400,-0.020044469393717956,0.11380104445716155,0.07411718912085385,189.79615936279296,187.5394073486328,181.3463293457031,188.81588937660518,182.19649796341284,0.024363279512533226,69.38493078408844,4.807620071350158,2.6536592383540363,187.5394073486328,203.34311313909657,171.73570155816904,-0.47851337458201887,0.4176474462744938,-0.010998144919191377,0.012013192490141877,0.015854368493016358,72.4878490643515,6.363529970447189,0.009254253385712143,0.02922975281204607,0.10178785196701967,0.0582628206278375,0.0884584284461778,0.08283636701367832,177028225.0,1.0103722160689348,0.6061283883347985,0.01037221606893477,0.0,1.0
2025-10-31,206.4273301118577,207.94716749796044,202.04782138155983,202.4677734375,179802200,-0.0019714724306379994,0.08713639231965797,0.07925591208762617,191.7229476928711,188.2828254699707,181.8966665649414,190.11606881097612,182.99144994278882,0.024277609966473237,65.358759691626,5.284411520188144,3.179809694720858,188.2828254699707,205.43935197378204,171.12629896615937,-0.5121820282039872,0.49540211690515545,0.0032802806107155025,0.007102264873938724,0.019201706802076002,68.35202530208252,6.338352548882767,0.009267785263380483,0.0310989812046352,0.08003412744571925,0.060054205285550166,0.08112725202732674,0.07373852825286538,179138490.0,1.0037050105758958,0.36943426605543017,0.0037050105758957776,0.0,1.0
2025-11-03,208.0571497059817,211.31678618801203,205.53742218982757,206.85728454589844,180267300,0.0216800483053341,0.08036970664349385,0.1150156593723386,194.1466812133789,189.3497085571289,182.47460357666014,191.71047030954014,183.92736502526373,0.02430428507775987,81.79021209806925,5.947905290515365,3.7334288138797596,189.3497085571289,208.3386574679849,170.36075964627292,-0.6991549249312942,0.6818902598494759,0.0018766870879645126,-0.0027727195852735864,0.017465565060571064,70.18555668054726,6.347925910837603,0.009250471713717979,0.031791987773801676,0.08314242622876744,0.09755009431176753,0.10050926800387128,0.09373392951480208,180267950.0,0.9999963942564388,0.17474179339952967,-3.605743561182118e-06,0.0,1.0
2025-11-04,202.9777066091775,203.9476013046771,197.90825607143532,198.66818237304688,188919300,-0.039588173995557474,-0.011640098696935719,0.0737678189263078,195.8994888305664,190.03213348388672,182.8523648071289,192.37310955368363,184.50543629380425,0.026296617785935734,68.77737316963226,5.746692483786262,4.13608154786106,190.03213348388672,209.34412388574108,170.72014308203237,-0.6153305713068767,-0.07600898050554489,-0.011853539942447533,-0.017203698935536638,0.009146398798692834,58.76416101883676,5.640590018397688,0.00963566255413285,0.018499053032992912,0.005563600238600919,0.06462142012761496,0.05114176525214975,0.04044226187278854,182709515.0,1.0339872009402467,-0.3660132583320973,0.0339872009402466,0.0,1.0
2025-11-05,198.7481902403631,202.89772869539195,194.6286320152979,195.18858337402344,171350300,-0.017514626436203384,-0.05713866000977075,0.03225646360696666,197.39232635498047,190.33710098266602,183.12134063720703,192.64124991752553,184.92438323812658,0.02634935505871872,62.954387647825186,5.245982900429226,4.3580618183746935,190.33710098266602,209.7785999203203,170.89560204501174,-0.4115673102373924,-0.2870475133689146,0.003465389196996238,-0.014271370443403097,0.0066408317864778965,65.32752457921876,5.207736636246182,0.009577136200161172,0.020975081551829644,-0.04286728956636765,0.02561563182048876,0.020837396961291166,0.0011952464051374252,184768585.0,0.9273778873178035,-0.4451623160474255,-0.07262211268219648,0.0,1.0
2025-11-06,196.3984375636917,197.59830279082223,186.35954634625867,188.05935668945312,223029800,-0.03652481390732354,-0.07299517515386633,-0.02331617016467835,197.98426208496093,190.11262588500978,183.2511309814453,192.20487913389957,185.04732337347275,0.02738713715199757,54.23050211033426,4.225192546603438,4.331487964020443,190.11262588500978,209.55027194245034,170.67497982756922,-0.2060069148691137,-0.6659130934939776,-0.010729333212666003,-0.014003448402892471,-0.0012664135546766042,55.035724789918234,4.23260099790275,0.009873515387360166,0.00924610756226208,-0.05899172675097386,-0.022049756610001747,-0.003753460651876761,-0.028264981337617456,186770215.0,1.1941400827749757,0.24692113131511917,0.19414008277497566,0.0,1.0
2025-11-07,184.8797053677576,188.29934352754728,178.8903723972709,188.1293487548828,264942300,0.0003721807128440613,-0.07081830574406611,0.027243961468577327,198.1732437133789,190.36209869384766,183.41091674804687,191.81673338351703,185.16818711392023,0.024945193555997402,54.83928122999553,3.3828610945906803,4.1417625901344906,190.36209869384766,209.54940011386333,171.17479727383198,-0.18490781260755973,-0.348768138691001,0.0009845075813768034,-0.016259671647706586,0.027487605400157822,49.685841041069416,3.472716628898638,0.007554748377995383,0.00951487303702119,-0.054558634096359526,-0.00024364393158049502,0.007504259975735783,-0.015766006017401413,186578610.0,1.4200036113464454,0.4735209024138749,0.4200036113464453,0.0,1.0
2025-11-10,195.08858253564551,199.91805415635875,193.76872011438095,199.0281524658203,198897100,0.057932501138553194,-0.037847988274935296,0.056977476796712834,198.92916107177734,190.8985397338867,183.90845886230468,192.50353520087924,185.71171516693593,0.027379922093836627,63.481548849428606,3.553783915742713,4.024166855256135,190.8985397338867,210.4396685346703,171.35741093310313,0.13381385383378464,-0.17428165829534423,0.015604434791510524,-0.0027804289350372713,0.027751079409228607,58.056937144491755,3.6682838819939434,0.00758025136900829,0.024091422821695126,-0.035067559339898025,0.029226397387484226,0.08350471869466469,0.025887852247416965,188849325.0,1.053205247093152,0.10334542093879473,0.05320524709315217,0.0,1.0
2025-11-11,195.13857433756357,195.3985402959953,191.2789975702345,193.1387939453125,176483300,-0.02959058026486583,-0.02783227974246838,0.07293236078205334,198.14224700927736,191.55496826171876,184.35620239257813,192.5640360336824,186.00297315824483,0.02623836925351546,59.02466458856398,3.1773924672516216,3.854811977655233,191.55496826171876,210.4266121707952,172.6833243526423,0.28630370415352013,-0.17306442078506584,0.0022891497024457585,0.011492118173580534,0.03136372593674808,62.446744970732325,3.903435674002708,0.007557036467375043,0.025064668882410473,-0.039324397916048914,0.04156863484530526,0.06141470190814813,0.021219646279134825,187391420.0,0.9417896507748327,-0.06582704890394997,-0.0582103492251673,0.0,1.0
2025-11-12,195.6985197370464,195.86849924763865,191.1090271797132,193.7787322998047,154935300,0.003313360000960719,-0.0072230201677173644,0.07768453022709942,196.81839294433593,192.2533920288086,184.81994384765625,192.6797213923607,186.3079048892864,0.026212977133463017,58.30006440788649,2.8973384949488548,3.6633172811139576,192.2533920288086,210.31125779369734,174.19552626391987,0.2594018590393755,-0.1714983643195346,0.0005563986064420767,0.00855985854025021,0.02737641862740392,60.10785757054815,4.073331179336151,0.007529327404991237,0.024361446085998443,-0.015782878707967574,0.050308111599695504,0.07140064915811895,0.03530862734994896,184415660.0,0.8401417753785118,-0.09579790639409447,-0.15985822462148822,0.0,1.0
2025-11-13,191.02901978717685,191.4189763426968,183.82981362374773,186.8394775390625,207423100,-0.03581019794270368,-0.006486670867459354,0.02777621096624827,195.21556854248047,192.50586395263673,185.12410369873047,192.1235076920466,186.32875087555212,0.02761396958004935,50.41119149399947,2.0913461027441826,3.348923045440003,192.50586395263673,210.08255200828418,174.92917589698928,0.3280885785044055,-0.4124693223236093,-0.016594021470737852,0.0025808182649003086,0.017255889909579825,45.88659369121463,3.2605250222384257,0.00836121810026331,0.006617338879143726,-0.009067489132359663,0.010520321056668447,0.05042868921845911,0.01729384038092263,185800650.0,1.1163744583240156,-0.0699758507607503,0.11637445832401555,0.0,1.0
2025-11-14,182.8399142970662,190.989012954952,180.56016596493996,190.14910888671875,186591900,0.017713769013105507,0.010736018304446038,0.03793243950536174,193.98370208740235,192.85332489013672,185.58724060058594,191.9354697105868,186.47856883677434,0.027817354347182285,49.07093557652757,1.7000537536476372,3.01914918708153,192.85332489013672,209.92286308875998,175.78378669151346,0.2717712947586547,-0.5218765359288188,-0.00016358609958400105,0.0014308936722773336,0.011348761647549388,37.9982022335624,2.57783389885833,0.008286878020449171,0.0056549360278781635,0.009305124632168704,0.02658367785781235,0.09764531789985109,0.04451137346327738,186473485.0,1.0006350232581325,-0.29572627700446474,0.0006350232581323827,0.0,1.0
2025-11-17,185.9495778546046,188.9792438771453,184.29976516169708,186.5795135498047,173628900,-0.018772611440638687,-0.06254712593060652,0.02168199160758011,191.95592498779297,193.05130310058593,185.95319030761718,191.42537864765518,186.4825274529716,0.02819301227412538,38.91193605855454,1.089357797950413,2.6331909092553065,193.05130310058593,209.70794845790238,176.39465774326948,0.32957697768539784,-0.6185983360082009,-0.009316523930962162,-0.02314227390131529,-0.008386742582597306,32.14223485995164,1.5170348759951366,0.00823186714555229,-0.004269664743262255,-0.039404852029291226,0.030068734190177415,0.07993224350968742,0.023532041890191202,188727695.0,0.9199969299683335,-0.12704157074185596,-0.08000307003166653,0.0,0.0
2025-11-18,183.3598703733926,184.7797126313021,179.6302689297591,181.340087890625,213598900,-0.028081462747415187,-0.061089260286197655,0.001104016629155602,190.22311553955078,193.0613021850586,186.1653598022461,190.46487476603326,186.28086315640897,0.028894441406943097,30.031100014298403,0.18051809007127417,2.1426563454185,193.0613021850586,209.68805402558613,176.43455034453106,0.36112754849721346,-0.7622505157173156,-0.00839746055820656,-0.033557729163923744,-0.016699030298064854,29.04068597311101,0.22524014417319904,0.008423010542698789,-0.012972268074694638,-0.02753153112227391,0.017803046927220456,0.04432894298207657,0.011533486262341039,193195630.0,1.1056093763611528,0.2103065842490479,0.10560937636115268,0.0,0.0
2025-11-19,184.76970592228736,187.8393762025218,182.8099296469334,186.49952697753903,247246400,0.0284517292724924,-0.03756452132736443,0.03461284613163551,189.35420989990234,193.3732681274414,186.34933959960938,190.0872225957005,186.289438208218,0.029525530134276938,37.46746839969646,-0.12201381190436678,1.6897223139539268,193.3732681274414,209.20378226293127,177.54275399195154,0.20045473542636943,-1.015886150796903,0.003863199783587179,-0.03036367389298189,-0.0077417743016110485,35.700083890253325,-0.5871478157614547,0.008418113761186159,-0.009521254702798148,-0.00720084743438254,0.04235462043324656,0.03309034833757085,0.02274804044547829,197445470.0,1.2522262475811676,0.595804184069092,0.2522262475811676,0.0,0.0
2025-11-20,195.92847930218133,195.97847686300787,179.83025642841662,180.6201629638672,343504800,-0.031524819976513574,-0.033286940517670005,-0.008344330904108022,188.61029052734375,193.29727630615236,186.41873168945312,189.18559786885925,186.0671136888317,0.030381686038316653,34.56702562595261,-0.8266588551479686,1.186446080133548,193.29727630615236,209.36761160649533,177.22694100580938,0.3339305530098861,-1.1057151372805187,-0.015242336682765423,-0.02903091539803715,-0.028626248903260487,28.289947519608873,-2.0180817324287545,0.008903447575118914,-0.024522759770762615,-0.004256025119632856,0.020281917999152466,0.024589843476841566,0.013538578785453725,209052525.0,1.6431506866515964,0.6560585585694167,0.6431506866515962,0.0,0.0
2025-11-21,181.22010834266524,184.5397359279593,172.91100782704066,178.86036682128906,346926200,-0.009743076928405703,-0.059367841014469125,-0.039621908149790164,187.6833923339844,192.92831802368164,186.43992950439454,188.20224253099542,185.78449616461435,0.029978348925166588,29.46010293042299,-1.5096931670100275,0.6472182307048329,192.92831802368164,209.98922728126826,175.86740876609502,0.5003616729133263,-0.8850076629611093,0.009961222976632822,-0.019198430339653405,-0.02690288374920846,33.40159227391855,-2.600603150468487,0.009013111779305768,-0.01490706021132943,-0.04016941067481572,-0.012719024400581702,0.000717600034846333,-0.017390278346850363,219834000.0,1.5781280420681059,0.8592779214960564,0.578128042068106,0.0,0.0
2025-11-24,179.47030653663683,183.4798609481747,176.4606271183833,182.52996826171875,256618300,0.020516571142315865,-0.021704126091018905,-0.04668646938172616,186.03357391357423,192.4813674926758,186.53591888427735,187.66202593392143,185.6568676194028,0.029630023950532245,37.319309559024305,-1.7348977902635738,0.17079502651115147,192.4813674926758,210.1604075880869,174.80232739726466,0.5263189532141719,-0.7764017258857097,0.014718507062180475,0.004596855131794753,-0.024093807195795458,45.65008928071372,-2.257954804269275,0.009257268985104265,-0.0006961695145634247,-0.026300981222813657,-0.0225926621859307,0.01236677226158367,-0.01217562371572023,224992280.0,1.140564911827197,0.4779699692850672,0.1405649118271969,0.0,0.0
2025-11-25,174.89079203873564,178.14043506786686,169.53138015579162,177.80047607421875,320600300,-0.02591077088622873,-0.01951919102708921,-0.11545543485984022,184.49974212646484,191.32099456787108,186.5947122192383,186.72283070918783,185.34877383331713,0.027419270568364112,36.60039691912828,-2.268850671983415,-0.31713411318776186,191.32099456787108,209.67713278701024,172.96485634873193,0.6945150175256654,-0.3331001567295961,0.00940589965210692,0.02263351696621041,-0.017523986742497,48.37520315913541,-1.4648403846200608,0.00952361087312319,0.008195625030354356,-0.04215270799329962,-0.09793144811734322,-0.008781562102600615,-0.049621906071081155,226122985.0,1.4178138502815183,0.5009454636704589,0.41781385028151824,0.0,1.0
2025-11-26,181.6100638206842,182.8899220695924,178.22043661727494,180.24020385742188,183852000,0.013721716820289664,-0.03356213938746877,-0.12934702844030443,183.14588928222656,189.98214111328124,186.7940902709961,186.10543767568632,185.14843775583105,0.026536583326320803,43.504977129615526,-2.4667118168704008,-0.7470496539242897,189.98214111328124,207.39999218206054,172.56429004450194,0.7490454028361596,0.0059042566304616925,0.006903575013019525,0.025730741383284128,-0.011216300422005387,56.15072248767259,-0.4571238526449406,0.009677556030085464,0.014479316199026015,-0.0592928807707529,-0.11813072801829905,0.024589255183849357,-0.05094478453506753,219874105.0,0.8361694070340844,-0.2564017110057012,-0.16383059296591565,0.0,1.0
2025-11-28,178.99033405428943,179.2703020816569,176.48061521713345,176.98056030273438,121332800,-0.01808499704797284,-0.02015058895645505,-0.1276061122790818,182.15999755859374,188.68778305053712,186.80928833007812,185.23640173540517,184.82812883610177,0.02648778450684206,41.2052318311595,-2.853649102077526,-1.168369543554937,188.68778305053712,205.92029796979273,171.4552681312815,0.7437578839367365,0.01613725062410003,0.005458406338614941,0.0472927858105181,0.005236620825204152,57.83896071472095,0.6318834331918879,0.009436301961671376,0.019318091373264023,-0.06744337476697315,-0.13284273310428596,-0.030454560800128316,-0.07691355622379581,216997525.0,0.5591437045192106,-0.646779899436631,-0.4408562954807895,0.0,1.0
2025-12-01,174.7408159055669,180.2802164760195,173.66093259662904,179.90025329589844,188131000,0.016497252512760685,0.0058139569603388175,-0.11146228240894818,181.1351119995117,187.55940704345704,186.87428161621094,184.72819712211881,184.63487881491733,0.026970436180973383,32.737787361107536,-2.8913748947130102,-1.5129706137865517,187.55940704345704,203.92642043823523,171.19239364867886,0.6262073606080741,-0.30927241009621764,-0.004565415602551193,0.03222919382307787,-0.002624374055154255,49.18601799951822,1.2304168008838587,0.00946906359067495,0.014163175974516346,-0.026415236862739055,-0.10883790835379392,-0.006570115185980052,-0.04727442013417101,217413965.0,0.8653124007006634,-0.45772040278307025,-0.13468759929933663,0.0,1.0
2025-12-02,181.7400335835938,185.63961443898967,179.98023235974816,181.4400787353516,182632200,0.008559328912786324,-0.005971016906135884,-0.12287314834642504,180.6211685180664,186.28854675292968,186.83128631591796,184.41504299004575,184.50959253728732,0.026427401680597862,38.54289857316151,-2.765146920613887,-1.763405875152019,186.28854675292968,200.09291098076784,172.4841825250915,0.6933147126478071,-0.031059910803538943,0.0018522092741120044,0.01914086627131506,-0.0026487418992486855,48.973080611277325,1.7852752942667394,0.009468797763935482,0.015596781417324072,-0.025111883177450944,-0.12022440644717636,-0.03373894591089732,-0.059691745178508206,217532210.0,0.8395639431971936,-0.28831186240420115,-0.16043605680280634,0.0,1.0
2025-12-03,181.06012391136443,182.4299686383783,179.09033894604931,179.57028198242188,165138000,-0.010305312728931315,0.00995388734203595,-0.09612963768281801,180.4441879272461,185.33365173339843,186.85448394775392,183.95363717979586,184.31589408415533,0.025266111142819826,36.41231306862757,-2.783896289623357,-1.9675039580462865,185.33365173339843,198.1383010059223,172.52900246087455,0.7346413957655528,0.20158393873838817,0.0034627677932603795,0.013140417340833155,0.012810240556425878,50.34672291830765,2.386843119818991,0.009078648370209972,0.018485830250606173,-0.003186529998797205,-0.10893987823924389,-0.024680400341556386,-0.04560226952653249,216343145.0,0.7633151491811769,-0.4849100265969807,-0.23668485081882304,0.0,1.0
2025-12-04,181.61017209543596,184.51002440204851,179.95027347354184,183.37008666992188,167364900,0.021160543078458716,0.01736506476088917,-0.06054911870257684,180.13124389648436,184.74272689819335,186.9828744506836,183.89806094076025,184.27880359732265,0.025712940768664944,46.47023865122455,-2.463742329706321,-2.0667516323782937,184.74272689819335,196.69489050865593,172.79056328773078,0.5127572945995087,-0.21894803114834724,0.0007310561539983773,0.006929665399872054,0.010050443819184851,59.846949099786066,2.870613653385817,0.009054986865697617,0.018523856125686324,0.010435399361017117,-0.0705995625217617,0.0010494655832808952,-0.019704899192487895,216143875.0,0.7743217336137792,-0.08967593499118853,-0.22567826638622077,0.0,1.0
2025-12-05,183.88004685245295,184.6500094505641,180.9002124089338,182.40013122558597,143971100,-0.005289605638251649,0.030622407984137512,-0.030092762006053042,180.30924072265626,184.459765625,187.07746704101564,183.7554009678865,184.20513017098006,0.024475924702503274,41.72209048498362,-2.2622079825421793,-2.105842902411071,184.459765625,196.34911424851052,172.57041700148946,0.5343443219568543,0.04266743763652256,0.0018995368427094927,0.003365588310136003,0.02294458516251563,60.76681372213069,3.3200410670481233,0.00865952748522001,0.019619749600920434,0.02725681967400151,-0.05303734716856867,-0.015382675495969833,-0.013721067663512332,212190940.0,0.6784978661200144,0.18658021573721206,-0.32150213387998566,0.0,1.0
2025-12-08,182.6301165694494,187.98982714518385,182.39012406320572,185.5399627685547,204378100,0.017213976338018577,0.03134909133996655,-0.013763859830833058,180.97720031738282,184.3302963256836,187.22485748291015,183.9253592346168,184.25747654735554,0.024821722411068618,48.87920010579988,-1.8280596617346987,-2.0502862542757967,184.3302963256836,196.10725545707345,172.55333719429376,0.42322076752616916,-0.21113947410293726,-0.0030042775146746914,0.004939164575746391,0.018868292188469526,65.04192434088634,3.470921006831418,0.008709825583021814,0.015897590368114844,0.02640992676422016,-0.032632152019302585,0.008407710292460235,0.0007284950124592701,209162730.0,0.9771248443735651,0.0863605679021533,-0.022875155626434978,0.0,1.0
2025-12-09,185.5499558649533,185.7099508683659,183.31008684903043,184.95999145507807,144719700,-0.003125856580019293,0.019399863273100948,-0.07068427675405475,181.22020263671874,183.62688827514648,187.28745635986328,184.0238956365655,184.28502615157996,0.020678470922951244,54.338753175008776,-1.5133478950918118,-1.942898582439,183.62688827514648,193.17767797460004,174.07609857569292,-0.08510652194955952,-1.4469651015461613,-0.0008631449669616043,0.0022154436543453393,0.0023477904161075536,70.98709391067898,3.5027723818063805,0.008003395011461486,0.014437026589800067,0.01718441961875561,-0.07303206717016231,-0.011956989956916741,-0.022601545836107812,206453860.0,0.7009784171630407,-0.20758935171344373,-0.2990215828369593,0.0,1.0
2025-12-10,184.9599880707457,185.46995496958337,182.03013874897007,183.77005004882807,162785400,-0.006433507035163322,0.023387879219442853,-0.04850783058703989,181.8171600341797,183.15845108032227,187.23166717529296,183.9997198663048,184.26483101029555,0.019766204203820557,46.384458240721074,-1.3444568180770773,-1.8232102295666155,183.15845108032227,191.5994413084706,174.71746085217393,-0.1579433041506331,-1.236482337720205,0.00663226800901473,0.005381004118417687,0.006691162824556507,72.00064109869706,3.847139317562096,0.008122588643802749,0.020516648721218663,0.018006875101025166,-0.0551989934115964,-0.04706059253397399,-0.02808423694818174,205768965.0,0.7911076386081837,-0.01424626675871088,-0.2088923613918163,0.0,1.0
2025-12-11,180.27023782951787,181.31019006496976,176.61043233199788,180.92019653320312,182136600,-0.015507714749317003,-0.013360358721587473,-0.06635679578452136,181.88515930175782,182.5155242919922,187.1056820678711,183.70643192981893,184.133668873939,0.019932386092712966,50.43211412829693,-1.4241520459578396,-1.7433985928448603,182.5155242919922,189.35798174964984,175.67306683433455,-0.014859004847692266,-1.320664150985859,0.002326948130527251,0.0069843114885250746,0.008472568212321008,88.0240077611368,4.200008342624642,0.008134425378165642,0.022262580064962987,-0.020344670210112548,-0.07482936399684237,-0.06464331904739495,-0.05327245108478329,207129030.0,0.8793388353143932,0.08826044170551883,-0.12066116468560684,0.0,1.0
2025-12-12,181.1001951855933,182.81010931847595,174.61054106596097,175.01052856445312,204274900,-0.03266450115570951,-0.04051314333756506,-0.06331075814604703,181.6881561279297,181.92407684326173,186.8285073852539,182.87825065692695,183.7758986657239,0.019672549475533836,45.04739562796778,-1.9417881787452416,-1.7830765100249366,181.92407684326173,189.22257707535184,174.62557661117162,0.027611295240900776,-1.3839837843497513,-0.010752057995096265,-0.005731491891449614,0.014463440790189352,73.15129846839754,3.8408453019990247,0.007575755813051084,0.010895081002206247,-0.03478165144611545,-0.07777419893623638,-0.09211570818240711,-0.06822385285491965,206971620.0,0.9869705807975026,0.41886045185457355,-0.013029419202497424,0.0,1.0
2025-12-15,177.93037643785232,178.4103461991077,175.02053019793698,176.28045654296875,164775600,0.007256294743706926,-0.04990572428397211,-0.0729356683549448,181.32617645263673,181.23064422607422,186.60212829589844,182.24988931274044,183.4819597589492,0.019224648785756516,41.43130911288986,-2.223910117215638,-1.8712432314630771,181.23064422607422,187.84173258087284,174.6195558712756,0.055356297801314944,-1.2674988181627926,-0.0015107978831542246,-0.004242097572464298,0.013096520079528107,64.84412132722187,3.4339792758094063,0.007590240434398267,0.009023111399734452,-0.04566362671150781,-0.08603218843447291,-0.07754999659307482,-0.06974860391301851,205880805.0,0.8003446460198171,-0.19377076115298064,-0.19965535398018286,0.0,1.0
2025-12-16,176.25046044282257,178.48035080582065,174.8905333961456,177.71038818359375,148588100,0.008111685598434226,-0.03919552122841152,-0.04753536547217685,180.95320739746094,180.78718795776368,186.44594360351562,181.81755587186933,183.25562361873918,0.019047243369994735,49.864192795709286,-2.3055334980504085,-1.9581012847805435,180.78718795776368,187.06923512979498,174.50514078573238,-0.1355902172112967,-1.1941670496302503,-0.00273229759527871,-0.006104928966496392,0.019829706762488408,55.34876737919492,2.928543350304494,0.00726995586769465,0.006049631756232623,-0.03309059226191513,-0.06736507223466526,-0.05290374830125166,-0.051119804265944015,204628765.0,0.726134959569345,0.02673029311144237,-0.273865040430655,0.0,1.0
2025-12-17,176.0904801521757,176.12047730871902,170.30078481189744,170.93075561523438,222775500,-0.038149894542773066,-0.06986608770135427,-0.05740226773061341,180.0892547607422,180.26672134399413,186.1641650390625,180.78071775218982,182.772295461739,0.019880481883350773,37.589876678848675,-2.884034944350759,-2.1432880166945867,180.26672134399413,187.92907503565266,172.6043676523356,-0.2507611693008732,-1.03819218146866,-0.011003620102041367,-0.02351766529924426,0.01714935973064069,39.329852857109124,1.9066470100905235,0.007468059906104779,-0.005087789137786142,-0.04634842240211001,-0.0745516274612541,-0.07955572518386411,-0.0668185916824094,205087595.0,1.0862456112959928,0.36852260706427,0.08624561129599281,0.0,0.0
2025-12-18,174.52054772862792,176.14045512074784,171.8107030234881,174.1305694580078,176096000,0.018719942068098128,-0.037528298140828364,-0.06632165625289155,179.1653030395508,179.64827346801758,185.8649917602539,180.14737029560106,182.43340424590642,0.01918314574014055,46.19469969574881,-3.049154518018952,-2.32446131695946,179.64827346801758,187.18813725085374,172.1084096851814,-0.36435812338529183,-1.0979823513886897,0.0075513325776148665,-0.01842798958835823,0.020886305074244937,41.38441220333846,1.4864395794305665,0.007590212043492082,0.002325313183813456,-0.019100308552470135,-0.08720796132713649,-0.08410072371471211,-0.06346966453143958,201530075.0,0.8737951395095744,-0.03316521775414716,-0.12620486049042556,0.0,1.0
2025-12-19,176.6604358481607,181.4401759084778,176.3304518785618,180.98020935058597,324925900,0.03933622863520214,0.034110409442791534,0.0019933897789186084,179.02331085205077,179.66627578735353,185.63361877441406,180.2266883008377,182.37641621079584,0.020202661732061804,51.30500101150764,-2.597363485809524,-2.3790417507294728,179.66627578735353,187.2176206684193,172.11493090628775,-0.19477559829237054,-0.49156868475989696,0.009063445479451815,0.0012337582474888364,0.046083814134432854,52.699797512216385,1.626603093855806,0.006740658558007346,0.011067035716767464,0.0328766511953027,-0.044090424355514246,-0.07712841437083617,-0.029447395843682573,200601130.0,1.6197610651545182,0.5906305669467957,0.6197610651545183,0.0,1.0
2025-12-22,183.91003698180788,184.15002947617,182.34012994783168,183.6800537109375,129064400,0.014917898316282319,0.04197627640115109,0.02694664544920733,178.83731994628906,179.90726013183593,185.6444219970703,180.55558024465674,182.42753925001708,0.020310115148937217,52.632934487088654,-1.9984243693118628,-2.302918274445951,179.90726013183593,187.65537093802058,172.15914932565127,-0.3654439724663057,-0.46119217256082706,0.006229892278320159,0.00899572531270243,0.04221902748729445,55.76599862140538,2.0551936425941904,0.006566154670317738,0.016347203591813356,0.03298055108844866,-0.015272382038087118,-0.04886159860496431,-0.010384476518200922,189708040.0,0.6803317350176619,-0.21672626286901697,-0.31966826498233814,0.0,1.0
2025-12-23,182.96010023623109,189.31975669034463,182.89009670029145,189.19976806640625,174873600,0.030050700900573935,0.06465226934816415,0.036540847884902306,179.26129760742188,180.24075012207032,185.66243072509766,181.3788362276805,182.69311685065978,0.020883093360590462,60.42433526880244,-1.0660769149892815,-2.055550002554617,180.24075012207032,188.97550338724005,171.5059968569006,-0.3072395665114149,-0.5529508970305801,0.004570454818432879,0.016384359227833434,0.031795946537494846,56.50028307877408,2.6165683013945227,0.005896930373734165,0.020178625369317207,0.048267910120330715,0.00474490134740746,-0.0358685386968538,0.0057147575902947905,185620805.0,0.9421012908547617,0.1769017841940237,-0.05789870914523833,0.0,1.0
2025-12-24,187.92983057380167,188.899779295176,186.57989753660075,188.59979248046875,65528500,-0.0031711222062752453,0.10336955922085456,0.06073839983275442,179.74427185058593,180.7807159423828,185.8342221069336,182.06654634699368,182.92475118908368,0.01987814992440703,56.08279301123007,-0.37131753837269343,-1.7187035097182324,180.7807159423828,190.1894798787057,171.37195200605993,-0.38619865731558134,-0.100108591602481,0.0035176203055324873,0.031307731979074216,0.02577705684805487,58.21567406679191,3.219094538250374,0.005626586910596822,0.02285408324788664,0.07206182724178034,0.03496134298469955,0.00212867644983894,0.03638394889210628,172867215.0,0.379068408084205,-0.7058540997551346,-0.6209315919157951,0.0,1.0
2025-12-26,189.9097162518428,192.6795705614005,187.98982202804387,190.51968383789065,139740300,0.010179710869091974,0.09411968519309943,0.05703211470289005,180.7042205810547,181.29468994140626,186.04841064453126,182.87160706041246,183.22259168511533,0.01979452100748908,59.23986027616879,0.33039487396592904,-1.3088838329814,181.29468994140626,191.65417520871657,170.93520467409596,-0.367592738253859,-0.06327317976280145,-0.00010141503224314619,0.023474545196679797,0.018640764704304535,56.98964076035657,3.648904392544864,0.005474625471481854,0.021929732941324737,0.07064513999641964,0.03839134999858551,0.01869822085070605,0.0425782369485704,170661630.0,0.8188149849500441,-0.20645386607305105,-0.18118501504995588,0.0,1.0
2025-12-29,187.6998414610299,188.749772392931,185.8999358866866,188.20980834960935,120006100,-0.012124077899723695,0.03994690372480769,0.063449047893547,182.0241485595703,181.85615234375,186.17680603027344,183.38000718319313,183.41816880921314,0.019503652426338447,53.096716741955944,0.6921408005339629,-0.9086789062783275,181.85615234375,192.44579265116948,171.26651203633054,-0.3887941859109872,0.10407630519635515,-0.003563628207054803,0.010667135953624785,0.009500444119332707,56.506569727486564,3.7483615589485453,0.0054542224651217,0.01740967054667753,0.029279767771182907,0.05394860377421429,-0.008949647267893157,0.024759574759168013,170595295.0,0.7034549223646526,-0.6306662534442469,-0.29654507763534743,0.0,1.0
2025-12-30,188.22982052336852,188.9797799436452,186.91987858592933,187.52984619140625,97687300,-0.003612788112190346,0.020959229936459378,0.042410128700367755,183.14908752441406,182.23763198852538,186.26340515136718,183.77522994588008,183.57941105949524,0.01930272774247305,52.97384075032948,0.9134303337943095,-0.5442570582638001,182.23763198852538,193.07734469734677,171.39791927970398,-0.24875406890926616,0.15696401457965997,-0.0012211007345822589,0.0031832857657616564,0.01289201539624707,56.21134981954547,3.716746667104303,0.005341266854782859,0.015429035628152768,0.01777594417069772,0.029518113304120686,-0.01346664636306305,0.011275803703918452,166073110.0,0.5882186465948641,-0.24311196580931693,-0.41178135340513583,0.0,1.0
2025-12-31,189.55975523635485,190.54969193131708,186.47991997410412,186.4899139404297,120100500,-0.005545422619901985,-0.014322713783800456,0.02783197207736987,184.02704010009765,182.4901237487793,186.3408044433594,184.03377127869433,183.69354842737505,0.019317971489568934,53.15839700705505,0.993438303264611,-0.23671798595811788,182.4901237487793,193.48574760531417,171.49449989224442,-0.1323025811917611,0.11157021010199417,-0.007408967373390696,-0.008779594546242886,0.003528786176813181,46.28130206784218,3.2446842898234536,0.005625812579824964,0.007530549707286877,-0.00554311923755757,0.02430318590055669,0.0023696489301243684,0.007043238531041163,162946525.0,0.7370546871128427,-0.31321537384716736,-0.2629453128871573,0.0,1.0
2026-01-02,189.82971935613105,192.91954841717475,188.24980305842183,188.83978271484372,148240500,0.012600514015812303,0.001272484085049097,0.051620460969868276,185.81794281005858,182.9535987854004,186.4947979736328,184.49148665356572,183.89536153668757,0.0192569722932473,59.30453269043611,1.2322552949309227,0.057076670219690234,182.9535987854004,194.20937433048917,171.69782324031164,-0.3073607229567384,0.21667595410891405,0.0018330397334518356,-0.010443532083452167,0.0018989508962730106,45.89801059139493,2.9373008310300293,0.005587604986095107,0.008964226648199333,0.011716016168501264,0.049721510073595265,0.02180219069684819,0.027746572312981572,162101650.0,0.9144909999373849,1.262229411630054,-0.08550900006261503,0.0,1.0
2026-01-05,191.74961996436147,193.61952916959007,186.13992286460277,188.1098175048828,183529700,-0.003865526635683514,-0.012648909994299351,0.025847895483044336,187.2158676147461,183.19058532714843,186.65179016113282,184.8360895917864,184.06063431975406,0.018801728988908594,67.52273733255863,1.3470889862403226,0.3150791334238167,183.19058532714843,194.68043596730752,171.70073468698934,-0.16591893900022261,0.43667752171919877,0.006660113816063129,-0.003751938850462766,0.007834928015096665,58.74757125805169,3.0249734232883156,0.005776400452049803,0.01502782281882901,-0.008896971143836585,0.01801296746794767,0.010673714000826395,0.006596570108312494,162909890.0,1.1265718735676513,0.31336271641036983,0.12657187356765143,0.0,1.0
2026-01-06,190.50969495089785,192.15959956375175,186.80989821500853,187.22987365722656,176862600,-0.004677819899715829,-0.005206607992302437,0.026478832000769392,187.84083404541016,183.43207244873048,186.75358764648436,185.06406902659023,184.1849182153412,0.018790690206591205,64.80131348244134,1.3515120102595688,0.5223657087909671,183.43207244873048,195.0542280931661,171.80991680429486,-0.1709688089671988,0.4470043149978042,0.005947183373089304,0.005757075337395445,0.011906553362315497,63.45959664072728,3.384569084229611,0.0059010381622213275,0.020400843941131012,-0.010963683329697882,0.014572278638453895,-0.004945185996690915,-0.00044553022931163405,164554465.0,1.0747967245981445,0.47378008284578876,0.07479672459814445,0.0,1.0
2026-01-07,188.55979791265688,191.35963411085103,186.5498969714268,189.09976196289065,153543200,0.009987125820996923,0.008371551533626453,0.01918615882647612,188.38280487060547,183.61006240844728,186.81079223632813,185.4484207348093,184.37765718583336,0.01853992359834149,65.21506570655572,1.4887403752819353,0.7156406420891608,183.61006240844728,195.4746472857407,171.74547753115385,-0.1431409439761108,0.6158674051020337,-0.0032233567922274053,0.0037408301022439083,0.01168419758719863,62.973184673126916,3.4503296988575585,0.005908296412584793,0.016682088795895292,0.004630721431382545,0.007501961239277488,-0.00585690925685145,0.0020919244712695275,162012720.0,0.9477231170490811,0.5717826165734952,-0.05227688295091892,0.0,1.0
2026-01-08,189.09977067708235,189.53974931649188,183.7000688940612,185.0299835205078,172457000,-0.021521859150629208,-0.007828468516470122,0.00037841732625043534,187.96582641601563,183.61356201171876,186.68201232910155,185.4085695715425,184.40323861072255,0.019205721602174753,70.30530238431429,1.2546350832400606,0.8234395303193407,183.61356201171876,195.47986459343443,171.74725943000308,-0.06411005312402247,0.17412634188415016,-0.00010153268198576093,0.0111303493724908,0.012455374337928093,74.13969864336659,3.456961528208808,0.00590083570432628,0.016390383436318153,-0.01895881788896092,-0.012076957011677658,-0.0428341602836122,-0.024623311728083592,163399585.0,1.0554310771352327,0.43593906769746993,0.055431077135232626,0.0,1.0
2026-01-09,185.06998015284367,186.32990643372668,183.66005283935564,184.84999084472656,131327500,-0.000972775721840291,-0.021127920254716215,0.005876587592001714,187.5908462524414,183.66755905151368,186.35885345458985,185.35537159756004,184.4207583061737,0.019145259734757062,66.90852600663484,1.0425630303444962,0.8672642303243718,183.66755905151368,195.54668142483078,171.78843667819658,-0.10984750694201463,0.22628599013803985,0.006613342394092614,0.01595501466866245,0.012436339243236949,73.82830174923419,3.785529066063077,0.0058998248862279145,0.02283969623887975,-0.03708293492337866,-0.006559751651235235,-0.09357251279859713,-0.04573839979107034,161826690.0,0.8115317689560356,-0.11409162813131368,-0.18846823104396437,0.0,1.0
2026-01-12,183.2100845491025,187.1098673607792,183.010098425574,184.92999267578125,137968500,0.000432793264901532,-0.01690408757649786,0.0221633417352729,187.03187713623046,183.86804885864257,185.9171078491211,185.3148593192954,184.44072828145244,0.018773403060434846,57.92218138990273,0.870910564822708,0.8679934972240391,183.86804885864257,195.68713395374076,172.04896376354438,-0.22207832200884745,0.5274728203536964,0.0015704538117717881,0.010818359770599084,0.01167221498201898,70.18565810261919,4.086528975933334,0.005890822937015509,0.02415034682436852,-0.027722447347096946,0.010491126753253921,-0.12098484319272595,-0.04607205459552299,159618285.0,0.8643652574014312,-0.2482497383257315,-0.13563474259856884,0.0,1.0
2026-01-13,184.9899882929175,188.0998205983224,183.3900687774691,185.7999420166016,160128900,0.004704209026523465,-0.007637304948690193,0.06165008208734668,186.7908905029297,184.40751953125,185.57575225830078,185.36105767141981,184.49403078087005,0.01699414272791196,54.588753163342474,0.7958977764044732,0.853574353060126,184.40751953125,195.48606344644494,173.32897561605503,-0.20155920165408445,1.379295465717726,-0.0019994751058702853,0.0028332205683356815,0.02062320142573215,63.447722199313255,4.165207366730897,0.005298688726520462,0.021622664232162667,-0.010470525517025875,0.04102688066161453,-0.10765324045544622,-0.025698961770285855,157410985.0,1.017266361683716,-0.09461412418453652,0.01726636168371604,0.0,1.0
2026-01-14,184.3100252062831,184.45001701406107,180.79021156477043,183.1300811767578,159586100,-0.014369546141221212,-0.031568949236987165,0.03885640398327106,186.35091400146484,184.75000076293946,185.18899841308593,185.14858371954725,184.44054256110095,0.017401091192381278,35.01229433817008,0.5150766612014195,0.7858748146883847,184.75000076293946,195.17490990692963,174.3250916189493,-0.04061882370262038,0.9644964731161741,-0.0049152373416185835,0.0011310598769467273,0.017143294089937866,53.57991869129487,3.9080977843838127,0.005437624766005801,0.01629257241670465,-0.03270000911393389,0.021713109893333193,-0.11066980662865422,-0.04055223528308497,157151510.0,1.0154919924091088,0.03935635052545483,0.01549199240910889,0.0,1.0
2026-01-15,186.48991316970117,189.6897370464893,186.31992419508657,187.03988647460935,206188600,0.02134988022026696,0.010862579760640534,0.052498328242787995,186.40591125488282,185.21647567749022,184.79265045166017,185.32870779145793,184.54247761653266,0.01788869194585733,46.68932290106525,0.6010835985638607,0.74891657146348,185.21647567749022,195.1378446940626,175.29510666091784,-0.0896357504010598,0.5951764501839164,0.0027232143965294497,0.003959289071240324,0.02270753468944231,52.81987709096311,3.8116848377976567,0.005384281614829916,0.01873282497129599,0.00690329068940021,0.029790793553345685,-0.11181985414947171,-0.025041923302241937,160031535.0,1.2884248095226982,0.1955942640774222,0.2884248095226981,0.0,1.0
2026-01-16,189.0697614175565,190.4296883714215,186.06992389502736,186.21990966796875,187967200,-0.004383967623675322,0.0074109758782348045,0.08944647788927051,186.1439239501953,185.98093338012694,184.5436849975586,185.41358416064944,184.60825926560858,0.01522404091124906,40.42741834339381,0.5962067404284426,0.7183746052564726,185.98093338012694,193.27616030589957,178.68570645435432,0.6082774930782638,0.16121028447453317,-0.0008378739908954103,-0.003472281313865788,0.03321979272691,52.01551887060199,3.6465670469592624,0.004600662675310344,0.017328025502611526,0.010883257192100593,0.05622668516236051,-0.0900025616047655,-0.007630873083434797,158291120.0,1.1874778572544056,0.4312859073689821,0.1874778572544057,0.0,1.0
2026-01-20,181.89014292514364,182.37012791600927,177.60038196777572,178.06036376953125,223345300,-0.04381672138594639,-0.03714718638578984,0.02256808970277402,185.13897857666015,186.17742309570312,184.20112060546876,184.7132774567334,184.35147905007614,0.0182499026822399,32.073485450044046,-0.06531248494249553,0.5616371872166789,186.17742309570312,192.2355403856842,180.11930580572204,-0.17673735893725842,1.3530937061463797,-0.020356785723545046,-0.02528912096608693,0.004600684921500564,38.616706474638335,2.355515229260959,0.006539062576484321,-0.0034400257265569468,-0.011858065419702912,0.017967404781273455,-0.0907070581573699,-0.028199239598599785,160653585.0,1.390229169177893,0.6188137147247379,0.3902291691778929,0.0,0.0
2026-01-21,179.04031586008543,185.3699752173061,178.3903418724365,183.31008911132807,200381000,0.029482840710084668,-0.013400719495655466,0.01287367148652585,184.74700012207032,186.29391708374024,184.10613525390625,184.5796404714567,184.31064022894878,0.017275306640946467,43.582749941065074,-0.1640709677542702,0.4164955562224891,186.29391708374024,192.01125701916268,180.5765771483178,-0.4841199098303748,1.290502704132011,0.011541079202094462,-0.012064553179889859,0.007067360873247885,48.45456028828667,1.9392829179992077,0.006735343990996353,0.007555592044280087,-0.0013361663157656078,0.005806310613277965,-0.05078745851552413,-0.015439104739337258,154426340.0,1.2975830418567196,0.2513731125362131,0.2975830418567195,0.0,1.0
2026-01-22,184.7399951080077,186.15991637882956,183.92003219020145,184.8299865722656,139636600,0.008291401026020218,0.00928250227698535,0.00626052115129383,184.3200225830078,186.35141372680664,184.04014801025392,184.60348295724802,184.33100675221613,0.01705202999397636,47.51196500737021,-0.1183307113325327,0.3095303027114848,186.35141372680664,191.98052189648206,180.72230555713122,-0.466930905934585,1.4691365972497274,0.005223230019727687,-0.001998926955301239,0.006059860786209015,56.979057246383746,1.8758812762519028,0.006692906315282287,0.012223479615769426,0.011281429232286588,0.00020066036508481488,-0.047413778680020835,-0.011977229694216477,154954950.0,0.9011432032342304,-0.12500775443475343,-0.09885679676576967,0.0,1.0
2026-01-23,187.48984685190615,189.58973923983265,186.8098909978121,187.6598358154297,142748100,0.01531055266325887,0.0033145301384926995,-0.008139186779743124,184.5830078125,186.2744171142578,183.8127816772461,184.89456418183676,184.46154906842057,0.015990884922074747,48.25648587774752,0.1445971296074049,0.2765436680906688,186.2744171142578,191.78025813867535,180.76857608984025,-0.7364176058319868,1.9573909961008387,0.0003627802397405677,-0.004348245079689561,0.0018459477843200123,56.11131408699305,1.8247146540352333,0.006618096189934586,0.012299269450571304,0.007662775218182261,-0.009985134564063136,-0.07153934960934205,-0.024620569651740976,153348675.0,0.9308727317011379,-0.3076818989992657,-0.06912726829886205,0.0,1.0
2026-01-26,187.1498802806874,189.1097657209082,185.97994539629804,186.4599151611328,124799600,-0.006394126101000319,0.0012888283191201388,-0.011346127645169846,184.74400024414064,186.16742324829102,183.6792041015625,185.043645227484,184.53991636617397,0.016037660710004082,47.59546488078772,0.25322672909382504,0.27188028029130007,186.16742324829102,191.56510190663022,180.7697445899518,-0.6993876556860976,1.8594329508300205,0.005078147060609828,0.0015469911274754722,0.003403874993916478,55.16175081764153,2.042275106205466,0.006669347838521861,0.017089053506134284,-0.00025816280835533334,-0.014750002639086324,-0.05182368565836848,-0.022277283701936712,156312230.0,0.7983994598503265,-0.3360565034750743,-0.20160054014967352,0.0,1.0
2026-01-27,187.22986667366476,189.9897117301412,185.6899415183402,188.50979614257807,143711600,0.010993681830616664,0.05868477493717705,-0.010549501525641602,185.1019805908203,186.0669288635254,183.57382537841798,185.37375483844534,184.69559792603295,0.016067053909812525,51.803821851475746,0.49897288414467766,0.3172988010619756,186.0669288635254,191.19134917739095,180.94250854965983,-0.6998061811748473,1.8334896990665817,0.003984264729684606,0.02643228149343768,0.007503877700925532,53.898319134091984,2.4090275058674706,0.006722277226535051,0.020718085317814886,0.03225249344373937,-0.018053379226567134,-0.047918475065305,-0.011239786949377587,156510795.0,0.9182216472672061,-0.3565497012921248,-0.08177835273279392,0.0,1.0
2026-01-28,191.25965707901597,192.33960048487265,189.82972650403363,191.5096435546875,148552700,0.015913482871948492,0.04473051365099523,0.017532748340875814,185.67295074462888,186.2319206237793,183.66722869873047,185.95812519237316,184.96281540166646,0.016213369648157467,53.2914656023585,0.9251268118981955,0.4388644032292196,186.2319206237793,191.83681063116956,180.62703061638905,-0.8882850970999827,2.0144689956170816,-0.00010066990364987483,0.014619150676635773,0.011005299385000944,56.48306551217059,2.663345801475998,0.006659237666195729,0.019856171198383402,0.030111362974359457,0.0065274489558748705,-0.01285169565423705,0.00792903875866576,157938125.0,0.940575304411142,-0.25864877408536735,-0.059424695588857976,0.0,1.0
2026-01-29,191.32963792417547,193.46952146246272,186.04992498376652,192.49957275390625,171764400,0.005169082772252587,0.04149535648341329,0.026500989914040485,186.60989990234373,186.48040695190429,183.71423797607423,186.58112019823344,185.258374513519,0.016200915728755906,61.13926934241862,1.3274340496837453,0.6165783325201248,186.48040695190429,192.73103564139353,180.22977826241504,-0.9783561974634349,2.156382934205468,-0.0019843824489698125,0.007344167943444724,0.010232674073495929,54.886713683762686,2.722462520561294,0.006672208774988455,0.01711373091466285,0.03415118853996857,0.016268315840544556,-0.02359612253986665,0.008941127280215492,161641980.0,1.0626224697321822,0.2300815115807746,0.06262246973218219,0.0,1.0
2026-01-30,191.19965692455455,194.47947816452236,189.45974561417185,191.11965942382807,179489500,-0.007168396845442793,0.018436676091954096,0.02482571515839327,187.0178771972656,186.7118942260742,183.8050408935547,187.01336202924244,185.4882288237272,0.016241730192730414,59.026793728766464,1.5174260182025705,0.796747869656614,186.7118942260742,193.29792491740923,180.12586353473918,-0.9583933683424216,2.078703618240584,-0.0029825802604032114,0.003975460654394469,0.0147377327962257,47.60599737538156,2.573072973981766,0.0064651967386539595,0.013240806245202014,0.014461215437559627,0.010087982362167569,-0.01824711514767352,0.0021006942173512253,164611430.0,1.090382970368461,0.25738626293449784,0.09038297036846105,0.0,1.0
2026-02-02,187.1898706566695,190.2897090701948,184.87000408758857,185.59996032714844,165794100,-0.028880854608677953,-0.004612009145457452,-0.017156461107496357,186.95588226318358,186.54990310668944,183.89023834228516,186.87875234332873,185.49261045131237,0.017341229244990458,50.833961060933134,1.2086696437377213,0.8791322244728356,186.54990310668944,193.07465301339462,180.02515319998426,-0.7126107569436165,0.8992463068030239,0.004971362130935519,0.0038687928800782423,0.017916480180374172,50.27051437927263,2.700378320262871,0.006530576296265508,0.01716763822192789,-0.008480802025535694,-0.03507294128787053,-0.03314572975442598,-0.025566491022610733,165489110.0,1.0018429611471111,0.3284826233417415,0.00184296114711113,0.0,1.0
2026-02-03,186.22992037566056,186.25991753048797,176.22045266395375,180.33023071289065,204019600,-0.028392945801114844,-0.043390665085123015,-0.041356622930061704,187.1828689575195,186.16092376708986,183.76685241699218,186.25508361662034,185.29016418706055,0.01840969953417673,43.86357620093905,0.5326151971508466,0.8098288190084377,186.16092376708986,193.2013126560612,179.12053487811852,-0.5715127547327761,0.09914254973665976,-0.00845539643070059,-0.008569437550032477,0.002631949905116393,45.81854087361686,2.301565736554039,0.006702327263051856,0.007716534369031701,-0.03482122753509054,-0.0439885728351781,-0.07675002767253247,-0.051853276014267036,166513605.0,1.225242826254347,0.4196460132654567,0.22524282625434722,0.0,1.0
2026-02-04,179.4502914858299,179.57028010697434,171.90069716024271,174.18057250976562,207014100,-0.03410220337884495,-0.09048667588362669,-0.06969668297352538,186.26991729736326,185.5084587097168,183.63806060791015,185.10513017787227,184.85449392520587,0.01976523003792843,40.686787759995426,-0.49369780366822624,0.5491234944731049,185.5084587097168,194.3260912714727,176.69082614796088,-0.4648478569689385,-0.51154702928358,-0.004843921678897134,-0.013272515783840255,-0.00812359161707843,45.881902115138466,1.6971616432566634,0.006645435639638696,0.001793326977012863,-0.07721416009978643,-0.06157309135644695,-0.09034377209413136,-0.07637700785012158,168021180.0,1.2320714567056368,0.39353980102684094,0.23207145670563675,0.0,1.0
2026-02-05,174.92051964769362,176.81043194569037,171.020736948564,171.87069702148438,206312900,-0.01326138417734124,-0.10716322866229977,-0.09111098164569531,184.97398834228517,184.6470054626465,183.49826721191405,183.84470797250202,184.34532541917758,0.019618429572635224,33.670589152723466,-1.4764265719942955,0.1440134811796248,184.6470054626465,195.18580205671694,174.10820886857604,-0.30365583588235784,-0.5489071481249472,-0.012489211256201727,-0.023658528907078313,-0.017343894388970327,37.24706989359763,0.5225022806004063,0.007156912187112172,-0.011310997758065789,-0.08350469975522146,-0.07376708725672498,-0.07032528948301975,-0.07586569216498873,170659665.0,1.2089142446166175,0.2011388855897962,0.20891424461661753,0.0,0.0
2026-02-06,176.6804343618602,186.98987361565236,174.59055120100808,185.39996337890625,231346200,0.07871770227202068,-0.029927303460905552,0.001999567050479767,184.7480010986328,184.6655044555664,183.5556671142578,183.99282753501672,184.38668377053952,0.02661818125875741,49.30697133860714,-1.1502876745409765,-0.11484674996449545,184.6655044555664,195.20842963658092,174.1225792745519,1.050233691857367,2.988453852396211,0.019184711840951385,-0.001950937693641075,0.0016097759627855535,49.25437052049898,0.6304388795327895,0.008446227454803713,0.006955602735568775,-0.027976365767264477,0.00038979108769421345,-0.020061902595170933,-0.015882825758247066,173604125.0,1.3326077361353021,0.28891216477844117,0.3326077361353021,0.0,1.0
2026-02-09,184.25002288009927,193.6495233336176,183.9400420976916,190.0297088623047,196387400,0.024971663419029566,0.023867184709243094,0.02802119704690198,185.10498046875,184.92449035644532,183.80025177001954,184.56776861380604,184.60797887217737,0.027172581728422907,60.75858705772072,-0.5123326288629642,-0.1943439257441892,184.92449035644532,195.73751582304794,174.1114648898427,0.8710786384863851,2.295605036628556,0.004821832103010459,-0.0020994377502405737,-0.00017282927967843253,63.87525157735413,0.9727418938244909,0.008382938266321997,0.011194133919277382,0.025966622459483668,0.028194026326580413,0.03769919715193648,0.03061994864600019,176857120.0,1.1104297073253258,0.1845258667226397,0.11042970732532566,0.0,1.0
2026-02-10,191.36964298604585,192.46957427391544,188.10980972728564,188.52978515625,136764800,-0.007893101110529654,0.045469660915668175,0.019465703904395282,185.1069793701172,185.10447998046874,183.96604339599608,184.94510352261022,184.76177519704297,0.027257121431823038,55.030825146481035,-0.12632378468242678,-0.18073989753183675,185.10447998046874,196.03707165851293,174.17188830242455,0.9113465834110059,2.2915286411397613,-0.002637160432080843,0.0037560940669103537,-0.0043731199620794525,56.33957974830719,1.0842527501597488,0.008394895125998102,0.008103144958203563,0.04171356684875782,0.023838823866474734,0.024680228011004335,0.030077539575412298,176796935.0,0.7735699716739999,-0.32964872002493883,-0.22643002832600012,0.0,1.0
2026-02-11,192.4395826504124,193.2495363765512,188.75978911487715,190.0397186279297,144192700,0.008008991631896611,0.0910500286550322,0.022819041627845316,184.9599868774414,185.31646881103515,184.2272265625,185.4303049612121,184.96875337080323,0.027288766561671052,55.02218630314927,0.2979949175837078,-0.08499293450872786,185.31646881103515,196.46807045736463,174.16486716470567,0.888747479826407,2.237881041258008,-0.00023105881441631837,0.008408820721737431,-0.0026089096726557015,53.005285713032436,1.146540209760019,0.00838409079598654,0.007559577945179166,0.08264120793329477,0.025427951300501017,0.05825620460651049,0.05544178794676876,176000125.0,0.8192761226732084,-0.3034643533942857,-0.18072387732679168,0.0,1.0
2026-02-12,193.0195526316072,193.5995230748733,186.49990120030049,186.9298858642578,189932500,-0.016364120017250072,0.08761929231537935,0.02074921096022675,184.40301818847655,185.50645904541017,184.3678192138672,185.5731221900736,185.0456605274093,0.027353296399522442,49.30010567756433,0.3789645645068731,0.007798565294392337,185.50645904541017,196.6306615785277,174.38225651229263,0.8897687180761337,2.204415589064107,-0.0154488742279012,0.00538652437718623,-0.01316696057784128,43.3689545014757,0.33183367910066863,0.009010168218747968,-0.008092863667440633,0.08223276793819312,0.03391617153806803,0.034645908847682705,0.05026494944131462,177517445.0,1.069937098294762,-0.07939590786615869,0.06993709829476195,0.0,0.0
2026-02-13,187.4698554447334,187.4898586352177,181.58017462912437,182.80010986328125,161888000,-0.02209264710071812,-0.014022945141103471,-0.022667767240671655,183.57106323242186,185.29447021484376,184.39501983642577,185.30902577799816,184.95759971705132,0.02740865130830471,46.677556354938794,0.108642816981245,0.027967415631762874,185.29447021484376,196.4571578785594,174.1317825511281,1.0897902508972226,2.5515983956760424,0.0007044854938154099,-0.012843508237108225,-0.015153698642974778,40.368435283569184,-0.2720688142869676,0.008981962356870692,-0.007458469735977722,-0.0011794369039952457,-0.007514068597696877,0.004217176328852323,-0.001492109724279933,175302415.0,0.923478435821891,-0.3002348860711782,-0.07652156417810901,0.0,0.0
2026-02-17,181.74016448672572,187.1398661592121,179.17029624003743,184.95999145507807,162276900,0.0118155377117235,-0.0266785516726763,-0.006765754613119124,183.50706634521484,185.23147430419922,184.5028140258789,185.27578441391054,184.95769351069944,0.027536061017213297,46.7838404453838,0.06791242590674074,0.035956417686758446,185.23147430419922,196.38638965770198,174.07655895069647,0.9823985697342713,2.292892160333345,0.0016134664707250224,-0.01599546897350146,-0.012737480569701143,38.57965980751449,-0.6546025301061036,0.008997050874008351,-0.005885254579551483,-0.01068308269917484,0.005971725956582019,0.028584863729402166,0.007957835662269782,174017900.0,0.9325299293923212,-0.173689859940098,-0.06747007060767886,0.0,0.0
2026-02-18,188.7397806981265,190.3596881055438,186.7498829478333,187.9698181152344,164749100,0.016272852504360946,-0.0029701781103261826,0.05565221892127137,184.27102508544922,185.72694702148436,184.59480865478517,185.53235905213185,185.07581604421063,0.0257201210406343,46.793461572312324,0.27532735250292717,0.0838306046499922,185.72694702148436,196.4110866177924,175.04280742517633,1.1184854050706328,2.7667265490698285,0.005037758541617032,-0.008423345022451123,0.012854573134794878,42.22451327272706,-0.6731773676555122,0.007770777333933699,-0.000991062961128095,0.00545316691212494,0.04279764578647649,0.01934508588175543,0.022531966193452286,171088090.0,0.9629489697383378,0.20461624628559405,-0.03705103026166228,0.0,0.0
2026-02-19,187.04988063530703,188.4198016578956,185.64996245587088,187.88983154296875,126554500,-0.0004255288059948903,-0.01131283028875718,0.024983580848402243,185.64195098876954,185.9559341430664,184.7046026611328,185.75688024173536,185.18616959318155,0.02495873030630202,45.75429005193731,0.4283135957522006,0.1527272028704339,185.9559341430664,196.61825985062708,175.29360843550572,1.3541149790564917,3.8521764233613305,-0.0026374339404172664,-0.010810001878615916,-0.0013423509169427916,41.91745720620497,-0.8240565236272914,0.007362603886900065,-0.0036493825031582877,-0.000502828410141265,0.026325931765345034,0.02891204871864006,0.018245050691281278,167396765.0,0.7560152073428659,-0.12232380696110134,-0.24398479265713408,0.0,0.0
2026-02-20,186.5599139825128,190.3197050755744,185.92994318264127,189.8097381591797,178422300,0.010218257158700395,0.015406056027943649,0.026942335923219263,187.43585510253905,186.2049217224121,184.78999816894532,186.1428667100634,185.3674860075344,0.024989925386973418,48.805405836731055,0.696448489668029,0.26147146022995293,186.2049217224121,196.9884257058712,175.421417738953,1.3375004315061196,3.7904071584658072,0.007231864589122949,0.011977600918759768,0.0006531643248806063,47.95232535137831,-0.5390741206739449,0.007451362406419013,0.003327843339877275,0.003428455109183881,0.026289171598338656,0.011548575499748637,0.013755400735757059,169336050.0,1.0536580958396042,-0.06060152949074016,0.053658095839604146,0.0,1.0
2026-02-23,191.3896412925324,193.93950641757905,189.56974766836524,191.5396423339844,171584800,0.009113885259954158,0.04780922985899494,0.020674677144930653,188.04982299804686,186.39891204833984,184.92159118652344,186.65684534091304,185.60953135366972,0.024849280852005794,55.81896788598639,1.036587004661527,0.4164945691162678,186.39891204833984,197.42938300569938,175.3684410909803,1.3937289969983315,4.036290175562719,-0.010211314710874664,0.0009388322678931527,-0.00992400006109262,40.07927698524214,-0.8697188681867374,0.007795848162985404,-0.006956833368579018,0.04687039759110179,0.030598677206023273,0.0335727564038959,0.03701394373367365,170777885.0,1.0047249384778363,0.05989820122553868,0.004724938477836284,0.0,0.0
2026-02-24,191.47964208446243,193.75951747058733,187.3898518385612,192.83956909179688,175123600,0.006786724366676156,0.042601524658009815,0.03421461350098198,188.3308090209961,186.71789474487304,185.1029815673828,187.24567617433053,185.893062245361,0.024808929304293053,63.28873775435359,1.3949621978903224,0.6121880948710787,186.71789474487304,198.11855924885225,175.31723024089382,1.3143504326962692,3.90686065477875,0.00726845293039502,0.0065900098258160344,-0.007766387460976354,48.31524550177281,-0.7242741911910571,0.007892669080749563,0.00020849035597942563,0.03601151483219378,0.04198100096195834,0.04671866666214197,0.04157039415209803,173294085.0,1.0105572847451776,0.07916530325634774,0.01055728474517754,0.0,1.0
2026-02-25,194.439467455312,197.61930319203404,193.77949953248776,195.5494079589844,250637100,0.014052296839024647,0.04032344085742179,0.03734348007613342,189.03277130126952,187.06987533569335,185.39556579589845,188.036507772869,186.27174246942468,0.024876816083029784,74.49002858569767,1.876012960362118,0.8649530679692866,187.06987533569335,199.11967442713078,175.02007624425593,1.287036299153453,3.789276650115534,0.008438348943581309,0.009995852339727218,-0.0033644339390276334,55.18169630678792,-0.1406421907428239,0.00808226889336871,0.008472190756291744,0.03032758851769457,0.04070791401516105,0.07211287678992484,0.04771612644092682,178640360.0,1.4030261694501736,0.5213260649071831,0.4030261694501735,0.0,1.0
2026-02-26,194.25948668244985,194.27947461393583,184.31002841741247,184.87998962402344,360807900,-0.05456124079495461,-0.016019184722388724,-0.034617859485341795,188.5167984008789,186.73839263916017,185.59295501708985,187.73588699678845,186.21716392646778,0.0276565877031641,62.5120229145684,1.3804038277677932,0.968043219928988,186.73839263916017,198.6377541276806,174.83903115063973,0.8530305613477612,2.9313698071995713,-0.005554476391621099,0.0070418606048510135,-0.00880043869742908,59.3529125076192,0.011929261746445263,0.008172461999296136,0.0025920884719595216,-0.023061045327239738,-0.025817420787912715,0.04234634849326202,-0.002177372540630144,189253120.0,1.9064832326146064,1.8510080637195832,0.9064832326146063,0.0,1.0
2026-02-27,181.2401979138715,182.5801217841234,176.3704661683341,177.180419921875,311636500,-0.041646311846979644,-0.0665367244051166,-0.07958019133692018,187.54185180664064,185.9724349975586,185.61095428466797,186.73060441822528,185.86278180864062,0.029018874533227573,41.09619380857704,0.36216428806793033,0.8468674335567765,185.9724349975586,198.27566642750207,173.6692035676151,0.8512633993802522,2.351950130327934,-0.004801943258527341,-0.004989677188090402,-0.011598756668874999,45.61140727752808,-0.1319954378706143,0.008225141581265452,-0.002433144333658172,-0.061547047217026196,-0.06798143466804518,-0.005599459627089631,-0.04504264717072034,196246725.0,1.5879831879996977,0.7466230398330254,0.5879831879996978,0.0,0.0
2026-03-02,175.00052620838028,183.45008125730604,174.63055110847353,182.4701232910156,209095300,0.029854898026954624,-0.047350610727122655,-0.0452571763621199,187.50885314941405,185.53995819091796,185.7061489868164,186.32484431087198,185.7297363765769,0.02995456882187383,41.926526284245654,-0.017758322284805672,0.6739422823884602,185.53995819091796,197.68848364979624,173.39143273203968,0.6502785717173313,1.5338940940109,0.0005685787823312971,0.005847085712891609,-0.00807828657114873,42.40115398495601,-0.2122232248260616,0.008208201452649586,-0.002141948155120538,-0.053197696440014264,-0.03717888979097117,0.012733558211763363,-0.02588100933974069,197727015.0,1.0574948496542063,0.2186120215776688,0.05749484965420633,0.0,0.0
2026-03-03,178.4803396065267,180.8901975001603,176.910417303947,180.04025268554688,178099400,-0.013316539505995761,-0.06637287392068991,-0.029955327747924754,187.01687927246093,185.2619728088379,185.88833892822265,185.72631177512673,185.50661936908554,0.029413751320059436,41.109948562201595,-0.5090519448232271,0.43734343694612277,185.2619728088379,197.65666037506026,172.86728524261554,0.6403536441307089,1.778367246132379,-0.00881433848279567,-0.010213011102434666,-0.021684978551499756,39.08948389252803,-0.7539667602542295,0.00831389095723054,-0.01125100267637858,-0.056159862818255246,-0.008270349196424998,0.0369986471544097,-0.009143854953423514,198342280.0,0.8979396626881571,0.016992569819259007,-0.10206033731184294,0.0,0.0
2026-03-04,180.4302401537762,184.69000418349444,180.0502558302461,183.03009033203125,177731200,0.016606495502460517,-0.06402125047383944,0.014971752703178964,186.5229064941406,185.39696578979493,186.06632934570314,185.4695287805462,185.4095005833187,0.028934289092724722,42.88034159527077,-0.6496618716529099,0.21994237522631624,185.39696578979493,197.62315929775113,173.17077228183874,0.47540790355315116,1.8602425922193655,0.007055308353084655,-0.011570471955668737,-0.006381223754583387,44.179263586655516,-0.7879592919899778,0.0083114328463237,-0.004583303534958317,-0.052450778518170704,0.02135297645776235,0.035313802668619276,0.0014053335360703079,197027860.0,0.9020612617931292,-0.2908823155071616,-0.09793873820687085,0.0,0.0
2026-03-05,181.1601973472636,184.05004039552568,177.87038204113773,183.330078125,198779700,0.0016390080583172928,-0.008383338305975596,0.05252885257752493,186.06693115234376,185.85444107055665,186.1133267211914,185.2657715752561,185.3279546045611,0.027721537767417773,46.12235383533291,-0.7284921399959785,0.030255472181857285,185.85444107055665,196.94552767958777,174.76335446152552,0.445508283485111,2.5041236777413873,-0.005575546846393831,-0.011591414942662248,-0.007111718718574189,50.0385759941709,-1.1095093712190192,0.008334122855603702,-0.010154004479557683,0.003208076636686652,0.05964057129609912,0.011926246103878269,0.024924964678888013,196616140.0,1.0110039796325978,-0.4490705441870868,0.011003979632597811,0.0,0.0
2026-03-06,179.83025866705609,182.7500987288974,176.81043317462274,177.8103790283203,189021900,-0.03010798420604055,0.0035554668327519856,0.0345590150605688,184.86699523925782,186.15142517089845,185.99593322753907,184.55573418983366,185.03314771921836,0.028484690042986947,44.78141955719709,-1.222269718176591,-0.22024956588983235,186.15142517089845,195.90314087090312,176.39970947089378,0.4287801664938759,2.0606131417862605,-0.013107135070836495,-0.019839946812501674,-0.007733007438929351,42.22408450435756,-2.0592183553891346,0.008382600308399542,-0.022774525883274225,0.02339541364525366,0.04229202249949815,-0.013776211064871369,0.01730374169329348,195751590.0,0.9656212754133952,-0.39345391184922174,-0.03437872458660489,0.0,0.0
2026-03-09,176.82042919903367,182.90010189125664,175.55049367782215,182.64010620117188,177213600,0.02716223428151121,0.0009315657110899878,-0.014885963985300177,183.97704162597657,186.01343231201173,185.86473999023437,184.37329342900873,184.9393029538048,0.022986630699971842,47.70204655525644,-1.2099261121569782,-0.4181848751432615,186.01343231201173,195.88726408776517,176.13960053625829,-0.8996942821319781,0.24071910518663872,0.008760025013039074,-0.011815580923514868,-0.01788236753719774,46.47916612733097,-2.311242403751521,0.007366164354363593,-0.013936267061967616,0.012747146634604856,0.002996403551897564,-0.020585488877797764,-0.0016139795637651149,193044960.0,0.9179913321746396,-0.15247449368780652,-0.08200866782536048,0.0,0.0
2026-03-10,182.39012758732315,186.42991760168223,182.0001492933692,184.760009765625,179118500,0.011606999188437328,0.02621501030839757,-0.02773092232908758,183.16908569335936,185.74994735717775,185.7879443359375,184.4101235563055,184.932271848386,0.022393947922966454,46.76347609205079,-1.0173577477446827,-0.5380194496635458,185.74994735717775,195.45227193504974,176.04762277930575,-0.9503166868928679,0.3949340047109305,-0.0016071269053671289,-0.00463019229016759,-0.02416606261505383,42.73410651964017,-2.5690781997280965,0.007243691949820617,-0.015143006976903555,0.030845202598565158,-0.0035648597140337523,-0.0012394967782154431,0.008680282035438655,192181515.0,0.9320277238942569,0.005722085532011922,-0.06797227610574305,0.0,0.0
2026-03-11,185.91000366210935,187.6199951171875,184.4499969482422,186.02999877929688,145280400,0.006873722377926494,0.01639024731847938,-0.013259371058431668,182.21714477539064,185.62495803833008,185.69815063476562,184.56439738706658,184.9753199633237,0.022403823196263346,48.16863695955967,-0.7535816121687162,-0.5811318821645799,185.62495803833008,195.24051801087523,176.00939806578492,-1.0546710463239712,0.5514087431356581,-0.0012551629285171284,-0.012844231909375559,-0.022813896671170286,43.398738679029314,-2.8094283595419256,0.007235822200370384,-0.015979025097490874,0.029234479227854937,0.009554525612738618,-0.0033137375507982236,0.011825089096598443,192607295.0,0.7542829569357692,-0.18258358689976772,-0.24571704306423078,0.0,0.0
2026-03-12,184.0500030517578,184.94000244140625,181.75,183.13999938964844,155762700,-0.015535125563684415,-0.0010368115112129317,-0.03630672202683005,182.04314575195312,185.27997207641602,185.5967544555664,184.4287404349315,184.9033466074933,0.02255537767064469,43.55548110528115,-0.7688728348983034,-0.6186800727113246,185.27997207641602,194.72214869518888,175.83779545764315,-0.8800536075965913,0.20630575427577505,-0.015184948869363502,-0.022383394592667916,-0.03743000740478941,32.57271636237297,-3.7827514721968782,0.007881986613623668,-0.030306485826305136,0.021346583081454984,0.00112328537795936,0.004741410187875772,0.009070426215763372,193185795.0,0.80628443721755,-0.21640539753304788,-0.19371556278244992,0.0,0.0
2026-03-13,184.9199981689453,186.08999633789065,179.94000244140625,180.25,160988400,-0.015780274103308733,0.013720351899655592,-0.03573471322348376,182.35010375976563,184.94597778320312,185.4511575317383,184.03076515541423,184.7208624268073,0.022535635856103624,39.33076728582851,-1.0026323158704145,-0.6954705213431427,184.94597778320312,194.61232942174493,175.2796261446613,-0.8848122936674997,0.22311478376084873,-0.005660109501006372,-0.015006367038130297,-0.027859787084037357,34.24272257548549,-4.802137736034297,0.0072753879729621105,-0.035100541185606265,0.02872671893778589,-0.007874926139446403,-0.0028376065021316066,0.006004728765402627,191738590.0,0.8396244073767309,-0.14830821190560461,-0.160375592623269,0.0,0.0
2026-03-16,182.97000122070312,188.8800048828125,181.41000366210935,183.22000122070312,217307400,0.01647712189016981,0.003175069438979161,0.0022969972924846704,182.4250915527344,184.96697235107422,185.38575927734374,183.9535495425846,184.66200512460713,0.022336685643366164,41.18724756365912,-0.9374280247711226,-0.7438620220287386,184.96697235107422,194.61550768608112,175.31843701606732,-1.1210131502097531,0.7550824472841081,0.010176866111483163,-0.013622906724198747,-0.018657787648673096,36.02818857085139,-5.0098746031600285,0.007713788852309118,-0.02491465494273374,0.016797976163177908,0.020954784941157767,0.0013684670571310065,0.01304040938715556,194509560.0,1.1172067840778623,0.22624561546066446,0.1172067840778623,0.0,0.0
2026-03-17,185.05999755859372,185.3999938964844,181.67999267578125,181.92999267578125,182497800,-0.00704076266961684,-0.015317259906154623,-0.016381914572226375,182.61406555175782,184.8154724121094,185.2475634765625,183.7608298409843,184.55486738151592,0.022225177301463356,37.18961553026808,-0.978565765815091,-0.7908027707860091,184.8154724121094,194.55915337883982,175.07179144537895,-1.006651018417042,0.6118653802716173,0.00263055486997521,-0.009436225965116618,-0.01766128369451403,31.82699959480665,-4.97552869250319,0.007734645707980364,-0.02199670903815432,-0.005881033941038005,0.0012793691222876546,-0.018469303160172257,-0.007690322659640869,195520605.0,0.9333942067128935,0.018866281260729645,-0.06660579328710649,0.0,0.0
2026-03-18,182.47999572753903,183.3800048828125,180.3300018310547,180.3999938964844,156683100,-0.00840982158463266,-0.030263962370347675,-0.040271487702931874,182.35105590820314,184.43698120117188,185.09336700439454,183.4407502272224,184.39193116641664,0.02192291389671869,44.911211678241955,-1.1216956277642396,-0.8569813421816553,184.43698120117188,194.25257787696506,174.6213845253787,-0.890267482135085,0.5477263373469211,-0.013953645387120184,-0.02203069077916542,-0.03622376176823916,29.21081271963439,-5.636548618925872,0.008127980001299842,-0.03490356818169442,-0.008233271591182256,-0.004047725934692714,-0.0027580101912015875,-0.005013002572358853,195117305.0,0.8030200089120747,0.07848753169732459,-0.1969799910879253,0.0,0.0
2026-03-19,178.00999450683594,179.97999572753906,175.7899932861328,178.55999755859375,170968500,-0.01019953658616235,-0.025008200536848713,-0.04965587497608326,181.8740478515625,183.97048950195312,184.91996948242186,182.97591663973395,184.1632278876785,0.021998963155765827,51.80768321455641,-1.3678318869833106,-0.9591514511419864,183.97048950195312,193.9800394379654,173.96093956594086,-0.8102497067608119,0.40002081434565057,-0.0024643404851918405,-0.009398507121884059,-0.03605649726000848,29.961752342834828,-6.219881001119347,0.008127146550385723,-0.03638176047079195,-0.015609693414964654,-0.013599377716074779,-3.616035384435001e-05,-0.00974841049496126,197338005.0,0.8663739151513161,0.09762157435637664,-0.13362608484868385,0.0,0.0
2026-03-20,178.0,178.25999450683594,171.72000122070312,172.6999969482422,241323500,-0.03281810422532416,-0.041886286001430295,-0.09014153529145486,181.36300964355468,183.11500244140626,184.5919741821289,181.99725762149666,183.71368941946528,0.022799224791886435,37.38655591611108,-2.012550293898272,-1.1698312196932434,183.11500244140626,193.9165392953554,172.31346558745713,-0.5621182270546055,-0.23521657213609393,-0.01433577587250423,-0.018041555783047003,-0.05669721328908128,25.786480580354706,-7.358514665663506,0.008294395871755407,-0.04910611713141377,-0.023844730218383292,-0.03344432200237357,-0.029823054373361302,-0.029037368864706054,200483065.0,1.2037101487848862,0.49901173003769217,0.20371014878488614,0.0,0.0
2026-03-23,177.25999450683594,178.3699951171875,174.75999450683594,175.63999938964844,182836300,0.01702375502813336,-0.04137103908172102,-0.08300967230904621,180.66299896240236,182.32002029418945,184.40417449951173,181.39180445655873,183.39707412417835,0.023113558232329964,44.39303196414854,-2.2602063975069484,-1.3879062552559844,182.32002029418945,192.8477668261986,171.7922737621803,-0.5614127250550621,-0.32091655518874834,0.01050001924493782,-0.017727429654429083,-0.03695859702947879,34.60038723933425,-7.6235011826046275,0.0086176967813321,-0.03821213045473426,-0.023643609427291934,-0.04605107527956742,-0.0038453475035326035,-0.024513344070130654,201045640.0,0.9094268346232228,-0.15862828417255925,-0.09057316537677713,0.0,0.0
2026-03-24,174.8300018310547,176.22000122070312,173.97999572753906,175.1999969482422,147667800,-0.002505138026276832,-0.036992227771550756,-0.09147278344704124,179.70699768066407,181.43804168701172,184.21117462158202,180.80210850338574,183.0756201172789,0.02297690038346274,39.329191312315814,-2.463581529306765,-1.6030413100661407,181.43804168701172,191.18143322580733,171.6946501482161,-0.5102249804201816,-0.30160485653108937,-0.0033568497522664664,-0.023593262587030095,-0.0471173649058354,29.22538594420641,-7.919733744500036,0.008349590755831771,-0.040342225639850876,-0.013398965184520661,-0.04435541854120584,0.0041387672632349215,-0.01787187215416386,199672850.0,0.7395487168135277,-0.1908516157455049,-0.26045128318647226,0.0,0.0
2026-03-25,177.10000610351562,181.22000122070312,176.85000610351562,178.67999267578125,162602100,0.019862989658425256,-0.009534375160179409,-0.08626676735703254,178.9719970703125,180.59457092285157,184.08617462158202,180.60000223409008,182.90324257055352,0.023259251898970868,44.16834168918669,-2.3172395200664084,-1.7458809520661944,180.59457092285157,187.77909070548537,173.41005114021777,-0.49586933555746154,-0.36868662887888537,0.0055727589473859585,-0.0042577489365112076,-0.04982508714739298,34.33303816097528,-7.7711998681096475,0.00817703291174377,-0.03395969858526511,-0.0052766262236682016,-0.03644168020963956,0.018775773587332845,-0.007647510948658305,195271100.0,0.8326992575962342,0.03777688850935412,-0.16730074240376583,0.0,0.0
2026-03-26,176.07000732421875,176.50999450683594,171.13999938964844,171.24000549316406,186152200,-0.04163861365338872,-0.040994579779984885,-0.07377750376662173,177.78199768066406,179.9125717163086,183.79497589111327,179.7085739730495,182.4458607243814,0.021929264377733817,42.13874781151278,-2.7696800627784057,-1.9506407742086367,179.9125717163086,187.92601980768944,171.89912362492777,-0.27337821582811633,-0.8858985564592089,-0.017858744158138706,-0.019624475951098286,-0.06158159494516957,33.04119649177309,-8.501991428352312,0.008852308009453797,-0.04990427878787027,-0.0213701038288866,-0.012195908821452162,-0.010735554904941269,-0.014767189185093343,186538315.0,0.9979301035285968,0.08880992697485213,-0.0020698964714032076,0.0,0.0
2026-03-27,170.0,170.97000122070312,167.00999450683594,167.52000427246094,196212700,-0.02172390271764868,-0.02999416773199881,-0.05452304297322286,176.50899810791014,179.4295509338379,183.48277435302734,178.5477578110887,181.8605330203845,0.020516811840485424,31.415751769854168,-3.3893452000273214,-2.238381659372374,179.4295509338379,189.12456111959813,169.73454074807768,-0.16305824139489727,-0.8672688778251629,-0.017051883523327982,-0.022326009999274476,-0.0731326317739096,23.603544900516226,-9.85515300485747,0.009381638067803432,-0.06460659226749,-0.007668157732724334,0.01860958880068675,-0.006240651136823594,0.0015669266437129403,180767125.0,1.0854446017216903,-0.18693082107627312,0.08544460172169027,0.0,0.0
2026-03-30,168.77999877929688,169.4499969482422,164.27000427246094,165.1699981689453,185627000,-0.014028211816980884,-0.059610574226181545,-0.09481072742236762,174.70399780273436,178.56454467773438,183.04537658691407,177.2736854642179,181.2060022418967,0.019165466384045197,26.05717775956917,-4.023677686756031,-2.595440864849105,178.56454467773438,190.04077049432013,167.08831886114862,-0.11300947768551677,-0.7870686609198823,-0.0033434623831846144,-0.035719787001853076,-0.07675651461049293,23.30335154783903,-10.972134183732692,0.009327527267078257,-0.06612539859982791,-0.02389078722432847,-0.018054212811874693,-0.03235437330563806,-0.024766457780613742,179593710.0,1.0335941052723951,0.015263380411876692,0.03359410527239512,0.0,-1.0
2026-03-31,166.97000122070312,174.6199951171875,166.9600067138672,174.39999389648438,226181300,0.05588179348466227,-0.004566227543908896,-0.03132776534652848,173.95099792480468,178.28253173828125,182.80897827148436,177.00000055300518,180.93909995384132,0.023337668663062132,38.101078314421045,-3.7385119965346405,-2.8240550911862123,178.28253173828125,189.8826043182986,166.6824591582639,0.46992219973182503,0.4856995837429285,0.02906792569891481,-0.004347906935542323,-0.04147094201248647,37.772162409404444,-10.256805736980823,0.011803973008550543,-0.03785821338631166,-0.0002183206083665734,0.010143176665957987,-0.00630049350612516,0.0012081208504887513,181997805.0,1.2427693839494383,0.5316900502343775,0.24276938394943828,0.0,-1.0
2026-04-01,176.0,177.3699951171875,174.75,175.75,168132000,0.0077408609562046315,-0.01639798967922379,-0.03977537419571053,173.48599853515626,177.91852722167968,182.76277099609376,176.8809528812904,180.73560583800443,0.023061558541038914,42.19311312532667,-3.3647946640688815,-2.932203005762746,177.91852722167968,189.34695361780282,166.49010082555654,0.5271201023886225,0.7042488288344144,0.007534463782890022,-0.002405555665517034,-0.04101487530100456,45.17882266311589,-9.188596277111628,0.011823894640920176,-0.030020784491824323,-0.013992434013706756,0.0012395011052940275,0.017354145801740883,0.0015337376311093849,181517845.0,0.9262560383525928,0.03400878586438916,-0.07374396164740718,0.0,-1.0
2026-04-02,172.17999267578125,177.49000549316406,171.3699951171875,177.38999938964844,143143200,0.009331433227018238,0.03591446916141261,-0.0324010047674852,173.3689987182617,177.62152328491212,182.64436920166017,176.929433501134,180.60440558512772,0.02318532601990961,46.89670083568095,-2.9028247837426875,-2.9263273613587346,177.62152328491212,188.76293629844446,166.48011027137977,0.4696644751760618,0.5773689536419544,0.0009004744280911581,0.01664882386529487,-0.03476964666672233,47.419819829525565,-8.199899016354948,0.011810227788497262,-0.028350390609264715,0.01926564529611774,0.002368641899237134,0.008233985872521332,0.009956091022625402,178736020.0,0.8008637542673267,-0.23104212574441774,-0.19913624573267324,0.0,-1.0
2026-04-06,177.16000366210938,177.7899932861328,175.75999450683594,177.63999938964844,107564300,0.0014093240930164175,0.06041066654181759,-0.0009582097490762331,173.86299896240234,177.6130043029785,182.50056945800782,176.9971064428973,180.48815436177557,0.022180073796397724,43.56549612003363,-2.4878589255527004,-2.8386336741975278,177.6130043029785,188.75406984891524,166.47193875704178,0.4262465719813733,0.9817358256385333,0.004726797348638012,0.03917419414952317,-0.017327172916740574,45.221069359683106,-7.0845410129938955,0.011574679804481266,-0.022941938403603337,0.021236472392294425,0.01636896316766434,0.0021027716915196226,0.01323606908382613,174663140.0,0.6158385793362011,-0.4517974626515001,-0.3841614206637989,0.0,-1.0
2026-04-07,175.72999572753906,178.22999572753906,173.66000366210938,178.10000610351562,132534900,0.0025895446715138437,0.07828303007756143,-0.024858177056990338,174.10899963378907,177.3859992980957,182.30937286376954,177.10214450581333,180.39450148890265,0.021268898548882996,45.49731166831203,-2.097695863750033,-2.6904461121080288,177.3859992980957,188.27801147441963,166.49398712177177,0.5569355743768698,1.7521768572282321,0.0004400741058487867,0.04311913740091455,-0.025431964419612485,44.27842899262185,-6.106817367005533,0.011360146092486152,-0.021695757461891074,0.03516389267664688,0.0005737873626221468,-0.010013113417762676,0.008574855540502116,172429205.0,0.7686337126010643,-0.28601496549532124,-0.2313662873989357,0.0,-1.0
2026-04-08,184.5,185.25999450683597,180.3000030517578,182.0800018310547,147732700,0.02234697131467711,0.04403674428525961,-0.014505346356984972,174.7970001220703,177.2519989013672,182.22177459716798,177.5762261558363,180.46059954153608,0.021735587315546336,51.86750564653654,-1.4506146505824233,-2.4424798198029074,177.2519989013672,187.8232525860326,166.68074521670178,0.5008093861155154,1.3345920562510973,0.025469554638327674,0.03947163306905166,0.0009985811633916875,58.84541661822162,-3.9318248716642756,0.01283059919531177,0.0036630893419011,0.004565111216207951,-0.015503927520376659,-0.002018612476854531,-0.004319142927007746,170859915.0,0.8646422421549256,-0.34683946020294343,-0.13535775784507442,0.0,0.0
2026-04-09,181.83999633789065,184.0800018310547,180.6199951171875,183.91000366210935,116428500,0.010050537196021336,0.04642960831925658,-0.01139598522334373,175.32000122070312,177.1459991455078,182.1297787475586,178.17944306119563,180.59587029136247,0.02180386483301349,55.94841665846679,-0.7811279169842749,-2.110209439239181,177.1459991455078,187.3839080375018,166.9080902535138,0.4762062398552063,1.2592738046306173,0.00576909117108837,0.03765030107721601,0.008038686029468778,61.54541944536989,-1.87185561150784,0.012886767627651573,0.009863703889097806,0.008779307242040568,-0.019434671252812508,-0.004669160932344152,-0.005108174981038697,169417320.0,0.6872290271148191,-0.30751730782956244,-0.3127709728851808,0.0,0.0
2026-04-10,184.30999755859372,190.0,184.3000030517578,188.6300048828125,160459500,0.025664733438725884,0.06336324218861211,0.029977096819158167,177.05900115966796,177.420499420166,182.07218597412108,179.17473466325436,180.91093439298797,0.02223549233381236,68.17249287016364,0.12882478269409603,-1.6624025948525256,177.420499420166,188.58734450650223,166.2536543338298,0.2515312703938945,0.8310582749244461,-0.0006617805145495703,0.03603068518831676,0.022904335705073997,67.98230839512635,-0.27248143436679584,0.012355915898383025,0.009617253672345354,0.027332557000295354,0.0070727611140841695,0.005245227005964637,0.013216848373448054,169652160.0,0.9458146598310331,0.12097186593565046,-0.0541853401689669,0.0,0.0
2026-04-13,186.02999877929688,189.66000366210935,185.7400054931641,189.30999755859372,133648200,0.0036049019677630856,0.06569465328215562,0.05026350934032586,179.23800048828124,177.8734992980957,182.00839447021485,180.1399977961438,181.24030941909018,0.021852074108674725,66.44214669180764,0.8945270282857507,-1.1510166702248703,177.8734992980957,190.1986336800249,165.54836491616652,0.14708426479771256,1.06785125132387,0.009772397784351794,0.0412334894634625,0.038780173297259246,67.91879443735496,1.513377612992599,0.012386460964290701,0.019666958597645882,0.02446116381869312,0.011483336043066616,-0.007828745520393143,0.009371918113788865,168285150.0,0.7941770263151562,0.24249588385737653,-0.20582297368484384,0.0,0.0
2026-04-14,190.83999633789065,196.50999450683597,190.7700042724609,196.50999450683597,161307000,0.03803284053190992,0.1033688252240712,0.07253571224532407,182.37200012207032,178.53799896240236,182.116201171875,181.699045101924,181.8391205990018,0.023066194427183103,72.04635160259865,2.058600885765344,-0.5090931590268275,178.53799896240236,193.27406376638862,163.8019341584161,0.16720409479466097,0.5045351584039844,0.01218488075237012,0.053457196134310214,0.04084504516932386,72.46409832543831,3.5622067480353508,0.012464320475591182,0.031957291901039624,0.04991162908976099,0.03169066707600021,0.02186462667637379,0.03448897428071166,165485130.0,0.9747522330254084,0.21709074364563596,-0.025247766974591614,0.0,0.0
2026-04-15,196.5399932861328,200.3999938964844,195.7400054931641,198.8699951171875,185338400,0.01200957038482553,0.09221217661076042,0.09311275283562037,184.81900024414062,179.38499908447267,182.38160186767578,183.33437367480624,182.50699803108753,0.02298997132986046,71.38318796417323,3.135426881074949,0.21981084899352782,179.38499908447267,196.66904338587176,162.10095478307358,0.039448438530752125,0.5338945094996105,0.007890994867038925,0.035398873286029975,0.04630598277965281,73.00469941104473,5.563969250227956,0.01253193309442866,0.03990192382272094,0.056813303324730446,0.04680677005596756,0.062235087060177996,0.055285053480292,165627160.0,1.1190097083111248,0.25455230967822295,0.11900970831112481,0.0,0.0
2026-04-16,197.42999267578125,199.8500061035156,195.80999755859372,198.3500061035156,134012900,-0.0026147182905369437,0.07851667747196767,0.09950117968036687,187.0790008544922,180.28249969482422,182.74199737548827,184.7644339061119,183.1282924653004,0.022852000311569184,83.64359035058732,3.9018820058698793,0.9562250803687982,180.28249969482422,199.5399658891017,161.02503350054675,0.007042537139215285,0.624302146804381,0.002457311622604319,0.03198952928930865,0.06371985224135335,83.7892561602305,7.20610027811847,0.011931818714168235,0.0420235631536703,0.04652714818265902,0.03578132743901352,0.07955586390791058,0.05395477984319438,164493650.0,0.8146995339941694,0.15103174909923256,-0.1853004660058306,0.0,0.0
2026-04-17,199.8999938964844,201.6999969482422,199.2700042724609,201.67999267578125,160324400,0.016788436953855124,0.06918299027281538,0.12948026116320244,189.50800018310548,181.4384994506836,183.2919857788086,186.37543950322325,183.8558101206134,0.022703502496686494,92.8070258978307,4.723555097945592,1.7096910838841572,181.4384994506836,202.90914773159622,159.96785116977097,-0.16544753872512077,0.7445175695873152,0.012085685130224011,0.045153492013715546,0.07923523853367498,96.83457659749385,9.087019918194756,0.012014085833465913,0.05380900297162776,0.024029498259099835,0.05024502262952746,0.12014957184187125,0.06480803091016618,163961445.0,0.9778176814677377,-0.0008419570047270009,-0.022182318532262265,0.0,0.0
2026-04-20,199.97999572753903,202.1699981689453,197.83999633789065,202.05999755859372,119381400,0.0018841972263623497,0.06734985032184437,0.17000579692627715,191.95,182.90649948120117,183.8957717895508,187.86920693706804,184.56969982406363,0.02079864717218011,98.62908163175699,5.343800159620173,2.4365128990313605,182.90649948120117,205.82732788567574,159.9856710767266,-0.10395412561666537,1.6198804045070314,-0.001999667552905704,0.032968949019229754,0.09274243751582767,97.67673579606968,10.343839265429665,0.011326196233831376,0.05067440023734435,0.03438090130261462,0.07726335941044948,0.12689903221177068,0.07951443097494493,157864340.0,0.756227783931444,-0.10674891244326523,-0.2437722160685561,0.0,0.0
2026-04-21,202.1300048828125,202.75,199.0,199.8800048828125,107945300,-0.010788838474320328,0.017149307771515465,0.13800959677407443,194.12799987792968,184.11849975585938,184.1853726196289,189.01309245571036,185.17010394401456,0.021097225588343135,91.25652868006017,5.594946588110645,3.0681996368472175,184.11849975585938,207.96626142406836,160.2707380876504,0.07412852079656923,1.3662508141147298,-0.006546949154936255,0.013852482234846697,0.07430805310537236,90.24871226144879,10.840509528267262,0.011491523512648734,0.04332112386561785,0.003296825536668768,0.06370154366870207,0.055827597192807055,0.04094198879939263,154119790.0,0.7003986963646914,-0.3308083344182211,-0.2996013036353086,0.0,0.0
2026-04-22,200.9900054931641,202.5,199.0,202.5,107501000,0.013107839969903834,0.018253155186499948,0.15582193794114518,196.1699996948242,185.48349990844727,184.43477844238282,190.2975598408808,185.84970771091594,0.021027627636566824,91.60191359953814,5.936956117351912,3.6419509329481565,185.48349990844727,210.2878929800369,160.67910683685764,-0.042385865379327,1.425919038929188,0.010126696838070659,0.01610140796631132,0.08884232515933688,90.56391444561532,11.674875399737516,0.01145411196147436,0.05328873870620255,0.0021517472201886267,0.0669796127818083,0.03795180374348628,0.03569438791516107,152111450.0,0.7067252333732931,-0.41997448990603137,-0.29327476662670693,0.0,0.0
2026-04-23,202.4600067138672,203.8300018310547,197.22000122070312,199.63999938964844,113561800,-0.014123459804205263,0.006503621106316526,0.11730472113853052,197.7429992675781,186.53150024414063,184.65698272705077,191.1873159883825,186.3905034630231,0.021344761871632183,83.3383631712419,5.909106484822274,4.095382043322981,186.53150024414063,211.89051305973152,161.17248742854974,0.15341742859142693,1.2129939413025412,-0.0038807239498251933,0.009677107605368995,0.07860601733669026,86.97306076766682,11.975362122295564,0.011594191241606374,0.04863545178530476,-0.003173486499052469,0.03869870380184026,0.032541123613093914,0.022688780305293903,149659435.0,0.7588014748284998,-0.15260545813126947,-0.2411985251715002,0.0,0.0
2026-04-24,199.9600067138672,210.9499969482422,199.80999755859372,208.2700042724609,214134400,0.04322783464835034,0.03267558427212802,0.2162461900923911,199.70699920654297,188.38300018310548,185.0215884399414,192.81423868210425,187.24852310260889,0.019802594833189528,86.6826673627122,6.508380165260519,4.577981667710489,188.38300018310548,214.43880861667083,162.32719174954013,0.6646905612106342,0.3403229854724705,0.007749297960024215,0.0053510402379592925,0.10672925129776223,87.39637288986887,12.512262768383152,0.010425206305136677,0.056015588291465884,0.02732454403416873,0.10951693879462887,0.06134627615992749,0.06606258632957503,151058545.0,1.4175590000552434,0.3356320061076168,0.4175590000552435,0.0,0.0
2026-04-27,209.6499938964844,216.8300018310547,207.3800048828125,216.6100006103516,187172400,0.040044155023784445,0.07200833033534315,0.29303960772379645,202.43699951171874,190.8375,185.6151907348633,195.0805017228897,188.3999535931086,0.019403979100041404,88.79712493755768,7.569025860190436,5.176190506206479,190.8375,217.84941567508915,163.82558432491086,0.643925840940367,-0.15019055425920827,0.0017228064887020444,0.00910093192468131,0.12786820896201934,87.5554204333319,12.888439633698113,0.009080896603882381,0.05671716238340717,0.06290739841066184,0.1651713987617771,0.10614989604965985,0.11140956440736627,150606530.0,1.2427907342397437,0.567852278495645,0.2427907342397438,0.0,0.0
2026-04-28,209.4900054931641,214.72999572753903,208.1999969482422,213.1699981689453,180275400,-0.01588108781548969,0.06648985872261015,0.29060967810209015,204.10299987792968,193.2375,186.22258850097657,196.80331090822833,189.37132789020023,0.01954427525493682,81.66634544911372,8.03934322288444,5.748821049542071,193.2375,219.15448028746835,167.32051971253168,0.6116562797905158,-0.15113506647021435,-0.004865948728146163,0.010808409792706142,0.12614528448176943,79.15991183089157,12.758683013475434,0.009169936033364225,0.05058805268280226,0.05568144892990401,0.16446439362032073,0.11936977815502758,0.11317187356841744,150338950.0,1.1991263741033178,0.6700625224071821,0.19912637410331788,0.0,0.0
2026-04-29,212.6999969482422,212.72000122070312,207.5800018310547,209.25,123711800,-0.01838907070702589,0.03333333333333344,0.19982802364202468,205.14100036621093,194.9800003051758,186.708388671875,197.98870986934944,190.150883659212,0.017962668669409678,74.75577867626217,8.0035026334794,6.199757366329537,194.9800003051758,220.24220108057654,169.71779952977505,0.3800410144514074,-0.4252139303061044,-0.00015454109399481997,0.0005202332725307013,0.09416610958191107,77.59200488176052,12.50284998652694,0.00747118292736891,0.04947788179956431,0.032813100060802736,0.1056619140601136,0.08640608915290704,0.07496036775794113,145215475.0,0.8519188468033452,0.15079673677454153,-0.14808115319665482,0.0,0.0
2026-04-30,209.92999267578125,210.3000030517578,198.6999969482422,199.57000732421875,225239200,-0.04626041900014932,-0.0003505913927253079,0.13553346983908243,205.26300048828125,196.1710006713867,186.9403924560547,198.13930962695605,190.52026105783975,0.021848050161894225,59.74350860711251,7.112021244470355,6.382210141957701,196.1710006713867,219.80975056410864,172.53225077866477,-0.3364637489352768,0.5736661908464139,0.009949627427204177,0.014411688561756009,0.09678893818350631,80.61544356051257,12.724711203547713,0.007541386223371825,0.05885040368791955,-0.014762279954481317,0.03874453165557612,0.011686604857906513,0.011889618853000439,148070835.0,1.52115843744651,0.9834063919381342,0.52115843744651,0.0,0.0
2026-05-01,201.27999877929688,203.0,197.1199951171875,198.4499969482422,128647000,-0.005612117727474941,-0.04715036790114091,0.11872144783277272,204.94000091552735,197.2240005493164,187.15159576416016,198.16889889564996,190.8312310927575,0.02200474843686167,58.07706257285592,6.243172932553847,6.354402700076931,197.2240005493164,219.15473600321647,175.29326509541633,-0.22620867771573383,0.41714816857584125,0.0027691138283709726,0.009398579642141414,0.09883659734247718,79.09723062784587,12.912273669113006,0.0075038810624296695,0.06059379900916628,-0.056548947543282324,0.019884850490295536,0.0004855610714344927,-0.012059511993850766,147346025.0,0.8730944726876751,-0.399223104741695,-0.12690552731232485,0.0,0.0
2026-05-04,199.5,201.72999572753903,194.7400054931641,198.47999572753903,125368100,0.00015116543088011802,-0.08369883584195947,0.11731589962561673,204.58200073242188,198.26600036621093,187.32500091552734,198.19852716535368,191.13118264706267,0.02201991868350277,51.99352588229743,5.493697115781885,6.1822615832179215,198.26600036621093,218.16509131849838,178.36690941392348,-0.21675360298530524,0.4033349320143843,-0.0036633796697419507,0.003971121444320325,0.08966053715347178,71.94781346494133,12.7014764417562,0.00773619318142104,0.05576194734531981,-0.0876699572862798,0.02765536247214495,0.0013799336561015618,-0.019544887052677762,148236215.0,0.84573192859788,-0.3301998585261502,-0.15426807140211993,0.0,0.0
2026-05-05,199.3000030517578,200.2400054931641,196.02999877929688,196.5,113406600,-0.009975794891980194,-0.07820048933778057,0.10331270783780822,204.24400024414064,199.18600006103514,187.42420806884766,198.03676267341524,191.34172450404063,0.02229364321834215,47.58311578149521,4.685946350977048,5.8829985367697475,199.18600006103514,216.72032184718424,181.65167827488605,-0.1354188874174346,0.20588976686072036,0.008022185884992261,0.016973706316519843,0.09791883088626063,72.09347330428908,12.851063707133335,0.007721263464211856,0.06287995180478646,-0.09517419565430041,0.005393876951547583,-0.037639116111717774,-0.04247314493815687,147279800.0,0.7700078354261752,-0.37092581683357795,-0.2299921645738248,0.0,0.0
2026-05-06,199.88999938964844,208.2700042724609,198.6100006103516,207.8300018310547,188362800,0.05765904239722497,-0.006786132229129382,0.14142135182913984,204.7770004272461,200.47350006103517,187.72401672363281,198.96945211699995,191.98832361490392,0.024964496262960816,57.9211219157888,4.90350989953626,5.68710080932305,200.47350006103517,216.42968717009674,184.5173129519736,0.1920851692430338,0.13042907913880705,0.013899439445017592,0.03126844411819785,0.08553128872198967,75.83108546154813,13.624317766366289,0.006405300924647503,0.07612514632671415,-0.03805457634732723,0.05589006310715017,0.007197440948586431,0.008344309236136457,149311305.0,1.2615441275528334,0.5225936410269676,0.26154412755283335,0.0,0.0
2026-05-07,208.33999633789065,214.1999969482422,206.5,211.5,168307900,0.017658654364679505,0.05977848493235727,0.15001900814803237,205.96300048828124,201.85299987792968,188.04302856445312,200.16283762966663,192.7534873947116,0.02507229851843918,58.158863827750366,5.310848603200412,5.611850368098523,201.85299987792968,216.4962915094879,187.20970824637146,0.14350996110231007,0.05747301802911102,-0.0030661051573263043,0.017977965140844265,0.07599541996176717,69.12920309460934,13.89539353623411,0.0065884565757013186,0.07155853566329265,0.041800519791513,0.0740235881862652,0.023243175849121167,0.04635576127563312,151905275.0,1.1079792982830912,-0.2527592887916491,0.10797929828309122,0.0,0.0
2026-05-08,213.02999877929688,217.8000030517578,212.88999938964844,215.1999969482422,136421400,0.01749407540540049,0.08440413332114383,0.14085771816597492,206.65599975585937,203.18149948120117,188.6494287109375,201.59494804095954,193.63374267132068,0.02482279741858383,60.346458685228406,5.864622573700757,5.66240480921897,203.18149948120117,217.5928981993854,188.77010076301696,0.18314030721851587,0.1973846535702897,0.008256073001242203,0.02354814421455509,0.08559734386679163,73.82135366540204,14.431244383340527,0.006580232699772814,0.07881899727781487,0.06085598910658874,0.05526037429918329,0.09097571563636309,0.06903069301404503,150703370.0,0.9052312499713842,0.060432034948346924,-0.09476875002861582,0.0,0.0
2026-05-11,214.0399932861328,222.3000030517578,213.88999938964844,219.44000244140625,160685800,0.019702628035742187,0.10560261570460638,0.15915696620030295,206.93899993896486,204.6879997253418,189.49462036132812,203.29447703147827,194.64575285838285,0.024970845353853705,64.91763138256314,6.569891819858526,5.843902211346881,204.6879997253418,219.29188857314332,190.08411087754027,0.08043377157726916,0.09315483611398838,0.002277585595431564,0.02965136660740053,0.07753973779345769,80.51993109636017,14.820628429901149,0.006454528403441745,0.07953368822892196,0.07595124909720585,0.08161722840684527,0.15785583274200787,0.10514143674868633,152055250.0,1.0567593029507367,0.28171201445981864,0.056759302950736654,0.0,0.0
2026-05-12,218.5500030517578,223.75,214.9199981689453,220.77999877929688,159176600,0.006106436032548013,0.12356233475469147,0.12350519032565854,207.7,205.90149993896483,190.26081787109376,204.9597648169848,195.6706252474383,0.023928819492803437,64.21904099911333,7.154476927764193,6.106017154630345,205.90149993896483,221.63393685565856,190.1690630222711,0.19505552949902205,0.6096442120511284,-0.0015149399914519135,0.01990960216045412,0.06295534562081162,76.08821943698246,14.867461010537454,0.006236731719550608,0.07621143607288117,0.10365273259423735,0.06054984470484692,0.13154603302978862,0.0985828701096243,151948730.0,1.0475678210670138,0.4035920307989129,0.047567821067013856,0.0,0.0
2026-05-13,224.92999267578125,227.83999633789065,221.57000732421875,225.8300018310547,150405400,0.02287346263103318,0.08660924717997265,0.13556598469256542,209.35800018310547,207.2495002746582,191.1766128540039,206.94740643737242,196.8533458977762,0.024191668473146848,69.70061827961331,7.933801948881666,6.471574113480609,207.2495002746582,224.94298104469306,189.55601950462335,0.13251874916140263,0.4297952196528079,0.005594848036780231,0.011555783044115753,0.06053375284938722,81.90729912923275,15.064182527208573,0.00616413730326981,0.08022208855957627,0.0750534641358569,0.0750322318431782,0.1602480276426934,0.10344457454057616,150202080.0,1.0013536430387648,-0.2015121881815305,0.0013536430387648428,0.0,1.0
2026-05-14,229.8500061035156,236.5399932861328,229.3000030517578,235.7400054931641,180782900,0.043882582392764435,0.11460995505042115,0.18850515875525242,212.975,209.11900024414064,192.23081115722655,209.6895587284002,198.3783129407326,0.02545541627761628,70.27306361699388,9.244512135636143,7.026161717911716,209.11900024414064,230.39235289478486,187.8456475934964,-0.00580627914301038,-0.038506681620751035,0.007894256268722755,0.022676898538461776,0.06628568187691775,82.0325886583714,15.514100694785384,0.006259903074280758,0.0866968178485593,0.09193305651195938,0.12221947687833468,0.19299093005090406,0.13571448781373271,152540580.0,1.18514627386365,0.07412010963240578,0.18514627386364993,0.0,1.0
2026-05-15,229.75999450683597,231.5,224.2400054931641,225.32000732421875,180977600,-0.044201229855521884,0.047026071187215246,0.11721546760684864,215.66200103759766,210.3010009765625,193.07060974121094,211.1781728803829,199.4348499753791,0.027996770532358394,56.23657917065056,9.334846335307049,7.487898641390783,210.3010009765625,232.44326855369064,188.15873339943437,-0.04181576055570445,-0.32724539763258614,-0.012029351892724582,0.0021013364648858612,0.04087921770763803,69.60785876536714,14.971853097362214,0.006766880476670129,0.07176536223224977,0.044924734722329385,0.07633624989921062,0.14115250447516114,0.08747116303223372,153573240.0,1.1784448905291052,0.3266071158923747,0.1784448905291052,0.0,1.0
2026-05-18,229.8699951171875,230.0,218.3699951171875,222.32000732421875,146280900,-0.013314396868819633,0.013124338547077397,0.10026729689408209,218.04600219726564,211.31400146484376,193.96080230712892,212.23929997027204,200.332307126314,0.028316753235191935,56.59317568807497,9.059924738635402,7.802303860839707,211.31400146484376,233.72099774249298,188.90700518719453,0.030883970646826686,-0.4564480447420398,-0.0007034356211904624,-0.0008791605432681981,0.04223114198580258,73.14565137944666,14.334917656987727,0.006732403694544931,0.06890049312856852,0.014003499090345595,0.058036154908279514,0.1487601705786481,0.07359994152575773,154918215.0,0.9442459687519638,-0.08964637821139143,-0.05575403124803626,0.0,1.0
2026-05-19,219.6199951171875,224.47999572753903,217.91000366210935,220.6100006103516,140948200,-0.007691645634814059,-0.000769988993048365,0.10371220342771581,220.45700225830078,212.3505012512207,194.7202001953125,213.0365095550415,201.12751079235468,0.02823324046030401,58.45489673434413,8.604872527730777,7.962817594217921,212.3505012512207,234.44618659578504,190.25481590665635,0.017906885543004958,-0.42480591094653275,-0.006660859382243145,-0.006028356567753468,0.04211163881835156,67.56539861095585,13.280051140749492,0.006740140352555028,0.0600225581200228,0.005258367574705103,0.06160056460936425,0.12317355368010663,0.06334416195472532,156568360.0,0.9002342491164882,-0.11451683224795606,-0.09976575088351185,0.0,1.0
2026-05-20,223.17999267578125,226.1300048828125,220.5,223.47000122070312,184201600,0.012964056944104518,-0.01045034136835854,0.10355556158371915,222.02100219726563,213.39900131225585,195.49440002441406,214.03017542796167,202.00368688758402,0.028231172054395647,69.79786911318556,8.378437111719819,8.045941497718301,213.39900131225585,235.51670359907476,191.28129902543694,0.018692967844702212,-0.42390010788244914,0.010249028568310337,-0.0014279715510771007,0.04223784409564835,67.79020995004961,12.902136754272192,0.006747872166071032,0.06885109541939992,-0.00902236981728144,0.0613177174880708,0.11191260528209823,0.054735984317629195,160403390.0,1.1483647571288862,0.2247007088841224,0.1483647571288861,0.0,1.0
2026-05-21,222.2899932861328,227.3999938964844,217.92999267578125,219.50999450683597,203381800,-0.01772052934280066,-0.0688470798682439,0.09952912832065364,222.8220016479492,214.39250106811522,196.16399993896485,214.55206295928303,202.69020875500567,0.028372635753129455,66.6613872406702,7.789651710471475,7.9946835402689365,214.39250106811522,235.67733061628587,193.10767151994457,0.02705307715071639,-0.4695770443627515,0.0019830970699832307,-0.0072844571842247685,0.04837314970089812,67.52418337163087,12.57627970694773,0.006600470823750513,0.06886746383333642,-0.06156262268401913,0.051155978619755516,0.07880977794239952,0.022801044626045302,164894390.0,1.233406424560593,0.12500573892774147,0.233406424560593,0.0,1.0
2026-05-22,220.8999938964844,221.00999450683597,214.8000030517578,215.3300018310547,169275700,-0.0190423797566589,-0.044336965952558205,0.03389829266704103,222.83500213623046,214.74550094604493,196.80779998779298,214.62615237564225,203.18588691485076,0.02737155288784762,62.509283265776496,6.906134938086694,7.776973819832488,214.74550094604493,235.8360855983742,193.65491629371564,0.21309415808066573,-0.2092678972995753,0.00393155436839554,0.008753104005669199,0.044401507267598284,71.84190107723065,12.410597153177719,0.0064914876454828414,0.07056174039689442,-0.053090069958227404,-0.010503214600557254,0.053231085558856917,-0.003454066333309247,162651455.0,1.040726626146689,-0.06465938326069087,0.04072662614668894,0.0,1.0
2026-05-26,216.5399932861328,218.17999267578125,212.0,214.8600006103516,187202600,-0.002182701976995549,-0.03355526478994719,-0.00807903603281912,222.377001953125,214.65800094604492,197.5,214.64842363609077,203.64369529506646,0.025871858470430647,63.9428898531463,6.097725575300757,7.441124170926143,214.65800094604492,235.7305285381293,193.58547335396054,0.33913354853412075,0.3775164131244493,0.0066386085909901915,0.016164627424033018,0.04952674859364481,71.47662256209328,12.534230346617619,0.006565330222653212,0.07488766673943026,-0.04971989221398021,-0.05760578462646393,0.05559065612378311,-0.017245006905553677,162652965.0,1.150932600583088,0.27974739012406946,0.15093260058308805,0.0,1.0
2026-05-27,214.1199951171875,214.1499938964844,208.77999877929688,212.6000061035156,167601200,-0.01051845155178277,-0.03630839256912699,-0.0026738850228725797,221.5590026855469,214.62950134277344,198.08760009765626,214.453336252036,203.9949231699076,0.025726960352678015,54.201166019286795,5.214582204193249,6.995815777579565,214.62950134277344,235.71204182074632,193.54696086480055,0.3197836434629757,0.44083536830177666,-0.0001732035840619206,0.022801360104187207,0.054475992915808735,65.83508071947199,12.477882967958976,0.006371463078354065,0.07214503112223203,-0.0591097526733142,-0.057149877938681315,0.03557679187900531,-0.0268942795776634,162019255.0,1.034452355678342,0.18909783878048825,0.03445235567834206,0.0,1.0
2026-05-28,211.27999877929688,215.5200042724609,211.22000122070312,214.25,143996000,0.007761024690098095,-0.04125833968917059,0.0238948626045401,220.4010025024414,214.87950134277344,198.73400024414062,214.43397089469923,204.3970830455975,0.0253959870037244,52.51141551168658,4.594858766102703,6.515624375284193,214.87950134277344,235.81149233791243,193.94751034763445,0.18508793292055292,0.5634119160183167,0.0055165545026623075,0.018010085107504237,0.0604569513798785,71.15806431323404,12.621790774707847,0.006365100496280686,0.0754281064868681,-0.05926842479667482,-0.0365620887753384,0.04963629623553789,-0.015398072445491776,163033465.0,0.8832297099248918,-0.21826954814724742,-0.1167702900751082,0.0,1.0
2026-05-29,214.5800018310547,217.8600006103516,211.1300048828125,211.13999938964844,288291500,-0.014515755474219683,-0.038130360013866604,0.05797460360179896,217.94100189208984,215.45800094604493,199.3488003540039,214.12025932278965,204.66151113752107,0.02314721046738215,46.251848876457274,3.8088661802646584,5.9742727362802865,215.45800094604493,235.21502077927897,195.7009811128109,0.5094456696034461,0.9027125752523736,0.002491392716190699,0.01852651107872938,0.05262573224822242,68.76989350945637,12.74067288432559,0.0061487575362106,0.07513940957412302,-0.056656871092595984,0.005348871353576534,0.023571905551782235,-0.009245364729079072,166186080.0,1.7347511897506698,0.4174891755309471,0.7347511897506699,0.0,1.0
