Date,Open,High,Low,Close,Volume,daily_return,return_5d,return_20d,ma10,ma20,ma50,ema20,ema50,volatility_20d,rsi,macd,macd_signal,bb_middle,bb_upper,bb_lower,skew_20d,kurt_20d,spy_return_1d,spy_return_5d,spy_return_20d,spy_rsi,spy_macd,spy_volatility_20d,spy_trend_strength,relative_strength_5d,relative_strength_20d,relative_strength_50d,relative_momentum_score,volume_sma_20,volume_ratio,volume_momentum,volume_trend,abnormal_volume_flag,market_regime
2024-06-27,195.1699981689453,198.72000122070312,194.0500030517578,197.4199981689453,72746500,,,,,,,197.4199981689453,197.4199981689453,,,0.0,0.0,,,,,,0.0,0.0,0.0,0.0,0.0,0.0,0.0,0.0,0.0,0.0,0.0,0.0,0.0,0.0,0.0,0.0,0.0
2024-06-28,199.5500030517578,203.1999969482422,195.25999450683597,197.8800048828125,95438100,0.002330091774560339,,,,,,197.46380833217074,197.4380376479205,,,0.036695692274321345,0.00733913845486427,,,,,,-0.003934951287109856,0.0,0.0,0.0,-0.1675388955661674,0.0,0.0,0.0,0.0,0.0,0.0,0.0,0.0,0.0,0.0,0.0,0.0
2024-07-01,201.0200042724609,213.22999572753903,200.8500061035156,209.8600006103516,135691400,0.06054171938510833,,,,,,198.64439807294985,197.9251734503688,,,1.020696868848205,0.21001068453353242,,,,,,0.002058023732368186,0.0,0.0,0.0,-0.20961236221069157,0.0,0.0,0.0,0.0,0.0,0.0,0.0,0.0,0.0,0.0,0.0,0.0
2024-07-02,218.88999938964844,231.3000030517578,218.05999755859372,231.25999450683597,205047900,0.10197271435359356,,,,,,201.75064535236757,199.23242133493613,,,3.487128108688637,0.8654341693645534,,,,,,0.006729662300142714,0.0,0.0,0.0,0.04580236810375027,0.0,0.0,0.0,0.0,0.0,0.0,0.0,0.0,0.0,0.0,0.0,0.0
2024-07-03,234.55999755859372,248.3500061035156,234.25,246.38999938964844,166561500,0.06542422054051045,,,,,,206.00201240353715,201.08173812139546,,,6.58672986150944,2.0096933077935306,,,,,,0.004462634526017029,0.0,0.0,0.0,0.43631588850519165,0.0,0.0,0.0,0.0,0.0,0.0,0.0,0.0,0.0,0.0,0.0,0.0
2024-07-05,249.80999755859372,252.3699951171875,242.4600067138672,251.5200042724609,154501200,0.02082067005771493,0.27403508563108514,,,,,210.33705924819657,203.0597093430059,,,9.349361483442323,3.4776269429232896,,,,,,0.005766484349109424,0.015136354467181645,0.0,0.0,0.985109117298407,0.0,0.0,0.2588987311639035,0.0,0.0,0.0,0.0,0.0,1.123830012440461,0.0,0.0,0.0
2024-07-08,247.7100067138672,259.44000244140625,244.57000732421875,252.94000244140625,157219600,0.005645666924397386,0.2782494249037497,,,,,214.3944824094546,205.01579926843337,,,11.520547235089737,5.086211001356579,,,,,,0.0011538715866978855,0.020322611235574328,0.0,0.0,1.453721164027911,0.0,0.0,0.2579268136681754,0.0,0.0,0.0,0.0,0.0,0.6473462904227976,0.0,0.0,0.0
2024-07-09,251.0,265.6099853515625,250.3000030517578,262.3299865722656,160210900,0.03712336538398886,0.2500237577876281,,,,,218.9597685201985,207.26341445681894,,,13.839388968499264,6.836846594785117,,,,,,0.0009725098044246483,0.01921731156303963,0.0,0.0,1.8463826459300208,0.0,0.0,0.23080644622458846,0.0,0.0,0.0,0.0,0.0,0.18070047180587712,0.0,0.0,0.0
2024-07-10,262.79998779296875,267.5899963378906,257.8599853515625,263.260009765625,128519400,0.003545241645880992,0.13837246397514336,,,,,223.17883911500104,209.45935937088979,,,15.572621362310343,8.584001548290162,,,,,,0.009895281643110376,0.02242219779714527,0.0,0.0,2.561581658755813,0.0,0.0,0.11595026617799808,0.0,0.0,0.0,0.0,0.0,-0.37322254946283284,0.0,0.0,0.0
2024-07-11,263.29998779296875,271.0,239.6499938964844,241.02999877929688,221707300,-0.08444127539962887,-0.02175413216294997,,235.38899993896484,,,224.87894955921968,210.69742366141557,,,14.979766989750829,9.863154636582296,,,,,,-0.008622454289494041,0.009103150572020047,0.0,0.0,2.715566377465393,0.0,0.0,-0.030857282734970015,0.0,0.0,0.0,0.0,0.0,0.3310837138234226,0.0,0.0,0.0
2024-07-12,235.8000030517578,251.83999633789065,233.08999633789065,248.22999572753903,155955800,0.029871787680814554,-0.013080504488851452,,240.46999969482422,,,227.10285871810726,212.1692892326361,,,14.918929081311802,10.874309525528197,,,,,,0.006307625614984769,0.009646087093366784,0.0,0.0,3.0787930593411375,0.0,0.0,-0.022726591582218236,0.0,0.0,0.0,0.0,0.0,0.00941481360662566,0.0,0.0,0.0
2024-07-15,255.97000122070312,265.6000061035156,251.72999572753903,252.63999938964844,146912900,0.01776579679334911,-0.0011860640818460721,,245.9459991455078,,,229.53496735349214,213.75637590546012,,,15.053042931434561,11.71005620670947,,,,,,0.0027498410077320123,0.011255594209904185,0.0,0.0,3.448285350465767,0.0,0.0,-0.012441658291750257,0.0,0.0,0.0,0.0,0.0,-0.06555607570557365,0.0,0.0,0.0
2024-07-16,255.30999755859372,258.6199951171875,245.8000030517578,256.5599975585937,126332500,0.015516142251486453,-0.021995156135466987,,250.61599884033203,,,232.10877975397798,215.43494930362223,,,15.299279643082684,12.427900893984114,,,,,,0.005930226787752568,0.016264242284444563,0.0,0.0,3.957974749017808,0.0,0.0,-0.03825939841991155,0.0,0.0,0.0,0.0,0.0,-0.21146126761662287,0.0,0.0,0.0
2024-07-17,252.72999572753903,258.4700012207031,246.17999267578125,248.5,115584800,-0.03141564404151875,-0.056066281311641375,,252.33999938964843,,,233.6698483488372,216.73161795838215,,72.87300427865596,14.674886610291452,12.877298037245584,,,,,,-0.014021015983044616,-0.007802884800008014,0.0,63.08516461728937,3.6950218578928116,0.0,0.0,-0.04826339651163336,0.0,0.0,0.0,0.0,0.0,-0.10064317138112999,0.0,0.0,0.0
2024-07-18,251.08999633789065,257.1400146484375,247.1999969482422,249.22999572753903,110869000,0.002937608561525362,0.034020648839444334,,252.6239990234375,,,235.1517671468088,218.00606414540792,,73.04919956644045,14.076687892092991,13.117176008215067,,,,,,-0.0076850899114235816,-0.006864745505006931,0.0,57.04053171416621,3.113356905995488,0.0,0.0,0.040885394344451265,0.0,0.0,0.0,0.0,0.0,-0.49993076457112595,0.0,0.0,0.0
2024-07-19,247.7899932861328,249.44000244140625,236.8300018310547,239.1999969482422,87403900,-0.0402439471622098,-0.03637754878426658,,251.39199829101562,,,235.5373128421834,218.8371987651269,,66.9399761282517,12.64748172430592,13.02323715143324,,,,,,-0.006640528727991368,-0.019643411025695334,0.0,55.16344411861749,2.3361671236179973,0.0,0.0,-0.016734137758571244,0.0,0.0,0.0,0.0,0.0,-0.4395597983531231,0.0,0.0,0.0
2024-07-22,244.2100067138672,253.2100067138672,243.75,251.50999450683597,101225400,0.05146320115237035,-0.004472786912375071,,251.2489974975586,,,237.05852061976938,220.11848487264493,,67.02918920903363,12.365596563627747,12.891709033872141,,,,,,0.010310082054099778,-0.012252004095536062,0.0,59.176120356857375,2.141713405291398,0.0,0.0,0.007779217183160991,0.0,0.0,0.0,0.0,0.0,-0.3109835827895304,0.0,0.0,0.0
2024-07-23,253.6000061035156,255.75999450683597,245.6300048828125,246.3800048828125,111928200,-0.020396762498772314,-0.03967879939450136,,249.65399932861328,,,237.9462810257735,221.14834840245544,,57.13073464943607,11.59459794564006,12.632286816225726,,,,,,-0.0015686194110259288,-0.01961530833592262,0.0,54.97610560375975,1.897157184257594,0.0,0.0,-0.020063491058578742,0.0,0.0,0.0,0.0,0.0,-0.11401895790869332,0.0,0.0,0.0
2024-07-24,225.4199981689453,225.9900054931641,214.7100067138672,215.9900054931641,167942900,-0.12334604589403686,-0.1308249275929011,,244.9269989013672,,,235.85520716552497,220.94606044522834,,37.46702085547654,8.434133573448293,11.79265616767024,,,,,,-0.022662644692026945,-0.028207905779343734,0.0,41.18557804445731,0.7059365432602362,0.0,0.0,-0.10261702181355736,0.0,0.0,0.0,0.0,0.0,0.45298430243423016,0.0,0.0,0.0
2024-07-25,216.8000030517578,226.0,216.22999572753903,220.25,100636500,0.01972310939623889,-0.11627812151158678,,242.8489990234375,239.11899948120117,,234.36899695928452,220.91876395718018,,37.01519504424978,6.201699412607468,10.674464816657686,239.11899948120117,279.4796984552257,198.75830050717664,,,-0.0052103090560375875,-0.02578430774031193,0.0,35.92859068875097,-0.45515383630834094,0.0,0.0,-0.09049381377127486,0.0,0.0,0.0,136121785.0,0.7393122269150378,-0.09229360777133377,-0.2606877730849621,0.0,0.0
2024-07-26,221.19000244140625,222.27999877929688,215.3300018310547,219.8000030517578,94604100,-0.0020431189477511102,-0.08110365444813161,0.1133624004173095,240.00599975585936,240.2379997253418,,232.98147372999625,220.87489098049696,0.0508816714896343,36.12692441556663,4.34606947975152,9.408785749276454,240.2379997253418,276.7923782077437,203.68362124293992,-0.7841458062510468,1.5267452881285257,0.01119966931668226,-0.008287921597352033,-0.003532307768309706,41.40505406352287,-0.8897505543154693,0.008734433094508397,0.0,-0.07281573285077958,0.1168947081856192,0.0,0.0,137214665.0,0.6894605616680987,0.08237847510236951,-0.31053943833190134,0.0,0.0
2024-07-29,224.8999938964844,234.2700042724609,224.6999969482422,232.1000061035156,129201800,0.055959976710561854,-0.07717382540355788,0.172933092663752,237.9520004272461,241.94899978637696,,232.8975244322362,221.31509157355651,0.05204251865710479,37.64610585564068,3.823897331588597,8.291808065738884,241.94899978637696,272.93468093971194,210.96331863304198,-0.854937427932879,1.3436998338484514,0.0005875724524460058,-0.01783145716688972,0.000992044129833447,41.19980670431946,-1.1951781760667473,0.008689453803484484,0.0,-0.059342368236668164,0.17194104853391856,0.0,0.0,138902850.0,0.9301594603710435,0.27637727289790903,-0.06984053962895649,0.0,0.0
2024-07-30,232.25,232.41000366210935,220.0,222.6199951171875,100560300,-0.04084450985365362,-0.09643643678360236,0.06080241336950842,234.55800018310546,242.58699951171874,,231.91871211651727,221.36626426154206,0.051727603344991296,34.47669344804204,2.6149707284879184,7.156440598288691,242.58699951171874,271.22741906884306,213.94657995459443,-0.6529963451892329,1.0627222884340852,-0.005066212758226607,-0.021272080356453782,-0.006124613667110257,33.92680780888985,-1.635922167775675,0.008750155213935164,0.0,-0.07516435642714858,0.06692702703661868,0.0,0.0,137146295.0,0.7332338070087857,-0.10156421706057994,-0.26676619299121423,0.0,0.0
2024-07-31,227.8999938964844,234.67999267578125,226.7899932861328,232.07000732421875,67497000,0.04244907202543402,0.07444789769017146,0.003502606748349013,232.91500091552734,242.62750015258788,,231.9331211839174,221.78601889145096,0.04733512570132395,46.20725032238322,2.3918529023632686,6.203523059103607,242.62750015258788,271.2026937751454,214.05230653003036,-1.1261043466911362,1.3597240359143683,0.016254615253643134,0.01770055141494753,0.0032787213601241927,45.575149168651485,-1.2760519890064188,0.009387229233082378,0.0,0.05674734627522393,0.0002238853882248204,0.0,0.0,130268750.0,0.5181365446432855,-0.5980955431875954,-0.4818634553567145,0.0,0.0
2024-08-01,227.69000244140625,231.8699951171875,214.3300018310547,216.8600006103516,83861900,-0.06554059651757438,-0.015391597682853142,-0.11985063863163226,229.6780014038086,241.15100021362304,,230.49758589119682,221.59284170395688,0.047051747144866096,37.56442007718487,0.9764540368874464,5.158109254660375,241.15100021362304,271.87825408906076,210.42374633818534,-0.995178484658745,0.678594682944443,-0.014161096725278322,0.008543619422678228,-0.015323058969485603,37.58035076156029,-1.58739902958132,0.009854792346386854,0.0,-0.02393521710553137,-0.10452757966214665,0.0,0.0,126133770.0,0.664864770156319,-0.16668504965892095,-0.33513522984368105,0.0,0.0
2024-08-02,214.8800048828125,216.1300048828125,205.77999877929688,207.6699981689453,82880100,-0.04237758192170549,-0.05518655466058464,-0.1743400340277299,226.5250015258789,238.95849990844727,,228.32352991764907,221.0468478398388,0.04732847271007625,32.824077621307836,-0.8767099873655013,3.9511454062552005,238.95849990844727,272.6821437208301,205.23485609606445,-0.7929036725108863,0.30311051381273485,-0.018618143441709534,-0.021195872900274804,-0.0391963745699454,31.392251259509976,-2.6010739377697973,0.01049684556406791,0.0,-0.03399068176030984,-0.1351436594577845,0.0,0.0,122552715.0,0.6762812231454848,-0.12392697568075806,-0.3237187768545152,0.0,0.0
2024-08-05,185.22000122070312,203.8800048828125,182.0,198.8800048828125,100308800,-0.04232673647438423,-0.14312796358086743,-0.21372656375741428,221.26200256347656,236.25550003051757,,225.51938467623606,220.17755988073972,0.047790808569180034,28.759760935927773,-3.0198241717866097,2.556951490646839,236.25550003051757,273.71924785653744,198.7917522044977,-0.62502235001406,-0.0014560614625126762,-0.029123806647390005,-0.050260415860232555,-0.0682537491079982,23.36180058802283,-4.575059343020371,0.012089044388363914,0.0,-0.09286754772063488,-0.14547281464941608,0.0,0.0,119707175.0,0.8379514427602188,-0.2236269154144911,-0.16204855723978115,0.0,0.0
2024-08-06,200.75,202.8999938964844,192.6699981689453,200.63999938964844,73783900,0.008849529684359148,-0.09873325042509662,-0.2351617822601576,216.68800201416016,233.1710006713867,,223.14991941084676,219.41138103795183,0.04670342898333168,31.51838036823574,-4.524089863630678,1.1407432197913354,233.1710006713867,271.7376380590769,194.6043632836965,-0.6277021006368645,0.16025534476016576,0.009219426109186468,-0.03662369260177234,-0.06057718129707679,29.766163255597846,-5.697782706094358,0.012385161604046372,0.0,-0.06210955782332428,-0.17458460096308082,0.0,0.0,115385825.0,0.6394537630597172,-0.2662720775494902,-0.36054623694028276,0.0,0.0
2024-08-07,200.7700042724609,203.4900054931641,191.47999572753903,191.75999450683597,71159800,-0.044258397676563255,-0.17369764099273177,-0.27159466917305075,214.26500091552734,229.59599990844725,,220.1604027533219,218.3270129386924,0.047074569558722766,29.121558094184834,-6.359465483349595,-0.35929852083685077,229.59599990844725,269.6459465443444,189.54605327255013,-0.4641710856949348,-0.07819723919451359,-0.006683925516912992,-0.05836868285613561,-0.07599945903738703,30.042271988044618,-6.784444367746005,0.01202291081245514,0.0,-0.11532895813659616,-0.19559521013566372,0.0,0.0,112517845.0,0.632431237907196,0.054266115531060644,-0.36756876209280404,0.0,0.0
2024-08-08,195.6999969482422,200.6999969482422,192.0399932861328,198.83999633789065,65033900,0.036921162045623124,-0.08309510385383989,-0.1750404624116444,212.1240005493164,227.48649978637695,,218.12988785661415,217.5628162092492,0.04539472904060705,35.01633566885306,-7.160178823007044,-1.7194745812708894,227.48649978637695,269.40167021292126,185.57132935983267,-0.6676841873092642,0.4728817031293334,0.023117361125918112,-0.022761888225783844,-0.04641677710073322,40.192538741485556,-6.624149951654772,0.013381351802701396,0.0,-0.06033321562805605,-0.12862368531091117,0.0,0.0,104684175.0,0.6212390745783687,-0.2245119655051937,-0.3787609254216313,0.0,0.0
2024-08-09,197.0500030517578,200.8800048828125,195.1100006103516,200.0,58648300,0.005833854775063152,-0.036933588079995805,-0.19429559907206784,210.1440002441406,225.075,,216.40323187026993,216.8740783186904,0.04463531166534834,29.150818156987725,-7.613384950000523,-2.8982566550168163,225.075,267.5115671604133,182.6384328395867,-0.6479516440005901,0.6218428923126961,0.004409692610797711,0.00016871607652002574,-0.04821526995213499,37.99062451114109,-6.240724176600111,0.013323789962885305,0.0,-0.03710230415651583,-0.14608032911993285,0.0,0.0,99818800.0,0.5875476363170065,-0.29237175148196004,-0.4124523636829936,0.0,0.0
2024-08-12,199.0200042724609,199.25999450683597,194.6699981689453,197.4900054931641,64044900,-0.012549972534179554,-0.00698913593886652,-0.21829478320820495,206.68300018310546,222.31750030517577,,214.60197221530746,216.11391860004233,0.04416330038219773,29.782486251212845,-8.081926235797141,-3.9349905711728814,222.31750030517577,264.377913604852,180.25708700549956,-0.5686822357922958,0.6855444910011815,0.000525405070076923,0.030712480790472174,-0.050326648156196474,38.55338880306298,-5.847377587382994,0.013287922715067367,0.0,-0.037701616729338694,-0.16796813505200847,0.0,0.0,95675400.0,0.6693977762308807,-0.361522618155137,-0.33060222376911935,0.0,0.0
2024-08-13,198.47000122070312,208.4900054931641,197.05999755859372,207.8300018310547,76247400,0.052357061371637315,0.03583533923085325,-0.18993606248538397,205.2040008544922,219.88100051879883,,213.95702265490243,215.78905911890556,0.04606725911843964,45.95478763082695,-7.5320722505832975,-4.654406907054965,219.88100051879883,259.1418839919,180.62011704569767,-0.49173444311166664,0.3680643319629887,0.016445611346070477,0.0380925600076103,-0.04039933885233604,50.47200583985582,-4.789144809044728,0.013835555354515106,0.0,-0.002257220776757052,-0.14953672363304793,0.0,0.0,93171145.0,0.8183585164698791,0.03338804264887063,-0.18164148353012083,0.0,0.0
2024-08-14,207.38999938964844,208.44000244140625,198.75,201.3800048828125,70250000,-0.0310349655555765,0.05016693080700718,-0.1896176865882797,202.13500061035157,217.52500076293944,,212.75921143851292,215.22399816847053,0.0460577801341729,40.844254354347534,-7.529969058602205,-5.2295193373644135,217.52500076293944,255.17702419048655,179.87297733539233,-0.4930913001814997,0.37203471029852375,0.003154779942889041,0.04837477248790445,-0.02368305443508123,53.1523373930538,-3.7722109439775977,0.013578750944754287,0.0,0.0017921583191027324,-0.16593463215319848,0.0,0.0,90904405.0,0.7727898334519653,-0.012785308559046027,-0.22721016654803472,0.0,0.0
2024-08-15,205.0200042724609,215.8800048828125,204.82000732421875,214.13999938964844,89848500,0.06336276788880446,0.07694630523809876,-0.1407936321447093,201.86300048828124,215.77050094604493,,212.89071505290678,215.18148841243828,0.04881087841140405,47.5468087305731,-6.424618345722962,-5.468539139036123,215.77050094604493,250.3465552104081,181.19444668168177,-0.4279138754917703,0.017692915701782202,0.017140163092787875,0.04225001704322873,0.0007419692540060474,54.90397894418129,-2.206200320231119,0.014071770031366929,0.0,0.03469628819487003,-0.14153560139871535,0.0,0.0,89853380.0,0.9999456892996124,0.3815640765815982,-5.431070038767601e-05,0.0,0.0
2024-08-16,211.1499938964844,219.8000030517578,210.8000030517578,216.1199951171875,88765100,0.009246267550119258,0.08059997558593746,-0.09648830320030777,202.70800018310547,214.6165008544922,,213.19826553521924,215.21829259693828,0.04825626566824238,42.39336933633046,-5.327439428925885,-5.440319197014075,214.6165008544922,247.39386242381957,181.8391392851648,-0.5917603871408056,0.2956518411964988,0.0022421066199815876,0.040000768999834735,0.009690619010083612,55.370685550999774,-0.8574939507102499,0.013986703381673073,0.0,0.04059920658610272,-0.10617892221039138,0.0,0.0,89921440.0,0.987140552909295,0.5135153107592207,-0.012859447090704954,0.0,0.0
2024-08-19,217.07000732421875,222.97999572753903,214.08999633789065,222.72000122070312,76435200,0.030538618603692225,0.1277532787775042,-0.11446858540387084,205.09199981689454,213.17700119018554,,214.10509750526532,215.51247724885062,0.047207583233117606,50.048945813389295,-3.8806185436457383,-5.128379066340408,213.17700119018554,241.33550727350033,185.01849510687074,-0.6299010257084874,0.45850844537332386,0.009561430105987645,0.04939330709874579,0.008942426091553601,59.62821460504521,0.6219711347575867,0.013960256587219477,0.0,0.07835997167875841,-0.12341101149542444,0.0,0.0,88681930.0,0.861902757416308,0.19346271131659187,-0.13809724258369208,0.0,0.0
2024-08-20,224.8800048828125,228.22000122070312,219.55999755859372,221.1000061035156,74001200,-0.007273684933138069,0.06385028222849232,-0.10260572399664092,207.13800048828125,211.9130012512207,,214.77127927652725,215.73159602746495,0.047072941710053495,44.185305419994414,-2.832076223573438,-4.669118497787014,211.9130012512207,235.73100679651463,188.09499570592675,-0.67973840330639,0.548828538282682,-0.0016262836738469844,0.03073561851334472,0.008884154764789765,54.72167049108167,1.7030877944681606,0.01396072054690983,0.0,0.033114663715147596,-0.11148987876143068,0.0,0.0,86785580.0,0.852690043668545,-0.029459365171796037,-0.14730995633145508,0.0,0.0
2024-08-21,222.6699981689453,224.66000366210935,218.8600006103516,223.2700042724609,70146000,0.009814554993405888,0.10869996453911446,0.03370525762372467,210.28900146484375,212.27700119018556,,215.58068165709236,216.02721988020988,0.03786872320092049,53.942677684602906,-1.8051890678906943,-4.0963326118077505,212.27700119018556,236.5750289579464,187.97897342242473,-0.07900259580830783,-1.0155309404061854,0.0034365717663653594,0.03102515794960148,0.035825809858236246,61.33642286762298,2.680329447135591,0.01285413811925238,0.0,0.07767480658951298,-0.0021205522345115746,0.0,0.0,81895735.0,0.856528120786754,-0.0014804270462633884,-0.14347187921324597,0.0,0.0
2024-08-22,223.82000732421875,224.8000030517578,210.32000732421875,210.66000366210935,79514500,-0.056478704568676985,-0.016251030809087186,-0.04354141356590535,211.47100219726562,211.79750137329103,,215.11204565757018,215.8167408128334,0.03981136063919435,51.76484849419711,-1.9860018684762508,-3.674266463141451,211.79750137329103,235.80986572413997,187.7851370224421,0.05857898595882294,-1.17948752872788,-0.007848402853028458,0.005695472734065232,0.033078891923092435,66.2033202094367,3.0725517805792606,0.012943521046910792,0.0,-0.021946503543152418,-0.07662030548899779,0.0,0.0,80839635.0,0.9836078552309149,-0.11501583220643641,-0.016392144769085116,0.0,0.0
2024-08-23,214.4600067138672,221.47999572753903,214.2100067138672,220.32000732421875,81525200,0.0458558981020607,0.019433704895069237,0.002365806484263322,213.5030029296875,211.82350158691406,,215.6080420067748,215.9933394995544,0.04119186087175438,62.52629457109958,-1.334433236419443,-3.2062998177970496,211.82350158691406,235.8734467778252,187.77355639600293,-0.052462728620095406,-1.367187590984633,0.010625273593212858,0.014107525087947215,0.03249206805879257,85.8860358779438,3.8053830244708706,0.012921972037468516,0.0,0.005326179807122022,-0.030126261574529245,0.0,0.0,80185690.0,1.0167051003738947,-0.0815624609221417,0.016705100373894645,0.0,0.0
2024-08-26,218.75,219.08999633789065,211.00999450683597,213.2100067138672,59301200,-0.0322712435275504,-0.04269932855025471,-0.08138732827617223,215.07500305175782,210.87900161743164,,215.37965769316457,215.88418919423333,0.03968464838760276,56.91191483601174,-1.3759173114295322,-2.8402233165235464,210.87900161743164,232.98088774659527,188.777115488268,0.12328509594160114,-1.284034896575959,-0.0023838081109496256,0.0021084969916655982,0.029425942766660107,82.79013341245108,4.2317490417975705,0.01295223454089067,0.0,-0.04480782554192031,-0.11081327104283234,0.0,0.0,76690660.0,0.7732519188125386,-0.22416373607971196,-0.22674808118746143,0.0,0.0
2024-08-27,213.25,215.66000366210935,206.94000244140625,209.2100067138672,62821400,-0.018760845523390857,-0.05377656744198234,-0.06023712468532427,215.21300354003907,210.20850219726563,,214.79207188561244,215.62245654794447,0.03888975651157387,60.13946232751124,-1.711827429327144,-2.614544139084266,210.20850219726563,231.61330606483804,188.80369832969322,0.08462686743124863,-1.1722315454908583,0.0013731822465194998,0.005119183507228842,0.036088577364671526,88.16718360379389,4.577580640143765,0.012859309805705708,0.0,-0.05889575094921118,-0.0963257020499958,0.0,0.0,74803715.0,0.8398165786284812,-0.15107592849845675,-0.16018342137151878,0.0,0.0
2024-08-28,209.72000122070312,211.83999633789065,202.58999633789065,205.75,64116400,-0.01653843794670573,-0.0784700315187924,-0.1134140840847554,215.6500030517578,208.8925018310547,,213.9309221822208,215.23530138920154,0.03752362779482169,54.191437741669226,-2.2315087988223183,-2.5379370710318767,208.8925018310547,227.719148300152,190.06585536195738,0.2539085491154142,-0.9062927599260431,-0.005805185168784366,-0.004138070459983378,0.013598241878306272,79.1236488986724,4.542325364458975,0.012500073680740268,0.0,-0.07433196105880902,-0.12701232596306167,0.0,0.0,74634685.0,0.8590697475309235,-0.08595785932198552,-0.14093025246907653,0.0,0.0
2024-08-29,209.8000030517578,214.88999938964844,205.97000122070312,206.27999877929688,62308800,0.002575935743848623,-0.020791820025968688,-0.04878724431097181,214.86400299072267,208.36350173950194,,213.20226281051376,214.88411305155822,0.03476071530717175,53.83863062432013,-2.5709571623424665,-2.5445410892939946,208.36350173950194,226.83880386225843,189.88819961674545,0.2962785163798622,-0.8366611529620335,8.919327757994644e-05,0.0038292097633896294,0.028249792801254614,78.065409201232,4.466819832480951,0.012001593796097833,0.0,-0.024621029789358317,-0.07703703711222643,0.0,0.0,73557030.0,0.8470815094084141,-0.2163844330279383,-0.15291849059158588,0.0,0.0
2024-08-30,208.6300048828125,214.57000732421875,207.02999877929688,214.1100006103516,63370600,0.03795812428442069,-0.028186304046044386,0.0310107502200061,214.66300354003906,208.68550186157228,,213.28871402954593,214.85375570092268,0.03448074980770355,59.53856521580417,-2.1829925470978537,-2.4722313808547662,208.68550186157228,227.3335855277685,190.03741819537606,0.09832215695767052,-0.9239590132820548,0.009546186583304639,0.002757379195991838,0.057759169114945275,80.27069316660508,4.772120252489572,0.011143034846021383,0.0,-0.030943683242036224,-0.026748418894939174,0.0,0.0,72581555.0,0.8730950997123167,-0.2226869728623787,-0.12690490028768328,0.0,0.0
2024-09-03,215.25999450683597,219.8999938964844,209.63999938964844,210.6000061035156,76714200,-0.01639341692041585,-0.012241454566690568,0.058930012736116755,213.4510040283203,209.27150192260743,,213.03264660801923,214.68694199122046,0.03318578445010569,51.72499968215611,-2.13415382006292,-2.404615868696397,209.27150192260743,227.35008477381677,191.19291907139808,0.11009122981625317,-0.7499513280162838,-0.02057880743185614,-0.015531387548016862,0.06706885384323091,59.46111118009518,4.052986982925404,0.009951875116772414,0.0,0.0032899329813262934,-0.008138841107114159,0.0,0.0,71401825.0,1.0744011094954506,0.29363655372909814,0.07440110949545058,0.0,0.0
2024-09-04,210.58999633789065,222.22000122070312,210.57000732421875,219.41000366210935,80651800,0.04183284569452206,0.04875482348314497,0.09355065953727926,213.2820037841797,210.21000213623046,,213.640013946504,214.87216009596122,0.03427323018570069,60.907441073029325,-1.3687771908450657,-2.197448133126131,210.21000213623046,228.35060926695817,192.06939500550274,0.021719842073842907,-0.997370196786703,-0.0020469437874175433,-0.018893777105411624,0.05515668479304625,56.85977804189756,3.3553117765083016,0.009917860279308695,0.0,0.0676486005885566,0.038393974744233006,0.0,0.0,71745220.0,1.1241417895157335,0.28382684881266584,0.1241417895157336,0.0,0.0
2024-09-05,223.4900054931641,235.0,222.25,230.1699981689453,119355000,0.04904058305110981,0.11868771892561503,0.2003024862453262,213.9720031738281,212.13050231933593,,215.2142981581651,215.4720753145096,0.03355239421420336,59.93800370468035,0.1048226039974054,-1.7369939857014238,212.13050231933593,230.1793831397158,194.08162149895605,-0.12606596972711567,-0.9677952771240208,-0.002432293987318923,-0.015565290094700424,0.05967300899736627,46.11234041546097,2.6660347800816453,0.009749490592065084,0.0,0.13425300902031545,0.14062947724795993,0.0,0.0,74154980.0,1.6095345181132812,0.8615362060252916,0.6095345181132811,0.0,0.0
2024-09-06,232.6000061035156,233.6000061035156,210.50999450683597,210.72999572753903,112177000,-0.08445932396079381,0.021572605073569395,0.05979681959681593,213.9790023803711,212.72500228881836,223.1624008178711,214.7872217362007,215.2861114091382,0.038918448713841376,47.25308359527692,-0.29261162732365165,-1.4481175140258693,212.72500228881836,229.68082870441867,195.76917587321805,-0.4047767584318435,-0.17363918988114604,-0.01683009220076248,-0.03221973652171417,0.01829824626058607,36.716768112887785,1.3747945438898341,0.00948827428120596,-0.015814108607480407,0.053792341595283566,0.04149857333622986,0.0,0.0,76512135.0,1.4661334440608669,0.8003395989009578,0.46613344406086693,0.0,0.0
2024-09-09,216.1999969482422,219.8699951171875,213.6699981689453,216.2700042724609,67443500,0.026289605928169646,0.01008828945846485,0.08135002136230463,213.57400207519532,213.53850250244142,223.5394009399414,214.92843912060644,215.32469544299397,0.03924674431764214,46.67697230371445,-0.15871911406492245,-1.1902378340336799,213.53850250244142,229.45295101006235,197.62405399482049,-0.4703519315252183,-0.22184925638342792,0.011196137881657853,-0.03063804533861858,0.025178531634671986,37.60785329413602,0.8189276319324108,0.009736616216691798,-0.004796477296780463,0.04072633479708343,0.05617148972763264,0.09540855879331711,0.06410212777267772,76951895.0,0.8764371559660746,0.06427112888310993,-0.12356284403392535,0.0,0.0
2024-09-10,220.07000732421875,226.3999938964844,218.63999938964844,226.1699981689453,78891100,0.04577608406578748,0.07393158411294931,0.14522250178768648,214.87000122070313,214.97250213623047,224.10520080566405,215.9990637918768,215.75000143224696,0.040059560806863695,52.406717916367214,0.7377342953481332,-0.8046434081573174,214.97250213623047,229.9384583541563,200.00654591830465,-0.617530159701316,-0.22681323143306933,0.00435591585377737,-0.00595941648464815,0.029103426895447315,40.94655114064453,0.5595627871040278,0.009758450719729153,-0.0006278228660153102,0.07989100059759746,0.11611907489223916,0.13456797965603573,0.11019268504862412,77694205.0,1.0154052030006613,0.0283767542384592,0.015405203000661375,0.0,0.0
2024-09-11,224.5500030517578,228.47000122070312,216.8000030517578,228.1300048828125,83548600,0.008666077418469476,0.03974295189444477,0.09767599900354962,216.76200103759766,215.98750228881835,224.4706008911133,217.15439151482306,216.2354917636417,0.03865545516452621,52.311643890788176,1.5880304161329377,-0.32610864329926637,215.98750228881835,231.65109956286656,200.32390501477013,-0.5896506525124967,-0.03980534194628196,0.010258848410452215,0.006298130882773645,0.022839620089293744,44.695441311257795,0.7887068913385065,0.009348554122553528,0.009290811075236965,0.03344482101167112,0.07483637891425587,0.07040793616125574,0.05956304536239424,78059265.0,1.0703226580470622,0.0359173632826546,0.07032265804706206,0.0,0.0
2024-09-12,224.66000366210935,231.4499969482422,223.8300018310547,229.80999755859372,71894900,0.007364189890953776,-0.0015640640101467485,0.141175846590754,219.16800079345703,217.40900192260742,224.44160095214843,218.3596873285155,216.76782532422808,0.037692829927565306,60.165619165128916,2.3701361325807397,0.21314031187673488,217.40900192260742,232.64520188237228,202.17280196284256,-0.7531638543516761,0.4368105309172829,0.008423348039961365,0.017248778358370576,0.02821157295097554,52.44428834681751,1.323173666861294,0.009480680904977548,0.017419020859927564,-0.018812842368517324,0.11296427363977846,-0.024630484289652643,0.023173648993869495,78141510.0,0.9200602854999859,-0.39763813832684014,-0.07993971450001414,0.0,0.0
2024-09-13,228.0,232.6699981689453,226.32000732421875,230.2899932861328,59515100,0.0020886633855723424,0.09282018675634407,0.0754179225857654,221.56900024414062,218.21650161743165,224.11960083007813,219.49590694352665,217.29810642077337,0.03531179271224775,55.86400811111121,2.9941771806260533,0.7693476856265986,218.21650161743165,234.4052953020188,202.0277079328445,-0.8601797093290958,0.7330892836060823,0.005222670911050553,0.0400659396211005,0.01616436075108041,49.89235301541133,1.9543797762132726,0.008791059295003567,0.02234011438372974,0.05275424713524357,0.059253561834685,-0.08447463649479281,0.009177724158378586,76624840.0,0.7767076577256148,-0.4694536313147971,-0.22329234227438519,0.0,0.0
2024-09-16,229.3000030517578,229.9600067138672,223.52999877929688,226.77999877929688,54323000,-0.015241628421408637,0.048596635220829354,0.04932446743916108,222.83600006103515,218.7495018005371,223.62480072021484,220.18962997550474,217.66994533679392,0.03555292235162939,58.33435326256758,3.1689769905934497,1.249273546619969,218.7495018005371,235.3445061522088,202.1544974488654,-0.7377429225611141,0.48953960499748106,0.0014768156945352828,0.030069129324527655,0.015388439086136962,51.85657975139831,2.491320828647531,0.008786294624525494,0.023544569143290554,0.0185275058963017,0.03393602835302412,-0.11314636047593929,-0.02022760874220449,74902735.0,0.7252472156056785,-0.19454061547814094,-0.2747527843943215,0.0,0.0
2024-09-17,229.4499969482422,234.57000732421875,226.5500030517578,227.8699951171875,66761600,0.004806404196833203,0.00751645647966237,0.02312317649181872,224.56299896240233,219.00700149536132,223.12340057373046,220.92109332233167,218.0699472889662,0.03496536899747237,61.885345231281455,3.356765985578079,1.6707720344115908,219.00700149536132,236.01606852407062,201.99793446665203,-0.681351050655983,0.6044821919385511,0.00040851156037757796,0.02602066479177534,0.006182691522926609,51.3809205850249,2.901527576809599,0.008540907424239652,0.023672665739552956,-0.01850420831211297,0.01694048496889211,-0.11314331555091828,-0.038235679631379714,74419055.0,0.8971035711216704,-0.15374991602348043,-0.10289642887832962,0.0,0.0
2024-09-18,230.08999633789065,235.67999267578125,226.8800048828125,227.1999969482422,78010200,-0.0029402649901351108,-0.0040766576717869984,0.02758928392734039,225.3419982910156,219.31200103759767,222.42080078125,221.51908414384695,218.42798845207508,0.034920019340603334,64.16589860936125,3.4121932247460904,2.019056272478491,219.31200103759767,236.69377447642984,201.9302275987655,-0.7038287943067518,0.6470144736971732,-0.0029656037238378063,0.012589887925351206,0.00483289571933776,52.92014792355138,3.059722531314037,0.008562384372722885,0.02042981863803962,-0.016666545597138205,0.02275638820800263,-0.14395465687943265,-0.045954938089522744,74619505.0,1.0454397948632868,-0.0662895608065246,0.04543979486328675,0.0,0.0
2024-09-19,234.0,244.2400054931641,232.1300048828125,243.9199981689453,102694600,0.07359155565707187,0.061398549933642466,0.09248888566009428,226.7169982910156,220.34450073242186,222.0340005493164,223.65250452718965,219.42767510763863,0.038413353124627014,70.47878570152095,4.750523002671798,2.5653496185171525,220.34450073242186,240.88286200686437,199.80613945797936,-0.42725429819085214,0.31197006627186497,0.017064156245996998,0.02126639767687588,0.01847944355267339,60.086320870411534,3.8953249832932215,0.009334540979517345,0.037478264024069105,0.040132152256766584,0.07400944210742089,-0.09067282713016345,0.00782292241134134,76246935.0,1.346868565929896,0.4283989545850957,0.34686856592989607,0.0,0.0
2024-09-20,241.5200042724609,243.9900054931641,235.9199981689453,238.25,99879100,-0.02324531900421767,0.034565143714155866,0.13096931481186136,229.46899871826173,221.7240005493164,221.97840057373048,225.04274219126683,220.16580549557438,0.03626647930546579,63.449969970712466,5.29262741346497,3.110805177506716,221.7240005493164,243.20800867216678,200.23999242646602,-0.40178136057059166,0.8069397705219841,-0.0017284936532352413,0.014204289947258752,0.024761751351523698,55.41733416897599,4.42869893535476,0.009128722663917798,0.035176651561320944,0.020360853766897113,0.10620756346033766,-0.035816711127851675,0.030250568699794367,77265165.0,1.292679566529108,0.6782144363363247,0.2926795665291079,0.0,0.0
2024-09-23,242.6100006103516,250.0,241.9199981689453,250.0,86927200,0.04931794333683115,0.10238998741375305,0.13471310679517523,232.8419982910156,223.20800018310547,222.01380065917968,227.41962388733663,221.33577390751265,0.036470397156724295,70.1061449942935,6.594360186440099,3.807516179293393,223.20800018310547,248.11176537530946,198.30423499090148,-0.3900586769776054,0.7579489239032527,0.0024987950515615864,0.015239257339304313,0.01652160082267895,70.10475494239925,4.907106482044242,0.008867202536650192,0.037332787877157846,0.08715073007444873,0.11819150597249628,-0.013275514884357076,0.06402224038752931,77535265.0,1.1211311394885928,0.6001914474531966,0.1211311394885927,0.0,0.0
2024-09-24,254.0800018310547,257.19000244140625,249.0500030517578,254.2700042724609,88491000,0.017080017089843746,0.11585557432296678,0.19258006784689607,235.6519989013672,225.26100006103516,222.04640075683594,229.97680297163419,222.62731235319688,0.03532703116141551,68.6536843819332,7.879714008238693,4.621955745082453,225.26100006103516,253.27051076991165,197.25148935215867,-0.5808612309606193,1.3925924393216034,0.002861378152297034,0.017728486917377717,0.021866186426118484,72.74085443281095,5.353420047630607,0.008843838480585967,0.039865966279265516,0.09812708740558906,0.1707138814207776,-0.014067629493920375,0.08492444644414876,78994755.0,1.1202136141823593,0.32547752001150365,0.12021361418235932,0.0,0.0
2024-09-25,252.5399932861328,257.04998779296875,252.27999877929688,257.0199890136719,65034300,0.010815214909361659,0.13124996683966894,0.22852626913393093,238.54099731445314,227.6514991760254,222.0556005859375,232.5523444994473,223.97604477125472,0.03469781112240024,65.71461894182002,9.016332292328599,5.500831054531682,227.6514991760254,257.9595302454619,197.3434681065889,-0.7237919616135448,1.8661172053676627,-0.0022054649913506585,0.018504402818525056,0.01821430252273437,72.85513214419021,5.543600145659866,0.00887458223806873,0.03731174671061415,0.11274556402114388,0.21031196661119655,-0.010472911465067458,0.10419487305575766,79105400.0,0.822122130726853,-0.16633594068467972,-0.17787786927314697,0.0,0.0
2024-09-26,260.6000061035156,261.75,251.52999877929688,254.22000122070312,67142200,-0.01089404681602335,0.04222697248719953,0.23557716267656437,240.98199768066405,230.07499923706055,222.17000061035156,234.6159308538526,225.16208227907623,0.034485028218065386,81.61072031441283,9.580734117833714,6.316811667192089,230.07499923706055,260.75838110490224,199.3916173692189,-0.749834242744486,2.0130678894379774,0.0039645812385114,0.0053862777344388935,0.028220103940943986,90.56104257116819,5.806080195429445,0.008751767569425233,0.04077793541833979,0.03684069475276064,0.20735705873562038,-0.007712822579911904,0.07882831030282304,79256690.0,0.8471486760297459,-0.34619541825957745,-0.1528513239702541,0.0,0.0
2024-09-27,257.3800048828125,260.70001220703125,254.1199951171875,260.4599914550781,70988100,0.024545630573566513,0.09322137022068477,0.26265267110918256,243.9989974975586,232.78399887084962,222.39460052490233,237.07726995873125,226.54631401146847,0.03454566771529765,81.79595803707828,10.411524123831043,7.13575415851988,232.78399887084962,264.18045947765137,201.38753826404786,-0.8476427965867328,2.100366417132774,-0.0014501814141685276,0.005666573530025865,0.026637429099346965,86.91294561092232,5.880687560365118,0.008770918505984115,0.038494293005001595,0.08755479669065891,0.2360152420098356,0.007851544635111729,0.11047386111186874,79690655.0,0.8907957902968673,-0.28925971499542946,-0.1092042097031327,0.0,0.0
2024-09-30,259.0400085449219,264.8599853515625,255.7700042724609,261.6300048828125,80705700,0.004492104223754234,0.04652001953125007,0.22194201175563144,247.48399810791017,235.15999908447264,222.84320068359375,239.41562566578662,227.922145026031,0.03404430675043318,79.18040463121892,11.037112531610262,7.916025833137956,235.15999908447264,267.7748829003014,202.54511526864388,-0.7474119647526264,2.2154583220059814,0.0040071973467303845,0.0071797421993302635,0.02100466682931046,86.88293367508757,6.051124530958759,0.008584019055577761,0.041654431110511835,0.039340277331919804,0.20093734492632098,0.0454459913971601,0.0952412045518003,80557410.0,1.0018407990028477,-0.07157138387064121,0.0018407990028477827,0.0,0.0
2024-10-01,262.6700134277344,263.9800109863281,248.52999877929688,258.0199890136719,87397600,-0.013798172234708361,0.014748042152831653,0.22516610415883886,250.4989974975586,237.53099822998047,222.97340057373046,241.18746979415664,229.10245263338948,0.03394068572427023,73.9464805095606,11.113488365447608,8.555518339599887,237.53099822998047,269.5167638647404,205.5452325952205,-0.7593111070656405,2.290638763097712,-0.008958604559465067,-0.004691137864240247,0.033118230893720124,72.29189303395677,5.713917346241942,0.007345088283713794,0.031735784808393126,0.0194391800170719,0.19204787326511874,-0.0024475964961074848,0.06967981892869439,81091580.0,1.0777641772425695,-0.012356058808240422,0.07776417724256945,0.0,0.0
2024-10-02,247.5500030517578,251.16000366210935,241.5,249.0200042724609,93983900,-0.03488095932262858,-0.031125924376198655,0.13495282856815805,252.68099822998042,239.01149826049806,223.02620056152344,241.93342545875706,229.88353308982366,0.03457273549629008,63.77457068719872,10.328730040916469,8.910160679863203,239.01149826049806,270.19672730215075,207.8262692188454,-0.5239920153793342,1.6592115907688239,0.00042218331212562354,-0.0020700354716487457,0.03567436337415253,68.3749997194649,5.403372561624224,0.007300186119063281,0.03154347768664716,-0.02905588890454991,0.09927846519400552,-0.019666506095644465,0.01685202339793705,81758185.0,1.149535058783411,0.44514356270460365,0.1495350587834111,0.0,0.0
2024-10-03,244.47999572753903,249.7899932861328,237.80999755859372,240.66000366210935,80729200,-0.03357160254966751,-0.05333961723500091,0.04557503400362517,252.35499877929684,239.53599853515624,223.51960052490233,241.81214719240964,230.30613977893293,0.03420873470857445,56.68084934687501,8.92928993692908,8.913986531276379,239.53599853515624,270.4467575536921,208.62523951662035,-0.3424915746156063,1.5350946687443208,-0.0018281779867485026,-0.007827975658197817,0.03630155634614196,62.81856841326332,5.0172001709080405,0.007283071669483121,0.028603966311593083,-0.0455116415768031,0.009273477657483209,0.06187133774596498,0.008544391275548366,79826895.0,1.0113032706583414,0.20236155502798536,0.011303270658341403,0.0,0.0
2024-10-04,246.69000244140625,250.9600067138672,244.5800018310547,250.0800018310547,86573200,0.03914235030998836,-0.03985253000291866,0.18673186969733924,253.5379989624023,241.50349884033204,224.11620056152344,242.59956191989963,231.08158534960438,0.02826534642398465,63.94876098873892,8.48255706053655,8.827700637128412,241.50349884033204,269.5728693673472,213.43412831331688,0.4962099782787627,0.053788993117854664,0.009087314968778681,0.002642217138562053,0.06361957042813571,67.59889091403778,5.060802303415244,0.005981356811612422,0.03659108554893789,-0.042494747141480715,0.12311229926920353,0.0679652444336536,0.04952759885379213,78546705.0,1.1021875456137848,0.2195452477246187,0.10218754561378482,0.0,0.0
2024-10-07,249.0,249.8300018310547,240.6999969482422,240.8300018310547,68113300,-0.03698816351676526,-0.07950159639019383,0.11356173798217828,252.62099914550777,242.73149871826172,224.53680053710937,242.43103238762868,231.46387619201423,0.029728305621140108,57.06806822112397,7.297993615379596,8.521759232778649,242.73149871826172,268.17923709188767,217.28376034463577,0.5550350275264105,-0.00024262741175887497,-0.00904048416232972,-0.010387725626125222,0.04233382136422703,58.34666973947095,4.632387852180045,0.0062464689448896975,0.02629053670218176,-0.06911387076406861,0.07122791661795125,0.04957260955172127,0.017228885135201304,78580195.0,0.8667998342330405,-0.15602863242621035,-0.13320016576695948,0.0,0.0
2024-10-08,243.55999755859372,246.2100067138672,240.55999755859372,244.5,56303200,0.015238957526229946,-0.052398998485948645,0.08104524021511672,251.6439987182617,243.64799880981445,224.78480041503906,242.62807692214022,231.97509673350388,0.028318151860097215,59.1360409598571,6.579512210396075,8.133309828302135,243.64799880981445,267.8753645573654,219.42063306226348,0.6597817014838876,0.6251039366245862,0.009457552416897164,0.008001874520196406,0.047628367102555025,65.9210901499182,4.663697614159332,0.006444729050086545,0.03487158513571671,-0.06040087300614505,0.033416873112561696,-0.0019535364845157943,-0.009645845459366384,77450800.0,0.7269544020203794,-0.35578093677629596,-0.27304559797962064,0.0,0.0
2024-10-09,243.82000732421875,247.42999267578125,239.50999450683597,241.0500030517578,66289500,-0.014110416966225725,-0.03200546576162955,0.05663436589843651,250.0470001220703,244.29399871826172,225.15340057373047,242.47778417258002,232.3309754126511,0.028589143074240344,48.23731969202428,5.666405800815369,7.6399290228047825,244.29399871826172,267.4442178663333,221.14377957019013,0.7582758377154749,0.6179495336442523,0.006926701053480588,0.014555673691690973,0.044172963470088034,60.74972303518334,4.945414537753209,0.006270185862251009,0.04065703316230831,-0.04656113945332052,0.012461402428348478,0.014686576169849586,-0.006471053618374152,76587845.0,0.865535516765095,-0.2946717469694278,-0.13446448323490495,0.0,0.0
2024-10-10,241.80999755859372,242.7899932861328,232.33999633789065,238.7700042724609,83087100,-0.009458613360014523,-0.007853400485699491,0.038988759449347654,248.5020004272461,244.74199905395508,225.2874005126953,242.12466227733057,232.58348634832993,0.028705578801452546,50.3332507262828,4.7045543715895235,7.052854092561732,244.74199905395508,267.04325797709834,222.44074013081183,0.8416589418684667,0.6683465891087671,-0.0017502523603367681,0.01463487837835764,0.03363869876887171,60.70643312882283,5.030815951507975,0.006148712867215254,0.03782494220867593,-0.022488278864057132,0.005350060680475943,-0.020306276325260386,-0.012481498169613858,77147455.0,1.0769908093533351,0.029207523423990356,0.07699080935333512,0.0,0.0
2024-10-11,220.1300048828125,223.33999633789065,214.3800048828125,217.8000030517578,142628900,-0.08782510719719294,-0.1290786889913097,-0.05423592252597931,244.23600158691406,244.11749954223632,225.30620056152344,239.80802806537127,232.00374190532713,0.03507463304739593,31.5451592196777,2.224533304059179,6.087189934861222,244.11749954223632,268.70506548611866,219.529933598354,-0.10100822200251613,1.2978003248884653,0.005988234357958255,0.011518760246655768,0.03442590346290153,62.760711569970965,5.310068494398706,0.006174300288680912,0.04260365331278698,-0.14059744923796547,-0.08866182598888084,-0.06628613747991308,-0.09851513756891979,81303145.0,1.7542851509618724,0.6474948367393143,0.7542851509618724,0.0,0.0
2024-10-14,220.1300048828125,221.91000366210935,213.7400054931641,219.16000366210935,86291900,0.006244263504570968,-0.08998047587171931,-0.03360082528531683,239.98900146484374,243.73649978637695,225.53600067138672,237.8415495507749,231.5000658957892,0.034982961325623375,29.182964210903307,0.364636125434572,4.942679172975892,243.73649978637695,269.65535838326065,217.81764118949326,-0.2003479307074916,1.3701818266501364,0.008178240416581328,0.029094718356675875,0.04134780840763419,65.52203491813042,5.838846415530725,0.00634047885525101,0.04912794568851381,-0.11907519422839519,-0.07494863369295102,-0.0445255797677786,-0.07951646922970827,82901590.0,1.0408955968154532,0.26688767098349375,0.040895596815453114,0.0,0.0
2024-10-15,220.00999450683597,224.25999450683597,217.1199951171875,219.57000732421875,62988800,0.0018707960177877236,-0.10196316022814422,-0.03642422421038927,236.14400329589844,243.3215003967285,225.94980072021485,236.10140267205526,231.03222046160997,0.03496293116865977,27.161857447473395,-1.0639968263729713,3.7413439731061198,243.3215003967285,270.54307947124374,216.09992132221328,-0.18694687968977527,1.377362825010137,-0.007769497377991819,0.011532547550838768,0.032835134248328846,60.76961537971923,5.831726545051197,0.0067049266201693715,0.03859052754097158,-0.11349570777898299,-0.06925935845871811,-0.02001233554421411,-0.06758913392730508,82712950.0,0.761534922886924,0.11874280680316573,-0.23846507711307602,0.0,0.0
2024-10-16,221.3999938964844,222.82000732421875,218.92999267578125,221.3300018310547,49632800,0.008015641700267029,-0.08180875739905669,-0.025836246461414913,233.3750030517578,243.02800064086915,226.36360076904296,234.69460259195995,230.65174129962742,0.03502114222770645,29.684990341019144,-2.0307724054333107,2.5869206973982335,243.02800064086915,271.0949076885635,214.9610935931748,-0.23706422700589105,1.3614194402618123,0.004346306574101622,0.008940349927435198,0.04040959495137986,60.993828612372695,5.9566612810299375,0.006639727505280606,0.040802097154096446,-0.09074910732649188,-0.06624584141279477,-0.015497333047232553,-0.05749742726217307,81294080.0,0.6105340019839083,-0.2512720717459025,-0.3894659980160917,0.0,0.0
2024-10-17,221.58999633789065,222.0800018310547,217.8999938964844,220.88999938964844,50791800,-0.001987992760882462,-0.07488379847918236,-0.09441619773769305,231.39800262451172,241.8765007019043,226.94620086669923,233.3798784774541,230.26892789139296,0.030346056073803824,23.672663172735426,-2.8001748640635924,1.5095015851058682,241.8765007019043,271.6284398193673,212.12456158444127,-0.8058037561789793,1.9319613589376619,8.589743781750592e-05,0.010796163689722027,0.023041621396203915,62.16993553142618,5.990572169130246,0.0056198751419167855,0.03846824916617069,-0.08567996216890439,-0.11745781913389697,0.02566750573958454,-0.05915675852107227,78698940.0,0.645393699076506,-0.3886921074390609,-0.354606300923494,0.0,0.0
2024-10-18,220.7100067138672,222.27999877929688,219.22999572753903,220.6999969482422,49611900,-0.0008601676940163117,0.013314939650369118,-0.07366213243130249,228.46000213623046,240.9990005493164,227.38340087890626,232.17227071276724,229.89367569754393,0.030029441918550313,22.40797562943601,-3.386229123398209,0.5303554434050527,240.9990005493164,272.20118539004403,209.79681570858875,-0.9415328552459851,2.317379870678824,0.003846548369420555,0.008644241920553908,0.028754996959813983,62.127610282802614,6.123967330511391,0.005607591445325436,0.04040107903723719,0.00467069772981521,-0.10241712939111647,0.004909673073711485,-0.030945586195863257,76185580.0,0.6511980351137315,-0.6521609575618966,-0.3488019648862685,0.0,0.0
2024-10-21,218.8999938964844,220.47999572753903,215.72999572753903,218.8500061035156,47329000,-0.008382378207102748,-0.0014144805320942533,-0.1245999755859376,226.26200256347656,239.44150085449218,227.76040100097657,230.90348360712423,229.46059061542516,0.027352468715603873,22.952632617057347,-3.954376554953086,-0.36659095626657506,239.44150085449218,271.83880895360596,207.04419275537842,-1.3115384638790126,3.1985675687426776,-0.0016422800212634314,-0.0011808177714727197,0.024505463997796628,68.54456406226339,6.083646031040985,0.0056425264091986465,0.03676354953523951,-0.00023366276062153357,-0.14910543958373423,-0.00411970155514263,-0.051152934633166135,74205670.0,0.6378084046677296,-0.4515244188620253,-0.3621915953322704,0.0,0.0
2024-10-22,217.30999755859372,218.22000122070312,215.25999450683597,217.97000122070312,43268700,-0.004021041161845984,-0.007286997541303686,-0.14276164094000177,223.60900268554687,237.6265007019043,228.17000091552734,229.67172337984601,229.00997926661253,0.02680607694799654,25.85160499177279,-4.424642008447478,-1.1782011667027557,237.6265007019043,270.5883214843808,204.66467991942775,-1.3007124482858765,3.457664857297801,-0.0005310730001248931,0.006105671707150373,0.02103979584293625,67.83423829653532,5.9584983167146675,0.005641779436488478,0.034313832970957726,-0.013392669248454059,-0.16380143678293801,0.006491490820333734,-0.056900871737019444,71944555.0,0.6014172997525664,-0.31307311776061775,-0.3985827002474336,0.0,0.0
2024-10-23,217.1300048828125,218.72000122070312,212.1100006103516,213.6499938964844,80938900,-0.019819274670942244,-0.03469935332324525,-0.16874172037599944,220.86900177001954,235.45800094604493,228.28640075683595,228.14584438143063,228.40762689915655,0.026589600001828848,27.58505413000104,-5.087276301197619,-1.9600161936017284,235.45800094604493,268.7525568627328,202.16344502935706,-1.165126363788822,3.3172243193127136,-0.009137472564623828,-0.007401727661692004,0.013946295779483586,61.342731517509016,5.37591310966252,0.006050842222703737,0.023497808241137088,-0.02729762566155325,-0.18268801615548302,-0.04159046518744547,-0.08385870233482724,72739785.0,1.1127184387471039,0.6307542592801534,0.1127184387471038,0.0,0.0
2024-10-24,244.67999267578125,262.1199951171875,242.6499938964844,260.4800109863281,204491900,0.21919035070290405,0.17922953373205086,0.02462437941769302,223.04000244140624,235.77100143432617,229.46840087890624,231.2252888199923,229.66536745159468,0.05748478997718442,55.32459918331893,-1.8127317051459784,-1.9305592959105784,235.77100143432617,269.9150749774491,201.62692789120325,2.859084343740636,11.505976575951447,0.0021628025973028375,-0.0053403722537241904,0.01212660331900417,57.649077067346404,4.955921722323069,0.00601313321045363,0.024363582674902556,0.18456990598577505,0.01249777609868885,0.22493863830470695,0.14066877346305695,79607270.0,2.568759109563737,3.026080981575766,1.568759109563737,1.0,0.0
2024-10-25,256.010009765625,269.489990234375,255.32000732421875,269.19000244140625,161611900,0.03343823359841336,0.21971004152091478,0.033517665947684794,228.1790023803711,236.20750198364257,230.5694009399414,234.84097583155554,231.21535313746966,0.057697045017178455,64.60049297898269,1.4682667321103509,-1.2507940903063925,236.20750198364257,271.8699755423222,200.5450284249629,2.8076472215284016,11.18276225477501,-0.00034551236644997374,-0.00949406843149525,0.013246292001780624,65.63690434379642,4.554747120600837,0.0059981711771740906,0.023008789371914896,0.22920410995241003,0.02027137394590417,0.20690764786967675,0.1521277105893303,84138460.0,1.9207850963756645,2.2575228926930837,0.9207850963756646,0.0,0.0
2024-10-28,270.0,273.5400085449219,262.239990234375,262.510009765625,107653600,-0.024815158866218545,0.19949738379928728,0.003363547247597465,232.51400299072264,236.2515022277832,231.49720123291016,237.47612192051454,232.44259457386792,0.05803093312282031,58.99331312835996,3.489240260301756,-0.302787220184763,236.2515022277832,272.047963793786,200.4550406617804,2.8371455128745886,11.199466229698858,0.0030916456720186947,-0.004797373664713223,0.01232231521955307,61.835568369093195,4.328462810006727,0.005974852265487701,0.025149527541176376,0.2042947574640005,-0.008958767971955606,0.16359200137744656,0.11964266362316382,85485855.0,1.259314772016961,1.2745800671892495,0.2593147720169612,0.0,0.0
2024-10-29,264.510009765625,264.9800109863281,255.50999450683597,259.5199890136719,80521800,-0.01139012091242797,0.1906225056671802,0.005813503076773419,236.50900115966797,236.3265022277832,232.23320098876954,239.57553783414858,233.50445317935043,0.05799972536659144,59.265566684750574,4.794340482970512,0.7166383204462919,236.3265022277832,272.32074035857784,200.33226409698855,2.8352471772109706,11.201917238417016,0.001618272212904115,-0.0026572030769907995,0.023126312339408317,57.892646640235334,4.1753190423866045,0.005533299485131888,0.02594399633718209,0.193279708744171,-0.0173128092626349,0.12244213394416459,0.0994696778085669,85142065.0,0.9457346377492724,0.8609710945787601,-0.05426536225072765,0.0,0.0
2024-10-30,258.0400085449219,263.3500061035156,255.82000732421875,257.54998779296875,53993600,-0.007590942139718337,0.20547622349923556,0.03425420999983153,240.13099975585936,236.75300140380858,232.96220062255858,241.28739021117906,234.44741532106096,0.05741057243027242,59.450471829906036,5.605067449131042,1.694324146183242,236.75300140380858,273.5731987012647,199.93280410635248,2.8591326996831663,11.464044994598503,-0.0030252091843017137,0.0034950346820037392,0.019600682829296057,56.44950537063992,3.8701818179401926,0.005610594506278618,0.022010574002131186,0.20198118881723182,0.014653527170535474,0.12353090633113828,0.11338854077296852,83142550.0,0.649409959160502,-0.33290914504644864,-0.35059004083949796,0.0,0.0
2024-10-31,257.989990234375,259.75,249.25,249.8500061035156,66575300,-0.029897037679701866,-0.04080929220849294,0.03818666293344353,243.0270004272461,237.2125015258789,233.4938006591797,242.10287743902063,235.05143848900036,0.05729274235537299,68.61424016452445,5.5621334280282895,2.4678860025522518,237.2125015258789,274.4648330560945,199.9601699956633,2.870287302936262,11.53810230684879,-0.019603301045631794,-0.01830000388204056,0.0014439615028432051,35.60528074404161,2.6982500406231793,0.007248585437459478,0.0016321861575121022,-0.02250928832645238,0.03674270143060032,0.10163201754388096,0.03862181021600963,82434855.0,0.8076110523879735,-0.6744355155387574,-0.1923889476120265,0.0,0.0
2024-11-01,252.0399932861328,254.0,246.6300048828125,248.97999572753903,57544800,-0.003482130697311736,-0.07507710736124484,-0.004398616824462409,245.8550003051758,237.15750122070312,234.26020050048828,242.75784108554618,235.59765641992345,0.056678764375889056,67.41821530647672,5.395706989160146,3.053450199873831,237.15750122070312,274.3330104936448,199.98199194776146,3.0750915819338687,12.750258902170748,0.0042206988082120755,-0.013815805043448703,-0.0033857923694491365,31.379967463353097,1.9369242230402506,0.007008622189372468,0.005274690089580918,-0.06126130231779614,-0.0010128244550132726,0.1521113354340511,0.029945736220413893,80983435.0,0.7105749465924729,-0.6439321609361687,-0.2894250534075271,0.0,0.0
2024-11-04,244.55999755859372,248.8999938964844,238.8800048828125,242.83999633789065,68802400,-0.024660613282231014,-0.07493052720273863,0.008346113405945266,248.25399932861328,237.25800094604492,234.71060028076172,242.76566539529327,235.8816697500398,0.05630779060013421,62.73950763264041,4.71402584512731,3.385565328924527,237.25800094604492,274.4861434197878,200.02985847230204,3.112334720409053,13.002436837415264,-0.002154001685066964,-0.01897303523093352,0.003539986300366005,34.59051681113705,1.222224476087149,0.00671151978171535,0.002777485405541573,-0.05595749197180511,0.004806127105579261,0.08544344349094968,0.011430692874907944,81017890.0,0.8492247823289399,-0.3608908573424391,-0.15077521767106006,0.0,0.0
2024-11-05,247.33999633789065,255.27999877929688,246.2100067138672,251.44000244140625,69282500,0.03541429020427689,-0.03113435155023825,0.028384468063011203,251.6009994506836,237.60500106811523,235.4752001953125,243.5917927330183,236.49180044381887,0.056740569307083745,65.33563807351268,4.812264457403359,3.6709051546202933,237.60500106811523,275.24446453159305,199.96553760463743,2.9937873931313894,12.246594417208827,0.012091924203754711,-0.008714700985561818,0.0061589150711334195,42.37500888903245,1.186919571027829,0.006925252992653342,0.014273797225971505,-0.02241965056467643,0.022225552991877784,0.14778161627364628,0.04919583956694921,81666855.0,0.8483551864462027,-0.13958083401016863,-0.1516448135537973,0.0,0.0
2024-11-06,284.6700134277344,289.5899963378906,275.6199951171875,288.5299987792969,165228700,0.14751032444224466,0.12028737120823063,0.19697156244110992,259.08899993896483,239.9790008544922,237.0616000366211,247.87162188028293,238.5325141040337,0.06509970646931634,75.08529448101045,7.79313755713909,4.495351635124053,239.9790008544922,283.98434407106555,195.97365763791882,2.2097143426862473,5.852143157835892,0.024865377121195964,0.01901672055109782,0.024083912820444642,58.51778041524399,2.266627008962814,0.00874674163106297,0.038354648881225806,0.10127065065713281,0.17288764962066527,0.32341582226930665,0.19919137418236824,86613815.0,1.9076483353146378,2.060153425591181,0.9076483353146377,0.0,0.0
2024-11-07,288.8900146484375,299.75,285.5199890136719,296.9100036621094,117309200,0.02904379065700735,0.18835299743437384,0.24349791996194292,262.731999206543,242.8860008239746,238.88480010986328,252.54194395474258,240.82182742003667,0.0650360292635487,76.64498753824999,10.708259177986747,5.737933143696592,242.8860008239746,293.708494873329,192.06350677462018,2.1205738432991965,5.5713493584059295,0.007732273571293691,0.047429104670942523,0.0338118414099049,60.32982186554396,3.4439475559875063,0.008833445552878872,0.0449509392667858,0.1409238927634313,0.20968607855203802,0.37296200132630486,0.24119065754725807,88324920.0,1.3281551797612723,0.7620528934905288,0.32815517976127234,0.0,0.0
2024-11-08,299.1400146484375,328.7099914550781,297.6600036621094,321.2200012207031,204782800,0.08187665372925301,0.29014381369102815,0.4748392870516567,267.9349990844727,248.05700073242187,241.1836001586914,259.0827113134055,243.9746969808471,0.06222638084655824,80.93309224006246,14.809413994686963,7.552229313894667,248.05700073242187,308.3038989963211,187.81010246852264,2.2907723278668537,5.250281413404193,0.0043317116431220715,0.04754489403319617,0.03210950261540124,63.245907493973924,4.528772322427244,0.008798829131004625,0.047949625611626585,0.24259891965783198,0.44272978443625544,0.48256431696657853,0.38929767368688867,91432615.0,2.2397128202009755,2.558667333972835,1.2397128202009753,1.0,0.0
2024-11-11,346.29998779296875,358.6400146484375,336.0,350.0,210521600,0.08959591143118995,0.4412782296084603,0.5970067263715402,276.68399810791016,254.5990005493164,243.90140014648438,267.7415007121288,248.13255200120605,0.06393381855611376,84.13921012895614,20.149641585667382,10.07171176824921,254.5990005493164,328.501361443733,180.6966396548998,1.9665790384243094,3.773771789110826,0.0009528857307679051,0.05080652363765403,0.024712638715706836,63.98029152692536,5.371651631534974,0.008662582099859305,0.04759732043286602,0.39047170597080627,0.5722940876558333,0.5691816402807657,0.5106491446358018,97644100.0,2.1560094260687537,2.059800239526528,1.1560094260687537,1.0,0.0
2024-11-12,342.739990234375,345.8399963378906,323.3099975585937,328.489990234375,155726000,-0.06145717075892854,0.30643488325181645,0.4960603874705172,283.5809982299805,260.04499969482424,246.25919982910156,273.52707114281895,251.2838240887813,0.0666727266130979,77.27013226715344,22.388056821392297,12.534980778877829,260.04499969482424,338.96144431399017,181.1285550756583,1.7655288619900842,3.2473099908305416,-0.00310644007127725,0.035026790644141936,0.029528348114500114,68.27039503949189,5.825421492095074,0.008467404770554044,0.04264619719432113,0.2714080926076745,0.46653203935601706,0.47528153580030574,0.4044072225879991,102280960.0,1.5225316618068505,1.2476960271352793,0.5225316618068505,0.0,0.0
2024-11-13,335.8500061035156,344.6000061035156,322.5,330.239990234375,125405600,0.005327407385385952,0.14456032867134572,0.49207060724850726,290.8499984741211,265.49049911499026,248.47579956054688,278.928301532491,254.38014432978497,0.06670571139740328,71.07806822478051,24.026267540876006,14.833238131277465,265.49049911499026,348.10245340143575,182.87854482854476,1.769239392552092,3.251629052425804,0.0004858730531422939,0.0104055668069849,0.025571121687894216,67.67063075036452,6.137222224105585,0.0084428324339338,0.041409192578311535,0.13415476186436082,0.46649948556061305,0.4178748944868367,0.33950971397060353,106069600.0,1.1822953984930649,-0.2410180555799325,0.18229539849306492,0.0,0.0
2024-11-14,327.69000244140625,329.9800109863281,310.3699951171875,311.17999267578125,120726100,-0.05771559508909463,0.04806166460430705,0.40875545989233264,296.98299713134764,270.0049987792969,250.0959994506836,281.9998911651853,256.60758936296133,0.06889510048979502,61.94050677808217,23.515506703422716,16.569691845706515,270.0049987792969,352.22191637387937,187.7880811847144,1.652171000145279,2.8747701372263665,-0.006430102156933848,-0.0037943786054022155,0.018889074645307646,63.1453727993765,6.011412661873237,0.008615975983265706,0.033076290568308506,0.05185604320970927,0.389866385247025,0.26906202962794157,0.23692815269489195,109566315.0,1.1018541601951293,0.029127297773746674,0.10185416019512931,0.0,0.0
2024-11-15,310.57000732421875,324.67999267578125,309.2200012207031,320.7200012207031,114440300,0.030657525449785616,-0.0015565655877588513,0.453194407138652,304.15699768066406,275.0059989929199,252.29579956054687,285.6875206942822,259.1218015926767,0.06876846784688516,66.28797937764071,23.6083812964269,17.977429735850592,275.0059989929199,356.76177202380893,193.25022596203084,1.586661503663503,2.737672200381936,-0.012808744458971177,-0.020796150554071136,0.001984204149482194,54.08356243980205,5.250268528516358,0.009113945754008243,0.01817600645618432,0.019239584966312284,0.4512102029891698,0.43462311140822085,0.30169096645456767,112807735.0,1.014472101580623,-0.4411625390413648,0.014472101580622995,0.0,1.0
2024-11-18,340.7300109863281,348.54998779296875,330.010009765625,338.739990234375,126085600,0.056186046847983784,-0.03217145647321429,0.5478180524891176,313.7469970703125,281.00049819946287,254.74519927978517,290.7401368409577,262.2440835001943,0.06883497445107604,70.4470371416949,24.849596909740967,19.35186317062867,281.00049819946287,363.0003392787028,199.0006571202229,1.4379808411827877,2.364667275201674,0.004097410127560819,-0.017719951426308667,0.007744743433894863,55.170157980258736,4.781702050356557,0.009145234917906166,0.020807313120499955,-0.014451505046905622,0.5400733090552228,0.48659152830938623,0.33740444410590115,116745565.0,1.0800033388848647,-0.4010799841916459,0.0800033388848647,0.0,1.0
2024-11-19,335.760009765625,347.3800048828125,332.75,346.0,88852500,0.021432396454288627,0.05330454591061273,0.5873744004325692,323.2029968261719,287.40199813842776,257.14179931640626,296.0029809513427,265.5286292452847,0.06852091805378507,72.2225033532175,26.11801907344443,20.70509435119182,287.40199813842776,368.67008452236047,206.13391175449505,1.399993534169685,2.3402575074753655,0.0036553686844147393,-0.011057264355221585,0.011965849750777746,58.28623307012423,4.528149360919997,0.009170066373251,0.023005088418802253,0.06436181026583432,0.5754085506817914,0.4508845236557477,0.36355162820112447,119024755.0,0.7465043721367038,-0.4294305382530855,-0.25349562786329616,0.0,1.0
2024-11-20,345.0,346.6000061035156,334.29998779296875,342.0299987792969,66340700,-0.011473991967350106,0.03570133507015427,0.600889344958343,328.55299682617186,293.82099838256835,259.41979919433595,300.3865064587669,268.5286829525009,0.06825568386607428,73.60200195254885,26.497460624854625,21.863567605924384,293.82099838256835,370.72445514976556,216.91754161537114,1.4037998281085227,2.3816810778154074,0.0003390388159874025,-0.011202404487720696,0.021644191222399023,71.46504215197542,4.293537907239511,0.00887875255149714,0.022013788227961035,0.04690373955787497,0.579245153735944,0.4309326796061972,0.35236052430000536,118294845.0,0.5608080385920452,-0.4709909286347659,-0.43919196140795486,0.0,1.0
2024-11-21,343.8099975585937,347.989990234375,335.2799987792969,339.6400146484375,58011700,-0.006987644766217049,0.09145839270684974,0.30390049264188757,332.8259979248047,297.7789985656738,261.6163995361328,304.1249358101641,271.3173626268514,0.051125349494872484,73.03354103013042,26.302124523641908,22.751278989467888,297.7789985656738,375.6001408695914,219.9578562617562,0.9127246728040092,1.1028562784595815,0.005368141194877163,0.0005391696912728783,0.02491183950332254,71.89001786300817,4.308574697702966,0.008927578023800965,0.02621100840663295,0.09091922301557687,0.278988653138565,0.41280935574177047,0.26090574396530414,110970835.0,0.5227652833287233,-0.519476732868866,-0.47723471667127676,0.0,1.0
2024-11-22,341.0899963378906,361.5299987792969,337.70001220703125,352.5599975585937,89140700,0.038040225983177356,0.09927661579166647,0.3097068775254175,335.9599975585937,301.9474983215332,264.06179962158205,308.7377988338241,274.5033483104491,0.05122508980628491,76.94763936439547,26.879998015255296,23.57702279462537,301.9474983215332,382.2137890071573,221.6812076359091,0.8951376124297292,1.048632183381601,0.0030992895314962965,0.01666229783985007,0.02844367804716419,74.56969446628717,4.415077569611185,0.008928022829767622,0.02813970725008403,0.0826143179518164,0.2812631994782533,0.4680818996461469,0.2773198056920722,107347275.0,0.8303955549873064,-0.2210724718477669,-0.16960444501269362,0.0,1.0
2024-11-25,360.1400146484375,361.9299926757813,338.20001220703125,338.5899963378906,95890900,-0.03962446482142756,-0.00044279949462300294,0.2898174688279185,334.8189971923828,305.75149765014646,266.2979995727539,311.5808652627828,277.0165501938782,0.05192976586688026,70.85427171900159,25.91200708634642,24.04401965296958,305.75149765014646,385.3566636904929,226.14633160980003,0.8653994447682166,0.9265412210555508,0.0033922103737351605,0.015948273488298748,0.02875183918942681,71.95857386085325,4.6061090561122455,0.00893119975345712,0.03033197266286373,-0.01639107298292175,0.26106562963849167,0.42814271298521,0.2242724232135933,106759140.0,0.8981985055331094,-0.2394777833471864,-0.10180149446689062,0.0,1.0
2024-11-26,341.0,346.9599914550781,335.6600036621094,338.2300109863281,62295900,-0.001063189566898104,-0.022456615646450517,0.3032907880113609,335.7929992675781,309.6869987487793,268.50519989013674,314.11887914121576,279.4170780680919,0.051714494083196845,64.42922443491312,24.829599326690925,24.201135587713853,309.6869987487793,387.4293596816847,231.94463781587385,0.848465705882413,0.954986171095974,0.00522148547086676,0.0175335722820098,0.032452662515993325,63.26983480093342,4.94716472825678,0.008970896448101633,0.03430995422471696,-0.03999018792846032,0.27083812549536757,0.4142979401448237,0.2150486259039103,105847845.0,0.5885419774016183,-0.29888410568076307,-0.41145802259838166,0.0,1.0
2024-11-27,341.79998779296875,342.54998779296875,326.5899963378906,332.8900146484375,57896400,-0.015788061864523528,-0.02672275579183092,0.29252584129815884,336.05800170898436,313.45400009155276,270.61900024414064,315.90660633237974,281.5140559732035,0.05193128766833729,60.63365025927396,23.272618048420384,24.01543207985516,313.45400009155276,387.7857044548282,239.12229572827735,0.8570611862334853,0.9193500034375152,-0.0030300883971953185,0.014106534132264148,0.03244760967374538,54.81164457724753,5.015731213936533,0.008971029953551063,0.029787547879565016,-0.04082928992409507,0.26007823162441346,0.39524077804389246,0.20482990658140363,106042985.0,0.5459710512675591,-0.12728686914669274,-0.45402894873244093,0.0,1.0
2024-11-29,336.0799865722656,345.45001220703125,334.6499938964844,345.1600036621094,37167600,0.03685898787510977,0.016252469601927277,0.3814688622385136,339.4560028076172,318.2194999694824,272.64380035400393,318.69264417330635,284.0099754904155,0.051089956009838976,57.617414245962344,22.766348443476545,23.765615352579438,318.2194999694824,387.42600046856387,249.01299947040093,0.7246096340247172,0.9142023262593187,0.006211946367561172,0.014957673435461505,0.0596334320182248,56.30036218862029,5.303062853769006,0.007488994057084597,0.03499858333922545,0.0012947961664657726,0.3218354302202888,0.35652642308543037,0.22655221649072832,104572600.0,0.35542388732803815,-0.3593085532745981,-0.6445761126719619,0.0,1.0
2024-12-02,352.3800048828125,360.0,351.1499938964844,357.0899963378906,77986500,0.034563659025395044,0.012848873413507711,0.4342115931621162,343.09300231933594,323.625,275.0206002807617,322.3495348556477,286.8758586609048,0.050976366973667406,52.52690818160352,23.061933229198587,23.624878927903268,323.625,386.6750745981817,260.5749254018183,0.61128156942626,0.8286863505731009,0.0017924311212933475,0.013635365678521083,0.05707117291920194,56.93515993027839,5.552168351253272,0.00748659667185998,0.035595043565897114,-0.0007864922650133721,0.3771404202429143,0.43654259380617555,0.2709655072613588,105594685.0,0.73854569479515,-0.1251302715818925,-0.26145430520485,0.0,1.0
2024-12-03,351.79998779296875,355.69000244140625,348.20001220703125,351.4200134277344,58267200,-0.01587830229999254,0.037892487163265764,0.4471257565774467,344.3610046386719,329.0540008544922,277.0490005493164,325.11815186251306,289.40700198509415,0.05061350233458506,59.2125503400183,22.578396367866333,23.41558241589588,329.0540008544922,380.4341045332135,277.6738971757709,0.6143673957453483,0.9039301568867749,0.0004640487109774938,0.010677311801772671,0.05984461251567441,60.45327881503524,5.705959351645106,0.0074178909570419725,0.03485980062997363,0.027215175361493094,0.3872811440617723,0.34557492985510874,0.25335708309279137,105067925.0,0.5545669622770222,-0.3923594418239895,-0.44543303772297776,0.0,1.0
2024-12-04,353.0,358.1000061035156,348.6000061035156,357.92999267578125,50810900,0.018524782309774723,0.058244333883930244,0.4235204788434197,345.55400390625,334.3785003662109,279.1222003173828,328.2430890828243,292.0941780906113,0.05048044922515729,60.7151241682464,22.46156786817255,23.224779506351215,334.3785003662109,372.1659412195518,296.59105951287,0.6732831470858386,1.0036513232350053,0.006209406835690379,0.011670595096751057,0.05368454524166877,64.15232229447533,6.054543297641999,0.0071474493644645195,0.039989705655172576,0.046573738787179186,0.36983593360175093,0.34403256703762586,0.25348074647551866,104144345.0,0.48788918879848925,-0.18436205271936035,-0.5121108112015107,0.0,1.0
2024-12-05,359.8699951171875,375.4299926757813,359.5,369.489990234375,81403600,0.03229681165351517,0.10994615030610166,0.2805947104204103,348.3000030517578,338.42649993896487,281.37160034179686,332.171365382972,295.129307978602,0.040659796700028394,73.95450065470133,23.03622833185392,23.187069271451755,338.42649993896487,372.71777970154596,304.13522017638377,-0.08107549789176084,-0.18054206891266253,-0.0016455346383350555,0.013075564603722167,0.026428147840725114,69.48751572557319,6.180492259997436,0.004920456744583385,0.036978535901474076,0.0968705857023795,0.2541665625796852,0.37335128619143165,0.24146281149116544,99953090.0,0.8144180435042079,0.4060217906467414,-0.18558195649579218,0.0,1.0
2024-12-06,377.4200134277344,389.489990234375,370.7999877929688,389.2200012207031,81455800,0.053397958017247005,0.12765093606189026,0.3109022815669247,353.25800170898435,343.04199981689453,284.07160034179685,337.6045687960892,298.8191390861354,0.041514324444231976,75.96666061215444,24.797843778583626,23.509224172878127,343.04199981689453,378.62966739911514,307.4543322346739,-0.12420415809702175,-0.3758961315848386,0.0018955917276137768,0.008729767051148363,0.02048318141317118,89.81965365279407,6.298626918513037,0.004687488246441476,0.03768451327515808,0.1189211690107419,0.2904191001537535,0.46898817398964354,0.29277614771804633,98160420.0,0.8298232627774005,1.191580839225562,-0.1701767372225995,0.0,1.0
2024-12-09,397.6099853515625,404.7999877929688,378.010009765625,389.7900085449219,96359200,0.0014644862094215227,0.09157358800969995,0.21346742750650138,356.9810028076172,346.47050018310546,286.65820068359375,342.57461067693043,302.38662416295057,0.03841768899477076,72.30233887383025,25.94090098033422,23.99555953436935,346.47050018310546,386.17963820290583,306.7613621633051,-0.12510597883070304,-0.06595709393598233,-0.005149673070058869,0.0017395893194704914,0.01084931889131635,79.07142336726322,6.074741045504425,0.004813205129408458,0.03117147564131916,0.08983399869022946,0.20261810861518503,0.43843146653266585,0.2436278579460268,92739240.0,1.0390337466643031,0.23558821078007086,0.03903374666430305,0.0,1.0
2024-12-10,392.6799926757813,409.7300109863281,390.8500061035156,400.989990234375,97563600,0.02873337295448497,0.14105621453695072,0.14568568638392865,363.22100219726565,349.0199996948242,289.445400390625,348.1379801585918,306.2534228324182,0.03396867209805105,73.22410681198339,27.43428164661566,24.683303956818612,349.0199996948242,395.631027917986,302.4089714716624,-0.6129508255183043,-0.32046642896766814,-0.0031091970652838974,-0.001838212162813102,0.006747074234045192,72.19451119682785,5.683146018011485,0.004880574909169931,0.026948225011784305,0.14289442669976382,0.13893861214988346,0.4820472685462127,0.2546267691319533,87091340.0,1.1202445616292045,0.6744171678062443,0.12024456162920447,0.0,1.0
2024-12-11,409.7000122070313,424.8800048828125,402.3800048828125,424.7699890136719,104287600,0.05930322291934931,0.18674041769513106,0.2930987294638776,371.875,353.83399963378906,292.780400390625,355.4362667162185,310.9011313101144,0.03174994360687031,79.93489724562735,30.188647807473842,25.78437272694966,353.83399963378906,410.3520553555701,297.31594391200804,-0.5408851528544573,-0.19225080685239568,0.007730844472955134,-0.000328942917486863,0.017691476872505385,75.99624964925421,5.675842455000179,0.0050746495129287755,0.03351965828010201,0.18706936061261792,0.2754072525913722,0.5779618070339505,0.3468128067459802,84519420.0,1.233889205581392,1.0524651206729265,0.23388920558139184,0.0,1.0
2024-12-12,424.8399963378906,429.2999877929688,415.0,418.1000061035156,87752200,-0.015702575706076027,0.13155976387426982,0.2660489900292977,380.3959991455078,358.2270004272461,296.1620004272461,361.40424189596104,315.10500875299294,0.03237391510774825,77.53370739909012,31.47051841009994,26.921601863579717,358.2270004272461,420.3988397891649,296.05516106532724,-0.44353074761617844,-0.4758156766281616,-0.005152639643455803,-0.003840672958678626,0.011955997273923824,66.35974829275779,5.36077603194633,0.0052517868566545585,0.026954811042688945,0.13540043683294845,0.2540929927553739,0.6166287551814125,0.3353740615899116,82636750.0,1.0619028458887843,0.07798917983971232,0.06190284588878435,0.0,1.0
2024-12-13,420.0,436.2999877929688,415.7099914550781,436.2300109863281,89000200,0.04336284290396253,0.12078004629306927,0.4018575141520637,389.5029998779297,364.47950134277346,300.07340057373045,368.53050561885317,319.8550088405747,0.028518528285659775,78.32624547687394,33.562462794146995,28.249774049693176,364.47950134277346,431.6783844941295,297.28061819141743,-0.3032755629207415,-0.9793515138595694,-0.000198618165903941,-0.005922892638488553,0.01830279543108282,64.09593951460616,5.043455281637989,0.004990642202849281,0.025482552774242273,0.12670293893155782,0.3835547187209809,0.7485530707882744,0.41960357614693766,81050455.0,1.0980839034154712,0.0926195556363083,0.09808390341547127,0.0,1.0
2024-12-16,441.0899963378906,463.1900024414063,436.1499938964844,463.0199890136719,114083800,0.06141250567967771,0.1878703375238273,0.4436891595514967,400.0959991455078,371.59450073242186,304.3322003173828,377.5295040374074,325.4693217885393,0.03005778003312775,88.76084970139881,36.95606461523522,29.991032162801588,371.59450073242186,448.6896525261176,294.49934893872614,-0.2513135429225144,-1.0939192729013665,0.00426995333865432,0.003489412629275712,0.03591973197912113,64.73568912157643,4.939031909463779,0.003848532630697383,0.028680734298642513,0.1843809248945516,0.40776942757237555,0.792480209744455,0.4615435207371274,81032630.0,1.4078748277082949,0.18394299662097646,0.4078748277082948,0.0,1.0
2024-12-17,475.8999938964844,483.989990234375,457.510009765625,479.8599853515625,131223000,0.036369912179738284,0.1966881893263437,0.4166027017345848,412.93999633789065,378.65050048828124,309.112799987793,387.275264162565,331.5238576145402,0.02907643820521497,90.01075072504203,40.537079258537915,32.10024158194886,378.65050048828124,467.9502914842045,289.35070949235796,-0.2742175123120168,-0.9873784217457043,-0.004119888826441431,0.002472030907257894,0.02744200656706064,55.90915523120873,4.605524975298408,0.004022051612874043,0.023176788742486323,0.1942161584190858,0.38916069516752416,0.9282600299517292,0.5038789611794464,81289500.0,1.6142675253261491,0.3449995695115802,0.6142675253261491,0.0,1.0
2024-12-18,466.5,488.5400085449219,427.010009765625,440.1300048828125,149340800,-0.0827949436951747,0.03616078411002399,0.2720520372335622,421.1599975585938,383.35700073242185,313.02540008544923,392.3090489930647,335.782922213296,0.03674959907874507,75.36665002988892,39.71141332335014,33.622475930229115,383.35700073242185,475.29439542559453,291.4196060392492,-0.8650799114291584,0.7703842587239041,-0.029803561159425507,-0.03486650254099477,-0.006809900102260347,36.6461776138696,2.883971091974445,0.008004710856425495,-0.00775803611091014,0.07102728665101876,0.27886193733582254,0.777249760931549,0.3757129949727968,84313915.0,1.771247367649812,0.4320091746286232,0.771247367649812,0.0,0.0
2024-12-19,451.8800048828125,456.3599853515625,420.0199890136719,436.1700134277344,118566100,-0.008997322180141931,0.04321934240714853,0.2752390579318267,427.8279998779297,388.0640014648437,316.92780029296875,396.48628370112846,339.71967088837204,0.03666775529934159,72.40854414024936,38.29607558485378,34.55719586115405,388.0640014648437,480.7291912961252,295.3988116335623,-0.8774815597762047,0.8187166956093997,-0.00030704650479618234,-0.030165636418676423,-0.0074513681639797325,31.07043581079853,1.4882384221007214,0.008003254111147759,-0.008363445374811325,0.07338497882582495,0.2826904260958064,0.7939339981669733,0.3833364676962015,86925185.0,1.3640016987021655,0.3511467518763063,0.36400169870216553,0.0,0.0
2024-12-20,425.510009765625,447.0799865722656,417.6400146484375,421.05999755859375,132216200,-0.034642491239586515,-0.03477526315402868,0.23972435342883358,431.0119995117187,392.13500061035154,320.5736001586914,398.82663740183943,342.90948762053756,0.037955020254588606,65.50788596318745,35.545412836244566,34.754839256172154,392.13500061035154,482.9788461092585,301.2911551114446,-0.776068599662102,0.27831897902715474,0.012010906155728973,-0.018322067820702115,-0.00089330549684008,39.384392720633365,0.9280145794709824,0.008381639065183666,0.0029697188519219922,-0.016453195333326565,0.24061765892567366,0.7339303773274368,0.3193649469732613,90635410.0,1.4587698119311205,0.4855719425349605,0.45876981193112054,0.0,1.0
2024-12-23,431.0,434.510009765625,415.4100036621094,430.6000061035156,72698100,0.022657123925894362,-0.07001853846357153,0.22135241968837405,435.09299926757814,396.03700103759763,324.82960021972656,401.85267251628477,346.3483314826151,0.03754232938087827,68.8416184790905,33.74628557711429,34.55312852036058,396.03700103759763,486.4264902882808,305.6475117869145,-0.7527836851947748,0.35180330747159305,0.005988313845908255,-0.016642363490315892,0.0019842197523898264,43.14893485035651,0.756156462589388,0.008462566483492768,0.00839226446380506,-0.05337617497325564,0.21936819993598422,0.9475191266278142,0.37117038386351425,89813280.0,0.8094359765059242,-0.36276579146206556,-0.1905640234940757,0.0,1.0
2024-12-24,435.8999938964844,462.7799987792969,435.1400146484375,462.2799987792969,59551800,0.07357174228224572,-0.03663565854399364,0.365309087035081,441.2220001220703,402.221501159668,329.69200012207034,407.60765596990495,350.8946713766027,0.03808135052550681,72.17476929799045,34.47931878609609,34.53836657350769,402.221501159668,492.98637897028584,311.4566233490501,-0.8224963767709612,0.8727753297037398,0.011114993282984376,-0.0015990490435856541,0.009696165816590385,46.09800992500966,1.1313088937441762,0.008788978872587287,0.0189460497774659,-0.03503660950040799,0.35561292121849064,1.0768035143969694,0.465793275371684,87996325.0,0.6767532621390723,-0.5461786424635925,-0.3232467378609277,0.0,1.0
2024-12-26,465.1600036621094,465.3299865722656,451.0199890136719,454.1300048828125,76366400,-0.017629994630971146,0.03180878341554472,0.3426662038608077,444.1580017089844,408.01650085449216,334.38320007324216,412.03835586637234,354.9431158278266,0.038656633881491126,68.25082696348574,34.01056388075148,34.43280603495644,408.01650085449216,496.34565914896615,319.6873425600182,-0.7493388189260239,0.5731213212747016,6.669503786849162e-05,0.02913956326087641,0.004518429157541304,46.98189076198315,1.4154846398946574,0.00871914562562274,0.01820289569350424,0.002669220154668306,0.3381477747032664,1.0275923848418507,0.45613645989992846,88699850.0,0.8609529779362648,-0.4886434249716085,-0.13904702206373518,0.0,1.0
2024-12-27,449.5199890136719,450.0,426.5,431.6600036621094,82666800,-0.04947922616674816,-0.01034002711507409,0.2967045710817793,445.5140014648438,412.95500030517576,338.5898001098633,413.9070842278711,357.95162123309257,0.040770619565120354,59.04441529892241,31.463242260601987,33.83889328008555,412.95500030517576,494.3726263971583,331.53737421319323,-0.7116806525470544,0.06735583036005414,-0.010526583116915789,0.018619003514052324,-0.0030348249701936947,40.97293175250596,1.1255361807793633,0.009023919907195673,0.006984664766457178,-0.028959030629126414,0.299739396051973,0.9250339874874518,0.39860478430343277,89938370.0,0.9191494130925433,-0.3027787875286444,-0.08085058690745674,0.0,1.0
2024-12-30,419.3999938964844,427.0,415.75,417.4100036621094,64941000,-0.03301209257078741,-0.008668583854196332,0.20932321020232791,443.6320007324219,416.56750030517577,342.5202001953125,414.2406956025605,360.2833225048187,0.04168043311034361,55.561821032788764,27.97216985438115,32.665548594944674,416.56750030517577,491.47041865564745,341.6645819547041,-0.47903624659585625,-0.38476690872217956,-0.011411689511399481,-0.0049565339757497995,-0.02049650517798507,38.59613147950903,0.3530010070476237,0.00923187128248344,-0.004770271863507439,-0.0037120498784465328,0.22981971538031298,0.8761942236322211,0.36743396304469583,91327040.0,0.7110818438876372,-0.5088272087686683,-0.28891815611236277,0.0,0.0
2024-12-31,423.7900085449219,427.9299926757813,402.5400085449219,403.8399963378906,76825100,-0.03251001941775111,-0.062145864807981344,0.1309193774102917,437.71400146484376,418.9050003051758,346.1830001831055,413.25015281544904,361.99142736101766,0.04232527262124809,50.568477805607316,23.835720292539634,30.89958293446367,418.9050003051758,488.7390318925445,349.0709687178071,-0.2645206026398003,-0.6595397497502997,-0.0036380303829519622,-0.014478146498273392,-0.025806144037954337,38.434438016950985,-0.4241202955023482,0.009225459696271806,-0.008506728665602262,-0.04766771830970795,0.15672552144824603,0.8238912450670757,0.3109830160685379,91268970.0,0.8417439136214642,0.056769021473738634,-0.1582560863785359,0.0,0.0
2025-01-02,390.1000061035156,392.7300109863281,373.0400085449219,379.2799987792969,109710700,-0.06081615932376483,-0.17954486505834333,0.07927831166989474,427.6560028076172,420.2979995727539,349.39160003662107,410.0149000501012,362.6694105538914,0.044729480348538214,40.95446429123619,18.364078006735667,28.392481948918068,420.2979995727539,485.41630518836666,355.1796939571411,-0.25268898807298673,-0.9367774579954237,-0.00245680648417268,-0.027706419593556686,-0.028650303394741172,32.77814474050538,-1.1410720351403825,0.009219755188853762,-0.011041943807619074,-0.15183844546478664,0.10792861506463591,0.727956826651502,0.22801566541711707,93841145.0,1.169110841518398,0.8422734493331856,0.16911084151839792,0.0,0.0
2025-01-03,381.4800109863281,411.8800048828125,379.4500122070313,410.4400024414063,95423300,0.08215567328200035,-0.09620593656365062,0.14670469320851098,424.68700256347654,422.92350006103516,353.24100006103515,410.05538599213025,364.5427670984998,0.04790890818063598,48.61201629790787,16.353599835556224,25.9847055262457,422.92350006103516,481.3437866718767,364.5032134501936,-0.1823289212246749,-1.0472223777514758,0.012503295720092567,-0.015615199012566361,-0.0225744636969617,41.97794542579555,-1.1164695568031675,0.009593413611889857,0.0009647833603333079,-0.08059073755108426,0.16927915690547268,0.8648012967609093,0.3178299053717659,96071765.0,0.9932502020755005,0.2495456116826249,-0.0067497979244994614,0.0,1.0
2025-01-06,423.2000122070313,426.4299926757813,401.7000122070313,411.0499877929688,85516500,0.0014861742226248698,-0.047745947491752094,0.11247935981224133,422.175,425.00149993896486,357.18899993896486,410.1501099731625,366.36657967475344,0.047579290669916,45.12808067394444,14.640732865263317,23.715910994049228,425.00149993896486,478.1366713969337,371.866328480996,-0.08615356761902944,-1.0047868416029277,0.00576050990496646,0.0005881335373003616,-0.015323675213736676,44.969393714417485,-0.817031797487175,0.009713309386705027,0.00607387494099517,-0.048334081029052456,0.127803035025978,0.8904217316905911,0.3232968952291722,96277410.0,0.8882301673881755,0.034472121819158374,-0.11176983261182452,0.0,1.0
2025-01-07,405.8299865722656,414.3299865722656,390.0,394.3599853515625,75699500,-0.040603340073111616,-0.055221528253562635,0.013205858164377249,419.5049987792969,425.2584991455078,359.86659942626954,408.6462885806292,367.46436028953025,0.04733630333555035,36.17509461880671,11.800500908992717,21.332828977037927,425.2584991455078,477.7103044161581,372.8066938748575,0.13013877495495363,-0.9695979672035476,-0.011304045433904064,0.0006970842354268036,-0.02829645432967598,38.79871865316255,-1.1009465186357374,0.009970781827612234,-0.005679676465511234,-0.05591861248898944,0.04150231249405323,0.4943429999805362,0.15997556666186666,95989595.0,0.7886219334501828,0.1656657581497052,-0.2113780665498172,0.0,0.0
2025-01-08,392.9500122070313,402.5,387.3999938964844,394.9400024414063,73038800,0.0014707807875760093,-0.022038416147958095,0.01321222654143761,415.9389984130859,425.51599884033203,362.38159942626953,407.3409279959413,368.54183645234895,0.0473363015930896,31.7030113305954,9.487038478523289,18.963670877335,425.51599884033203,477.2807149412065,373.75128273945757,0.13011662735307059,-0.9696018639185038,0.0014609060507264626,0.005818205853351577,-0.021839680886756252,40.92107700847536,-1.2433964066094632,0.009949017607383431,-0.004643789978857851,-0.027856622001309672,0.03505190742819386,0.44566856462708326,0.15095461668465582,94823575.0,0.7702599274494766,-0.0492846738891326,-0.22974007255052342,0.0,0.0
2025-01-10,391.3999938964844,399.2799987792969,377.2900085449219,394.739990234375,62287300,-0.0005064369418009695,0.04076142033546648,-0.015586423981174491,409.18499755859375,425.20349884033203,365.02619903564454,406.14083868531594,369.56921503203625,0.046907568902297685,38.21222465271977,7.550426899919103,16.681022081851822,425.20349884033203,477.6624395550905,372.7445581255736,0.22646493268958567,-0.855435094837031,-0.015267429606369842,-0.007098686415962896,-0.03376947358544613,46.8861479736912,-2.0466967893661376,0.010440387180588158,-0.019893548974421953,0.04786010675142938,0.01818304960427164,0.5009359634963331,0.18899303995067804,93059760.0,0.6693258181624367,-0.43225865845355105,-0.3306741818375633,0.0,0.0
2025-01-13,383.2099914550781,403.7900085449219,380.0700073242188,403.30999755859375,67580500,0.021710512074366584,-0.017371613001660124,-0.050521439861862305,404.1029968261719,424.1304992675781,367.901999206543,405.87123476848524,370.8923829742542,0.045136663109868046,41.66581912540018,6.6307411830026695,14.670965902081992,424.1304992675781,477.49681644923976,370.76418208591645,0.26842583007740145,-0.5757599786873788,0.0015505849049237685,-0.017839353633201882,-0.03969521803253662,47.79122445252873,-2.5821448054558687,0.010237168417515118,-0.018425899537344855,0.0004677406315417576,-0.010826221829325688,0.5513510785005808,0.18033086576759896,91224405.0,0.7408160129956451,-0.2917819861606128,-0.2591839870043548,0.0,0.0
2025-01-14,414.3399963378906,422.6400146484375,394.5400085449219,396.3599853515625,84565000,-0.017232432245921525,-0.03573775180065242,-0.0519971787481166,400.5729949951172,423.04349822998046,370.67819915771486,404.9654014906831,371.89111247924666,0.04516306476794983,43.46491512473002,5.280208765108284,12.792814474687251,423.04349822998046,477.7946698406663,368.2923266192946,0.2729585956301215,-0.5800743717254557,0.0013759502770052112,-0.022121030907087946,-0.033393310453592506,41.985656018303665,-2.909488544904889,0.010234531537998135,-0.017212209211768914,-0.013616720893564471,-0.018603868294524095,0.531826523215785,0.1665353113425655,91065045.0,0.9286219536815691,-0.011126507749966374,-0.07137804631843096,0.0,0.0
2025-01-15,409.8999938964844,429.7999877929688,405.6600036621094,428.2200012207031,81375500,0.08038151439752794,0.08586067838235478,-0.018361895247679394,401.65399475097655,422.6429977416992,374.24559906005857,407.1801252744945,374.1000885083234,0.04778936388862555,49.436818659092985,6.703465729081358,11.574944725566073,422.6429977416992,477.1044477818216,368.18154770157685,0.34850272023412804,-0.6863246104614289,0.01819002884394938,0.007050358756213404,-0.015615190184519623,48.48295679822248,-2.3022265978700034,0.011155962302745227,-0.00021449350280955195,0.07881031962614138,-0.002746705063159771,0.6679473725189948,0.24800366236065882,90683810.0,0.8973542245302663,0.07498068018943327,-0.10264577546973379,0.0,0.0
2025-01-16,423.489990234375,424.0,409.1300048828125,413.8200073242188,68335200,-0.03362756026209668,0.047804741900292935,-0.10625887187777616,402.65199584960936,420.18299865722656,377.5423992919922,407.8124949935159,375.6577323834565,0.04607131772089718,37.511602163439925,6.593442860348375,10.578644352522534,420.18299865722656,471.30771127886317,369.05828603558996,0.5735151827116853,-0.23684771397800766,-0.0019231016950377322,0.0036474638515637814,-0.021685619038086967,41.597148709859184,-1.8896230031465393,0.011095745984602903,-0.0028944816648753505,0.044157278048729154,-0.0845732528396892,0.6224994985362555,0.19402784124843184,88396380.0,0.7730542811821027,-0.06439864838962306,-0.2269457188178973,0.0,0.0
2025-01-17,421.5,439.739990234375,419.75,426.5,94991400,0.030641323404759113,0.08045804973235082,-0.11119907260545814,407.3739959716797,417.51499938964844,381.21559936523437,409.59225737508575,377.65154679979156,0.04582030606872611,43.04205537648036,7.443613044333858,9.9516380908848,417.51499938964844,460.4382957418898,374.59170303740706,0.5886296015402993,-0.1669273361017522,0.010040005145707243,0.029441007671646924,-0.007775482917862009,47.03380615591894,-1.0789479561406097,0.011337782768379377,0.006109889741508162,0.0510170420607039,-0.10342358968759613,0.7040349147926803,0.21720945572192937,86584800.0,1.0970909443689885,0.5250524585268586,0.09709094436898855,0.0,1.0
2025-01-21,432.6400146484375,433.2000122070313,406.30999755859375,424.0700073242188,87320900,-0.0056975209279747085,0.051474076743185604,-0.036489213142534505,408.73699645996095,416.7119995117188,384.66819946289064,410.97109070357465,379.4718785850632,0.042005390471574026,47.87407018135958,7.8310277266609205,9.527516018040025,416.7119995117188,458.4381190249734,374.98587999846416,0.8302869799852616,-0.06532966728068429,0.009153166884792174,0.037255300601249486,0.03206574832492315,56.42987646170745,-0.0025188249049961087,0.009141076377753613,0.01435289994807001,0.014218776141936118,-0.06855496146745765,0.6373552470658637,0.19433968724678072,83483805.0,1.0459621479878642,0.2921020116749653,0.04596214798786423,0.0,1.0
2025-01-22,416.80999755859375,428.0,414.5899963378906,415.1099853515625,60963300,-0.02112863871036752,0.04730548161507575,-0.048283988875501116,409.1429962158203,415.6589981079102,387.1997991943359,411.36527114624016,380.8694513994358,0.0422135084445562,49.33609932521451,7.330555679649251,9.08812395036187,415.6589981079102,456.3681174546751,374.94987876114527,0.8600518888362065,-0.07035062306518662,0.005621641854193671,0.041653115519750816,0.03818642384475468,65.40948195078366,1.1067518706042847,0.009171408430493189,0.01945908345874859,0.005652366095324934,-0.0864704127202558,0.40919720642209834,0.10945971993238916,80603665.0,0.7563340947337817,-0.2790953704251168,-0.24366590526621834,0.0,1.0
2025-01-23,416.05999755859375,420.7300109863281,408.9500122070313,412.3800048828125,50690600,-0.006576523247056931,-0.03699032341491859,-0.020614621968626623,410.9449981689453,415.2249984741211,389.50919921875,411.4619124544852,382.1051593791761,0.04151947962503785,52.629636244729205,6.637132634715442,8.597925687232586,415.2249984741211,455.8767098469392,374.573287101303,0.820468258211526,-0.007783692757672184,0.005458160907185539,0.028627855472985297,0.03146419277533563,69.63026726158535,2.222830992180434,0.008904953576164503,0.02446760356406371,-0.06561817888790389,-0.052078814743962254,0.3617196885243179,0.08134089829748392,76527385.0,0.6623851056716494,-0.37707786741709726,-0.33761489432835057,0.0,1.0
2025-01-24,414.4500122070313,418.8800048828125,405.7799987792969,406.5799865722656,56427100,-0.014064741844588391,-0.017495579294890873,-0.05578267345745369,412.10899658203124,414.0239974975586,391.2163989257813,410.99696713236904,383.06495652400315,0.04126493261620396,59.50423934779322,5.555536108815147,7.989447771549099,414.0239974975586,454.1793932353408,373.86860175977637,0.9719784390177536,0.27161578468984715,-0.0029194682871930278,0.027600990275830517,0.022330827923201513,69.2394961348356,2.932304802754743,0.0088960363332883,0.0210722981384087,-0.04509656957072139,-0.0781135013806552,0.24596697775781617,0.04091896893547986,75713835.0,0.7452680213596365,-0.1742601177723926,-0.2547319786403634,0.0,1.0
2025-01-27,394.7999877929688,406.6900024414063,389.0,397.1499938964844,58125500,-0.023193450212053546,-0.06881595803872365,-0.14088864985462424,412.34999694824216,410.76749725341796,392.1593988037109,409.6782077765705,383.61731093076713,0.037422764297097864,44.548361788161486,3.892570342491183,7.170072285737516,410.76749725341796,444.4944489736175,377.0405455332184,1.243124372888422,1.5519727740279012,-0.014145255556364478,0.002995234344467246,-0.0032096212651037126,55.99160232956482,2.7802597378333758,0.009193841058080823,0.006540440837844244,-0.07181119238319089,-0.13767902858952052,0.13032638656486295,-0.026387944802616154,75642520.0,0.7684236326341323,-0.38809723827630715,-0.23157636736586776,0.0,1.0
2025-01-28,396.9100036621094,400.5899963378906,386.5,398.0899963378906,48910700,0.0023668700890153715,-0.061263495502207,-0.12340080580974366,411.8279968261719,407.9654968261719,393.55139892578126,408.57456859193434,384.18486722124254,0.03738844113221525,44.69809161098986,2.620303109586132,6.26011845050724,407.9654968261719,435.21308436696387,380.7179092853799,1.1596601766403918,1.4113554805874746,0.008592315317060173,0.0024378051374160936,0.005288068248217925,57.194499962827,3.033361689377898,0.009398355404697738,0.01486097302401485,-0.06370130063962309,-0.1286888740579616,0.19570403633937605,0.0011046205472637904,74269735.0,0.6585549281951794,-0.43987407367537434,-0.34144507180482064,0.0,1.0
2025-01-29,395.2099914550781,398.5899963378906,384.4800109863281,389.1000061035156,68033600,-0.02258280870425211,-0.0626580428462078,-0.09859611082223052,411.1019989013672,405.8374969482422,394.72859924316407,406.7198483549421,384.37761776564537,0.036203841189575835,47.70346796951227,0.87650132027062,5.183395024459917,405.8374969482422,431.91615042359706,379.7588434728873,1.2495818098958835,1.7028237860223698,-0.0044828644654661964,-0.0076347099273954555,0.011428383030286815,61.049656744332665,2.9845505640086003,0.009124917225818057,0.010086866794919635,-0.05502333291881234,-0.11002449385251734,0.16710613316302747,0.0006861021305659317,73538075.0,0.9251479590674627,0.11597633330216706,-0.07485204093253733,0.0,1.0
2025-01-30,410.7799987792969,412.5,384.4100036621094,400.2799987792969,98092900,0.028732954254456988,-0.029341883603095975,-0.04103879814217182,408.30799865722656,404.9809967041016,396.5105993652344,406.10652934773776,385.00124055049446,0.03628308174949769,52.133949500170694,0.39213749570944856,4.225143518709824,404.9809967041016,430.5801242161965,379.38186919200666,1.0304525300635725,1.188208426092079,0.005366979111198988,-0.007724704372655933,0.02859470139993081,62.538305732827574,3.165615456686396,0.008724196539298925,0.015041852944867724,-0.021617179230440042,-0.06963349954210263,0.2631959948540852,0.05731510536051417,75195670.0,1.3045019746482742,0.9351299846519867,0.3045019746482743,0.0,1.0
2025-01-31,401.5299987792969,419.989990234375,401.3399963378906,404.6000061035156,83283600,0.010792463618949588,-0.004869842427421278,0.0018819576379678349,407.38599853515626,405.0189971923828,398.1881994628906,405.9630509435261,385.7698195917894,0.03561988481444488,53.81461400141548,0.3527973342876862,3.4506742818253966,405.0189971923828,430.61324903807,379.4247453466956,0.9272651952082507,1.200704371965537,-0.005322014232943095,-0.010115671714563734,0.026856239959045514,68.96670882344965,3.0188549812241945,0.0087837773535212,0.009029203844635595,0.005245829287142456,-0.02497428232107768,0.23064375844726537,0.07030510180444338,75518595.0,1.1028224240665494,0.4759503855416989,0.10282242406654944,0.0,1.0
2025-02-03,386.6799926757813,389.1700134277344,374.3599853515625,383.6799926757813,93732100,-0.05170542044525328,-0.03391665977014713,0.01160091201920932,403.1039978027344,405.238996887207,399.0869995117188,403.8408549180266,385.6878655950832,0.034841712058141114,43.06801286403128,-1.3508781919364878,2.4903637870730195,405.238996887207,429.96252619987615,380.51546757453787,1.0700195440246911,1.2360111467673602,-0.006729450943770532,-0.0026695557334752706,0.0224580428153196,63.79251940960783,2.551836279375493,0.00893226273651653,0.0018495345649282566,-0.031247104036671858,-0.010857130796110281,0.11289112268621326,0.023595629284477043,74719665.0,1.2544502173557657,0.6125813971492717,0.25445021735576573,0.0,1.0
2025-02-04,382.6300048828125,394.0,381.3999938964844,392.2099914550781,57072200,0.02223206563315605,-0.014770541678775784,-0.04441577545534359,399.9179962158203,404.32749633789064,400.0111993408203,402.733153635841,385.9436352366517,0.02970633750239484,48.55067628663271,-1.9898163432858382,1.594327761001248,404.32749633789064,429.58215361218987,379.0728390635914,0.8985616332103435,1.8833588063515418,0.006708162080112823,-0.0045326706475327105,0.016605932482016472,65.64945233184481,2.4713546258383303,0.008633551619897959,0.008115266279966721,-0.010237871031243073,-0.06102170793736006,0.11067604701593492,0.01313882268244393,72802110.0,0.7839360699847848,0.16686532803660548,-0.2160639300152152,0.0,1.0
2025-02-05,387.510009765625,388.3900146484375,375.5299987792969,378.1700134277344,57223300,-0.035797094243459227,-0.028090445911926998,-0.0799902088351232,396.2239990234375,402.6834976196289,400.73399963378904,400.39380694935465,385.6387873225765,0.030640743226520672,30.03590045892527,-3.587731189478177,0.5579159709053632,402.6834976196289,430.2687970105787,375.0981982286791,0.9423319280086992,1.613090993362477,0.0040547333815506015,0.004004500059520799,0.014881762049676839,60.506950945995804,2.5715077814887763,0.00859090492830894,0.011670723280693868,-0.0320949459714478,-0.09487197088480004,0.07898503033359972,-0.01599396217421604,71387450.0,0.8015876740239356,-0.1588964864419934,-0.19841232597606442,0.0,1.0
2025-02-06,373.0299987792969,375.3999938964844,363.1799926757813,374.3200073242188,77918200,-0.010180622383618165,-0.06485458062917526,-0.050816459001230885,392.4179992675781,401.6814987182617,401.4275994873047,397.91058793743696,385.19491359715073,0.029445124218626,32.79616541405143,-5.1058959440178455,-0.5748464120792784,401.6814987182617,431.8725856431837,371.4904117933397,1.0038083964317974,2.0463805557843417,0.003475526445625654,0.0021156107013640124,0.030052773807300204,63.249039364374426,2.785370747674051,0.008120046829961657,0.014689315470748324,-0.06697019133053927,-0.08086923280853109,0.07736256096121985,-0.023492287725950172,71498385.0,1.089789650493504,-0.20566931959397672,0.08978965049350415,0.0,1.0
2025-02-07,370.1900024414063,380.5499877929688,360.3399963378906,361.6199951171875,70298300,-0.03392822173149601,-0.10622839925348848,-0.08436726368117697,387.9220001220703,400.01549835205077,401.6087994384766,394.4543410021751,384.27040699009336,0.03026546333225917,21.747082063102795,-7.250260803046956,-1.909929290272814,400.01549835205077,435.0601266526009,364.97087005150064,1.0520563962277414,1.8280535954200656,-0.009153513951071335,-0.0017445387488855824,0.019135310430398622,52.89936112585038,2.4859053048970736,0.008463248876400058,0.005157173050196867,-0.1044838605046029,-0.1035025741115756,0.01346943038988302,-0.06483900140876515,71361360.0,0.9851031426531108,-0.15591665105735097,-0.014896857346889128,0.0,1.0
2025-02-10,356.2099914550781,362.7000122070313,350.510009765625,350.7300109863281,77514900,-0.030114441341470455,-0.08587881129704023,-0.11149105825816163,383.2800018310547,397.81499938964845,401.85159973144533,390.29011909590395,382.9550973428869,0.03080650842532969,20.25470592563049,-9.716411369100683,-3.471225706038388,397.81499938964845,439.2065386617576,356.4234601175393,1.1220704654211116,1.74569571517994,0.006791224986284927,0.011843993197228064,0.04196460893423093,51.67854933433,2.5429410431481756,0.007630512851386709,0.011667768508400957,-0.09772280449426829,-0.15345566719239256,0.020197353462763523,-0.07699370607463245,72122740.0,1.0747636598387693,-0.1730165012839785,0.0747636598387693,0.0,1.0
2025-02-11,345.79998779296875,349.3699951171875,325.1000061035156,328.5,118543400,-0.06338211812502892,-0.16243847133704437,-0.18549006474287855,376.3210021972656,394.0744995117187,401.65699951171877,384.405345848675,380.8196033294404,0.03267738439483827,18.2863445260804,-13.311186491053888,-5.439217863041488,394.0744995117187,445.6446460869746,342.50435293646285,1.0173036293573807,1.829087366272341,0.0007606438304508245,0.005866133036725563,0.0411427925875083,48.88539710870331,2.594731205682592,0.007635468284699357,0.012211274641547509,-0.16830460437376993,-0.22663285733038685,-0.0399175497234564,-0.14495167047587107,74670885.0,1.5875451322158562,1.0770778067079942,0.5875451322158562,0.0,1.0
2025-02-12,329.94000244140625,346.3999938964844,329.1199951171875,336.510009765625,105382700,0.0243835913717656,-0.11016210218389066,-0.15099903571964235,371.06200256347654,391.0820007324219,401.7293994140625,379.8438852693369,379.08197220929077,0.03348766039888613,23.253195381187254,-15.336936175200378,-7.418761525473267,391.0820007324219,448.68659875767213,333.4774027071716,0.8001689734156958,1.1279457340133199,-0.0032215873014570517,-0.0014233147441763405,0.03636267667585469,43.52310608760804,2.4527960281518517,0.007725370051737226,0.008729755515567327,-0.10873878743971432,-0.18736171239549704,-8.144084230887749e-05,-0.09872731355917341,75711770.0,1.3918932287542611,0.8416047309400192,0.3918932287542611,0.0,1.0
2025-02-13,345.0,358.69000244140625,342.8500061035156,355.94000244140625,89441500,0.05773971683431944,-0.049102384385488196,-0.16879173923042423,366.6280029296875,387.468000793457,401.94499938964844,377.56732500001016,378.1744439830992,0.03061555206763228,33.71285638629023,-15.199311170977069,-8.974871454574028,387.468000793457,444.32680132930346,330.60920025761055,0.35058663306455673,-0.23683698601772163,0.010557707169447816,0.005624291664947378,0.028594133382596976,51.63219744581713,2.8132439990052944,0.007031275809736282,0.019066095480830263,-0.054726676050435574,-0.1973858726130212,0.015909750290435065,-0.07873426612434058,76115070.0,1.1750826741668896,0.14788970997789996,0.1750826741668897,0.0,1.0
2025-02-14,360.6199951171875,362.0,347.5,355.8399963378906,68277300,-0.0002809633725618932,-0.015983626064216327,-0.14010925030239563,361.752001953125,384.5690002441406,401.9199993896484,375.49805560361784,377.2985832911302,0.03009324198468165,35.86532669941255,-14.926251484518673,-10.165147460562958,384.5690002441406,441.68237507411294,327.4556254141683,0.21860236029898597,-0.11992979762053928,-4.93805942612946e-05,0.01486420701719604,0.030525145447025004,61.38911359876307,3.061225077543213,0.006996586127232935,0.01874011708125725,-0.030847833081412368,-0.17063439574942063,-0.016955970107060514,-0.07281273297929784,76112175.0,0.8970614753815668,-0.028748917114638672,-0.10293852461843325,0.0,1.0
2025-02-18,355.010009765625,359.1000061035156,350.0199890136719,354.1099853515625,51631700,-0.004861766535893763,0.009636969347815993,-0.16973039776890386,358.7950012207031,380.9494995117187,401.973798828125,373.4610965319936,376.3892265091864,0.028768541066398864,35.03266846699215,-14.680222675125663,-11.068162503475499,380.9494995117187,436.01258421871677,325.8864148047207,0.32429195819174395,0.4085222601588478,0.0029358976669520143,0.01097796565391862,0.02327695591441392,58.299550828413786,3.361016393088903,0.00671641483542456,0.021403162097720543,-0.0013409963061026264,-0.19300735368331778,-0.00830482078439676,-0.06755105692460572,73944190.0,0.6982522900041234,-0.3339125768078137,-0.30174770999587663,0.0,1.0
2025-02-19,354.0,367.3399963378906,353.6700134277344,360.55999755859375,67094400,0.018214714280444966,0.0975951219439688,-0.14976303126542279,355.6300018310547,377.7739990234375,402.0263989257812,372.23242043928883,375.7684724326926,0.02939701996623017,40.11635906688617,-13.805638187716966,-11.615657640323793,377.7739990234375,429.59638433438977,325.95161371248525,0.21391012950059965,0.07697157348717182,0.0023548173146026308,0.012588414941510973,0.016383458790582672,63.654090060798254,3.670527614686648,0.006458336404432881,0.023558479113787098,0.08500670700245783,-0.16614649005600546,-0.004719639798199893,-0.028619807617249176,72932865.0,0.9199474064264443,-0.4340098225628757,-0.08005259357355562,0.0,1.0
2025-02-20,361.510009765625,362.2999877929688,348.0,354.3999938964844,45965400,-0.01708454543992588,0.053163304542766854,-0.14625037603868285,353.2529998779297,374.7384994506836,401.72459899902344,370.5340941018789,374.9304928822531,0.029313339280065732,33.53903931515342,-13.454489514642319,-11.983424015187499,374.7384994506836,424.42062856687886,325.05637033448835,0.19647815630342907,0.10890894933905519,-0.004160245253420958,0.011634868841753354,0.006496889291536467,56.66839797976918,3.6712026639103215,0.00644696425636871,0.019104344052156264,0.0415284357010135,-0.15274726533021932,-0.0503582753937194,-0.05385903500764174,72182970.0,0.63679009051581,-0.5638240432253112,-0.36320990948418996,0.0,1.0
2025-02-21,353.44000244140625,354.9800109863281,334.4200134277344,337.79998779296875,74058600,-0.046839747148427646,-0.05096368636291071,-0.18085265096943148,349.6009979248047,371.0094985961914,400.6961987304687,367.416560167697,373.4743946434576,0.03060334448990448,27.97414982129324,-14.350262528158964,-12.456791717781792,371.0094985961914,419.9862987840483,322.0326984083345,0.26771428058065966,-0.21906832884724764,-0.017104107843856187,-0.016056431124965242,-0.01608868830504273,48.01110239779975,2.811091340654343,0.007407377069962173,0.0018685547373004164,-0.03490725523794547,-0.16476396266438875,-0.12248436307869004,-0.10738519366034142,73351370.0,1.0096416740409893,-0.17198839464901639,0.009641674040989283,0.0,1.0
2025-02-24,338.1400146484375,342.3999938964844,324.70001220703125,330.5299987792969,76052300,-0.021521578674915554,-0.07112746689262117,-0.1870480355762706,346.49199829101565,367.20699920654295,399.51099853515626,363.90355432118275,371.7903006880003,0.030707416684524994,30.74136317414107,-15.468485379974538,-13.05913045022034,367.20699920654295,416.36432623432046,318.04967217876543,0.3021426689174488,-0.2452636558654955,-0.004550406866907997,-0.020485405684669278,-0.01769808580727328,49.390552055327326,1.8910697818262179,0.007441018791215869,-0.002509066097248158,-0.050642061207951894,-0.1693499497689973,-0.14300112646705532,-0.12099771248133484,74332630.0,1.0231347928897443,0.11387386437366454,0.023134792889744384,0.0,0.0
2025-02-25,327.0199890136719,328.8900146484375,297.25,302.79998779296875,134228800,-0.0838955952220366,-0.14489847697362412,-0.23756768866552613,341.69899597167966,362.4894989013672,397.5471984863281,358.0841670327814,369.08479822152844,0.03482011305722387,21.55990046408479,-18.38038751771404,-14.123381863719082,362.4894989013672,417.32837736525323,307.65062043748117,-0.06049809750046719,-0.15991818481651374,-0.004973182941032439,-0.02820978757304171,-0.0085590675716406,41.60367665767102,0.9157665388809164,0.006837709611876662,-0.007252956269528552,-0.11668868940058241,-0.22900862109388553,-0.2339865694377814,-0.19322795997741646,78137795.0,1.7178472978409487,1.5997362085695417,0.7178472978409488,0.0,0.0
2025-02-26,303.7099914550781,309.0,288.0400085449219,290.79998779296875,100118300,-0.039630120487999076,-0.19347684223979522,-0.26951194335930084,337.9289947509766,357.12499847412107,394.86779846191405,351.67614996232305,366.01480565570256,0.03511695277066269,21.843379082470463,-21.409594178134284,-15.580624326602123,357.12499847412107,417.96321464341787,296.28678230482427,0.1099693617076073,-0.24797798131013682,0.0005049020314549235,-0.030003293759601757,-0.01650895222478055,38.68110935120738,0.16473538081515926,0.006508689270236051,-0.006390433965205409,-0.16347354848019346,-0.2530029911345203,-0.297419356331603,-0.23796529864877225,80698175.0,1.2406513530200651,0.4922005413268469,0.2406513530200652,0.0,0.0
2025-02-27,291.1600036621094,297.2300109863281,280.8800048828125,281.95001220703125,101748200,-0.030433204805490277,-0.20442997442775024,-0.2753790599221382,332.4729949951172,351.7674987792969,392.14479858398437,345.0355654142,362.718147089088,0.03524996340207159,21.16141709591838,-24.244901218901475,-17.313479705061994,351.7674987792969,419.2577584810555,284.2772390775383,0.14151226248678206,-0.28809997066441995,-0.01596211835726624,-0.04149889632380166,-0.027849533953353434,28.79369868945119,-1.1698607514163086,0.0073066814006959935,-0.021686381408137865,-0.16293107810394858,-0.24752952596878475,-0.29699475245465823,-0.2358184521757972,82383905.0,1.235049491766626,1.2135823902326535,0.235049491766626,0.0,0.0
2025-02-28,279.5,293.8800048828125,273.6000061035156,292.9800109863281,115697000,0.03912040539724382,-0.13268199652544077,-0.26806232667181296,326.1769958496094,346.4024993896484,389.27979858398436,340.07789356392647,359.98331822231313,0.0360025900801066,28.344277075827165,-25.31011451096714,-18.91280666624302,346.4024993896484,414.7095209600493,278.09547781924755,0.18001390593622837,-0.34959102763800165,0.015605598316998925,-0.009601022188497899,-0.017949190457496877,43.867489607115694,-1.4860883021601694,0.008118302239890728,-0.0061531985026414,-0.12308097433694287,-0.2501131362143161,-0.31509133534063216,-0.2294284819639637,83264110.0,1.3895182450157697,0.5622358510692884,0.3895182450157697,0.0,0.0
2025-03-03,300.3399963378906,303.94000244140625,277.29998779296875,284.6499938964844,115551400,-0.02843203214376444,-0.13880738526685965,-0.29646567077990216,319.05799560546876,340.4049987792969,385.71239868164065,334.799045976551,357.0290702095355,0.03559780774236842,28.809646461782876,-26.52075176392958,-20.434395685780334,340.4049987792969,408.2590302783293,272.55096728026444,0.34494486626103965,-0.1510764266497718,-0.01751987501654706,-0.022504687112136046,-0.029992202596734407,32.451029329740976,-2.533356043334379,0.008891434782416788,-0.022879340924659906,-0.1163026981547236,-0.26647346818316775,-0.35053244814915174,-0.24443620482901438,84877500.0,1.361390238873671,0.5193675930905444,0.3613902388736709,0.0,0.0
2025-03-04,270.92999267578125,284.3500061035156,261.8399963378906,272.0400085449219,126706600,-0.04429996705409467,-0.10158514031737076,-0.29097160722998106,310.8509979248047,334.82299957275393,381.5559991455078,328.8219947925863,353.6961658305311,0.03525268646750668,30.704038141735154,-28.172950702256344,-21.982106689075536,334.82299957275393,405.9754349652695,263.67056418023833,0.3491339764207653,-0.07806849380821912,-0.011836867992038314,-0.029247440022381554,-0.03498000211028829,28.61231102915258,-3.8669424748503616,0.009120423009013574,-0.033623584818813154,-0.0723377002949892,-0.25599160511969277,-0.3909053023520447,-0.23974486925557556,86526225.0,1.4643722177871508,-0.056040134456986856,0.46437221778715065,0.0,0.0
2025-03-05,272.9200134277344,279.54998779296875,267.7099914550781,279.1000061035156,94042900,0.025952056083059283,-0.04023377641192605,-0.2883913918968012,302.7049987792969,329.1675003051758,378.33539916992186,324.08656729838907,350.7708262333932,0.035476621842460504,30.251117557678896,-28.58315860422283,-23.302317072104998,329.1675003051758,399.08439799983864,259.25060261051294,0.3491285078474561,-0.1285920460675778,0.010747839611165988,-0.019309100033235937,-0.03110760914742894,35.655799182698914,-4.381445381550748,0.009358957727972557,-0.023196103492534925,-0.02092467637869011,-0.25728378274937225,-0.36372398618458024,-0.21397748177088086,88374760.0,1.0641375433438236,-0.06068221294208953,0.0641375433438235,0.0,0.0
2025-03-06,272.0599975585937,272.6499938964844,260.0199890136719,263.45001220703125,98451600,-0.056073068986891905,-0.06561446781004487,-0.3033556261663388,293.61000061035156,323.43150024414064,374.8809991455078,318.3116572896883,347.34648058530064,0.03634332260331826,17.334186107862806,-29.827245121959095,-24.60730268207582,323.43150024414064,395.2196062609272,251.6433942273541,0.3499722358114696,-0.30268055369689295,-0.01775115672124894,-0.02109205338897502,-0.052149849469542264,25.234149432203722,-5.546358181597498,0.009926209420770143,-0.04016810275809769,-0.044522414421069856,-0.25120577669679656,-0.37643516116745446,-0.22405445076177363,90436175.0,1.0886307387502845,-0.03239959036130369,0.08863073875028439,0.0,0.0
2025-03-07,259.32000732421875,266.25,250.72999572753903,262.6700134277344,102369600,-0.0029607088371812473,-0.10345414848116774,-0.29827418174786025,286.0970031738281,317.84900054931643,371.7131994628906,313.01245311235937,344.0258348144157,0.03645321553986147,17.251324107210323,-30.524267280676952,-25.79069560179605,317.84900054931643,390.3361099027288,245.36189119590404,0.3169166745106875,-0.35623245407892196,0.005604885844907148,-0.030731402489576287,-0.05013852624944182,28.323934747053485,-6.144076506977399,0.01000621177353481,-0.03429536715669044,-0.07272274599159145,-0.24813565549841843,-0.3504062194352443,-0.2237548736417514,91658745.0,1.1168557893739435,-0.1151922694624753,0.11685578937394353,0.0,0.0
2025-03-10,252.5399932861328,253.3699951171875,220.0,222.1499938964844,189076900,-0.1542620682219511,-0.21956789509972263,-0.385681110292328,275.25900268554693,310.87550048828126,367.54419921875,304.35888556799034,339.24639007253603,0.04762701863276672,13.555019545270852,-33.95487859520597,-27.423532200478036,310.87550048828126,391.95780526599975,229.79319571056277,-0.834234081923752,1.8954074293793104,-0.026635511651277977,-0.03972446007077579,-0.06689740497932228,22.171222167567038,-7.7454570298540375,0.011296486419792027,-0.05894091359342066,-0.17984343502894684,-0.3187837053130057,-0.4267344452218138,-0.3084538618545888,97597675.0,1.9373094697184128,0.6363012477564096,0.9373094697184129,0.0,0.0
2025-03-11,225.30999755859372,237.05999755859372,217.0200042724609,230.5800018310547,174896400,0.037947369642955975,-0.15240407811934364,-0.3425712239947355,268.0370040893555,304.8680000305176,362.91019927978516,297.3323252120917,334.984963082674,0.0494823524059551,14.490221643177378,-35.583250033800596,-29.055475767142546,304.8680000305176,391.1543038359189,218.58169622511627,-0.8644032319729062,1.5452940915023983,-0.008313000999340847,-0.036300042411947286,-0.08089612895822684,19.89654426072171,-9.277321522063176,0.011082515342852834,-0.06533988037514633,-0.11610403570739636,-0.26167509503650865,-0.4257415069588979,-0.267840212567601,102466750.0,1.7068600302049202,0.38032588673360346,0.7068600302049202,0.0,0.0
2025-03-12,247.22000122070312,251.83999633789065,241.1000061035156,248.08999633789065,142215700,0.07593891216839133,-0.11110716262085518,-0.24477931099576666,263.76600494384763,300.8474998474121,358.7893991088867,292.64257960502493,331.57731732797663,0.05268693192146862,22.652672676963036,-35.05672382094275,-30.25572537790259,300.8474998474121,389.945058928167,211.74994076665723,-0.7778586673923549,1.524502760453566,0.005306488547146326,-0.041488111665337835,-0.07672120111506386,22.915140614978725,-10.140410470079246,0.011234113083695126,-0.05903633722147962,-0.06961905095551735,-0.1680581098807028,-0.3830768472667764,-0.20691800270099883,103650365.0,1.3720713863380993,0.5122428168421007,0.3720713863380992,0.0,0.0
2025-03-13,248.1300048828125,248.2899932861328,232.6000061035156,240.67999267578125,114813500,-0.02986820819658209,-0.0864301327621737,-0.2847761264414932,259.63900299072264,296.0559989929199,354.96979888916013,287.6937618022398,328.01271636122385,0.05207762370526902,23.776866031665307,-34.83580786287831,-31.171741874897734,296.0559989929199,387.3581879434656,204.7538100423742,-0.6547211792408719,1.5573929321726103,-0.0133303267293573,-0.03717411513326763,-0.08608455076061361,23.65909505696949,-11.285352033458139,0.011426648970180727,-0.07021491319034597,-0.04925601762890608,-0.19869157568087958,-0.3691722660739575,-0.20570661979458105,104121905.0,1.1026834363047815,0.166192321912493,0.1026834363047814,0.0,0.0
2025-03-14,247.30999755859372,251.5800018310547,240.72999572753903,249.97999572753903,100242300,0.038640532386444715,-0.048311634566107875,-0.29769063883543134,255.33900146484376,290.75799865722655,351.62119873046873,284.1019745570302,324.9526096697068,0.05082836841446507,28.486726090756676,-33.52385571083147,-31.64216464208448,290.75799865722655,379.6955334079165,201.8204639065366,-0.7451148787617375,1.7889822140523326,0.02065567864541107,-0.022763591576676734,-0.07695227452107956,32.929714498638205,-11.16047095239071,0.012312439182783137,-0.05019567554912381,-0.02554804298943114,-0.2207383643143518,-0.35791830899495014,-0.20140157209957768,104661945.0,0.957772187398199,-0.020780583298166677,-0.04222781260180097,0.0,0.0
2025-03-17,245.05999755859372,245.3999938964844,232.8000030517578,238.00999450683597,111900600,-0.04788383640805216,0.07139320749989242,-0.3311319779780131,250.6750015258789,284.86649856567385,348.30459869384765,279.7122621712974,321.54309534959424,0.0511556390665794,31.105280125959624,-33.06880662115475,-31.927493037898536,284.86649856567385,371.22492450259364,198.50807262875406,-0.5913216762051774,1.5100611589003023,0.00771144794455525,0.01171999585379857,-0.06978830562945193,36.7375321730881,-10.595055032892901,0.012560755006078405,-0.04225938173083977,0.05967321164609385,-0.26134367234856115,-0.37833366998209506,-0.19333471022818746,106843110.0,1.0473356681586674,-0.40817413443947936,0.04733566815866742,0.0,0.0
2025-03-18,228.16000366210935,230.1000061035156,222.27999877929688,225.30999755859372,111477600,-0.05335909096824709,-0.0228554264490044,-0.3637287654147775,246.0020004272461,278.4264991760254,345.2251986694336,274.5310941129447,317.7692483773981,0.05161691747365781,30.978799719729025,-33.34853935165353,-32.211702300649534,278.4264991760254,362.2148148117637,194.63818354028712,-0.43784023501985947,1.2266284313502973,-0.010808597358321625,0.009173986134496825,-0.08253616921222806,34.4757214681904,-10.512103648607763,0.012564053148489091,-0.05185483860196295,-0.03202941258350123,-0.28119259620254944,-0.3655521885934716,-0.2262580657931741,109835405.0,1.0149514175324432,-0.36260780667869663,0.014951417532443204,0.0,0.0
2025-03-19,231.6100006103516,241.41000366210935,229.1999969482422,235.8600006103516,111993800,0.04682438935722,-0.04929660973061645,-0.3458508924800441,241.6779998779297,272.1914993286133,341.7335986328125,270.84813282698343,314.55712101398456,0.053136038620229906,36.74431810654882,-32.34606715231263,-32.23857527098215,272.1914993286133,348.4677003596993,195.91529829752733,-0.39286962324746033,0.9215060343716504,0.010891068511607482,0.014780050442076309,-0.0747228663892292,41.43248163244375,-9.84810531694552,0.012938664744062224,-0.04072375480280524,-0.06407666017269276,-0.2711280260908149,-0.3834192207995142,-0.2395413023543406,112080375.0,0.9992275632553871,-0.212507479835208,-0.0007724367446129619,0.0,-1.0
2025-03-20,233.3500061035156,238.0,230.0500030517578,236.25999450683597,99028300,0.0016958954271570903,-0.01836462648932946,-0.33335214848834216,238.95899810791016,266.28449935913085,338.2377987670898,267.5540244155408,311.4866454646846,0.053348462896268656,32.62467505149601,-31.160129965618665,-32.02288620990946,266.28449935913085,333.51663922125636,199.05235949700534,-0.44315705472156525,0.8887090930687023,-0.0028916986236381392,0.02551607673601719,-0.07354420568216014,35.2251256223318,-9.344271350448253,0.012939893778643305,-0.04253019544443802,-0.04388070322534665,-0.259807942806182,-0.3750569324036046,-0.22624852614504443,114733520.0,0.8631156788356183,-0.13748557443157816,-0.1368843211643816,0.0,-1.0
2025-03-21,234.9900054931641,249.5200042724609,234.5500030517578,248.7100067138672,132728700,0.052696235065183616,-0.005080362570515584,-0.26373589194355784,237.56299743652343,261.83000030517576,335.3247991943359,265.7593560630005,309.02481649406434,0.05519284140567705,39.26138857925013,-28.882712335988458,-31.39485143512526,261.83000030517576,320.3527074842856,203.30729312606593,-0.5674392011803788,0.7086159428539835,0.00032989191840537835,0.005093497900698463,-0.05711130548715426,39.58555472641411,-8.828411167441459,0.012573740887681697,-0.041469289069370835,-0.010173860471214047,-0.20662458645640358,-0.3303380008817871,-0.18237881593646824,117667025.0,1.1280025138733643,0.3240787571713737,0.12800251387336425,0.0,-1.0
2025-03-24,258.0799865722656,278.6400146484375,256.3299865722656,278.3900146484375,169079900,0.11933580126800525,0.16965682565251172,-0.1577466018921766,243.18699951171874,259.22300109863284,332.9937994384766,266.9622759282802,307.8234517158045,0.06262725449626542,51.72170839761522,-24.401627094791223,-29.996206567058458,259.22300109863284,308.8254731325583,209.62052906470743,-0.20437153119324453,0.5028436836140674,0.017908376041436913,0.01526393523138636,-0.035838372489967796,49.415563734400386,-7.529121471492999,0.013391202763269857,-0.023850909645852233,0.15439289042112536,-0.1219082294022088,-0.2718965875516881,-0.07980397551092384,122318405.0,1.3822932043628267,0.5109829616641912,0.38229320436282666,0.0,-1.0
2025-03-25,283.6000061035156,288.20001220703125,271.2799987792969,288.1400146484375,150361500,0.03502280788451673,0.2788603158788119,-0.04841470850571705,248.94300079345703,258.49000244140626,330.86179992675784,268.979203425438,307.05155222296656,0.06051677026250293,52.4158222236356,-19.834946326391275,-27.96395451892502,258.49000244140626,305.7594852285158,211.22051965429674,-0.41440267186510293,1.042888827699761,0.002403713718828193,0.028824488731816755,-0.028690303143890095,46.55866553869312,-6.31680534923521,0.013398989627384514,-0.02139507002577834,0.2500358271469951,-0.019724405361826958,-0.26436820643403536,-0.011352261549622397,123125040.0,1.2212097555460693,0.3488046028978018,0.22120975554606925,0.0,-1.0
2025-03-26,282.6600036621094,284.8999938964844,266.510009765625,272.0599975585937,153629800,-0.05580626179068948,0.15348086515121184,-0.06444288521675157,251.34000091552736,257.5530029296875,328.23679992675784,269.27261239050046,305.67933439299117,0.061169018419329306,52.29562805702686,-17.313759665137866,-25.833915548167592,257.5530029296875,302.8266022225648,212.27940363681023,-0.3848899900127394,0.8596971908949597,-0.011938122033753884,0.005590303543521191,-0.04077023389506529,48.52740200742652,-5.8354223454897465,0.013594851666613988,-0.03271403886524326,0.14789056160769065,-0.023672651321686278,-0.3063578529505723,-0.06071331422152263,125800615.0,1.221216605340125,0.37177058015711584,0.22121660534012494,0.0,-1.0
2025-03-27,272.4800109863281,291.8500061035156,271.82000732421875,273.1300048828125,162572100,0.003932982922226103,0.15605693402701637,-0.031282166846449244,254.58500213623046,257.11200256347655,325.77220031738284,269.63998310405395,304.40289009847436,0.06079532699777289,52.78457768961203,-15.055806458347718,-23.67829373020362,257.11200256347655,301.5490865744358,212.6749185525173,-0.4799315146245595,1.0256039591541293,-0.002655735881150312,0.0058282735268377905,-0.027799312360053174,45.54768540201859,-5.510556466244566,0.013194854703262957,-0.034844045351105885,0.15022866050017858,-0.0034828544863960698,-0.2878806410209912,-0.047044945002402895,128841810.0,1.261796151420102,0.6416731378807876,0.26179615142010193,0.0,-1.0
2025-03-28,275.5799865722656,276.1000061035156,260.57000732421875,263.54998779296875,123809400,-0.03507493471452938,0.05966780860640841,-0.10045061809603362,255.94200134277344,255.6405014038086,322.47880004882813,269.0599835506173,302.8008154982585,0.06055916749626578,63.19479107703762,-13.87939654613956,-21.71851429339081,255.6405014038086,296.91298715520503,214.36801565241217,-0.30818356896505505,0.9690279188768759,-0.020138321487112032,-0.014752444812357823,-0.0620156099760667,47.869280461959875,-6.091594541383529,0.013201549532709567,-0.05314156612859619,0.07442025341876624,-0.03843500811996692,-0.3247448853827395,-0.09625321336131339,129247430.0,0.9579254303160999,-0.0671994828548762,-0.042074569683900095,0.0,-1.0
2025-03-31,249.30999755859372,260.5599975585937,243.3600006103516,259.1600036621094,134008900,-0.016657121359109794,-0.06907579286064758,-0.08954853602998736,258.05700225830077,254.36600189208986,319.38559997558593,268.1171283231403,301.08941111252716,0.06036095499286811,59.349644706676855,-13.149736271559107,-20.004758689024474,254.36600189208986,293.37905002467306,215.35295375950668,-0.34022833722232293,1.042211339020979,0.006712800625198856,-0.025588796656385138,-0.03888041273138587,53.42099557079227,-6.183979581663721,0.012918701347833711,-0.04579443322127916,-0.04348699620426244,-0.050668123298601486,-0.32207201986586587,-0.1387423797895766,130170305.0,1.0294890220930188,-0.20742264456035286,0.029489022093018832,0.0,-1.0
2025-04-01,263.79998779296875,277.45001220703125,259.25,268.4599914550781,146486900,0.035885119854736525,-0.06830020890146471,-0.013159891844557792,262.3720016479492,254.18700103759767,316.2247998046875,268.14978195475345,299.8098260279213,0.06012984623754683,57.04210402936838,-11.686331203755742,-18.34107319197073,254.18700103759767,292.8902290992044,215.48377297599092,-0.5319900220208621,1.2479904260701609,0.002824442743211364,-0.025179816652300846,-0.02462034527263912,52.561014606857555,-6.061599876848163,0.012739980914886402,-0.04196133248427208,-0.043120392249163864,0.01146045342808133,-0.3121109111279582,-0.11459028331634691,131159320.0,1.1168623015123897,-0.025768564426399077,0.11686230151238966,0.0,-1.0
2025-04-02,254.6000061035156,284.989990234375,251.2700042724609,282.760009765625,212787800,0.05326685079977622,0.03932960487778736,0.013113592196597468,267.06200256347654,254.37000122070313,313.39859985351563,269.5412322224555,299.14120578234105,0.061027612572644205,63.88595669629041,-9.26586900672936,-16.526032354922457,254.37000122070313,293.6002354563259,215.13976698508037,-0.5508823403560235,1.0658346353620844,0.0063284086265045225,-0.007158088292523068,-0.028885131106431983,60.56148819195433,-5.61737470554192,0.012559468897792317,-0.034687711998737734,0.04648769317031043,0.04199872330302945,-0.27214761629624284,-0.06122039994096765,137096565.0,1.5521016153832885,0.3850685218622949,0.5521016153832884,0.0,-1.0
2025-04-03,265.2900085449219,276.29998779296875,261.510009765625,267.2799987792969,136174300,-0.05474611137253549,-0.02141839416736946,0.014537811329672135,270.1640029907227,254.5615005493164,310.44200012207034,269.3258766564404,297.89174668418246,0.06096131037182566,55.485097233776294,-8.498774213019999,-14.920580726541965,254.5615005493164,294.01511506976186,215.10788602887092,-0.5528679239808824,1.0834829858687085,-0.04928080108999533,-0.05357267204343441,-0.060057381058093884,35.85242966822443,-7.393788286622339,0.01617868452373184,-0.08012232492190177,0.03215427787606495,0.07459519238776602,-0.24378572438801616,-0.0456787513747284,138982700.0,0.9797931685022668,-0.16237595503779556,-0.020206831497733172,0.0,-1.0
2025-04-04,255.3800048828125,261.0,236.0,239.42999267578125,181229400,-0.10419786826814681,-0.09151962145463999,-0.08847610904907077,269.2360015869141,253.39949951171874,306.9829998779297,266.47864961066335,295.59912887993147,0.06547690207466692,50.40903261912205,-10.022574799277209,-13.940979541089014,253.39949951171874,293.2148659982172,213.5841330252203,-0.44117600473614277,0.22635651935258785,-0.05854299254528794,-0.09066691810661709,-0.12001664106406229,23.471482043223162,-11.172971737394278,0.02023919329654071,-0.13091689647329974,-0.0008527033480228985,0.03154053201499152,-0.2505549579095451,-0.07328904308085882,142925690.0,1.2679973768186812,0.46377738685431,0.2679973768186811,0.0,-1.0
2025-04-07,223.77999877929688,252.0,214.25,233.2899932861328,183453800,-0.025644236634809525,-0.0998225420991492,0.05014629617698452,264.7259994506836,253.95649948120118,303.517200012207,263.3178251988033,293.1556333664492,0.055318537796687155,52.388933239300506,-11.592018801937513,-13.471187393258715,253.95649948120118,292.2123056460385,215.70069331636387,0.08149418828746284,-0.3929082203380836,-0.0017811884523963872,-0.09833928033415773,-0.0975467532939267,24.602117858727127,-14.07734183371781,0.019671737212425894,-0.12941718373483257,-0.0014832617649914726,0.14769304947091122,-0.2583228441602671,-0.037371018818115775,142644535.0,1.2860906308117588,0.36896728500868226,0.28609063081175873,0.0,-1.0
2025-04-08,245.0,250.44000244140625,217.8000030517578,221.8600006103516,171603500,-0.048994783337158454,-0.1735826280562338,-0.03781768215568071,258.097998046875,253.520499420166,300.0114001464844,259.3694609522841,290.3597261995434,0.05591484044175379,45.83085305763222,-13.601331680700241,-13.497216250747021,253.520499420166,293.0748045996273,213.96619424070468,0.2759094997454232,-0.42092285987107075,-0.01566275431689801,-0.11496151120063336,-0.10423516279269218,18.659772871541435,-16.813874318954845,0.019806442075659333,-0.14005186049426557,-0.05862111685560045,0.06641748063701147,-0.2721979704324333,-0.0881338688836741,142479890.0,1.2044050567416917,0.17145970049198933,0.20440505674169177,0.0,-1.0
2025-04-09,224.69000244140625,274.69000244140625,223.8800048828125,272.20001220703125,219433400,0.22689989839624514,-0.03734614936301195,0.09718253950192945,258.11199951171875,254.72600021362305,297.4936004638672,260.59141821464095,289.6475805527782,0.07402562176998005,58.24917501396231,-11.004851310984918,-12.998743262794601,254.72600021362305,295.04564076538304,214.40635966186306,1.4076242995223402,3.0261708457064134,0.10501950265487436,-0.028165375895222944,-0.015387221525803407,45.27308449051881,-14.664654090567979,0.03163438504370721,-0.04795672404381441,-0.009180773467789005,0.11256976102773286,-0.22649513066798466,-0.0410353810360136,146340775.0,1.4994686204169685,0.031231113813855904,0.49946862041696855,0.0,-1.0
2025-04-10,260.0,262.489990234375,239.3300018310547,252.3999938964844,181722600,-0.07274069589492616,-0.055671973027429766,0.048695369691535095,256.03899841308595,255.3120002746582,294.75960021972656,259.81128256529274,288.1868908799824,0.07575303007678416,50.81930500426805,-10.42464904824891,-12.483924419885465,255.3120002746582,295.10938388017854,215.51461666913787,1.346193727494194,2.7141682442911508,-0.0438192832644565,-0.02258255803574416,-0.04581261821129423,39.31436701369722,-14.704798628860544,0.03299989169966344,-0.08728530371014388,-0.033089414991685606,0.09450798790282933,-0.22561612623294425,-0.05473251777393351,149686230.0,1.214023494345472,0.3344852883400171,0.21402349434547185,0.0,-1.0
2025-04-11,251.83999633789065,257.739990234375,241.3600006103516,252.30999755859372,128948100,-0.0003565623615965352,0.05379445047326903,0.009320753143760463,254.91499938964844,255.42850036621093,291.8002001953125,259.09687446941666,286.77995388698673,0.0753411020197897,43.3333312499613,-9.858454401569531,-11.958830416222279,255.42850036621093,295.1737710578055,215.68322967461637,1.449436365146637,3.029007032424496,0.01784277787885369,0.056720887304031464,-0.048442334063397374,39.06979926505315,-13.83237037365052,0.032904841491068815,-0.06875471778431543,-0.0029264368307624355,0.05776308720715784,-0.25480804088134823,-0.0666571301683176,151121520.0,0.8532742391685844,-0.2884813391204738,-0.14672576083141567,0.0,-1.0
2025-04-14,258.3599853515625,261.79998779296875,245.92999267578125,252.3500061035156,100135200,0.00015856900364230597,0.08170094460076327,0.060249619459857406,254.23399963378907,256.14550094604493,288.7552001953125,258.4543155774261,285.4297598562624,0.07439311781724403,40.373340689487605,-9.299315983618214,-11.426927529701466,256.14550094604493,295.0767549582577,217.21424693383216,1.4165995508996456,3.1198327535970267,0.009701508108546752,0.06887654411810273,-0.04656316814880568,40.30520889100223,-12.583722020403115,0.03293867363389533,-0.05771869674724075,0.012824400482660536,0.10681278760866308,-0.2748084734306322,-0.05172376177976953,150533250.0,0.6652032026147047,-0.454166662124197,-0.3347967973852953,0.0,-1.0
2025-04-15,249.91000366210935,258.75,247.5399932861328,254.1100006103516,79594300,0.006974418324816822,0.14536193956223786,0.12782390201867622,252.79900054931642,257.5855010986328,286.1638003540039,258.04057129484755,284.20153400348164,0.07309668255092115,44.76890149638938,-8.61487104042024,-10.864516231845222,257.5855010986328,293.74638442432007,221.4246177729455,1.3860584064974462,3.2781124164218465,-0.002800677627367354,0.08284327365351407,-0.03884469668048318,41.491828967796174,-11.580808882521183,0.03287300541986878,-0.05843665439067999,0.06251866590872379,0.1666685986991594,-0.23976814329627683,-0.0035269595627978787,148939085.0,0.5344084126742151,-0.5361732132503125,-0.46559158732578493,0.0,-1.0
2025-04-16,247.6100006103516,251.97000122070312,233.88999938964844,241.5500030517578,112378700,-0.049427403598542696,-0.11260105724007641,0.024124490912752483,248.6779998779297,257.8700012207031,283.1506005859375,256.4700409859819,282.52892494655134,0.07360216517113767,41.3744142994507,-8.982386960931592,-10.488090377662497,257.8700012207031,293.3951326171851,222.34486982422115,1.5392768919838604,3.5770561377417356,-0.022228190960692285,-0.0418507329124268,-0.07033449105633527,39.24155840859958,-11.603133955943349,0.033050856883840476,-0.07696315555628953,-0.0707503243276496,0.09445898196908775,-0.26026725764277325,-0.0788528666671117,148958330.0,0.7544304504487933,-0.4878687565338732,-0.2455695495512067,0.0,-1.0
2025-04-17,243.47000122070312,244.33999633789065,237.67999267578125,241.3699951171875,83404800,-0.0007452201709629014,-0.04370047165619417,0.02162871721477022,246.08699951171874,258.1255012512207,280.41460021972654,255.03194137943004,280.9148492669685,0.07360753227714571,43.61396167150257,-9.182323007840068,-10.226936903698013,258.1255012512207,293.0649022325378,223.18610026990365,1.5444564421392493,3.587613453621809,0.0014267172797870487,0.0034884184648551475,-0.06630816581849863,41.95676726336883,-11.429399185844773,0.033066621457103,-0.07317255715303321,-0.04718889012104932,0.08793688303326885,-0.23558523577418722,-0.0649457476206559,148177155.0,0.5628721917356289,-0.5410323206909873,-0.43712780826437114,0.0,-1.0
2025-04-21,230.25999450683597,232.2100067138672,222.7899932861328,227.5,97768000,-0.05746362595919796,-0.09833140897570702,-0.08528006972501356,244.8940002441406,257.0650009155273,277.4782000732422,252.4098517242462,278.8201492957148,0.07385278193032235,41.35634054119909,-10.340764558124192,-10.24970243458325,257.0650009155273,294.4122895219618,219.71771230909286,1.7280346580277501,4.103655592086327,-0.023802651133915886,-0.03756969640766461,-0.08883309341290857,38.063261707617535,-12.14870519956412,0.03338070102119903,-0.09233709268028391,-0.060761712568042414,0.0035530236878950072,-0.2423200950926071,-0.09984292799091816,146429120.0,0.6676814010765072,-0.24180348527818551,-0.3323185989234928,0.0,-1.0
2025-04-22,230.9600067138672,242.7899932861328,229.8500061035156,237.97000122070312,120858500,0.04602198338770602,-0.056984365108014745,-0.14519203743273068,245.36200103759765,255.04400024414062,275.0052001953125,251.03462786676593,277.2181827045379,0.06918421213890187,41.72861468367713,-10.295318216004375,-10.258825590867476,255.04400024414062,291.9038165273738,218.18418396090746,1.9827542604159578,6.213887241107353,0.026017821531153285,-0.022017263976179313,-0.08157403303486455,41.670799644831185,-11.52205909904194,0.03371004104080456,-0.06635628831078912,-0.03496710113183543,-0.06361800439786613,-0.222197312984031,-0.10692747283791086,144018050.0,0.839189948759895,0.20695319927458078,-0.16081005124010497,0.0,-1.0
2025-04-23,254.8600006103516,259.45001220703125,244.42999267578125,250.7400054931641,150381900,0.05366224400956132,-0.013261953914025626,-0.1297980400289267,248.2500015258789,253.17399978637695,273.0054000854492,251.00656859308955,276.1798228138958,0.06988344911646518,41.240836940966794,-9.12369674427822,-10.031799821549624,253.17399978637695,286.5988847334256,219.74911483932826,1.9036317433571939,5.731706919938891,0.015495480308824972,-0.004073683193765776,-0.06957904715727603,42.972371684093694,-10.25709655904268,0.03396135594468282,-0.04961317937930652,-0.00918827072025985,-0.06021899287165067,-0.1729652635675073,-0.0807908423864726,144019070.0,1.044180468600443,0.8893551422652124,0.04418046860044298,0.0,-1.0
2025-04-24,250.5,259.5400085449219,249.1999969482422,259.510009765625,94464200,0.0349764859229853,0.07435316285224314,-0.04612948579574183,246.9810012817383,252.5465003967285,271.6256002807617,251.81642013333104,275.52610465514005,0.0693390177082052,47.7934948153883,-7.402184461284747,-9.50587674949665,252.5465003967285,284.93362563634423,220.1593751571128,1.7646299818368254,5.406767778056985,0.021048912949868326,0.040006956380035374,-0.038516388830560744,52.62217766829335,-8.262580280859652,0.034306957797309814,-0.027647726565340498,0.03434620647220776,-0.007613096965181088,-0.1158890906281671,-0.029718660373713474,141060790.0,0.6696701471755546,-0.1594118814330474,-0.3303298528244454,0.0,-1.0
2025-04-25,261.69000244140625,286.8500061035156,259.6300048828125,284.95001220703125,167560700,0.09803091011549903,0.18055275291647255,0.04327612167432937,250.23600311279296,253.13750076293945,270.59440032958986,254.9720003308263,275.895669657175,0.07274401334211132,63.106072369673825,-3.939663993969333,-8.392634198391187,253.13750076293945,287.47857400174166,218.79642752413727,1.4563905725251913,3.5861943838546924,0.007225311311978455,0.04602894283859915,-0.028990625982986074,63.912394154272505,-6.2950362026491575,0.034359253564697205,-0.018845306064330575,0.1345238100778734,0.07226674765731544,-0.06858786216438317,0.046067565190268556,141310220.0,1.1857649078743209,1.009005476903008,0.18576490787432076,0.0,-1.0
2025-04-28,288.9800109863281,294.8599853515625,272.4200134277344,285.8800048828125,151731800,0.0032637046356942534,0.2566154060782968,0.08472782441327631,253.59300384521484,254.25400161743164,269.19320037841794,257.9156198119678,276.28721221504316,0.0721492087772667,65.60997417735054,-1.1077791523468363,-6.935663189182318,254.25400161743164,291.36107126557687,217.1469319692864,1.413767293531109,3.6261361338487212,0.0003813851666460977,0.07194296724609384,-0.008656299261363576,64.31342681217022,-4.6652545778546255,0.03406026520277268,-0.016471464082359583,0.18467243883220297,0.09338412367463989,-0.10298121536818494,0.058358449046219306,142706340.0,1.0632449826686046,0.5519576957695769,0.06324498266860464,0.0,-1.0
2025-04-29,285.5,293.32000732421875,279.4700012207031,292.0299987792969,108906600,0.021512501019458785,0.2271714807802867,0.1268328239416261,257.56100311279295,255.89750137329102,267.9170004272461,261.16460828504677,276.90457639403354,0.07201167058871162,71.50211001180027,1.6141561102091373,-5.225699329304027,255.89750137329102,296.65189980935037,215.14310293723167,1.3359816578138966,3.4996785353979396,0.006299276475910887,0.05134180881324224,-0.009063510295379773,68.3153590309638,-3.0622296315710855,0.034056168310485524,-0.00837967775780888,0.17582967196704447,0.13589633423700587,-0.0912255808496999,0.07350014178478348,141451225.0,0.7699233428342526,-0.09889167911235042,-0.2300766571657474,0.0,-1.0
2025-04-30,279.8999938964844,284.45001220703125,270.7799987792969,282.1600036621094,128961100,-0.03379788089732105,0.1253090750602297,0.051031858165441646,260.3660034179687,256.5825019836426,266.47800079345706,263.1641697495289,277.1106715810169,0.07229281926043334,54.058675814610446,2.940981493345305,-3.592363164774161,256.5825019836426,298.6648599927848,214.50014397450042,1.466431365584803,3.727689628701284,0.00039694175083582195,0.03571030168613487,-0.011462234548210049,52.792931318108806,-1.7540922577608171,0.03405021510483806,-0.006026010074513728,0.08959877337409483,0.062494092713651694,-0.11278032109910974,0.01310418166287893,140574935.0,0.9173833158806013,-0.14244267428460478,-0.08261668411939867,0.0,-1.0
2025-05-01,280.010009765625,290.8699951171875,279.8099975585937,280.5199890136719,99659000,-0.005812356915055328,0.08096018826796669,-0.007921985693131961,264.2630020141602,256.4705009460449,264.8772006225586,264.81710491754257,277.2443703038661,0.07141122954156436,63.44939391665448,3.816174211957275,-2.1106556894278743,256.4705009460449,298.2704847061381,214.6705171859517,1.640943339770211,4.399289190912564,0.0070868680708551235,0.021547773789189373,-0.01071718372993169,69.7333377426293,-0.40005775713552794,0.03405809874610987,0.002910055327415405,0.05941241447877732,0.0027951980367997287,-0.13587709478330012,-0.024556494089241026,134918495.0,0.738660774417918,0.05499226161868731,-0.261339225582082,0.0,0.0
2025-05-02,284.8999938964844,294.7799987792969,279.8099975585937,287.2099914550781,114454700,0.023848576584252656,0.007931142836396399,0.07456597114188934,268.84700164794924,257.467000579834,263.5334005737305,266.94976077826027,277.63517897646267,0.07028481927653943,65.70091293783125,4.992052756486771,-0.6901140002449453,257.467000579834,301.2549930557323,213.6790081039357,1.5668994872511643,4.432167546090032,0.014844136511218409,0.02927493655382918,0.05600882636432347,69.35144945944447,1.317490325210997,0.03213878186515671,0.019327319996176356,-0.02134379371743278,0.01855714477756587,-0.12091755019117956,-0.04123473304368216,133832515.0,0.8552084670903779,-0.3169358924855291,-0.14479153290962216,0.0,0.0
2025-05-05,284.57000732421875,284.8500061035156,274.3999938964844,280.260009765625,94618900,-0.024198258752220814,-0.019658580597447628,0.17053008536458836,274.12300262451174,259.50850143432615,262.3826010131836,268.21740353896166,277.7381135172141,0.06582999595055937,61.82126494318104,5.302021136586404,0.5083130271213246,259.50850143432615,303.5621229544073,215.454879914245,1.9715622930339072,5.636434615136063,-0.005734215590911473,0.022982701737129796,0.11524311335964232,64.71590152614286,2.3924772476666476,0.028793752152795195,0.014746321399874092,-0.042641282334577424,0.05528697200494603,-0.1124403080812717,-0.03326487280363436,129501990.0,0.7306366489040053,-0.37640692326855674,-0.26936335109599474,0.0,0.0
2025-05-06,273.1099853515625,277.7300109863281,271.3500061035156,275.3500061035156,76715800,-0.017519458684867262,-0.057117394601597926,0.1802906855323012,277.86100311279296,261.6115020751953,261.279001159668,268.89669902130015,277.64446224608866,0.06562445010032607,58.762378717625296,5.092770758928282,1.4252045734827161,261.6115020751953,304.39250700832764,218.83049714206294,1.9745087157594057,5.687241947940672,-0.008358325676825262,0.008082091350421594,0.10789491784347716,62.30975006253223,2.8369251158030693,0.02892274083157968,0.007593590423827525,-0.06519948595201952,0.07239576768882405,-0.1054430163663359,-0.03274891154317713,124165090.0,0.6178532146193427,-0.29558171864698746,-0.38214678538065733,0.0,0.0
2025-05-07,276.8800048828125,277.9200134277344,271.0,276.2200012207031,71592600,0.003159597232260225,-0.021051893834391544,0.24501938366899645,280.40900268554685,264.3295021057129,260.74740142822264,269.59415637362423,277.5886010294069,0.06416787732907084,65.8296045519155,4.940192201633579,2.128202099112889,264.3295021057129,303.2058085550503,225.4531956563755,2.0223683789871445,6.081877764148038,0.004205305572209772,0.011919711404472233,0.1302568905058823,73.20525810904468,3.3376672042359132,0.028494962452493396,0.012974523183310535,-0.03297160523886378,0.11476249316311415,-0.03493676718272587,0.015618040247174836,119164545.0,0.6007877594799694,-0.4448511993151423,-0.3992122405200305,0.0,0.0
2025-05-08,279.6300048828125,289.79998779296875,279.4100036621094,284.82000732421875,97539400,0.031134624811778533,0.015328741191192874,0.0463629483880732,282.94000244140625,264.96050186157225,260.6278018188477,271.044237416538,277.87218558998774,0.04027717260605095,68.42195153328295,5.450392483217229,2.792640175933757,264.96050186157225,304.77308087332904,225.1479228498155,0.22923244470921347,0.5757115420960345,0.006967983937040012,0.011800256765359451,0.02996598669003192,74.26860879089084,3.999538384886364,0.016611907557598195,0.021053919459642273,0.0035284844258334225,0.01639696169804128,0.0261615519729409,0.015362332698938533,113069845.0,0.8626473309484063,-0.021268525672543337,-0.13735266905159374,0.0,0.0
2025-05-09,290.2099914550781,307.0400085449219,290.0,298.260009765625,132387800,0.04718770485146129,0.038473655650225425,0.1816957883443886,284.2710021972656,267.2535026550293,260.95400177001954,273.6362157354987,278.67170810667943,0.03721300018466111,80.11064244391235,6.86014626060188,3.606141392867382,267.2535026550293,309.2431772993114,225.2638280107472,0.34004782677923623,0.5234973305014962,-0.00127433074633454,-0.004269865456483779,0.07579399099094641,87.2014192881274,4.41587484334957,0.012767479927125408,0.020451805519669953,0.042743521106709204,0.10590179735344218,0.09034395904002646,0.07966309250005928,110603105.0,1.1969627796615656,0.1566829496735389,0.19696277966156556,0.0,0.0
2025-05-12,321.989990234375,322.2099914550781,311.5,318.3800048828125,112826700,0.06745790403815088,0.13601653389317425,0.2618604413757937,287.5210021972656,270.55700302124023,261.4620016479492,277.89752898762384,280.2288962155474,0.0393413141856183,81.62013664928655,9.491489756384226,4.78321106557075,270.55700302124023,317.67885912258305,223.43514691989742,0.19210637174171435,-0.07871457264009311,0.03304754271395138,0.03456901044598504,0.09186444410956685,88.1258604431178,6.158852978768778,0.014040795705235731,0.054534014560848054,0.10144752344718921,0.16999599726622683,0.10257631131456957,0.12467327734266187,109797035.0,1.0275933225337095,0.19243301285472558,0.027593322533709583,0.0,0.0
2025-05-13,320.0,337.5899963378906,316.79998779296875,334.07000732421875,136992600,0.049280740626853614,0.21325585588920526,0.32383593914866426,291.7250030517578,274.6430030822754,262.4504019165039,283.2472888292043,282.3403123374561,0.0400622149444504,82.03275424441006,12.696542664287335,6.365877385314068,274.6430030822754,328.7690320972598,220.51697406729102,0.02451664756549445,-0.30842213836065346,0.006603860821533747,0.0501788974450168,0.08851473045070768,87.38005698047986,7.75710805114295,0.013997385526564618,0.06131291454699839,0.16307695844418846,0.23532120869795659,0.16533379432529705,0.1879106538224807,111639905.0,1.227093484180231,0.7857155892267302,0.22709348418023106,0.0,0.0
2025-05-14,342.5,350.0,337.0,347.67999267578125,136997300,0.04073991993646375,0.2587067958123015,0.36822632655417786,298.277001953125,279.3215026855469,263.9632015991211,289.38373681459257,284.9026527428806,0.04042149659658204,82.67734061163463,16.148630894657572,8.322428087182768,279.3215026855469,341.5447997577352,217.09820561335854,-0.09968474157216028,-0.403563024624786,0.0012780826440004223,0.04711766312344445,0.09296699043299239,85.10128130731349,8.979903451013456,0.013917318685462442,0.06219064185143859,0.21158913268885704,0.27525933612118547,0.2563823177980138,0.24774359553601877,114510055.0,1.196377907599468,0.9135678827141354,0.19637790759946802,0.0,0.0
2025-05-15,340.3399963378906,346.1400146484375,334.7200012207031,342.82000732421875,97882600,-0.013978329078298546,0.20363737977851026,0.41925068512941155,304.5070037841797,284.38500289916993,265.23760162353517,294.472905434557,287.1739215499919,0.038085133953347915,75.30832560996532,18.28153730471297,10.31424993068881,284.38500289916993,350.05299083293846,218.7170149654014,-0.0003425133830325961,-0.19950952195747645,0.004884285134641564,0.044950883389207164,0.12327369505175079,84.81986577806778,10.061365039744828,0.012410998500399659,0.06702574999300599,0.1586864963893031,0.29597699007766076,0.2125671921235326,0.22241022619683215,113785250.0,0.8602397938221342,0.003518578133554273,-0.13976020617786575,0.0,0.0
2025-05-16,346.239990234375,351.6199951171875,342.3299865722656,349.9800109863281,95895700,0.0208856061756566,0.1734057517846428,0.4499731452387419,310.7840057373047,289.815503692627,266.9682015991211,299.75929643948757,289.6369054494561,0.037820903220453124,76.58428318094373,20.31544960125268,12.314489864801583,289.815503692627,358.404223726795,221.22678365845894,-0.08816828740480896,-0.1041553265556276,0.006334043929497213,0.05291140556604046,0.128778112742562,85.70251773966623,11.088212807795799,0.01236629335317627,0.07288442844994185,0.12049434621860233,0.32119503249617987,0.2878049548608912,0.2431647778585578,114409795.0,0.838177360600987,-0.2756454899922802,-0.161822639399013,0.0,0.0
2025-05-19,336.29998779296875,343.0,333.3699951171875,342.0899963378906,88869900,-0.022544186527114873,0.07447073023258843,0.5036922915951236,316.9670043945313,295.5450035095215,268.55660125732425,303.79079166790694,291.69388940586526,0.03476761363543833,70.46606808481681,21.048052658196184,14.061202423480504,295.5450035095215,361.3018389252194,229.78816809382366,0.24850912614420043,-0.385589477395174,0.001093923806363195,0.02034336933750236,0.15756605086540687,85.00605678806477,11.817494969872996,0.010267782543934635,0.07325745865932132,0.054127360895086074,0.34612624072971676,0.2663801853150236,0.22221126231327548,113964890.0,0.77980069124798,-0.21233271911701757,-0.22019930875202004,0.0,0.0
2025-05-20,347.8699951171875,354.989990234375,341.6300048828125,343.82000732421875,131715500,0.005057180873010214,0.02918549940503201,0.44480399025314954,323.8140045166016,300.83750381469724,270.9900015258789,307.603097920889,293.7380508928595,0.03443123425388067,77.00595728038381,21.520172138662986,15.552996366517002,300.83750381469724,364.0734039840921,237.60160364530233,0.4264128693177911,-0.1805143886366114,-0.0033622573759429786,0.010241219905520182,0.12441908089967235,82.10150713243632,12.096863897502544,0.009538580350820097,0.06834003698688267,0.01894427949951183,0.3203849093534772,0.48694646266770336,0.2754252171735641,114507740.0,1.1502759551450408,-0.0385210588017163,0.15027595514504086,0.0,0.0
2025-05-21,344.42999267578125,347.3500061035156,332.20001220703125,334.6199951171875,102354800,-0.026758222357769146,-0.037563270345476796,0.3345297431059928,329.65400390625,305.03150329589846,273.07080139160155,310.1761357491079,295.34126439185275,0.03487763245574759,72.22313734009862,20.910918083896206,16.62458070999284,305.03150329589846,365.3358285857769,244.72717800602004,0.6064389157316886,0.03326485960001175,-0.01685067094597681,-0.008049816780056451,0.08860343191863973,68.55323879688349,11.392026534099728,0.010521690489532979,0.049255971241590424,-0.029513453565420344,0.24592631118735309,0.39959556708217714,0.20533614156803662,112106385.0,0.9130149009799933,-0.25286994707194954,-0.08698509902000676,0.0,0.0
2025-05-22,331.8999938964844,347.2699890136719,331.3900146484375,341.0400085449219,97113400,0.019185982671137136,-0.0051922254864590345,0.3141689943017236,335.2760040283203,309.1080032348633,274.9298016357422,313.1155522058521,297.1333720056986,0.03458138652573006,72.1613880852793,20.707419048511838,17.441148377696642,309.1080032348633,367.4463166781158,250.7696897916108,0.6872614131420095,0.22262543914520216,0.0003946018551170827,-0.012481712290420499,0.06658259270467615,64.15821307862106,10.728072701807264,0.009779283450956642,0.04869224902243498,0.007289486803961465,0.24758640159704748,0.3281862284495445,0.19435403895018447,112238845.0,0.8652387682713591,-0.00785839362665075,-0.13476123172864082,0.0,0.0
2025-05-23,337.9200134277344,343.17999267578125,333.2099914550781,339.3399963378906,84654800,-0.004984788190348977,-0.030401778142846947,0.19087552834123822,339.3840026855469,311.82750244140624,276.9030017089844,315.6131183136653,298.788533744216,0.0286111896810224,75.42167161296376,20.17638698947593,17.988196100052498,311.82750244140624,370.4940996460346,253.16090523677786,0.3371208788266107,-0.7614999372144436,-0.0068258512570531504,-0.025395552619537076,0.051703374286434345,63.35605947463221,9.772529012570658,0.009983019407426444,0.04043585163161375,-0.005006225523309871,0.13917215405480388,0.3565469269324213,0.1635709518213051,108093550.0,0.7831623626016538,-0.1172200630476653,-0.21683763739834616,0.0,0.0
2025-05-27,347.3500061035156,363.7900085449219,347.32000732421875,362.8900146484375,120146400,0.06939947711644767,0.06080276691283948,0.26937878987791697,343.8350036621094,315.6780029296875,279.16120208740233,320.11567986935796,301.30231730908747,0.03156385339148307,82.46068350432607,21.40903983421248,18.672364846884495,315.6780029296875,377.21273625219567,254.14326960717938,0.30750143610781816,-0.9551094287491255,0.02079068471986001,-0.006219978451336816,0.07315972036124863,74.60816226143608,9.859653462455867,0.010760315750308844,0.060922515969798016,0.0670227453641763,0.19621906951666834,0.398161894774137,0.2204679032183272,106514280.0,1.1279839660935604,0.3519358072868317,0.12798396609356041,0.0,0.0
2025-05-28,364.8399963378906,365.0,355.9100036621094,356.8999938964844,91404300,-0.016506435862546853,0.038043122254753925,0.22213469639539785,346.1180023193359,318.9215026855469,281.5390020751953,323.61894787194143,303.48261835173054,0.03212992440992349,78.82250100166326,21.652979412306536,19.268487759968902,318.9215026855469,382.0264358478475,255.8165695232463,0.44481994661010943,-0.9839818663824057,-0.005785347040202837,-0.008636120240651635,0.06027217140201624,69.89517006275315,9.546516622694071,0.010938067282216319,0.053941828422671256,0.04667924249540556,0.1618625249933816,0.4601127695826115,0.2228848456904662,105639165.0,0.8652501181735013,-0.3060475039004521,-0.13474988182649872,0.0,0.0
2025-05-29,365.2900085449219,367.7099914550781,356.0,358.42999267578125,88087800,0.004286911755287504,0.07115533412836017,0.2703075844335694,347.19300231933596,322.7350021362305,284.20140197753904,326.9342854723071,305.63741734483057,0.030446997819190493,77.6958173705425,21.719393748907578,19.75866895775664,322.7350021362305,385.7041043495817,259.76589992287927,0.4943170773727481,-0.8808070281398998,0.0039473365509063996,0.012335661760372485,0.06403506255741798,69.1610801486892,9.374890309027023,0.010922621510889303,0.05693786953784655,0.058819672367987685,0.20627252187615142,0.5359213651294221,0.26700451979118706,103595500.0,0.8503052738777264,-0.13938769847628052,-0.14969472612227366,0.0,0.0
2025-05-30,355.5199890136719,363.6799926757813,345.2900085449219,346.4599914550781,123474900,-0.03339564619395741,0.015892513412960163,0.23506347149540385,347.5570007324219,326.0320022583008,286.4134017944336,328.7938765182853,307.23830260405595,0.031908199125441586,68.3381351240707,20.569041422383236,19.92074345068196,326.0320022583008,386.55190033198176,265.51210418461983,0.41099336557381655,-0.9624196552742159,-0.0011185059286688004,0.010804492992794845,0.05536569558055038,69.22487909493685,9.081671796533556,0.01092163567639912,0.0548501858321731,0.005088020420165318,0.17969777591485347,0.4265456869887221,0.20377716110791363,104786295.0,1.1783497068963074,0.27145069578451575,0.1783497068963074,0.0,0.0
2025-06-02,343.5,348.0199890136719,333.3299865722656,342.69000244140625,81873800,-0.01088145559849063,0.009872122766748426,0.19316880553232996,346.8279998779297,328.8060028076172,288.542001953125,330.11731708239205,308.6285653427756,0.03212145773065485,60.563128139332285,19.132623337293353,19.763119428004238,328.8060028076172,386.8696061638536,270.7423994513808,0.5608734621148784,-0.8904254088138129,0.005632921295571913,0.023484427613835956,0.04578668713633549,59.755108210177575,9.009615226029837,0.010573643890391497,0.059695251027384384,-0.01361230484708753,0.14738211839599447,0.3991901823411341,0.177653331963347,103157250.0,0.7936795523339368,-0.03285106101485091,-0.20632044766606322,0.0,0.0
2025-06-03,346.6000061035156,355.3999938964844,343.0400085449219,344.2699890136719,99324500,0.004610541775392996,-0.05131038298974533,0.2283949797246383,347.04599914550784,332.00650177001955,290.4532015991211,331.46519059965675,310.02626823183033,0.03116967722473992,55.051493844570516,17.915227773973015,19.393541097197996,332.00650177001955,385.6949249495689,278.31807859047024,0.5323918699336252,-0.7878497039056256,0.005702557269405606,0.008356484423767574,0.05781609113340669,59.37180574036385,9.116372804211323,0.010424851887257244,0.0645159734672539,-0.0596668674135129,0.1705788885912316,0.3272880019456983,0.14606667437447232,103392530.0,0.9606545076322245,-0.1733044019629385,-0.03934549236777551,0.0,0.0
2025-06-04,345.1000061035156,345.6000061035156,327.3299865722656,332.04998779296875,98912100,-0.03549540073392177,-0.06962736488788834,0.20591966745095047,345.86899719238284,334.8415008544922,291.5264010620117,331.52088557044834,310.88994350873776,0.03226878457042293,42.151253307268014,15.782450779133512,18.6713230335851,334.8415008544922,381.4550774069396,288.2279243020448,0.43959393371768574,-0.8268622873536093,-0.0002684085986693896,0.013951896476009917,0.0664458660640026,58.55204364885703,9.083538383053678,0.010118897717443443,0.06340036332928703,-0.08357926136389826,0.13947380138694787,0.15469023875226107,0.07019492625843689,104502345.0,0.9465060329507439,0.08213836766979243,-0.053493967049256165,0.0,0.0
2025-06-05,322.489990234375,324.54998779296875,273.2099914550781,284.70001220703125,287499800,-0.14259893789082123,-0.20570259737008845,0.030700206172081357,340.8769989013672,335.26550140380857,291.4576010131836,327.0617547739324,309.86288737925906,0.04697710709893608,29.543864862232013,10.154408633539049,16.967940153575892,335.26550140380857,379.7390638650101,290.79193894260703,-1.336079779475959,3.861965554418215,-0.0048327557623635276,0.005084308577565366,0.05684762644705832,52.65533107931871,8.727742453413498,0.01027552849221424,0.05759728401155573,-0.2107869059476538,-0.026147420274976962,-0.042505597474484014,-0.0931466412323716,115297705.0,2.4935431282001668,2.2637868127027807,1.4935431282001668,1.0,0.0
2025-06-06,298.8299865722656,305.5,291.1400146484375,295.1400146484375,164747700,0.036670186138995975,-0.14812670459034738,0.03623343535860246,336.28699951171876,335.78150177001953,291.9192013549805,324.0215890476948,309.2855198211877,0.047169960240768645,31.13390164493697,6.4620748551536735,14.86676709389145,335.78150177001953,377.97153810267764,293.5914654373614,-1.3302304202179676,3.7899351813548017,0.010268925536670137,0.01654245326114001,0.060312078495444066,54.831765388619985,8.828594185974907,0.010371754264666626,0.06729474086066653,-0.1646691578514874,-0.024078643136841604,0.03110497826535985,-0.05254760757432305,118658120.0,1.38842331228575,0.33426064730564664,0.38842331228575,0.0,0.0
2025-06-09,285.9599914550781,309.8299865722656,281.8500061035156,308.5799865722656,140908900,0.04553761352840424,-0.09953606941005766,0.03460060507189722,333.21099853515625,336.29750061035156,292.62820098876955,322.5509602405111,309.2578518506417,0.047089759793268585,38.8958822574868,4.567713389030075,12.806956352919176,336.29750061035156,376.77291487128053,295.8220863494226,-1.3364407362466257,3.8204232545047168,0.0009012287764704752,0.011759429337014682,0.06262179387628497,54.73432083820128,8.849474611610276,0.01033610065549882,0.06701732367328415,-0.11129549874707234,-0.028021188804387753,0.07230423354243753,-0.022337484669674185,119084175.0,1.183271412847257,0.721049957373421,0.18327141284725698,0.0,0.0
2025-06-10,314.94000244140625,327.8299865722656,310.6700134277344,326.0899963378906,151256500,0.05674382827003055,-0.052807369959451456,0.0242163180376731,329.53099670410154,336.6830001831055,293.87900115966795,322.8880112974044,309.91793594818085,0.046370920434921664,44.681103506802586,4.428283237170774,11.131221729769496,336.6830001831055,376.58265141488727,296.7833489513237,-1.4275274681598906,4.064128602742741,0.005669718390465928,0.011726392684998643,0.03446019279583257,59.75960441051073,9.032448563961111,0.007614691407434691,0.07125926281851366,-0.0645337626444501,-0.010243874758159466,0.15195851689720663,0.025726959831532354,121005665.0,1.2499951965058826,0.5228518643436413,0.2499951965058826,0.0,0.0
2025-06-11,334.3999938964844,335.5,322.5,326.42999267578125,122611400,0.0010426457165473302,-0.016925147790372908,-0.022869501843734152,326.48399658203124,336.3009994506836,295.2244009399414,323.2253428572498,310.5654675845573,0.04503182062342143,47.405106589765076,4.295700538455549,9.764117491506706,336.3009994506836,376.4514880498157,296.15051085155153,-1.4465539469702537,4.517351280449799,-0.002851975015019881,0.009111828582835546,0.0247426801344528,70.95600399312968,8.937568438159815,0.007589197288360957,0.06661369714632494,-0.026036976373208454,-0.04761218197818695,0.18454119206285258,0.03696401123715239,120286605.0,1.0193271312296162,0.2395996040929269,0.019327131229616133,0.0,0.0
2025-06-12,323.0799865722656,332.5599975585937,316.8599853515625,319.1099853515625,105127500,-0.022424432461661592,0.12086396792813847,-0.08217328556740067,322.5519958496094,334.8724990844727,296.2374008178711,322.83340404718433,310.9005467126752,0.04422086593130172,43.09116489630962,3.558939144214378,8.52308182204824,334.8724990844727,375.3499923838931,294.39500578505226,-1.3428231193213096,4.560721981408865,0.0039742753822695764,0.018042266510939653,0.02750205719529597,72.31095613874614,8.949387282342968,0.007613627411360569,0.06923010223601281,0.10282170141719882,-0.10967534276269664,0.11240792539905997,0.03518476135118739,118693115.0,0.8857084928641396,-0.6343388760618268,-0.1142915071358604,0.0,0.0
2025-06-13,313.9700012207031,332.989990234375,313.29998779296875,325.3099975585937,128964300,0.019429076154419578,0.10222261100750374,-0.051076394001313696,320.43699645996094,333.9969985961914,297.0884005737305,323.06927009589,311.4656232164367,0.044427048488204696,45.701856648906485,3.4357345909485844,7.50561237582831,333.9969985961914,374.50815100268176,293.4858461897011,-1.4409541169024653,4.672169664710569,-0.011180162300879815,-0.0035718576541998726,0.011076033789534145,68.22908978395736,8.325667097306564,0.008059358957863116,0.056061014966120495,0.10579446866170361,-0.06215242779084784,0.0929454506543641,0.04552916384173996,120247200.0,1.072493164081991,-0.21720121130674364,0.0724931640819911,0.0,0.0
2025-06-16,331.2900085449219,332.04998779296875,326.4100036621094,329.1300048828125,83925900,0.011742668079331775,0.06659543458672856,-0.059574848417071835,319.08099670410155,332.9544982910156,298.3254006958008,323.64648293273973,312.1583440660985,0.044229698141823814,38.23528910931103,3.6047830654962354,6.725446513761895,332.9544982910156,372.8015051368079,293.10749144522333,-1.4319778785510922,4.74144404665794,0.009514344503849026,0.0050027655526601045,0.014271320394783293,63.498007369661735,8.188941985636802,0.008208817277748548,0.0636259196781754,0.06159266903406846,-0.07384616881185513,0.10846885345472512,0.03207178455897949,119648710.0,0.7014358951300018,-0.4043960317623656,-0.2985641048699982,0.0,0.0
2025-06-17,326.0899963378906,327.260009765625,314.739990234375,316.3500061035156,88282700,-0.03882963749794621,-0.029869024943293687,-0.07524332926985389,316.28899841308595,331.66749877929686,299.86380096435545,322.9515803775755,312.32272296952664,0.04477257640887708,36.50761994978358,2.676661220534129,5.915689455116342,331.66749877929686,371.9326679132373,291.4023296453564,-1.3466169329147981,4.252927785883627,-0.0085450687006845,-0.009202594395149144,0.004505449855657151,61.02618382451541,7.583378089460211,0.00846592155630223,0.051114620125365835,-0.020666430548144543,-0.07974877912551104,0.13869088168041688,0.012758557335587098,119619350.0,0.7380302601543981,-0.416337810275922,-0.2619697398456019,0.0,0.0
2025-06-18,317.3099975585937,329.32000732421875,315.45001220703125,322.04998779296875,95137700,0.0180179597897272,-0.01341789964491047,-0.06331807069831485,315.28899841308595,330.57899780273436,301.63900085449217,322.8657144171368,312.70418433515187,0.044987221827976764,38.22195716915676,2.373696363149463,5.207290836722967,330.57899780273436,370.6374147031513,290.5205809023174,-1.369892256344706,4.204383240860365,-0.0001508166576998926,-0.006518639129228787,0.00774224248892641,58.75379228579913,7.015424057960445,0.00842397868586337,0.047526457646305136,-0.006899260515681682,-0.07106031318724126,0.19596698973590643,0.039335805344327825,117790460.0,0.8076859535144018,-0.22407133431312265,-0.19231404648559824,0.0,0.0
2025-06-20,327.95001220703125,332.3599853515625,317.7799987792969,322.1600036621094,108688000,0.0003416111576173275,0.009557890541051828,-0.037236243012658266,319.0349975585938,329.9559982299805,303.64500091552736,322.79850386903894,313.0750007793463,0.044617119513201124,41.47846987859138,2.1180562580285596,4.589443920984086,329.9559982299805,370.1371717880368,289.77482467192414,-1.495837987206027,4.674837103157515,-0.002348474253184407,-0.012775307319142448,0.022607203267847042,57.73733785425271,6.38012485086324,0.007423988205953209,0.04143054980592889,0.022333197860194276,-0.05984344628050531,0.2515614993745867,0.07135041698475857,118107120.0,0.9202493465254254,0.033868397897790725,-0.0797506534745746,0.0,0.0
2025-06-23,327.5400085449219,357.5400085449219,327.4800109863281,348.67999267578125,190716800,0.0823193093872907,0.0718391543222654,0.022402017181081035,324.3889953613281,330.33799743652344,305.17460052490236,325.2634075649192,314.47127497136336,0.04820267460025133,51.81152598198429,4.009185712280555,4.47339227924338,330.33799743652344,371.10386572143017,289.5721291516167,-1.1081161980713947,3.453244713285777,0.009877485739587577,0.008248370931189797,0.032300643586326894,60.120958457520665,6.272805228056313,0.007672245216137784,0.049761851016983966,0.0635907833910756,-0.009898626405245858,0.1838094378770625,0.07916719828763075,122787290.0,1.5532291656571295,0.47883406493114755,0.5532291656571295,0.0,0.0
2025-06-24,356.1700134277344,356.260009765625,340.44000244140625,340.4700012207031,114736200,-0.023545920693855638,0.034454459239984025,0.0033300079419089634,327.5779968261719,330.3944976806641,306.9360006713867,326.71165457975576,315.49083286349435,0.04852691444969517,48.895095176242656,4.790223023756255,4.536758428145955,330.3944976806641,371.21599292589224,289.5730024354359,-1.030887109411576,3.1735295341898717,0.011047186039507384,0.009779290218902226,0.0508777963721041,62.793405919935935,6.6403283595207085,0.007677789531447789,0.058258363110667975,0.0246751690210818,-0.04754778843019514,0.18881395231540243,0.055313777635429696,124291360.0,0.9231228944634607,0.36711313194139117,-0.0768771055365393,0.0,1.0
2025-06-25,342.70001220703125,343.0,320.3999938964844,327.54998779296875,119845100,-0.037947582404945,0.03540376631378428,-0.09738495254465918,327.7239959716797,328.62749633789065,308.44080047607423,326.791495838157,315.96374089994436,0.04649505461581038,48.69686067602124,4.3169010653068085,4.492786955578126,328.62749633789065,366.47778449742214,290.77720817835916,-1.004227163090144,3.4480667098322053,0.0005603844216792719,0.019053032978921136,0.030051221722148025,63.25766861577863,6.879428221688499,0.0063629943462698004,0.05609761973692923,0.016350733334863143,-0.1274361742668072,0.15778631736721538,0.015566958811757107,124276295.0,0.964344004622925,0.3575151190437085,-0.03565599537707493,0.0,1.0
2025-06-26,324.6099853515625,331.04998779296875,323.6099853515625,325.7799987792969,80440900,-0.0054037218123500486,0.011582087029067045,-0.08719528060909287,327.65899658203125,327.0714965820313,309.90940032958986,326.6951627849322,316.34869218933073,0.046404621158714035,66.16304331696608,3.755673614544264,4.345364287371353,327.0714965820313,362.5098401030754,291.6331530609871,-1.0488569798680123,3.5631381487404012,0.007823809728070064,0.02718082599079019,0.04415092193682035,70.28199352994461,7.3631233371799,0.0062698101432932,0.061614683999462835,-0.015598738961723146,-0.13134620254591323,0.15268725759105428,0.0019141053611393029,123728125.0,0.650142398908898,-0.15447924429537396,-0.349857601091102,0.0,1.0
2025-06-27,324.510009765625,329.3399963378906,317.5,323.6300048828125,89067000,-0.006599526995335614,0.004562953824165383,-0.09709005525228787,328.1109985351562,325.3314971923828,311.29980041503904,326.40324298473035,316.63423386358494,0.046372446936327597,61.991748247675964,3.101656313919136,4.09662269268091,325.3314971923828,357.5588100285252,293.1041843562404,-1.0122063188262853,3.5229716737018277,0.0049683222933454285,0.0347141910248836,0.04521279357633756,68.39189297363365,7.898023458856073,0.006289073886042827,0.0639766550727895,-0.030151237200718217,-0.14230284882862543,0.1264166033102201,-0.015345827573041185,123777085.0,0.7195758407139738,-0.18052590902399523,-0.28042415928602615,0.0,1.0
2025-06-30,319.8999938964844,325.5799865722656,316.6000061035156,317.6600036621094,76695100,-0.018446995428822777,-0.08896406351171315,-0.08312644606383923,327.3459991455078,323.89149780273436,312.8220004272461,325.5705535254331,316.6744601301938,0.04599319642221121,54.078340135325504,2.077663672587846,3.6928308886622974,323.89149780273436,354.68560222264534,293.0973933828234,-1.0782116368523869,3.831903466035316,0.004781279687299023,0.029492649999213416,0.051386230006752465,69.90787923119511,8.459062983697208,0.006261940907708837,0.0656070568016605,-0.11845671351092657,-0.1345126760705917,0.1362356004996057,-0.03891126302730419,121438095.0,0.6315571732247611,-0.5978587098776825,-0.3684428267752389,0.0,1.0
2025-07-01,298.4599914550781,305.8900146484375,293.2099914550781,300.7099914550781,145085700,-0.05335897504131726,-0.11677977390980576,-0.12250141727874286,324.5039978027344,321.792497253418,314.0088003540039,323.2028809473041,316.0484025350912,0.04732391789475276,38.542794034006434,-0.1004245691595429,2.9341797970979293,321.792497253418,352.91262954965094,290.67236495718504,-0.9091178673092201,2.9094368087374063,-0.0003237141327537829,0.01791430003409089,0.04515858537232287,67.43385590197249,8.786444177535259,0.006248093474850843,0.061863333619089605,-0.13469407394389665,-0.16766000265106573,0.06905273780126175,-0.07776711293123355,124598690.0,1.1644239598345696,0.26451547114162755,0.1644239598345697,0.0,1.0
2025-07-02,312.6300048828125,316.8299865722656,303.82000732421875,315.6499938964844,119483700,0.04968242780731846,-0.036330313967240624,-0.08313241360126489,324.4339965820312,320.3614974975586,315.7718002319336,322.48355837103554,316.0327786669106,0.04887399592202903,45.70038392331335,-0.6139644547564558,2.2245509467270526,320.3614974975586,349.7114191069714,291.01157588814584,-0.8958908717476328,2.4325524018344096,0.004533365492089381,0.021956189267665627,0.043943523508180427,71.74548161011171,9.163725657997361,0.006219290326252935,0.06272764295313835,-0.05828650323490625,-0.1270759371094453,0.1765199041823582,-0.0029475120539977917,125606650.0,0.9512529790421128,-0.0030155592510665574,-0.04874702095788718,0.0,1.0
2025-07-03,317.989990234375,318.45001220703125,312.760009765625,315.3500061035156,58042300,-0.0009503811144286889,-0.032015448200818364,-0.050293577182317084,323.7639984130859,319.52649841308596,317.3194003295898,321.8041724407955,316.00600327226766,0.0482777355300611,48.41136581969025,-1.0332444231987665,1.5729918727418888,319.52649841308596,348.4229916949941,290.6300051311778,-1.0312256315905628,2.890297847520473,0.007881299997254843,0.022014485703857112,0.05245364320467649,73.14879110659479,9.740693513797169,0.006317263942123145,0.06745957136404215,-0.054029933904675476,-0.10274722038699358,0.1356200025148544,-0.007052383925604884,123563160.0,0.469737905699401,-0.2784479039891399,-0.530262094300599,0.0,1.0
2025-07-07,291.3699951171875,296.1499938964844,288.7699890136719,293.94000244140625,131177900,-0.06789282780315342,-0.09174057409218628,0.032455180323827104,320.94199829101564,319.9884979248047,318.1834002685547,319.1504419646632,315.1406699063515,0.03872540647998709,38.255335831056314,-3.0578857798025183,0.6468163422330075,319.9884979248047,346.7576889851918,293.21930686441755,0.21671040443535813,-0.31940712719130465,-0.007451971921066947,0.009383519809463392,0.04968365292964538,76.2769837374015,9.714063454481902,0.006503395630061535,0.05637309798903718,-0.10112409390164967,-0.01722847260581828,0.009623498604483194,-0.03624302263432825,115747065.0,1.1333151298480009,0.47280025149606475,0.1333151298480009,0.0,1.0
2025-07-08,297.0,304.04998779296875,294.3500061035156,297.8099975585937,103246700,0.013165935514200422,-0.06248821341899202,0.009046495824487133,315.85499877929686,320.1219970703125,318.94940002441405,317.1180186878947,314.4610356966355,0.03797708496795794,38.27843822666331,-4.300577992525007,-0.3426625247185954,320.1219970703125,346.39138237176485,293.85261176886013,0.2910025823482884,-0.06936373165002482,-0.0005477352950125081,0.004030096125418492,0.03844498986944056,72.556703812757,9.555675092511933,0.006264079159823851,0.05309662003071541,-0.06651830954441051,-0.029398494044953427,0.009511338639969669,-0.028801821649798092,112672015.0,0.9163473290151064,0.34619682352588366,-0.08365267098489364,0.0,1.0
2025-07-09,297.54998779296875,300.1499938964844,293.54998779296875,295.8800048828125,75586800,-0.0064806174796112614,-0.016061942434617005,-0.04115620663065567,311.3959991455078,319.4869979858398,319.1679998779297,315.09535070645825,313.73236782158364,0.0365294626867937,41.66191188532236,-5.379147341386613,-1.349959488052199,319.4869979858398,347.4880301912047,291.48596578047494,0.4591617300218755,0.47636328333144884,0.005996656078344209,0.010377992939927472,0.043731546425418655,83.94772656092972,9.616182437848693,0.006324365108954381,0.05671928565046858,-0.026439935374544477,-0.08488775305607432,-0.09832859392380033,-0.06988542745147304,109405910.0,0.6908840665006123,-0.4790196414946476,-0.30911593349938776,0.0,1.0
2025-07-10,300.04998779296875,310.4800109863281,300.0,309.8699951171875,104365300,0.0472826483827995,-0.018311417364362148,-0.04974087338728461,309.6279998779297,318.6759979248047,319.6477996826172,314.59769779319436,313.58090222533286,0.035789686141443275,45.35256611309168,-5.046868865628539,-2.089341363567467,318.6759979248047,346.81103809911,290.54095775049933,0.428450219300107,0.5884442156101966,0.002820258275139098,0.008654918434875869,0.04077424209551661,84.77365959386024,9.692863419590026,0.006273059236197423,0.056957846125034635,-0.026966335799238017,-0.09051511548280122,-0.05554105669338294,-0.057674169325140724,107061350.0,0.9748177096589946,-0.12653106658062985,-0.025182290341005414,0.0,1.0
2025-07-11,307.8900146484375,314.0899963378906,305.6499938964844,313.510009765625,79236400,0.01174690904506881,-0.005834775019115224,-0.03957964402795766,308.4010009765625,318.0299987792969,320.07739990234376,314.49410845723537,313.5781221288737,0.03591649495951395,46.78606100898219,-4.438651012488265,-2.5592032933516267,318.0299987792969,346.0082760965266,290.0517214620672,0.37745686145656426,0.5023585676171547,-0.0035154084840562927,-0.0027505378065231234,0.04008178275285523,83.23514112398759,9.46890479660351,0.00630186004679131,0.050724640544190035,-0.0030842372125921003,-0.0796614267808129,-0.054789816313456585,-0.045845160102287195,104892600.0,0.7554050524059848,0.3651492101450149,-0.2445949475940152,0.0,1.0
2025-07-14,317.7300109863281,322.6000061035156,312.6700134277344,316.8999938964844,78043400,0.010813001260769006,0.07811114943313968,-0.006925485119631647,307.7279998779297,317.919499206543,320.77219970703123,314.7232404038305,313.7083916099565,0.035660900995055846,35.74120298099733,-3.6411180514409693,-2.7755862449694955,317.919499206543,345.89727363635717,289.9417247767288,0.24449706464543858,0.5375688657394738,0.0019082830706971254,0.0066540542056108265,0.037941487907396265,81.24683307794454,9.279422785719817,0.006284457762140573,0.0501851105906691,0.07145709522752886,-0.04486697302702791,-0.006926980422600426,0.006554380592633506,103538395.0,0.7537628915341019,-0.4050567969147242,-0.24623710846589808,0.0,1.0
2025-07-15,319.67999267578125,321.20001220703125,310.5,310.7799987792969,77556300,-0.01931207079538977,0.04355126196913983,-0.04466508526741397,307.0399993896484,317.1929992675781,321.37739990234377,314.34769358244637,313.5935526754209,0.035616688769925235,36.42432140815985,-3.462980805821246,-2.9130651571398456,317.1929992675781,345.11728525269785,289.26871328245835,0.40806366526986054,0.6436484875549777,-0.004273310535627517,0.0029016334521092535,0.045191451676997785,71.63382056355297,8.814561925022758,0.005690573331623102,0.043406358711084635,0.04064962851703058,-0.08985653694441176,-0.0094302259225032,-0.01954571144996146,100967995.0,0.768127563590819,-0.24882538618667716,-0.23187243640918095,0.0,1.0
2025-07-16,312.79998779296875,323.5,312.6199951171875,321.6700134277344,97284800,0.03504091219258654,0.08716374246085468,-0.022665789640583744,309.13600158691406,316.8199996948242,322.06660034179686,315.0450573772357,313.910276626492,0.03645015976989973,47.26054060323674,-2.41523130176148,-2.8134983860641727,316.8199996948242,344.2681566881,289.3718427015484,0.33102207424925423,0.286406186219717,0.0033432733845384366,0.00025641408511356545,0.03880228958464094,72.95916504533058,8.51401016994464,0.005436312722617793,0.04482246307789369,0.08690732837574111,-0.06146807922522468,0.015342587319334688,0.013593945489950373,101635940.0,0.9571889628806503,0.28706070372075554,-0.04281103711934971,0.0,1.0
2025-07-17,323.1499938964844,324.3399963378906,317.0599975585937,319.4100036621094,73922900,-0.007025863995037018,0.03078713233049246,0.009672822821417792,309.5120025634766,316.9729995727539,322.84960021972654,315.46076654722367,314.12595219651627,0.0353684796539779,47.04573078814037,-1.747106614052143,-2.6002200316617667,316.9729995727539,344.4442297997519,289.5017693457559,0.28631990354124,0.5966789640218978,0.006119538410830128,0.003547259169620176,0.05416721133992097,72.26653384517192,8.482894385005238,0.004914555145452857,0.048892145764895166,0.027239873160872285,-0.04449438851850318,0.02188265953378643,0.0015427147253851785,100917950.0,0.7325049706221738,-0.291690820607999,-0.26749502937782627,0.0,1.0
2025-07-18,321.6600036621094,330.8999938964844,321.4200134277344,329.6499938964844,94255000,0.03205907804067243,0.05148155921058262,0.02359883990556555,310.94200134277344,317.3529998779297,323.93559997558594,316.8121215328676,314.73473814553466,0.03585851199020137,52.597061827424,-0.3868717361639824,-2.15755037256221,317.3529998779297,345.3256094110331,289.38039034482625,0.24103518179813008,0.3853955694476277,-0.0007323346017438226,0.006350058320194307,0.05355410172336095,68.78159444581833,8.325556838152693,0.004933696112780015,0.04566417384023362,0.04513150089038831,-0.029955261817795398,0.0707982297960934,0.028658156289562104,100873815.0,0.9343852019476016,0.18954167529064914,-0.06561479805239843,0.0,1.0
2025-07-21,334.3999938964844,338.0,326.8800048828125,328.489990234375,75768800,-0.0035188948387289143,0.03657304058414246,0.019648579899150587,314.3970001220703,317.669499206543,324.9809997558594,317.9242995044398,315.27415979607747,0.03587701611477738,54.874420251109015,0.5907122405449741,-1.6078978499407734,317.669499206543,346.01191499984753,289.3270834132384,0.2584124945103684,0.3839705415912242,0.001896143492131186,0.006337864923050107,0.05803656310433003,67.07318952833378,8.201295564551742,0.004797994299659637,0.045234014524655294,0.03023517566109235,-0.03838798320517944,0.06541805862736227,0.019088417027758393,99227855.0,0.7635839754875282,-0.029145321705615124,-0.23641602451247182,0.0,1.0
2025-07-22,329.739990234375,335.4100036621094,321.54998779296875,332.1099853515625,77370400,0.0110201078413521,0.06863371727925549,-0.04752210528932277,317.8269989013672,316.840998840332,325.92679931640623,319.27531720416573,315.93438824923373,0.030584083889152493,66.05973841213506,1.6386683884482522,-0.9585846022629685,316.840998840332,342.1757605201196,291.50623716054446,-0.26660030048812017,0.11623746833059119,0.0001431954391026835,0.010801436342854798,0.04783806358412113,67.58714566526822,8.017581535220188,0.004532444985857425,0.04311332094449354,0.05783228093640069,-0.0953601688734439,0.049836213776122795,0.004102775279693198,93560535.0,0.8269555106755214,-0.00239696839586212,-0.17304448932447852,0.0,1.0
2025-07-23,330.8999938964844,336.20001220703125,328.6700134277344,332.5599975585937,92553800,0.0013550095657461902,0.03385452070839623,-0.023232600915644053,321.49499816894524,316.44549865722655,326.6127990722656,320.5405248569684,316.5863729280322,0.030164067395896412,60.1537203532535,2.4769407785236126,-0.27147952610565224,316.44549865722655,340.438554533466,292.4524427809871,-0.39412094526070746,0.3716248444552778,0.008507476351847565,0.01600402643877863,0.045205936698324845,69.9884357539535,8.20438212553131,0.004305832043295929,0.049497016221903244,0.0178504942696176,-0.0684385376139689,-0.012130471619708372,-0.020906171654686556,92451415.0,1.0011074465436791,-0.048630412973044046,0.0011074465436791854,0.0,1.0
2025-07-24,310.0,310.1499938964844,300.4100036621094,305.29998779296875,156966000,-0.08197020076301276,-0.04417524719753929,-0.06792856305665118,321.0379974365234,315.33299865722654,326.35119873046875,319.08904513658746,316.14376958940227,0.034339417153048224,45.44134204771285,0.9308919771536353,-0.03100522545379475,315.33299865722654,339.22123217254415,291.44476514190893,-0.7528633739425338,0.6793448351446161,0.0003309323466664793,0.010158550981709702,0.04496624634607316,65.26559549679642,8.273797765681707,0.004310794974703647,0.04800088821114945,-0.05433379817924899,-0.11289480940272434,-0.1325175724067601,-0.09991539332957781,94307460.0,1.664407036304445,1.1233744888255197,0.6644070363044451,0.0,1.0
2025-07-25,308.739990234375,323.6300048828125,308.010009765625,316.0599975585937,148227000,0.0352440556693423,-0.04122553189598466,-0.029836089560820733,321.2929962158203,314.8469985961914,325.9909985351562,318.80056441487375,316.1404844117235,0.035373221903832616,61.10664355486121,0.5673400830002038,0.08866383623700495,314.8469985961914,338.2304897224974,291.46350746988537,-0.8069300132183596,0.5073505515012697,0.004224435835635587,0.015169344601831947,0.04123422077844152,79.57508671384133,8.445346461979511,0.004135690606737578,0.050623506690984414,-0.056394876497816604,-0.07107031033926225,-0.142765472833022,-0.09007688655670028,97696765.0,1.5172150275395506,0.5726168373030609,0.5172150275395506,0.0,1.0
2025-07-28,318.45001220703125,330.489990234375,315.69000244140625,325.5899963378906,112673800,0.030152499060024818,-0.008828256515260202,0.006056272365066562,322.16199645996096,314.9449981689453,325.54919860839846,319.44717697897056,316.5110535068673,0.03601082206943412,63.198400457881824,1.036268386692882,0.27818474632818035,314.9449981689453,338.4992808041412,291.39071553374936,-0.8973206938275354,0.47301606394363216,-0.0002511658677887274,0.012993587513907334,0.035826378991031804,80.09429039760916,8.470882385482696,0.004105117716354256,0.04859300464730235,-0.021821844029167536,-0.029770106625965242,-0.15072700966316832,-0.0674396534394337,98877105.0,1.1395337677008242,0.48707383514058566,0.13953376770082418,0.0,1.0
2025-07-29,325.54998779296875,326.25,318.25,321.20001220703125,87358900,-0.013483166498468035,-0.032850482146696836,0.011144017201131007,323.20399780273436,315.1219985961914,325.1167987060547,319.6141136673573,316.6949342402071,0.03588713550128031,61.754876711738376,1.041654866193312,0.4308787703012067,315.1219985961914,338.8149798240066,291.4290173683762,-0.9242668367535285,0.5555461347423106,-0.0026374681700745972,0.01017719640313941,0.028178411333690256,71.92667063783014,8.26181365831792,0.00415354551871852,0.04422721041188193,-0.043027678549836246,-0.01703439413255925,-0.14211889441574432,-0.06739365569937994,99410295.0,0.8787711574540645,0.12909975908099214,-0.12122884254593551,0.0,1.0
2025-07-30,322.17999267578125,324.45001220703125,311.6199951171875,319.0400085449219,83931900,-0.006724793213012448,-0.04065428528062742,0.060955796650281835,322.9409973144531,316.0384994506836,324.49799865722656,319.55943698903013,316.7868979384312,0.03359921195791505,54.78252370940742,0.8616963472724137,0.5170422856954482,316.0384994506836,338.78327482873135,293.2937240726359,-1.1086133727803076,1.6292665850850876,-0.0012594666428340506,0.00039408291796516615,0.02721597925160757,67.57526910224314,7.940736344855054,0.0041791589077058424,0.04147360983871898,-0.04104836819859259,0.033739817398674266,-0.15931656777334324,-0.05554170619108719,96352605.0,0.8710911344846359,-0.09315554844857798,-0.12890886551536412,0.0,1.0
2025-07-31,319.6099853515625,321.3699951171875,306.1000061035156,308.2699890136719,85270900,-0.03375758288237862,0.009728140646756867,-0.02338034223194929,321.8269958496094,315.669499206543,323.8215985107422,318.48425146756745,316.45290151000927,0.032733479685363456,47.456301353062884,-0.14826355291938853,0.38398111797248086,315.669499206543,338.67873500656844,292.6602634065175,-1.0220815008629585,1.2556917463717097,-0.0037512614196472116,-0.0036883685559333523,0.01874428339936962,67.0839761244116,7.410908404762949,0.004257063086274322,0.036240557119173566,0.013416509202690219,-0.04212462563131891,-0.16459131194259402,-0.06443314279040757,94641965.0,0.9009840402193678,-0.45675560312424346,-0.0990159597806322,0.0,1.0
2025-08-01,306.2099914550781,309.3099975585937,297.82000732421875,302.6300048828125,89121400,-0.01829559909125389,-0.04249190906638367,-0.0403361375440332,319.1249969482422,315.0334991455078,322.99779846191404,316.9743232214003,315.91082713247215,0.032970447289374864,43.22090979185489,-1.3877663278627779,0.029631628805429078,315.0334991455078,338.77156470010664,291.29543359090894,-0.9214463870180404,0.999769972638654,-0.016390321589204504,-0.02414069163117849,-0.005788938657737108,45.446377398899074,6.09396482627119,0.0054623781344233496,0.018234042620253955,-0.01835121743520518,-0.03454719888629609,-0.1715982617780304,-0.07483222603317723,96195920.0,0.9264571719881675,-0.39875056501177253,-0.07354282801183251,0.0,1.0
2025-08-04,309.0799865722656,312.1199951171875,303.0,309.260009765625,78683900,0.021907956170373222,-0.05015506236659284,0.052119504650520065,317.2019989013672,315.79949951171875,322.4905987548828,316.23962670180265,315.6500107651448,0.029375871630056855,49.281397291736816,-1.8141824562935653,-0.3391311882143698,315.79949951171875,337.57958354566097,294.01941547777653,-1.1124987747815016,2.4581447839979456,0.015199764160073403,-0.00905896972676401,0.016900750841786216,61.09058770221863,5.738309133741723,0.006195346892301388,0.032019805312367366,-0.04109609263982883,0.03521875380873385,-0.1618729556487507,-0.05591676482661523,93571220.0,0.8408985155905844,-0.3016664033697275,-0.15910148440941563,0.0,1.0
2025-08-05,308.95001220703125,312.45001220703125,305.5,308.7200012207031,57961300,-0.0017461311772288823,-0.03885432911591569,0.03663410816140544,314.8630004882813,316.3449996948242,321.8441986083984,315.5234718940789,315.37824568497064,0.029292348314369606,43.21349566087459,-2.17067232737935,-0.7054394160473659,316.3449996948242,336.72978759391657,295.9602117957318,-1.0398922729691051,2.389699096177307,-0.005069926343612585,-0.011475766560067768,0.01229961116241518,54.48239232182559,5.141795664334836,0.006330348590438074,0.025225242289189348,-0.02737856255584792,0.024334496998990263,-0.17492189504595146,-0.05932198686760304,91306950.0,0.6347961464050655,-0.33651522626773,-0.36520385359493446,0.0,1.0
2025-08-06,307.8900146484375,320.4700012207031,306.92999267578125,319.9100036621094,78523600,0.03624644466558724,0.00272691541463832,0.08121535211145581,313.59800109863284,317.54649963378904,321.4555987548828,315.9412368243675,315.55596168407413,0.03016970080924192,50.23960123502053,-1.5325867344440667,-0.8708688797267061,317.54649963378904,335.5455299737333,299.54746929384476,-1.102905021999831,2.1905544561451045,0.007659660445043404,-0.0026478748574443323,0.013973034889620761,55.53486654242936,4.9953474916304685,0.006414901468350803,0.031213507372559766,0.005374790272082652,0.06724231722183505,-0.15316522315532732,-0.02684937188713654,91453790.0,0.85861504482209,-0.06443676361431117,-0.14138495517791005,0.0,1.0
2025-08-07,319.7900085449219,322.3999938964844,316.1600036621094,322.2699890136719,66658700,0.007377028928595486,0.045414735455740596,0.04001676216438743,315.2950012207031,318.16649932861327,320.6431982421875,316.5439751281108,315.8192568734701,0.028451686404457832,46.17457847053289,-0.8269358089776233,-0.8620822655768896,318.16649932861327,335.90452764421065,300.4284710130159,-1.2816728980961298,2.845836952176857,-0.000837636431655131,0.0002689770903767652,0.010274459231073063,55.44409431127962,4.781862864117329,0.0064038133403464285,0.028912986145519157,0.04514575836536383,0.02974230293331437,-0.1846219768973264,-0.036577971866216065,89568460.0,0.7442206776805139,-0.21827141498447888,-0.25577932231948614,0.0,1.0
2025-08-08,321.42999267578125,335.1499938964844,320.9800109863281,329.6499938964844,91200300,0.02290006868278205,0.08928390634674455,0.05148155921058262,316.6540008544922,318.97349853515624,320.0981982421875,317.7921673917654,316.36163871750995,0.028753133431450303,50.564863355049496,0.3240667108455568,-0.6248524702924003,318.97349853515624,337.2790434445766,300.6679536257359,-1.2871480794088537,2.7205118454721466,0.007797554830949682,0.024866521152637766,0.02174397716710219,59.017753732340864,4.949075455933439,0.006526078266381888,0.03521146976593703,0.06441738519410678,0.029737582043480426,-0.16369407401179314,-0.023179702258068646,90166655.0,1.0114637168252498,0.023326608424014905,0.011463716825249867,0.0,1.0
2025-08-11,335.0,346.6400146484375,334.1499938964844,339.0299987792969,105320200,0.02845443669493286,0.09626200631705761,0.06983277156528223,317.9980010986328,320.0799987792969,319.7101983642578,319.81481800010175,317.2505940140506,0.029274082622705803,53.190709751747484,1.9704187416909917,-0.10579822789572191,320.0799987792969,340.4200994533596,299.73989810523415,-1.282430203209392,2.5116123091500775,-0.0019774044951013092,0.00752579107726592,0.017781361092764847,57.38490753852417,4.924274393088126,0.00655839437391508,0.03156861020399014,0.0887362152397917,0.05205141047251738,-0.1350501801585755,0.0019124818512445223,91530495.0,1.1506569477199922,0.3385228744380997,0.1506569477199921,0.0,1.0
2025-08-12,345.0,345.260009765625,332.94000244140625,340.8399963378906,80522100,0.005338753399730889,0.10404248182878506,0.09672436346182334,319.9619995117188,321.58299865722654,319.59779846191407,321.817215937034,318.1756686149855,0.02876444463633203,53.770490611769716,3.382228044130784,0.5918070265095793,321.58299865722654,343.4171866214405,299.74881069301256,-1.464404026329649,3.2168086660260156,0.010645980769615315,0.023440660037413963,0.033031104593521654,58.614338553549004,5.382864227903383,0.0067833688013467465,0.040692417992757766,0.0806018217913711,0.06369325886830168,-0.10987722775916775,0.011472617633501677,91678785.0,0.8783067969323546,0.3892390267299042,-0.12169320306764536,0.0,1.0
2025-08-13,341.5,348.9800109863281,338.20001220703125,339.3800048828125,67838900,-0.004283509772223915,0.06086087023795428,0.055056395423245696,321.9959991455078,322.46849822998047,319.5315985107422,323.48986250329864,319.00721121372385,0.02793708774080317,70.28572444652603,4.333335979322271,1.3401128170721177,322.46849822998047,345.70875164116023,299.2282448188007,-1.438059822400045,3.417133711054819,0.0034232284065640606,0.019137881061673134,0.03311342539729045,60.22271949438785,5.854396278090803,0.006784443933536089,0.04243437896551185,0.041722989176281144,0.021942970025955244,-0.10091179338705136,-0.012415278061604992,90206490.0,0.7520401248291558,-0.13606992038062438,-0.24795987517084414,0.0,1.0
2025-08-14,335.760009765625,340.4700012207031,330.3999938964844,335.5799865722656,75000700,-0.011196942235471519,0.04130076647636316,0.050624535001295046,324.7269989013672,323.2769973754883,319.35779846191406,324.6413028908193,319.6571239728824,0.028031770641633758,62.66873496304365,4.7259879040090595,2.017287834459506,323.2769973754883,347.1847273238048,299.3692674271718,-1.4037085354038685,3.2751893109076677,9.29178689290655e-05,0.02008703924926092,0.026925112424612152,58.07779010849766,6.161841157057324,0.006708993561506042,0.040828028189932,0.02121372722710224,0.023699422576682894,-0.11040792418789735,-0.02183159146137074,90260380.0,0.8309371177032492,0.1251449548221013,-0.1690628822967508,0.0,1.0
2025-08-15,337.6600036621094,339.29998779296875,327.0199890136719,330.5599975585937,74319800,-0.0149591430196655,0.0027605147245810535,0.0027605147245810535,327.51999816894534,323.32249755859374,319.32799865722654,325.204988097274,320.0846876429103,0.02741844602811485,53.426169370874426,4.579308802271157,2.5296920280218362,323.32249755859374,347.28469792441103,299.36029719277644,-1.3001953755929114,3.2140901424831445,-0.0023411979263346927,0.009824650506321975,0.02527171943723583,56.507877648487415,6.2133640841231,0.006744834286974473,0.03674267749180772,-0.007064135781740921,-0.022511204712654775,-0.0874034224313408,-0.0389929209752455,89263620.0,0.8325877888438762,-0.1850925928971725,-0.16741221115612384,0.0,1.0
2025-08-18,329.6199951171875,336.2699890136719,329.5899963378906,335.1600036621094,56956600,0.013915797850586165,-0.011414904672511939,0.020305073597449264,330.10999755859376,323.65599822998047,320.33719848632813,326.1530848177345,320.6758765064083,0.02756063254514468,59.595812108712124,4.7791554766627655,2.9795847177500225,323.65599822998047,348.10180332272944,299.2101931372315,-1.3787228329560224,3.287059361144676,-0.00021771255650937515,0.011605151574024086,0.02310854430205822,58.30564401111067,6.171871075790705,0.006751069955692189,0.034783046468260026,-0.023020056246536025,-0.002803470704608957,0.08930101096272036,0.021159161337191795,88323010.0,0.6448670623883855,-0.45920535661724915,-0.35513293761161446,0.0,1.0
2025-08-19,335.7900085449219,340.54998779296875,327.8500061035156,329.3099975585937,75956000,-0.017454368181154867,-0.033828185961681245,-0.008430905171384118,332.1689971923828,323.51599884033203,321.0205981445313,326.45374317400683,321.014469488847,0.027770813995758956,56.71855677173398,4.414600042624613,3.266587782724941,323.51599884033203,347.7894124969028,299.24258518376126,-1.1972852656607782,2.7720025323447754,-0.00542510102815319,-0.004481182758013458,0.0174123882727657,55.235865792307415,5.793676617232563,0.006908394323287529,0.02776612494210456,-0.029347003203667787,-0.025843293444149817,0.044737929351874595,-0.0034841224319810036,88252290.0,0.86066888462611,-0.05670617134923206,-0.13933111537389,0.0,1.0
2025-08-20,329.2200012207031,331.3699951171875,314.6000061035156,323.8999938964844,77481800,-0.016428300696053832,-0.04561261937536176,-0.026040424962967768,332.5679962158203,323.08299865722654,321.3269982910156,326.21052895709994,321.12762730875437,0.02800718246565632,60.99620321863063,3.647103612225578,3.3426909486250684,323.08299865722654,346.9832173582522,299.1827799562009,-1.0730679851746932,2.3934431990267004,-0.002657177257710863,-0.010513690361871553,0.006149153086618009,55.980892858037436,5.297212249371341,0.006708324485793489,0.02371310867175191,-0.03509892901349021,-0.032189578049585776,-0.017583021272290056,-0.028290509445122014,87498690.0,0.8855195432068754,0.14214410905837216,-0.11448045679312456,0.0,1.0
2025-08-21,322.0799865722656,324.8999938964844,318.67999267578125,320.1099853515625,55744400,-0.011701168929731831,-0.04609929626232856,0.048509656569776016,332.35199584960935,323.82349853515626,321.20739807128905,325.62952480419165,321.08771978102135,0.020782588200852325,62.62638864231227,2.701889446794155,3.214530648258886,323.82349853515626,346.2778202977135,301.369176772599,0.2628243269313041,-1.118574601456104,-0.004011616774111215,-0.014574693858804721,0.0017813464150220337,66.22870473171027,4.645910451597047,0.006778136354816273,0.01848718475674816,-0.03152460240352384,0.04672831015475398,-0.07529438654970622,-0.02003022626615869,82437610.0,0.6762010689053213,-0.2567482703494768,-0.3237989310946788,0.0,1.0
2025-08-22,321.6600036621094,340.25,319.69000244140625,340.010009765625,94016300,0.062166209505171155,0.02858788805912993,0.07577679045761321,333.38799743652345,325.0209991455078,321.47899841308595,326.9990948005186,321.8297703686529,0.023679873034280274,68.63861126738021,3.51801261007887,3.275227040622883,325.0209991455078,348.27241554511806,301.76958274589754,0.7663962044810602,0.29057162709745576,0.015356734450693521,0.0029062228578617955,0.012886562238621169,66.47260793731186,4.852727510383033,0.0075471832834935575,0.032614593045452285,0.025681665201268133,0.06289022821899204,-0.03465508303092113,0.017972270129779682,79727075.0,1.1792267557790124,0.2650235872540023,0.17922675577901234,0.0,1.0
2025-08-25,338.8999938964844,349.5299987792969,335.0299987792969,346.6000061035156,86670000,0.019381771561470362,0.03413295833753316,0.0645290395956184,334.14499816894534,326.0714996337891,322.028798828125,328.8658482579469,322.80115216217695,0.023168881104236132,71.39145479486604,4.643031746614213,3.548787981821149,326.0714996337891,351.24978388520634,300.8932153823718,0.8282354089345456,0.6260865226226343,-0.0044010200352035955,-0.001290155848984731,0.008682174718556812,67.03481853348794,4.735390220362206,0.007630354024448657,0.026739241306675685,0.03542311418651789,0.055846864877061586,0.01886749297798529,0.03671249068052159,78426885.0,1.1051057300057245,0.5216849320359713,0.10510573000572444,0.0,1.0
2025-08-26,344.92999267578125,351.8999938964844,343.7200012207031,351.6700134277344,76651600,0.01462783391499567,0.06789959623124475,0.09486301389385843,335.2279998779297,327.5949996948242,322.5559991455078,331.03767351221234,323.9332643686694,0.022943428795444677,69.26716380259613,5.875989982052602,4.01422838186744,327.5949996948242,355.1110235804567,300.0789758091917,0.6785339038339671,0.538986402986026,0.004186968758527643,0.008361876118188949,0.015584066119813,65.3066425126242,4.801730144205862,0.007637139487008246,0.02939571698454804,0.0595377201130558,0.07927894777404543,-0.002834414480689107,0.04532741780213737,77891520.0,0.9840814507150457,0.009157933540470786,-0.015918549284954255,0.0,1.0
2025-08-27,351.94000244140625,355.3900146484375,349.1600036621094,349.6000061035156,65519000,-0.0058862207330171445,0.07934551618190144,0.09578735186841247,336.25,329.1229995727539,322.96539916992185,332.8055147113841,324.93980326023205,0.022922037498615266,66.63825346157772,6.6098912633609075,4.533360958166133,329.1229995727539,357.9991843356429,300.2468148098649,0.6758421818600087,0.5468949652351202,0.002278548405594716,0.013352133707019709,0.019181748990256375,67.37564852237625,4.914967395707436,0.007627867159030447,0.030237930078487067,0.06599338247488173,0.0766056028781561,-0.013901882140102018,0.04289903440431194,76970875.0,0.851218074369039,-0.15439496759238946,-0.14878192563096107,0.0,1.0
2025-08-28,350.9100036621094,353.54998779296875,340.260009765625,345.9800109863281,67903200,-0.010354676927882056,0.08081605328978947,0.12232790513702518,337.2900024414063,331.00850067138674,323.5579992675781,334.06022864233114,325.7649094455692,0.021394966394960097,60.41853092537191,6.820784209301394,4.990845608393185,331.00850067138674,359.06453564370855,302.95246569906493,0.9708268826380918,0.811329227176266,0.003541419568318549,0.021036847326648456,0.026642302842233567,65.15239126011033,5.128350207011181,0.007563931450305068,0.032138349353189474,0.05977920596314101,0.09568560229479162,0.004447621596181728,0.053304143284704786,76102490.0,0.8922598984606154,0.21811697677255482,-0.10774010153938458,0.0,1.0
2025-08-29,347.2300109863281,348.75,331.70001220703125,333.8699951171875,81145700,-0.03500206799409333,-0.018058334966873257,0.10322833073499127,337.6210021972656,332.5705001831055,323.7943994140625,334.04211116374603,326.0827559424954,0.022680970927028303,46.81874266121408,5.9422428388184585,5.18112505447824,332.5705001831055,357.24937457097315,307.8916257952378,0.664078904261815,0.691542051706569,-0.0059638290232071345,-0.00040298773230373897,0.037524951288533615,61.039856468283034,4.931749193209043,0.006571622391096758,0.024374033374784727,-0.01765534723456952,0.06570337944645765,-0.0461795033559238,0.0006228429519881118,75703705.0,1.071885451313116,-0.13689753798011617,0.07188545131311605,0.0,1.0
2025-09-02,328.2300109863281,333.3299865722656,325.6000061035156,329.3599853515625,58392000,-0.01350828116207925,-0.04974039367675087,0.06499377530632056,337.04100036621094,333.5754989624023,323.9383990478516,333.59619441972853,326.21127474285095,0.022687540186221006,43.15035791848635,4.826436224358076,5.110187288454208,333.5754989624023,355.76938378185116,311.3816141429535,0.8681218293998103,0.9829555382058199,-0.007410157012364249,-0.0034242085173836756,0.014417816918305348,46.92586772347129,4.34438916666079,0.0060833919909862,0.015300219505590228,-0.046316185159367196,0.05057595838801521,-0.055038709277190456,-0.016926312016180816,74689110.0,0.7818007203459781,-0.3262720664589823,-0.21819927965402186,0.0,1.0
2025-09-03,335.20001220703125,343.3299865722656,328.510009765625,334.0899963378906,88733300,0.014361219324440011,-0.049990094175192734,0.08217800925392771,337.5190002441406,334.84399871826173,323.64659912109374,333.6432231738392,326.52024421716624,0.022781155176831023,46.96221284556763,4.274549454395583,4.9430597216424825,334.84399871826173,353.7063119826552,315.98168545386824,0.7467667169075788,0.772031222490786,0.005419545640653167,-0.0022009738807244883,0.025112746695429955,48.58471650109333,4.108471555420124,0.006008428612307622,0.01939342902608678,-0.047789120294468246,0.057065262558497754,-0.11447535659985308,-0.03506640477860786,76227710.0,1.1640556957568318,0.15761836673989849,0.16405569575683174,0.0,1.0
2025-09-04,336.1499938964844,338.8900146484375,331.4800109863281,338.5299987792969,60711000,0.01328983953448204,-0.031664780122861225,0.0582038539090326,338.98200073242185,335.7749984741211,323.6077990722656,334.108630374359,326.9912149843086,0.02163078718564301,51.681683616863985,4.14763494955821,4.783974767225628,335.7749984741211,353.32621537722537,318.22378157101684,0.8635881380028718,1.6223989619522876,0.00835741674721624,0.0038507259394764404,0.025822588428231708,54.537579573660224,4.301286451430315,0.006049441959347439,0.026536390909238348,-0.035515506062337665,0.03238126548080089,-0.07547624706983858,-0.026203495883791783,75337080.0,0.8058581511255812,-0.07338329339580885,-0.19414184887441882,0.0,1.0
2025-09-05,348.0,355.8699951171875,344.67999267578125,350.8399963378906,108989800,0.036363092201525005,0.014047011958024713,0.08865239798362579,342.0550018310547,337.20349884033203,324.07359924316404,335.70209379945726,327.9264613119001,0.02287131795238519,60.673673272752005,4.982928120532961,4.823765437887094,337.20349884033203,354.77723153784564,319.6297661428184,0.6993073357035081,0.6633238544033317,-0.0028963839692857096,-0.0025890618247993435,0.023708908204699064,54.10176779043494,4.254998795100846,0.006104864731525805,0.022265958722988196,0.016636073782824057,0.06494348977892672,0.005021347271770171,0.028866970277840315,77453635.0,1.4071618459224025,0.6050760494350782,0.40716184592240245,0.0,1.0
2025-09-08,354.6400146484375,358.44000244140625,344.8399963378906,346.3999938964844,75208300,-0.01265534855703887,0.037529574273060584,0.050811467647895014,342.6940002441406,338.040998840332,324.48599914550783,336.7209414277456,328.6509135701191,0.022747431476923402,55.92575906913877,5.226386357503202,4.9042896218103165,338.040998840332,355.6953607213218,320.38663695934224,0.9158282625540356,1.051391450360379,0.0024567686612921857,0.0058601239108055925,0.018283800401563077,55.78823077893407,4.295700503703756,0.005914461004370407,0.0235823861078376,0.03166945036225499,0.03252766724633194,0.0028891927481571322,0.02236210345224802,76654035.0,0.9811394794807605,-0.07316961958551105,-0.018860520519239463,0.0,1.0
2025-09-09,348.44000244140625,350.7699890136719,343.82000732421875,346.9700012207031,53816000,0.001645517708609212,0.0534673811402544,0.023419763649219272,342.7309997558594,338.43799896240233,324.95279907226563,337.6970423604082,329.3693091642596,0.02192644317165889,59.85930441817475,5.403040701705265,5.004039837789306,338.43799896240233,356.53749081022363,320.33850711458103,1.1321332773420085,1.9527076571503903,0.002311789288386157,0.015712046313409722,0.02266007060444264,61.48972621612412,4.396978971138765,0.005881431749092172,0.02480341401092205,0.03775533482684468,0.0007596930447766326,0.014517417460229387,0.017677481777283566,74078825.0,0.7264694060684683,-0.07836689957528431,-0.27353059393153173,0.0,1.0
2025-09-10,350.54998779296875,356.3299865722656,346.07000732421875,347.7900085449219,72121700,0.0023633378140295314,0.04100695129217624,0.020390835235608362,342.34299926757814,338.7854995727539,325.5553991699219,338.6582772351238,330.0916895321287,0.02190827735599346,64.05789604949658,5.545285678704886,5.112289005972422,338.7854995727539,357.34031442704133,320.2306847184665,1.1572485866072304,2.009319075836305,0.002890805295761023,0.013157419201332843,0.014812705207904564,65.33952057454076,4.57454638612478,0.005462248685634534,0.026654155142863848,0.0278495320908434,0.005578130027703798,0.03923774336426433,0.024221801827603844,73658805.0,0.9791320942553983,-0.18720818452598964,-0.020867905744601747,0.0,1.0
2025-09-11,350.1700134277344,368.989990234375,347.6000061035156,368.80999755859375,103756000,0.06043873744853956,0.08944554068615296,0.08671693161753402,344.2639984130859,340.25699920654296,326.9173992919922,341.52986964688284,331.6100545527744,0.025530950834862783,73.8258205896554,7.270345275123361,5.54390025980261,340.25699920654296,363.16710408860393,317.346894324482,1.036158604196239,0.7763815732783595,0.008310290457562264,0.01311006858020436,0.01975523844820848,72.61358807861443,5.089165309909731,0.0056926021317950295,0.033884636706544666,0.0763354721059486,0.06696169316932554,0.16173484034041574,0.10167733520522997,75454660.0,1.3750774306053464,0.7090148408031494,0.3750774306053463,0.0,1.0
2025-09-12,370.9400024414063,396.6900024414063,370.239990234375,395.9400024414063,168156400,0.0735609258490948,0.12854864489304196,0.17986774624339064,349.25999755859374,343.275,328.5231994628906,346.71178705588505,334.13279760723054,0.029516819241542473,75.55513351129592,10.703251670090197,6.575770541860129,343.275,376.9599244068272,309.59007559317274,0.9472127770888937,0.19688273142003848,-0.00033472424849623206,0.015712850491415686,0.019319188675598564,65.40196944774108,5.416993217418508,0.005696966110708319,0.03233886981477179,0.11283579440162628,0.16054855756779207,0.1947946273648673,0.15605965977809522,80112445.0,2.099004717681504,0.5428636441208259,1.0990047176815039,1.0,1.0
2025-09-15,423.1300048828125,425.7000122070313,402.4299926757813,410.0400085449219,163823700,0.03561147147692445,0.18371829032842069,0.24044049967733883,356.8769989013672,347.2490005493164,330.41699951171876,352.74304624531715,337.1095509773361,0.029548692828659198,77.12500768931346,14.395663131155573,8.139749059719218,347.2490005493164,391.66271014442634,302.83529095420647,0.732365769482602,-0.16934521345548967,0.0053240571686796745,0.0186180548593895,0.027150865786251144,73.08439890366093,5.8882558057151755,0.005720092175125349,0.0366770087502756,0.1651002354690312,0.21328963389108768,0.24338851660757288,0.2072594619892306,84587640.0,1.9367333099729465,1.1782662285944503,0.9367333099729463,0.0,1.0
2025-09-16,414.5,423.25,411.4299926757813,421.6199951171875,104285700,0.028241113869250656,0.21514826536545595,0.25796631611880083,366.1029998779297,351.57200012207034,332.97059936523436,359.30275566168575,340.42368604164403,0.029789692326436988,78.33129099175923,18.04828456503526,10.121456160782428,351.57200012207034,406.5952068646974,296.5487933794433,0.6454052795821853,-0.350853457376461,-0.0013769781981408658,0.014869276084052085,0.025959865783117708,69.44413446351804,6.118574312782471,0.005742705430592947,0.033974105857922474,0.20027898928140386,0.23200645033568312,0.3710245559348313,0.2677699985173061,86954095.0,1.1993190199955506,0.9378196075516576,0.19931901999555052,0.0,1.0
2025-09-17,415.75,428.30999755859375,409.6700134277344,425.8599853515625,106133500,0.01005642588937583,0.22447446703046037,0.2931887537844635,375.2799987792969,356.3994995117188,335.53159912109373,365.641539441674,343.7741291518369,0.02898461421000545,80.35343244048933,21.0425793873124,12.305680806088422,356.3994995117188,419.5415966799795,293.25740234345807,0.6034360987393181,-0.2181833966648403,-0.0012423636756685452,0.010686740777298809,0.030274594273850042,66.72863521300033,6.164602850679216,0.00555818196664094,0.03143432515451063,0.21378772625316156,0.2629141595106135,0.36736135249350155,0.2813544127524255,88462970.0,1.1997505849057521,0.4715889947131029,0.1997505849057521,0.0,1.0
2025-09-18,428.8699951171875,432.2200012207031,416.55999755859375,416.8500061035156,90454500,-0.021157139806429193,0.13025679581066574,0.28697133052968593,383.11199951171875,361.0470001220703,337.9509991455078,370.5185362666113,346.63984981660866,0.029258128967703717,77.04754973394765,22.429990611334176,14.330542767137572,361.0470001220703,427.7023615107834,294.3916387333572,0.5793704235954358,-0.25590653487811293,0.004672593154858351,0.007040469916435255,0.03784639011549085,67.41498262197388,6.373424946575142,0.005510605137765462,0.035016487026470616,0.12321632589423048,0.24912494041419508,0.3476360158497327,0.23999242738605275,89111605.0,1.0150698104921352,-0.12819981495046073,0.015069810492135115,0.0,1.0
2025-09-19,421.8200073242188,429.4700012207031,421.7200012207031,426.0700073242188,93131000,0.022118270566640286,0.07609740035618495,0.3310112986831233,390.63500061035154,366.3450012207031,340.2749993896484,375.80915255781207,349.754757954162,0.02872217183873216,85.98189810209709,23.99687995133519,16.263810203977094,366.3450012207031,436.0733880751745,296.6166143662318,0.455358692165507,-0.2043261596362497,0.00495277480627232,0.012366978360768277,0.04718752460859532,77.16768914932092,6.723187354269498,0.005369494978180422,0.038852918901541154,0.06373042199541668,0.28382377407452797,0.3115271600912326,0.21969378538705908,90980935.0,1.0236320389540952,-0.44616440409047764,0.02363203895409516,0.0,1.0
2025-09-22,431.1099853515625,444.9800109863281,429.1300048828125,434.2099914550781,97108800,0.01910480435358397,0.05894542582790008,0.27705061316985,399.41600036621094,371.0550003051758,342.6889990234375,381.37113721469456,353.0667278953744,0.02651226519990658,89.7912828709851,25.60037455064861,18.1311230733114,371.0550003051758,445.8363249937714,296.27367561658014,0.5167260813158477,0.4704919045846322,0.004730956629250382,0.011769722782644543,0.03622863538637766,89.38377775753324,7.169021295808307,0.0044606192573934,0.042301199348416224,0.047175703045255535,0.24082197778347236,0.312726081801759,0.20024125421016228,91135560.0,1.0655423634857788,-0.4072359493772879,0.06554236348577877,0.0,1.0
2025-09-23,439.8800048828125,440.9700012207031,423.7200012207031,425.8500061035156,83422700,-0.019253323313789705,0.01003275706872575,0.2286497363082307,407.3040008544922,375.01750030517576,344.8679992675781,385.60721996601086,355.92097409961525,0.02738750453931306,83.88980935218656,25.89803815966519,19.68450609058216,375.01750030517576,452.68560494807605,297.34939566227547,0.6111351920782345,0.28638501515170406,-0.005443378865093829,0.007649788647636546,0.035143738666296276,79.39213169592176,7.149440735549888,0.0045421126426849175,0.03532881925127022,0.0023829684210892044,0.19350599764193444,0.27939775809933476,0.15842890805411947,90973195.0,0.9170030798632498,-0.2000561917885194,-0.08299692013675017,0.0,1.0
2025-09-24,429.8299865722656,444.2099914550781,429.0299987792969,442.7900085449219,93133600,0.03977927016229388,0.03975490484127797,0.2591065249750446,416.8040008544922,379.57350006103513,347.5081994628906,391.05319983066903,359.32760290139197,0.028144426131264184,85.25157199449632,27.187455277044933,21.185095927874716,379.57350006103513,462.0183190275527,297.12868109451756,0.4784493252016693,-0.14861842438689316,-0.003181757023221321,0.005693128467336939,0.027547852051320154,70.93783789841191,6.885674974160679,0.004631023090789197,0.030725530608395026,0.03406177637394103,0.23155867292372445,0.35920153643299413,0.2082739952435532,91797295.0,1.0145571282901091,-0.12248630262829363,0.014557128290109201,0.0,1.0
2025-09-25,435.239990234375,435.3500061035156,419.0799865722656,423.3900146484375,96746400,-0.04381307961359793,0.015689117066482128,0.21106981480736264,422.2620025634766,383.26300048828125,349.5425994873047,394.13289647998033,361.8398543424526,0.03058205295111891,73.40777127587708,26.340275952457148,22.216131932791203,383.26300048828125,466.6589263903078,299.8670745862547,0.23686975649019415,-0.27573652614521516,-0.004613374905433676,-0.003602272176645327,0.020482170553880685,68.49127253533649,6.3592537749603935,0.004812700910481037,0.02483416669285815,0.019291389243127455,0.19058764425348196,0.25910636478309645,0.15632846609323528,93358665.0,1.0362873119490301,0.0695587284214716,0.03628731194903012,0.0,1.0
2025-09-26,428.2999877929688,440.4700012207031,421.0199890136719,440.3999938964844,101628200,0.0401756741055197,0.03363293901455289,0.2729058902593289,426.7080017089844,387.98399963378904,351.9623992919922,398.5392867101236,364.9206441288852,0.030892475873105806,78.05301616047967,26.733278803949588,23.11956130702288,387.98399963378904,473.1643534619812,302.8036458055969,0.027602450233259388,-0.4197747400303138,0.0057290340826092745,-0.0028326211059341855,0.022706714119644866,70.3896844361395,6.172614281890787,0.004897017355549964,0.02956651638491512,0.03646556012048707,0.250199176139684,0.32208408340545436,0.20291627322187514,95044915.0,1.0692649890843713,0.09123922217092062,0.06926498908437131,0.0,1.0
2025-09-29,444.3500061035156,450.9800109863281,439.5,443.2099914550781,79491500,0.00638055766924972,0.020727298259167526,0.3274927305147999,430.025,393.4509994506836,354.23359924316406,402.7936395429764,367.99081461226535,0.028856096278820024,78.34257356614401,26.960693620431755,23.887787769704655,393.4509994506836,478.04086218757595,308.8611367137912,0.056130826926410624,-0.03799587927795644,0.0028104467833012237,-0.004738673424308226,0.03173406246053645,70.6841901544289,6.103201250632424,0.0046123702130285195,0.031246105234512742,0.025465971683475752,0.29575866805426343,0.2840321167670443,0.20175225216826118,94962205.0,0.8370856595000085,-0.18141816189675908,-0.16291434049999154,0.0,1.0
2025-09-30,441.5199890136719,445.0,433.1199951171875,444.7200012207031,74358000,0.0034069849388267404,0.044311365144375614,0.3502551038372317,432.3350006103516,399.2190002441406,356.5581994628906,406.7866263694266,370.9998023224002,0.02822824962692205,78.43023523700322,26.952079869686372,24.500646189701,399.2190002441406,481.09672545994357,317.34127502833763,0.014434336568848136,0.20475693639643613,0.003766834755358328,0.004478066207344478,0.04335183510254814,71.17631601036052,6.177055050253671,0.004117143473552426,0.03387282998075872,0.039833298937031136,0.30690326873468354,0.2913967234678101,0.21271109704650826,95760505.0,0.7764996644493468,-0.10865987315203174,-0.22350033555065316,0.0,1.0
2025-10-01,443.7999877929688,462.2900085449219,440.75,459.4599914550781,98122300,0.033144428390707636,0.03764760403003775,0.3752581534659041,435.69500122070315,405.4875,359.1051995849609,411.80313732996484,374.4688293472111,0.02849949360346851,77.60522658917199,27.814024672047537,25.16332188617031,405.4875,485.5468556772471,325.4281443227529,-0.08198182102795655,0.07926120555811501,0.0034075722246513784,0.01111802965819475,0.041263954312021456,68.52697538063205,6.34412308824642,0.004056730205815783,0.03606676613226134,0.026529574371843,0.3339941991538826,0.31755514626928116,0.22602630659833559,96229955.0,1.0196648226635874,0.053564986213353816,0.019664822663587444,0.0,1.0
2025-10-02,470.5400085449219,470.75,435.5700073242188,436.0,137009000,-0.051059922281332826,0.02978337919006724,0.2879213114706809,437.61000061035156,410.36100006103516,361.17399963378904,414.10760044139676,376.88181643163426,0.03225839998736956,62.478203068516294,26.300916299451956,25.390840768826642,410.36100006103516,484.93743584698734,335.78456427508297,-0.2586278048595671,-0.15939071718309317,0.0011517326256851312,0.016974250769342225,0.0338231213124367,69.66013811819101,6.463629107124575,0.0037755900717264417,0.0360792919893419,0.012809128420725013,0.2540981901582442,0.2529138119486889,0.17327371017588603,100044855.0,1.369475721665047,0.4161663896537753,0.36947572166504716,0.0,1.0
2025-10-03,443.2900085449219,446.7699890136719,416.5799865722656,429.8299865722656,133188200,-0.014151406944344913,-0.024000925228675696,0.22514533992384522,437.9859985351562,414.3104995727539,363.664599609375,415.60497054909854,378.9582152606786,0.0323286984735101,56.484694396851474,24.32351218652269,25.177375052365853,414.3104995727539,483.8081455802187,344.81285356528906,-0.05291388010264668,-0.2412681590016439,-1.4805406382656372e-05,0.011166188495207674,0.03681081737161507,66.24135926919868,6.482815694813098,0.003644825943201679,0.03489292529440055,-0.03516711372388337,0.18833452255223015,0.35013178666795564,0.16776639849876748,101254775.0,1.3153769785178033,0.31054372703639355,0.3153769785178032,0.0,1.0
2025-10-06,440.75,453.5499877929688,436.6900024414063,453.25,85324900,0.054486690457546505,0.02265293819744474,0.308458452616041,439.88999938964844,419.6529998779297,366.4083996582031,419.1902114491844,381.87161858378926,0.033249115874361405,59.618080038873146,24.365336107248993,25.01496726334248,419.6529998779297,483.3558214709793,355.95017828488005,-0.23255121765603287,-0.3598832423792174,0.003586271966467658,0.011948478105290317,0.037979028591961894,70.56144214407598,6.613847095073311,0.00366398676264644,0.03744049945878295,0.010704460092154422,0.2704794240240791,0.376973249071753,0.21938571106266216,101760605.0,0.8384865636362913,0.07338394671128357,-0.1615134363637087,0.0,1.0
2025-10-07,447.8200073242188,452.6799926757813,432.4500122070313,433.0899963378906,102296100,-0.044478772558432134,-0.02615129711029307,0.2482058818174533,440.61399841308594,423.95899963378906,368.55839965820314,420.514000486204,383.88018241728344,0.03566681333430974,52.00443947155804,22.512231068023027,24.514420024278593,423.95899963378906,477.8646421994113,370.0533570681668,-0.22855017931747224,-0.7227354470686307,-0.0037075138893177817,0.004413206492484223,0.03174552866512825,67.12541593795962,6.444134929530151,0.003867515201782524,0.032511505816014544,-0.030564503602777293,0.21646035315232504,0.2767345231959182,0.15421012424848865,104184610.0,0.9818734264110601,0.3757241991446785,-0.018126573588939862,0.0,1.0
2025-10-08,437.5700073242188,441.3299865722656,425.2300109863281,438.6900024414063,71192100,0.012930352007361146,-0.04520521786433396,0.26136459260802325,440.20399780273436,428.5039993286133,370.90819946289065,422.2450482914614,386.0295871241118,0.03559868278892732,56.17158352765102,21.25054263736547,23.86164454689597,428.5039993286133,469.0393217359398,387.96867692128683,-0.27826814438089886,-0.6828679745236793,0.005963055269571305,0.006971250691407915,0.03490617203395985,67.98170210712843,6.55340734181118,0.003982016146753816,0.037400394290012316,-0.05217646855574187,0.2264584205740634,0.30326513345665784,0.15918236182499312,104138130.0,0.6836314422008538,-0.2744554499843562,-0.3163685577991462,0.0,1.0
2025-10-09,431.80999755859375,436.3500061035156,426.1799926757813,435.5400085449219,69339900,-0.007180455170972766,-0.001055026273114934,0.18093330286071363,441.4189971923828,431.8404998779297,373.23819946289063,423.5112349822671,387.971172277869,0.03395690664277125,52.7711134686888,19.768587315194907,23.043033100555757,431.8404998779297,461.10614556388055,402.57485419197883,-0.1654309847108312,-0.5368280999426503,-0.002896974724933221,0.002899008920579149,0.02340329636289784,60.990067028367,6.410060917605506,0.0037904218859042592,0.03317043955274919,-0.003954035193694083,0.1575300064978158,0.30438066215718385,0.1526522111537685,102417325.0,0.6770329141090142,-0.49390259034078055,-0.3229670858909857,0.0,1.0
2025-10-10,436.5400085449219,443.1300048828125,411.4500122070313,413.489990234375,112107900,-0.05062684914805626,-0.03801502186526362,0.04432486660795498,438.7279968261719,432.71799926757814,375.3425994873047,422.55683072056314,388.9719102369477,0.03284607858978392,44.3933322410394,16.623252342109538,21.759076948866515,432.71799926757814,458.26781013158455,407.1681884035717,-0.33899100518629166,-1.028663042235806,-0.027027862178845674,-0.024192760049088435,-0.003923695992271048,35.88061464686113,4.789526499829094,0.0073624103368720994,0.00454438084855067,-0.013822261816175185,0.04824856260022603,0.3053311400205865,0.11325248026821244,99614900.0,1.1254129653294838,-0.15827453182789464,0.12541296532948384,0.0,1.0
2025-10-13,423.5299987792969,436.8900146484375,419.7000122070313,435.8999938964844,79552800,0.054197209585187034,-0.038279108888065405,0.06306698081323803,437.9969970703125,434.01099853515626,378.0079992675781,423.827608165889,390.812227243204,0.034066875692803686,52.527281324358555,15.757212386474578,20.55870403638813,434.01099853515626,457.2405751976706,410.78142187264194,-0.24541589998582994,-1.0281037882515187,0.015344118135168339,-0.01276036829748961,0.006004192654441853,49.84628661933636,4.25804517807785,0.00806352883593098,0.01860944582439443,-0.025518740590575795,0.057062788158796174,0.37095515204944807,0.13416639987255616,95401355.0,0.8338749486314948,-0.0676484824476794,-0.1661250513685052,0.0,1.0
2025-10-14,426.7900085449219,434.2000122070313,417.8599853515625,429.239990234375,72669400,-0.015278742269702716,-0.00888962140910754,0.018073135063410684,436.44899597167966,434.3919982910156,380.4075988769531,424.34307312479245,392.319198340897,0.033799969724790956,46.40678414010453,14.367839338370345,19.320531096784574,434.3919982910156,457.00771332022276,411.7762832618085,-0.0692002478306521,-1.0173144812207355,-0.0012216462876413203,-0.010297088638399954,0.006160672677237189,51.0457896623737,3.729033222130056,0.008061872292803456,0.0163406447687894,0.001407467229292414,0.011912462386173495,0.33583915239119655,0.11638636066888748,93820540.0,0.7745574689721462,-0.28961710172724087,-0.2254425310278538,0.0,1.0
2025-10-15,434.8999938964844,440.510009765625,426.3299865722656,435.1499938964844,71558200,0.013768529951932784,-0.008069499020312731,0.021814701696504013,434.0179962158203,434.8564987182617,382.93619873046873,425.3723036744774,393.9988373822926,0.033859919673722004,53.35884192477948,13.587016423717728,18.173828162171205,434.8564987182617,457.11313245172664,412.5998649847968,-0.08524593147793377,-1.0320990730711785,0.004439529909605389,-0.01179598810234439,0.011884681850152568,56.602367352897545,3.5046710847304894,0.008103246485932039,0.019634127220092588,0.0037264890820316587,0.009930019846351446,0.34735445686463495,0.12033698859767268,92091775.0,0.7770313906969434,0.005142424510584664,-0.22296860930305665,0.0,1.0
2025-10-16,434.7300109863281,439.3500061035156,421.30999755859375,428.75,77189900,-0.01470755828163206,-0.015589861807658867,0.028547424066798,433.2929962158203,435.4514984130859,385.11299865722657,425.69398903881284,395.3616280731831,0.03366166038614463,46.457892708181944,12.309881961250767,17.001038921987117,435.4514984130859,456.2711467594566,414.63185006671523,-0.10724631021478602,-0.9793417624293551,-0.006810134562330372,-0.015674223502789464,0.00031952484075015164,48.92106005303106,2.9305594209163246,0.008207297366114471,0.011771829801173209,8.436169513059699e-05,0.028227899226047848,0.29329811033182596,0.1072034570843348,91428545.0,0.8442647752952867,0.11321043151201549,-0.1557352247047134,0.0,1.0
2025-10-17,425.5,441.4599914550781,423.6000061035156,439.30999755859375,89331600,0.02462973191508744,0.06244409280520524,0.03107468257980428,434.2409973144531,436.1134979248047,387.453798828125,426.99075175498245,397.08509354319926,0.03374544830853884,48.86759786802017,12.011387450188693,16.003108627627434,436.1134979248047,456.51491748610056,415.7120783635088,-0.1135833268543499,-0.9971727129487732,0.005676205164253156,0.01741146850294606,0.001039619884111831,50.62754222149762,2.7440417818098695,0.008231608616759546,0.01645977595746093,0.04503262430225918,0.03003506269569245,0.30942600904085005,0.12816456534626722,91238575.0,0.9790990269192609,-0.2031640945910146,-0.02090097308073915,0.0,1.0
2025-10-20,443.8699951171875,449.7999877929688,440.6099853515625,447.4299926757813,63719000,0.018483519979771268,0.026451018446297603,0.030446100920897168,433.65899658203125,436.77449798583984,389.80939880371096,428.9373461283919,399.05940331310444,0.03372922634828705,50.75778508342708,12.288391219243977,15.260165145950742,436.77449798583984,457.76440240379605,415.78459356788363,-0.11147164507109965,-0.9934418425907552,0.010400500262923273,0.012457784890383294,0.006688333867215013,54.1981327602086,3.113333447612149,0.008493503096821243,0.02590510635597352,0.013993233555914308,0.023757767053682155,0.30081864360432253,0.11285654807130634,89569085.0,0.7113950086684485,-0.19903510624390341,-0.2886049913315515,0.0,1.0
2025-10-21,445.760009765625,449.2999877929688,442.0499877929688,442.6000061035156,54412200,-0.010794954856246375,0.031124816357035456,0.03933309794512119,434.60999755859376,437.6119979858398,391.8807989501953,430.23855184030845,400.7668779323363,0.03350041552190505,45.00888604881657,11.980080243716372,14.604148165503869,437.6119979858398,458.09716752484303,417.1268284468366,-0.14412419454190317,-0.9257340471060448,-1.494287878323064e-05,0.013681015505875749,0.012182986521910522,52.41820789238722,3.366391310438644,0.008384053135607169,0.02472690468649004,0.017443800851159708,0.027150111423210666,0.24694243191265564,0.09717878139567533,88118560.0,0.6174885290908068,-0.25123642138231495,-0.38251147090919324,0.0,1.0
2025-10-22,443.4500122070313,445.5400085449219,429.0,438.9700012207031,84023500,-0.008201547294971134,0.008778599052738256,-0.008627130808059325,434.63799743652345,437.4209976196289,393.84339904785156,431.07011844796506,402.26503962991933,0.032387090759466663,50.99617644478502,11.312427890543404,13.945804110511776,437.4209976196289,457.77369338875917,417.06830185049864,-0.0036434980481985847,-0.7204238832816441,-0.005198916065879078,0.00395388966764143,0.010134735420496366,48.8444514224834,3.2501771882997446,0.00844435499553277,0.018563339012723213,0.004824709385096826,-0.01876186622855569,0.2459554709612699,0.07733943803927035,87663055.0,0.9584824530698822,0.1741980653510009,-0.041517546930117825,0.0,1.0
2025-10-23,420.0,449.3999938964844,413.8999938964844,448.9800109863281,126709800,0.022803402824313368,0.04718369909347664,0.06044071766581305,435.98199768066405,438.70049743652345,396.0353991699219,432.77582249923773,404.096999290955,0.031034226773183737,56.261859956098625,11.458941180437307,13.448431524496883,438.70049743652345,458.5504767833571,418.8505180896898,-0.17505775603114165,-0.4659105452664401,0.005929962705964353,0.016832061961125522,0.020834288016480462,51.94984865387594,3.4353912459097273,0.008434903575292885,0.023708600517467655,0.030351637132351117,0.039606429649332586,0.2783879695299696,0.11611534543721776,89161225.0,1.4211312148302135,0.6415334130501529,0.4211312148302135,0.0,1.0
2025-10-24,446.8299865722656,451.6799926757813,430.1700134277344,433.7200012207031,94727800,-0.03398817183887881,-0.012724491518418146,-0.015168012643867912,438.0049987792969,438.3664978027344,397.9981994628906,432.8657442822344,405.25868564114126,0.03083846747185806,43.25388785011819,10.225821854401943,12.803909590477897,438.3664978027344,458.32059733964337,418.4123982658254,0.021049970115486743,-0.4841379272397096,0.008172554694480416,0.01935610322526382,0.023314508373595277,54.11802237472456,3.975702037842666,0.008523240370251364,0.031003908067526287,-0.03208059474368197,-0.03848252101746319,0.23945623901717994,0.056297707752011594,88816205.0,1.0665598693391594,0.06040639594499586,0.06655986933915944,0.0,1.0
2025-10-27,439.9800109863281,460.1600036621094,438.6900024414063,452.4200134277344,105867500,0.043115401997602554,0.011152629089773436,0.020780267029674393,439.65700073242186,438.8269989013672,400.4353997802734,434.72805562942483,407.1081494759096,0.03231658837602514,56.74506657979337,10.634908007449042,12.370109273872126,438.8269989013672,459.65759161086226,417.9964061918721,-0.02998496586267847,-0.7886467028443321,0.011797664492784632,0.02076565110706574,0.03248548410637375,60.89486458660088,4.985854513641016,0.008844161469784818,0.04178506722466931,-0.009613022017292305,-0.011705217076699359,0.30073142728637525,0.09313772939746119,90135005.0,1.1745436747909428,0.661474599413048,0.17454367479094277,0.0,1.0
2025-10-28,454.7799987792969,467.0,451.6000061035156,460.5499877929688,80185700,0.017969970655449474,0.04055576466769195,0.03559540054149646,442.7880004882812,439.61849822998045,402.9431994628906,437.1872872640481,409.2039078412845,0.0325246223051937,57.495537044810256,11.482766532476717,12.192640725593046,439.61849822998045,462.4944608443754,416.7425356155855,-0.09650398251273787,-0.8470791203231279,0.002656016019079832,0.023492114946741527,0.03134288387196715,59.71316303625804,5.864458549812639,0.008833564899291171,0.04310770868349153,0.017063649720950425,0.004252516669529305,0.3031344359074559,0.10815020076597855,90426390.0,0.8867510911361164,0.4736713457643691,-0.11324890886388365,0.0,1.0
2025-10-29,462.5,465.7000122070313,452.6499938964844,461.510009765625,67983500,0.0020845119924044475,0.05134749181548126,0.004461799392052823,445.4240020751953,439.7209991455078,405.58719970703123,439.503737026103,411.25512752459196,0.03170313353919812,59.040588596868474,12.092768365773225,12.172666253629082,439.7209991455078,462.98635267908986,416.4556456119257,0.0051193007934400145,-0.6406621066613469,0.0004803706386860007,0.029335197804730484,0.028334187696144486,61.561520738279924,6.512104016909802,0.008825965661426034,0.04204732992103744,0.022012294010750777,-0.023872388304091663,0.32410097784779945,0.10741362785148618,88919450.0,0.7645515126330629,-0.1908989746916041,-0.23544848736693716,0.0,1.0
2025-10-30,451.0499877929688,455.05999755859375,439.6099853515625,440.1000061035156,72447900,-0.04639120107705208,-0.019778174229415524,0.00940368372365974,446.5590026855469,439.9259994506836,407.91119995117185,439.5605245572852,412.38629923356933,0.03131679070832282,59.30485068559296,10.724960183876874,11.883125039678642,439.9259994506836,463.12546185635637,416.72653704501084,0.04565947157194762,-0.6668249653597138,-0.010998187142508109,0.012013176273656168,0.015854383218724788,72.48787969673786,6.347181489424884,0.009254259055582484,0.029229762910485638,-0.03179135050307169,-0.006450699495065049,0.29041831974558563,0.08405875658248296,85691395.0,0.8454512848110362,-0.42823759488216384,-0.15454871518896385,0.0,1.0
2025-10-31,446.75,458.0,443.6900024414063,456.55999755859375,83135800,0.03740057084027071,0.05266069416583874,0.06218740390704247,448.28400268554685,441.2625,410.6402001953125,441.1795219859813,414.1186011286684,0.03212107070823068,57.53794598576165,10.844141579846053,11.675328347712126,441.2625,465.08445916742807,417.4405408325719,-0.13414730093045327,-0.8272899489768889,0.0032802220875831622,0.0071022063827990145,0.01920170089969475,68.35201609461022,6.322065639842094,0.009267789932480008,0.0310989339285638,0.045558487783039725,0.04298570300734772,0.35010385536263966,0.14621601538434237,83188775.0,0.9993631953349476,-0.12237167969698437,-0.0006368046650524665,0.0,1.0
2025-11-03,455.989990234375,474.0700073242188,453.7999877929688,468.3699951171875,84595200,0.02586735066967427,0.03525481016767795,0.03335906258618304,450.3780029296875,442.01849975585935,413.20739990234375,443.76909085562,416.246106775277,0.030317475632061035,63.759759544657314,11.756045423757087,11.691471762921118,442.01849975585935,468.2773035162047,415.759695995514,-0.25661696733495115,-0.7562615311414281,0.0018767398754619968,-0.0027726781144603585,0.017465569125511005,70.18556417647267,6.331614795982773,0.009250476024048555,0.03179199348069196,0.03802748828213831,0.015893493460672037,0.3156495005978841,0.12319016078023148,83152290.0,1.017352618911638,-0.20093324202422835,0.01735261891163791,0.0,1.0
2025-11-04,454.4599914550781,460.2200012207031,443.6000061035156,444.260009765625,87756600,-0.05147636612701911,-0.03537070558921962,0.025791437165913367,450.54400329589845,442.5770004272461,415.1605999755859,443.81584503752526,417.344691206271,0.030917509593228667,52.83995783892363,10.413224299930164,11.435822270322928,442.5770004272461,468.5093432273337,416.6446576271585,-0.30849836358143723,-0.7054707983700597,-0.01185354736001909,-0.017203682166793133,0.009146417172716248,58.76419080617027,5.626096378083162,0.009635666706037133,0.018499052564065713,-0.018167023422426487,0.01664501999319712,0.22784556381678223,0.07544118679585095,82425315.0,1.0646801895752536,0.0944170843429688,0.06468018957525368,0.0,1.0
2025-11-05,452.0499877929688,466.3299865722656,440.7099914550781,462.0700073242188,85573000,0.040089130615176716,0.0012134028444543699,0.05329504833184617,452.85400390625,443.7460006713867,417.3685998535156,445.554336683877,419.0986251716808,0.03201236427358248,59.69732528376443,10.66322779106548,11.281303374471438,443.7460006713867,471.0140569696635,416.4779443731099,-0.32129502591868425,-0.8733369216607378,0.003465476340313245,-0.014271339886025136,0.006640934675258725,65.32749329579799,5.194359829479822,0.00957714178282419,0.020975168152893593,0.015484742730479506,0.04665411365658745,0.2607677032674238,0.10763551988483026,83144360.0,1.0292099187485477,0.25873189818117637,0.029209918748547708,0.0,1.0
2025-11-06,461.9599914550781,467.4500122070313,435.0899963378906,445.9100036621094,109622900,-0.03497306340156048,0.013201539372910576,0.023809512131462318,452.5470031738281,444.2645004272461,419.2947998046875,445.58820972942294,420.1500517791486,0.033067418746818907,51.860204711406574,9.448464105478308,10.914735520672814,444.2645004272461,471.2686541431633,417.2603467113289,-0.23877017419667992,-1.1356337688508273,-0.010729453719183435,-0.014003495849889025,-0.0012664668426748404,55.03569101492357,4.221726922528205,0.009873528416234378,0.009246071844445225,0.0272050352227996,0.02507597897413716,0.23599171885681014,0.09609091101791563,85158510.0,1.2872806252716258,0.5131273646303067,0.28728062527162584,0.0,1.0
2025-11-07,437.9200134277344,439.3599853515625,421.8800048828125,429.5199890136719,103471500,-0.03675632866235745,-0.05922553156105537,0.03876756187062891,452.127001953125,445.0660003662109,420.96559936523437,444.05790299458954,420.5175002981495,0.03204178223734017,45.17692616483549,7.081585814553364,10.148105579448924,445.0660003662109,469.00142932021083,421.130571412211,-0.18101249994969526,-1.1611780219072363,0.000984565078659072,-0.016259605096034524,0.02748764579805396,49.685853617753935,3.4637958437124325,0.00755475895705935,0.00951489685723462,-0.04296592646502084,0.011279916072574947,0.20461289030910557,0.057642293305553226,84726690.0,1.2212385495054745,0.2446082193230834,0.2212385495054746,0.0,1.0
2025-11-10,439.6000061035156,449.6700134277344,433.3599853515625,445.2300109863281,76515900,0.03657576451501576,-0.04940535126523138,0.02140403124680801,451.4080017089844,445.5325012207031,423.1927996826172,444.16953232713604,421.4866183643526,0.03075888154320663,50.66904202881298,6.3997132845585725,9.398427120470854,445.5325012207031,469.07621809487256,421.9887843465337,-0.3082310778628109,-1.2603895042459334,0.01560437034633999,-0.0027804772921533605,0.02775101062874974,58.05684516925682,3.6588576660439003,0.007580251344623784,0.024091381956590874,-0.04662487397307802,-0.006346979381941731,0.2741998940855348,0.07374268024350501,84574845.0,0.9047122699426762,-0.095505418747163,-0.09528773005732379,0.0,1.0
2025-11-11,439.3999938964844,442.489990234375,432.3599853515625,439.6199951171875,60533200,-0.01260026442672324,-0.010444367141857702,0.024182287575639894,449.31500244140625,446.05150146484374,425.3979998779297,443.7362430690457,422.19773117818926,0.030687680299282687,50.163701628621396,5.345028830932506,8.587747462563184,446.05150146484374,468.51588712331085,423.58711580637663,-0.3210373177309601,-1.2356436042277732,0.002289177027853917,0.011492104293485017,0.03136367623892,62.44670878125785,3.893404407965477,0.007557036826923386,0.025064658056980216,-0.02193647143534272,-0.007181388663280108,0.2650757240483852,0.07865262131658746,83968035.0,0.7209076644463575,-0.3102148442396355,-0.27909233555364255,0.0,1.0
2025-11-12,442.1499938964844,442.3299865722656,426.55999755859375,430.6000061035156,58513500,-0.02051769508633805,-0.06810656550279348,-0.010456136635155544,446.2240020751953,445.8240020751953,427.3282000732422,442.48517288185235,422.52723215565305,0.030931471923323607,45.34777734611701,3.7382538096968574,7.617848731989919,445.8240020751953,468.8386504151272,422.80935373526347,-0.15359650067790862,-1.3574518608456883,0.0005563903663643455,0.008559748808678602,0.02737644858069932,60.10779245582544,4.062862285208212,0.0075293295872416585,0.02436142886442766,-0.07666631431147208,-0.037832585215854864,0.22435355424423875,0.0366182182389706,83315800.0,0.7023097659747611,-0.3162153950428289,-0.2976902340252389,0.0,1.0
2025-11-13,423.1300048828125,424.5,396.3399963378906,401.989990234375,118948000,-0.06644220962287406,-0.09849524134249965,-0.06241401694606419,442.4130004882812,444.4860015869141,428.59739990234374,438.62848882018784,421.72185011952456,0.03420958213234377,42.47711977745478,0.15450283985489932,6.125179553562915,444.4860015869141,473.90152138090446,415.0704817929237,-0.2835045563903809,-1.2128546739144024,-0.016593996414786205,0.0025808568562277756,0.01725581647079477,45.88660117374685,3.2521452888788644,0.00836122350370565,0.006617350178288278,-0.10107609819872743,-0.07966983341685896,0.1492779314930528,-0.010489333374177864,85403705.0,1.392773299472195,0.08506525552598965,0.392773299472195,0.0,1.0
2025-11-14,386.2999877929688,412.1900024414063,382.7799987792969,404.3500061035156,105506700,0.005870832424868633,-0.058600259717726644,-0.07957932132062462,437.19200134277344,442.73800201416014,429.66760009765625,435.3638714186,421.0406013345831,0.03367508135739827,37.64585061162669,-2.4667766009714,4.406788322656052,442.73800201416014,477.1749555079405,408.30104852037977,-0.234511558634276,-1.1311074795613802,-0.0001635496688257021,0.0014309111852752743,0.0113488212170465,37.99829083524866,2.5712108124122324,0.008286886234900115,0.005654981193958081,-0.06003117090300192,-0.09092814253767112,0.11149470139101947,-0.013154870683217856,86212460.0,1.2237987409244557,0.0196691842681318,0.2237987409244557,0.0,1.0
2025-11-17,398.739990234375,423.9599914550781,398.739990234375,408.9200134277344,102214300,0.011302107716671506,-0.08155334695016492,-0.08606928430913707,431.24700317382815,440.8125030517578,430.9180004882812,432.8454087528033,420.5652841617655,0.03346491369222538,36.483598024477494,-4.127815161499029,2.699867625825036,440.8125030517578,478.3148778222044,403.3101282813112,-0.2148241761264336,-1.0932270600843363,-0.009316620573407763,-0.02314229012528246,-0.008386805309690715,32.14228830731791,1.5131343398876425,0.00823187959605794,-0.004269713593641455,-0.05841105682488246,-0.07768247899944636,0.15168640804004663,0.0051976240719059374,88137225.0,1.1597177015727465,0.33585699181477313,0.15971770157274637,0.0,0.0
2025-11-18,405.3800048828125,408.8999938964844,393.7099914550781,401.25,80688600,-0.018756757252943457,-0.08727991343287145,-0.09342522714255153,426.9460021972656,438.74500274658203,432.0036004638672,429.8363222049173,419.8078220377747,0.033597678249854455,34.759740149024196,-5.994010943481044,0.9610919119638199,438.74500274658203,480.1849754886012,397.30503000456287,-0.17729835850346584,-1.1405986739699165,-0.008397461670685558,-0.03355777264727289,-0.01669914575877629,29.040692423398838,0.22465643379598532,0.008423022340230648,-0.012972316565903995,-0.05372214078559856,-0.07672608138377524,0.13863364505244147,0.0027284742943558906,89451045.0,0.9020420052107831,0.3329643897894048,-0.09795799478921682,0.0,0.0
2025-11-19,406.1799926757813,411.7799987792969,398.5,403.989990234375,72047700,0.006828636098130891,-0.061797527849415834,-0.07968656374935523,421.13800048828125,436.9960021972656,433.1276000976562,427.37476677915134,419.1875149082297,0.03367502961713431,39.915096962560014,-7.1692476093175515,-0.6649759922924543,436.9960021972656,481.25295307818556,392.7390513163457,-0.24825347943353276,-1.138422950705087,0.0038631766432766224,-0.03036373188594388,-0.0077418138398296366,35.70006926843,-0.5856471939758876,0.008418122250526613,-0.009521325637284972,-0.031433795963471955,-0.0719447499095256,0.14279848657677796,0.01313998023459347,88852255.0,0.8108708102005965,0.23130046912251023,-0.18912918979940352,0.0,0.0
2025-11-20,414.6300048828125,428.9400024414063,394.739990234375,395.2300109863281,113548800,-0.02168365419886953,-0.016816287500356797,-0.11971579732897453,416.07000122070315,434.3085021972656,433.65600036621095,424.3133614655491,418.24800495050806,0.033306466691016966,32.10180075307545,-8.707118012773662,-2.273404396388696,434.3085021972656,481.903388059725,386.71361633480626,-0.07211666889586757,-1.1131871577976276,-0.015242227316648038,-0.029030890375019602,-0.02862624878832576,28.290024344402966,-2.0129007737980373,0.00890344331634814,-0.024522722399622252,0.012214602874662805,-0.09108954854064877,0.07663999887347517,-0.0007449822641702649,88194205.0,1.2874859521665851,-0.04539126340922084,0.28748595216658507,0.0,0.0
2025-11-21,402.3200073242188,402.7999877929688,383.760009765625,391.0899963378906,100460600,-0.010474950113494086,-0.03279339573505624,-0.09828922983222022,412.227001953125,432.177001953125,433.55900024414063,421.14923145339117,417.1829850049152,0.03266888451959962,26.390086692915375,-10.143033394698364,-3.8473301960506294,432.177001953125,483.5511190503959,380.8028848558541,-0.15913209923555088,-0.9404257630139928,0.009961138168965045,-0.01919852315952708,-0.026902949506991902,33.40157200427457,-2.5939269893775645,0.009013102893920977,-0.014907106834065278,-0.01359487257552916,-0.07138628032522831,-0.01749295613583024,-0.03415803634552924,88480845.0,1.1353937679957735,-0.04782729438035693,0.13539376799577355,0.0,0.0
2025-11-24,402.1700134277344,421.7200012207031,401.0899963378906,417.7799987792969,96806400,0.0682451678419993,0.0216667931640091,-0.07656605282774609,409.48200073242185,430.44500122070315,433.71380004882815,420.82835215109645,417.206397309793,0.035002542034085676,42.03561177502037,-9.023331195527874,-4.882530395946079,430.44500122070315,481.2784179480227,379.6115844933836,0.1304853515131127,-0.49271028906357506,0.014718606876234608,0.00459695687815187,-0.02409373130285608,45.65011430623958,-2.2521551749152877,0.009257272918802583,-0.000696118248727404,0.01706983628585723,-0.05247232152489001,0.004238774954331781,-0.010387903428233666,88027790.0,1.0997254389778501,-0.052907469894134196,0.09972543897785006,0.0,0.0
2025-11-25,414.4200134277344,420.4800109863281,405.9500122070313,419.3999938964844,71915600,0.0038776272725380423,0.04523362964855915,-0.08934967970291774,407.4600006103516,428.3875015258789,433.6694000244141,420.6923180316096,417.2924207053495,0.03469033476838685,35.781409238896515,-7.914011272920277,-5.488826571340918,428.3875015258789,477.38844262793714,379.3865604238207,0.18863838103472358,-0.3762620147854933,0.009405836039293458,0.02263355724020233,-0.017523988973420224,48.37515739795825,-1.4610789792549213,0.009523610618842824,0.008195611070667281,0.02260007240835682,-0.07182569072949752,-0.03085854835250157,-0.026694722224547423,87614285.0,0.820820486065714,-0.10872663548506234,-0.17917951393428594,0.0,1.0
2025-11-26,423.9500122070313,426.9400024414063,416.8900146484375,426.5799865722656,63463000,0.017119677587676296,0.05591721796073479,-0.07568638264443794,407.05799865722656,426.64100036621096,433.6838000488281,421.2530483688149,417.6566389746404,0.03499292173555411,43.14878863860677,-6.3819348662802895,-5.667448230328793,426.64100036621096,473.09493752735807,380.18706320506385,0.12487633832168248,-0.49161817711477274,0.006903582418005261,0.02573081296708457,-0.011216367482659972,56.15073929668701,-0.45595164719850345,0.009677555686287306,0.014479308738131701,0.030186404993650218,-0.06447001516177797,-0.03226725971525024,-0.02218362329445933,87388260.0,0.726218830767428,-0.11915300557824882,-0.27378116923257195,0.0,1.0
2025-11-28,426.5899963378906,432.9299926757813,426.2000122070313,430.1700134277344,36252900,0.008415835173881447,0.08840422404718384,-0.022563036896313116,409.8760009765625,426.1445007324219,433.9502001953125,422.10228313633104,418.1473595414284,0.0335611885292924,50.2533811459076,-4.822477592080077,-5.49845410267905,426.1445007324219,472.20333765683415,380.0856638080096,-0.005348795269096296,-0.18457124363519864,0.0054584342293309,0.04729277163906831,0.005236623449677236,57.83896822800207,0.6302590250269304,0.0094363000607703,0.019318113652223974,0.041111452408115534,-0.02779966034599035,-0.002812749428713346,0.0034996808778039457,85578510.0,0.4236215376967886,-0.6807284621237741,-0.5763784623032114,0.0,1.0
2025-12-01,425.3200073242188,433.6600036621094,425.2900085449219,430.1400146484375,57463600,-6.973703038437584e-05,0.09984918733847836,-0.057867493979836815,412.4550018310547,424.82350158691406,434.0316003417969,422.8677813755793,418.6176597417032,0.03235202652729719,43.298699413565316,-3.5481166377978752,-5.108386609702816,424.82350158691406,468.67177848725396,380.97522468657417,0.0924875945372623,0.2070322959028497,-0.004565470301164498,0.032229209812541626,-0.0026243680777735534,49.18601862302876,1.2272527826283977,0.009469064158235195,0.01416314304957082,0.06761997752593674,-0.05524312590206326,-0.015413645941564136,-0.0010122647725635536,84294900.0,0.6816972319796334,-0.4279986382721186,-0.3183027680203666,0.0,1.0
2025-12-02,430.80999755859375,436.7999877929688,422.1199951171875,429.239990234375,69336600,-0.0020923987153301793,0.027430684782811188,-0.08354507182515414,414.48699951171875,422.86700134277345,433.9322003173828,423.4746584097503,419.034221721808,0.031659391455445156,45.18909966955419,-2.5810481324274406,-4.602918914247741,422.86700134277345,461.7442426840077,383.9897600015392,0.20401279711323622,0.5278178280314647,0.0018522768711999316,0.019140850572565427,-0.0026487211776745623,48.97310068881297,1.7806879031071503,0.009468798484251731,0.015596815184983017,0.008289834210245761,-0.08089635064747958,-0.03347550552120748,-0.0353606739861471,83531970.0,0.8300606342697293,-0.2837601646172154,-0.1699393657302707,0.0,1.0
2025-12-03,432.1000061035156,447.9200134277344,431.1099853515625,446.739990234375,87483000,0.04076973347810542,0.06518835654689736,0.005582272575148872,419.03599853515624,422.9910003662109,434.35,425.6904042978098,420.1207224477911,0.03107375885760908,56.935361570872885,-0.39794832756535925,-3.761924796911265,422.9910003662109,462.1701859573511,383.81181477507073,0.10082738252063649,0.49715846414582143,0.003462749080359595,0.013140446689306362,0.012810250314680749,50.34673761103441,2.3807108071860057,0.009078648187561404,0.018485845664733918,0.052047909857591,-0.007227977739531877,0.017873222107224862,0.020897718075094662,83518290.0,1.0474711587126604,0.21646763706344663,0.04747115871266042,0.0,1.0
2025-12-04,449.9400024414063,454.6300048828125,445.3900146484375,454.5299987792969,71906500,0.017437455153354264,0.06552115215629395,-0.01631789214925472,424.0899993896484,422.61399993896487,434.5847998046875,428.4370323436657,421.47010583334037,0.029956655513275997,77.49632104840882,1.9384177092014738,-2.6218562956887173,422.61399993896487,460.3275681288506,384.90043174907913,0.116183114113776,0.9355358840410353,0.000731139787988333,0.00692977131528294,0.010050450248509257,59.84698677844247,2.863243438068821,0.009054985301307305,0.018523952982764547,0.05859138084101101,-0.026368342397763977,-0.008715682921644818,0.007835785173867404,82834965.0,0.8680694197190764,0.1330460268187763,-0.13193058028092364,0.0,1.0
2025-12-05,453.0299987792969,458.8699951171875,451.6600036621094,455.0,56427500,0.0010340378456106247,0.057721332954875804,0.020385271160632268,430.06699829101564,423.06849975585936,435.21699951171877,430.9668387871261,422.7850036437976,0.02883006864964948,77.04215919140906,3.7843066649101615,-1.3406237035689417,423.06849975585936,462.158155489357,383.9788440223617,0.02279190781519581,1.4884159787099227,0.001899394752821859,0.0033655237201748456,0.02294457120786131,60.76676674948673,3.3115123175376766,0.008659516480680418,0.019619703692543827,0.05435580923470096,-0.0025593000472290406,0.032656443945533464,0.02815098437766846,80175195.0,0.7038024665858312,0.5564961699615756,-0.2961975334141688,0.0,1.0
2025-12-08,447.4500122070313,449.75,435.25,439.5799865722656,69165800,-0.033890139401614006,0.021946277031546613,0.023421488675521296,434.91599731445314,423.5714996337891,435.2005993652344,431.787138576187,423.4436304253062,0.02863687200235127,64.6698350329714,3.9573034175702446,-0.28103827934110437,423.5714996337891,463.26493787230777,383.8780613952704,0.03547199163241103,1.5632823485046752,-0.0030042091058060105,0.004939224059280711,0.01886828967453713,65.04199634782238,3.4620053619804594,0.008709812975368795,0.015897612451862424,0.0170070529722659,0.004553199000984165,-0.03481655039035525,-0.004418766139035061,78459910.0,0.8815431983034393,0.20364543815563252,-0.1184568016965607,0.0,1.0
2025-12-09,437.5400085449219,452.3900146484375,435.7000122070313,445.1700134277344,62367400,0.01271674558948499,0.03711215999390283,-0.00013475632170623086,437.6549987792969,423.56849975585936,435.2397998046875,433.06169808585815,424.29564544500926,0.027578258213525438,71.44111573734708,4.4936727772978315,0.6739039319866829,423.56849975585936,463.2550543935265,383.8819451181922,0.06805628331892503,2.2060763310969103,-0.0008631180942337835,0.002215462310592997,0.0023478785060022656,70.98720913879481,3.4937769391497113,0.008003387638119015,0.01443707509476896,0.03489669768330983,-0.0024826348277084964,-0.024748266497239158,0.002555265452787392,77752485.0,0.8021274175352724,-0.10051257200381902,-0.19787258246472766,0.0,1.0
2025-12-10,446.0700073242188,456.8800048828125,443.6099853515625,451.4500122070313,63257500,0.01410696720325344,0.010543094586596746,0.026909642921701726,440.86000061035156,424.1600006103516,435.37440002441406,434.81296609739843,425.3605225729317,0.027564552640432276,72.39523630275298,5.36366379905337,1.61185590540002,424.1600006103516,465.1839684656211,383.13603275508206,-0.0801247529951426,2.218307501840214,0.006632235252757246,0.005381008866723436,0.006691191092564219,72.00075132786772,3.8372587761670047,0.008122579585658275,0.0205166635019391,0.0051620857198733106,0.020218451829137507,-0.0169753762097844,0.0028017204464088064,77888700.0,0.8121524688433623,-0.27691665809357247,-0.1878475311566376,0.0,1.0
2025-12-11,448.9500122070313,449.2699890136719,440.3299865722656,446.8900146484375,55979500,-0.010100780674035303,-0.01680853662327597,0.037830952889038594,442.89100341796876,424.97450103759763,435.12300048828126,435.9631611974974,426.2048163798143,0.027219096138163326,75.38323123292803,5.620395833657142,2.413563891051445,424.97450103759763,467.16704180215834,382.78196027303693,-0.1199998925811096,2.495074351993545,0.0023269460314641055,0.006984229979000833,0.008472602723688993,88.02404920692891,4.189220730173588,0.008134416297974368,0.02226259202079539,-0.023792766602276805,0.0293583501653496,-0.05835513561612504,-0.017596517351017416,77762000.0,0.7198824618708367,-0.22149597046164116,-0.28011753812916335,0.0,1.0
2025-12-12,448.0899963378906,463.010009765625,441.6700134277344,458.9599914550781,95656700,0.027008830833098685,0.008703277923248542,0.14171994976165325,445.77000122070314,427.8230010986328,435.5822003173828,438.1533355077432,427.4893330494325,0.02240978793066749,80.93716647772149,6.720336223307754,3.274918357502707,427.8230010986328,471.158768814901,384.4872333823646,0.8399841253445834,2.1131664406037354,-0.010752075575282682,-0.005731449033452907,0.01446343163101882,73.15133096048405,3.8309793165158226,0.00757575041930207,0.010895074945981496,0.014434726956701449,0.12725651813063443,0.0339222200044873,0.058537821697274395,76597435.0,1.2488238019980695,0.6952142129280936,0.24882380199806953,0.0,1.0
2025-12-15,469.4400024414063,481.7699890136719,467.6600036621094,475.30999755859375,114542200,0.035624033484225714,0.08128216042077296,0.175491505833963,450.28699951171876,431.3710006713867,436.4918005371094,441.6920652268718,429.36465322626236,0.02330859069039847,78.95317558109453,8.809801844843662,4.381895054970898,431.3710006713867,478.1013896259992,384.6406117167742,0.643098825341511,1.2210761138405124,-0.0015108085502177904,-0.004242133612085364,0.01309646319567137,64.84409254739086,3.425157158378056,0.00759023542089847,0.009023094116455365,0.08552429403285833,0.16239504263829163,0.08859504972313692,0.11217146213142896,77049210.0,1.4866109594115242,0.6560525577669889,0.48661095941152416,0.0,1.0
2025-12-16,472.2099914550781,491.5,465.8299865722656,489.8800048828125,107608100,0.030653694218629735,0.1004335200181583,0.19798490853122708,456.3510009765625,435.41900024414065,437.22440063476563,446.28139281315185,431.7378042716173,0.023832445262480226,81.3802142323412,11.50873074404916,5.807262192786551,435.41900024414065,487.66184348316534,383.17615700511595,0.5138964641309034,0.7546542544476338,-0.002732285145230273,-0.006104979262495758,0.01982976171799189,55.34878549165858,2.9210193894692793,0.00726994320873977,0.006049627229126914,0.10653849928065406,0.1781551468132352,0.0700064433059071,0.11823336313326545,77318900.0,1.3917438039082295,0.7253901878224842,0.39174380390822944,0.0,1.0
2025-12-17,488.2200012207031,495.2799987792969,466.2000122070313,467.260009765625,106490400,-0.04617456293730249,0.03502048317886275,0.1645109277647976,458.4030029296875,438.71950073242186,437.9078009033203,448.27935633243504,433.13083193804897,0.026204151375225488,65.92296740607146,11.687678496254478,6.983345453480137,438.71950073242186,490.20829955776173,387.230701907082,0.07723233429232133,0.7557166341755576,-0.011003593983400228,-0.023517657150754046,0.01714944254499029,39.329870321549095,1.9017498327785916,0.0074680453712260494,-0.0050877681485180775,0.058538140329616795,0.1473614852198073,0.07549068260058345,0.09379676938333585,78608990.0,1.354684750433761,0.6834430699917007,0.3546847504337608,0.0,0.0
2025-12-18,478.1600036621094,490.8599853515625,473.1199951171875,483.3699951171875,95168400,0.034477560704677446,0.08163077999728485,0.19649002896522294,461.28700256347656,442.6885009765625,438.80140075683596,451.6213219309829,435.10099519997596,0.026861977097466037,68.96476771385682,12.97981384587041,8.182639131958192,442.6885009765625,495.1343154437926,390.24268650933243,-0.04379779609037628,0.40804561661140315,0.00755126270975226,-0.018428047408145076,0.02088634093299313,41.38433553105541,1.4826191556975346,0.007590194946420596,0.0023252654540913066,0.10005882740542993,0.1756036880322298,0.09685699628005118,0.12417317057257031,79765025.0,1.1931093859746174,0.7000580569672827,0.19310938597461733,0.0,1.0
2025-12-19,488.1199951171875,490.489990234375,474.7200012207031,481.2000122070313,103305400,-0.004489279293453219,0.04845742802426822,0.21751891008012825,463.90700378417966,446.9870010375977,439.7146008300781,454.4383400525113,436.9087997884879,0.02608024471577477,67.92836684883724,13.67114844494887,9.280340994556328,446.9870010375977,497.0952261875665,396.8787758876289,-0.06798624153387942,0.7660348857111213,0.009063506223587092,0.0012337773355066695,0.04608379767402426,52.699845885066665,1.622423379322754,0.006740657175287302,0.011067048528256133,0.047223650688761554,0.17143511240610398,0.0877886037167055,0.10214912227052368,79252855.0,1.3034912117677022,0.07995989826117778,0.3034912117677023,0.0,1.0
2025-12-22,489.8800048828125,498.8299865722656,485.3299865722656,488.7300109863281,86916100,0.015648376118613028,0.028234233440629586,0.24966124309679172,468.82200622558594,451.8690017700195,441.2194012451172,457.7042134747796,438.94100414918756,0.02564022661560834,69.95907576315061,14.657679461436373,10.355808687932338,451.8690017700195,497.90740154017305,405.83060199986596,-0.2102468025763039,1.070353298945438,0.006229803850433591,0.008995666657053647,0.04221900701346715,55.76594926093764,2.0499085311521412,0.0065661556433597315,0.016347128358664795,0.01923856678357594,0.20744223608332457,0.13015235893814747,0.11894438726834933,78575630.0,1.1061457604603362,-0.24118709087131207,0.10614576046033611,0.0,1.0
2025-12-23,489.3999938964844,491.9700012207031,482.8399963378906,485.55999755859375,58223600,-0.00648622625268469,-0.008818501023025394,0.16223849628355103,472.8610046386719,455.25800170898435,442.21260131835936,460.35714529228574,440.7691999691643,0.02214502102097851,64.40980096071499,15.010684976284551,11.286783945602782,455.25800170898435,500.70572613637097,409.81027728159773,-0.7727917938588001,0.7854780990824676,0.004570492347330646,0.016384325424200874,0.031795863320524864,56.500273321316314,2.6098395413561093,0.00589692066708399,0.020178589252559703,-0.025202826447226268,0.13044263296302616,0.07327480739638981,0.059504871304063234,76646490.0,0.7596381778213197,-0.45892920700207507,-0.24036182217868032,0.0,1.0
2025-12-24,488.4800109863281,490.8999938964844,476.7999877929688,485.3999938964844,41285400,-0.00032952397832164415,0.03882203431010134,0.15736767038744892,476.25600280761716,458.55800170898436,443.33580139160154,462.74217849268564,442.51942718200036,0.02220393841868756,62.14684556561868,15.103430486652314,12.05011325381269,458.55800170898436,502.6059357258482,414.5100676921205,-0.7376068334811979,0.7057067561890957,0.003517674396244841,0.03130772603168652,0.025777094051566696,58.215653812774015,3.210819636486235,0.005626582470279077,0.022854102503287167,0.007514308278414816,0.13159057633588223,0.08524748417042116,0.0747841229282394,75114980.0,0.5496293815161769,-0.6123087151517883,-0.4503706184838231,0.0,1.0
2025-12-26,485.2300109863281,489.0899963378906,473.8200073242188,475.1900024414063,58780700,-0.021034181259704465,-0.016922839146848667,0.1139528749572638,479.08600158691405,460.9885025024414,444.1366015625,463.9276855354209,443.800626211781,0.022966135910431108,57.37884759360995,14.189503229280035,12.47799124890616,460.9885025024414,502.92060463037564,419.0564003745072,-0.5062041641855359,0.07661789538564799,-0.00010140966545213459,0.023474615759845996,0.018640799625076143,56.989707058465996,3.639527033759691,0.005474620550283942,0.021929756171299754,-0.04039745490669466,0.09531207533218766,0.051152813881211845,0.035355811435568284,74880865.0,0.7849895964743463,-0.3823506542087499,-0.2150104035256537,0.0,1.0
2025-12-29,469.0,469.3999938964844,459.0,459.6400146484375,66263000,-0.032723726747357684,-0.04480464881891533,0.0685077999414152,479.15400390625,462.4620025634766,444.75440185546876,463.5193359271368,444.421778699493,0.024497718499892893,57.324387386058206,12.071304748090256,12.39665394874298,462.4620025634766,501.82681653194555,423.0971885950076,-0.36154132996175053,-0.5190148153743684,-0.0035636535074947684,0.010667119131339886,0.00950042509177007,56.50655847960052,3.7387288131119476,0.005454217323618004,0.01740966940550729,-0.05547176795025521,0.05900737484964513,0.027782919225173286,0.010439508708187736,76381370.0,0.8675282991127287,-0.35857176875555397,-0.13247170088727134,0.0,1.0
2025-12-30,461.0899963378906,463.1199951171875,453.8299865722656,454.4299926757813,59238500,-0.01133500523587172,-0.07018193591452349,0.05646993351036289,477.0660034179688,463.67650146484374,445.0568017578125,462.65368418891245,444.8142576789553,0.024715183902352538,53.39044429848038,9.85856851859188,11.88903686271276,463.67650146484374,500.24179383082344,427.11120909886404,-0.2888237738855787,-0.6511111646664243,-0.0012212136133650242,0.0031832438516390393,0.01289193748884454,56.21122640407532,3.707189149225087,0.005341260909129259,0.01542892174485345,-0.07336517976616252,0.04357799602151835,-0.0026840925640507773,-0.010823758769564984,76470115.0,0.7746621016589291,-0.3184404270325061,-0.22533789834107087,0.0,1.0
2025-12-31,456.1000061035156,456.5499877929688,449.2999877929688,449.7200012207031,49078000,-0.010364613980130888,-0.07381167418670176,0.04771226225950098,473.0500030517578,464.7005020141602,445.10260192871095,461.4219048586068,445.0066397786317,0.024874320461171846,49.359207527812345,7.636869094293843,11.038603309028977,464.7005020141602,498.2259422473354,431.17506178098495,-0.23652381163338232,-0.7400600314086111,-0.0074088529688375315,-0.008779558744136717,0.00352875694459609,46.28129142051454,3.2363414426005193,0.005625797414029693,0.007530552964837541,-0.06503211544256504,0.04418350531490489,-0.013703563536761276,-0.011517391221473808,75457185.0,0.6504085727555302,-0.15707719893651373,-0.34959142724446984,0.0,1.0
2026-01-02,457.7999877929688,458.3399963378906,435.2999877929688,438.0700073242188,85535400,-0.02590499391813128,-0.09750718411084092,-0.019407223664054896,470.13100280761716,464.26700286865236,445.012001953125,459.1979146172365,444.73461497649794,0.023943901306596765,46.896111322713686,4.879847307511227,9.806852108725428,464.26700286865236,498.9736888991416,429.5603168381631,-0.13327128974207103,-0.8503435115804288,0.0018329931020035772,-0.010443595739656364,0.001898893760754472,45.897965899198674,2.929746672261558,0.005587589527064695,0.008964185081258106,-0.08706358837118455,-0.021306117424809368,-0.030939419415710656,-0.04643637507056819,75359805.0,1.1350268223225897,1.0718074670464621,0.1350268223225896,0.0,1.0
2026-01-05,447.989990234375,457.5499877929688,444.5700073242188,451.6700134277344,67940800,0.031045280151877908,-0.049495967703091726,-0.006292181724514068,466.96100463867185,464.1240036010742,445.2660021972656,458.48097164680775,445.00659138635035,0.024668971799827428,47.46188330052852,3.749077479315133,8.59529718284337,464.1240036010742,499.0226468587258,429.2253603434226,-0.11239516191824873,-0.9666317263263884,0.0066602071082446646,-0.0037519159570825744,0.007834879714440746,58.74760541680211,3.017198178846911,0.005776390725270936,0.015027873296298136,-0.04574405174600915,-0.014127061438954813,-0.003940977144901714,-0.021270696776621894,75161520.0,0.9039306283321572,0.15583516358260452,-0.0960693716678428,0.0,1.0
2026-01-06,446.3800048828125,448.25,428.7799987792969,432.9599914550781,89093800,-0.041424095947095174,-0.05804547546576422,-0.04843957921960851,462.1370025634766,463.0220031738281,444.94560180664064,456.0504021047383,444.5341757027711,0.026343040444820862,35.493592601461415,1.3278848072195046,7.141814707718597,463.0220031738281,500.43508220779364,425.6089241398626,-0.05002963493473788,-1.1937057330763694,0.005947158299371091,0.005757098917410719,0.01190662315336688,63.45962319472862,3.3758717802588762,0.0059010291714621755,0.020400869413123805,-0.06380257438317494,-0.06034620237297539,-0.06857094235984307,-0.0642399063719978,76794835.0,1.1601535441804127,0.3445482395907218,0.16015354418041267,0.0,1.0
2026-01-07,435.8999938964844,438.3699951171875,431.2900085449219,431.4100036621094,59828800,-0.0035799792672750463,-0.050656843484571334,-0.018585884616503456,456.4050018310547,462.61350402832034,444.89940185546874,453.70369749115457,444.01950228941183,0.025270910140474504,28.010526784004597,-0.7078393587585765,5.571883894423162,462.61350402832034,501.2622889429758,423.9647191136649,-0.1409531335496557,-0.9372830161863138,-0.003223412281198157,0.0037409111979043175,0.01168414162734499,62.97315068742895,3.441461905975757,0.005908291523152646,0.016682058567059784,-0.05439775468247565,-0.030270026243848447,-0.026540671169446473,-0.037069484031923526,76327985.0,0.7838383261394887,0.009964803295154256,-0.21616167386051133,0.0,1.0
2026-01-08,427.8900146484375,436.8900146484375,424.3699951171875,435.7999877929688,57041100,0.01017589785492734,-0.030952622498333082,-0.021048195862560348,451.4290008544922,462.145002746582,444.56700134277344,451.9985822818035,443.6971683875905,0.02520656917793485,36.28834117111573,-1.9445152349547925,4.068604068547571,462.145002746582,501.8955675293359,422.3944379638281,-0.12931123648425355,-0.9172855335547421,-0.00010152731427326422,0.0111303199518209,0.01245529653959876,74.13962183177799,3.448075825566548,0.005900831151649521,0.016390358592307957,-0.04208294245015398,-0.03350349240215911,-0.0459405522157601,-0.04050899568935773,76061670.0,0.749932258915693,0.16225396307918016,-0.25006774108430696,0.0,1.0
2026-01-09,435.9500122070313,449.0499877929688,430.3900146484375,445.010009765625,67331500,0.02113359850994656,0.015842222305509024,-0.014265150664018567,447.39000244140624,461.82300262451173,444.2562017822266,451.33300394692935,443.74865236319977,0.02547226580165654,32.21110055890101,-2.156558510680611,2.8235715527019347,461.82300262451173,502.03994493767567,421.6060603113478,-0.1457793833477393,-0.9855690844861746,0.006613382996888628,0.015955073375985007,0.012436335229164541,73.828271888474,3.775800632967389,0.005899824250217164,0.022839711923203887,-0.0001128510704759833,-0.026701485893183108,-0.04693015197536521,-0.0245814963130081,76265370.0,0.8828581045368298,-0.21282299492373913,-0.11714189546317025,0.0,1.0
2026-01-12,441.2300109863281,454.2999877929688,438.0,448.9599914550781,61649600,0.00887616368794375,-0.006000004189097741,0.004631960300721882,444.7670013427734,461.92650146484374,444.0052014160156,451.1070027572293,443.953018602097,0.025445676950291547,35.291962150355744,-1.9830148624675417,1.8622542696680398,461.92650146484374,501.9920013082885,421.861001621399,-0.2645219437842592,-0.9378334534534197,0.00157043300066384,0.010818303500290227,0.011672192068602927,70.18559194232488,4.076027179807511,0.00589082215009306,0.02415034261985139,-0.016818307689387968,-0.007040231767881044,-0.04148522454419945,-0.021781254667156153,76548875.0,0.8053625869746616,-0.09259826201634369,-0.19463741302533838,0.0,1.0
2026-01-13,450.2000122070313,451.80999755859375,443.9500122070313,447.2000122070313,53719200,-0.003920124914344236,0.032889922932823,-0.02562310324863659,443.5230010986328,461.33850250244143,444.14720153808594,450.7349084191152,444.08035168464346,0.024680721446833066,30.000961110212472,-1.9648463617178322,1.0968341433908655,461.33850250244143,501.92905044995143,420.7479545549314,-0.15321913769490988,-0.7752959313768218,-0.0019995067653818532,0.0028331579258265016,0.020623164070179723,63.447690221877565,4.154501734265978,0.005298686846503642,0.02162262877330039,0.0300567650069965,-0.046246267318816314,-0.0073879191276162715,-0.00785914047981203,74452000.0,0.7215279643260087,-0.39704895290132425,-0.2784720356739913,0.0,1.0
2026-01-14,442.80999755859375,443.9100036621094,434.2200012207031,439.2000122070313,57259500,-0.017889087168218576,0.01805708833544628,-0.0759714408218628,442.0000030517578,459.53300323486326,443.8000018310547,449.63634687510717,443.8889658227763,0.023366255615451487,28.667404372572022,-2.5663970080053673,0.364187913111619,459.53300323486326,500.7149571111532,418.35104935857333,-0.04446609825363502,-0.6488994331814206,-0.004915252903138989,0.0011310374160631298,0.017143251821621464,53.57988168846538,3.898050705486412,0.005437623498630788,0.01629252152087133,0.01692605091938315,-0.09311469264348426,-0.05318326553931918,-0.04312396908780677,71587865.0,0.7998492481931121,-0.04294420078624339,-0.20015075180688793,0.0,1.0
2026-01-15,441.1300048828125,445.3599853515625,437.6499938964844,438.5700073242188,49465800,-0.0014344373071545347,0.006356171658650656,-0.10473993028326989,440.8850036621094,456.9675033569336,443.2040020751953,448.58240977502254,443.6803792149897,0.021942832257497782,28.543939530523417,-3.0587074821244755,-0.32039116593559996,456.9675033569336,496.5512565103704,417.3837502034968,-0.033512007987960196,-0.312020463181258,0.0027232975079871657,0.003959344371300633,0.02270756419012443,52.8198716399487,3.801888441992787,0.0053842822057143065,0.018732858020729284,0.002396827287350023,-0.12744749447339432,-0.07964248547159825,-0.06823105088588084,68680750.0,0.7202280114879351,-0.13280424115243217,-0.27977198851206486,0.0,1.0
2026-01-16,439.5,447.25,435.260009765625,437.5,60220600,-0.0024397640202235005,-0.016876046832250635,-0.06369047028131603,440.8280029296875,455.47950286865233,443.0688018798828,447.5269421774014,443.43801140263724,0.01972030265053862,31.153112245643584,-3.4949204608492437,-0.9552970249183288,455.47950286865233,495.66699576422286,415.2920099730818,0.10404012960024961,-0.0857297265386655,-0.000837905189162047,-0.003472297735142793,0.03321976298257967,52.01547814692332,3.6371955487572905,0.004600667864411441,0.01732802686292516,-0.013403749097107842,-0.0969102332638957,-0.04256027902065551,-0.050958087127219685,66367260.0,0.9073841529694009,-0.10561030127057913,-0.09261584703059912,0.0,1.0
2026-01-20,429.3599853515625,430.7300109863281,417.4400024414063,419.25,63187300,-0.041714285714285704,-0.06617514259742419,-0.13265199694830532,437.58600158691405,452.273503112793,442.21240173339845,444.8339000652679,442.48946193586715,0.01943634755282171,30.334008327647496,-5.25269506855841,-1.814776633646345,452.273503112793,493.31402971093917,411.2329765146468,-0.11036515515148175,-0.1887473158598007,-0.02035680001149731,-0.025289130990863162,0.004600711012358483,38.616739380967616,2.349460946441468,0.006539072384205826,-0.003440036798723084,-0.040886011606561024,-0.1372527079606638,-0.09562474748611494,-0.09125448901777992,64768205.0,0.975591341461447,0.02494257870286254,-0.024408658538552983,0.0,0.0
2026-01-21,421.6600036621094,438.2000122070313,419.6199951171875,431.4400024414063,68124000,0.02907573629435012,-0.035241523558655174,-0.10340816397198316,437.4340026855469,449.7855026245117,441.9230017089844,443.5582907677573,442.0561497988295,0.02103932382862153,39.518558480913576,-5.597587286468354,-2.571338764210747,449.7855026245117,489.45262225686236,410.11838299216106,-0.060981109990336235,-0.509163755539536,0.0115411092816613,-0.01206450262283909,0.007067356350730636,48.45464653103625,1.9342995881324896,0.006735351986734644,0.007555609929744792,-0.023177020935816084,-0.1104755203227138,-0.05798391245604906,-0.06387881790485965,63009135.0,1.0811765627317371,0.2681499352186927,0.08117656273173723,0.0,1.0
2026-01-22,435.1600036621094,449.5,432.6300048828125,449.3599853515625,71546700,0.041535283721378935,0.023132907245325685,-0.08055577670647074,439.2290008544922,447.81700134277344,442.3198016357422,444.1108331090721,442.3425747224661,0.02308799308419947,49.85350913158985,-4.37449751238006,-2.9319705138446097,447.81700134277344,483.0008439028439,412.633158782703,0.2095403945248937,-0.3659215035061267,0.005223257672714476,-0.0019988328217077633,0.006059972357171928,56.9790519103294,1.871063466969872,0.006692919532944957,0.012223525122081521,0.025131740067033448,-0.08661574906364267,0.01631502892708392,-0.015056326689841767,62240665.0,1.149516959691867,0.2495166740890158,0.14951695969186704,0.0,1.0
2026-01-23,447.4299926757813,452.4299926757813,444.0400085449219,449.05999755859375,56771400,-0.0006675890216037983,0.023918622019722502,-0.07517093702842659,440.5550018310547,445.99200134277345,442.3964013671875,444.58218210426463,442.60600306898095,0.023090838489913383,54.926922508041095,-3.390315120013497,-3.0236394350783877,445.99200134277345,476.3943453257498,415.5896573597971,0.16770711263175558,-0.37921520382693763,0.00036273518897367296,-0.004348278531633443,0.0018459763432829845,56.11131323389274,1.8200278720175902,0.006618108325665292,0.012299268714842307,0.028266900551355945,-0.07701691337170957,-0.005817978810621849,-0.018189330543658493,62168055.0,0.9131924748168493,0.14768991909561757,-0.08680752518315074,0.0,1.0
2026-01-26,445.0,445.0400085449219,434.2799987792969,435.2000122070313,49397400,-0.030864440001146964,-0.005257114955356967,-0.10341982348718082,439.5740020751954,443.4820022583008,442.30800170898436,443.68864211405196,442.3155720547869,0.023856784000386974,42.63350524822381,-3.6862358364319334,-3.156158715349097,443.4820022583008,467.8817960999356,419.08220841666594,0.2786895238170878,-0.5891587229852595,0.00507823176187272,0.001547073153876255,0.003403934072874426,55.16174955475212,2.0370335319001924,0.006669361709170007,0.017089136630028277,-0.006804188109233222,-0.10682375756005524,-0.027297154451813133,-0.046975033373700535,62573655.0,0.7894280748024068,-0.17972587453462774,-0.21057192519759313,0.0,1.0
2026-01-27,437.4100036621094,437.5199890136719,430.6900024414063,430.8999938964844,37733100,-0.009880556502607218,0.027787701601632353,-0.09320484083707792,437.768002319336,441.2675018310547,442.3140014648437,442.4706756171407,441.8679023230888,0.023595421364640757,48.94228858073675,-4.219095569664603,-3.3687460862121985,441.2675018310547,461.17646108722016,421.3585425748892,0.22655411187122737,-0.5019577636846319,0.003984165378470905,0.026432278955691002,0.007503831914165149,53.89827334015874,2.4028413368222346,0.006722288120296457,0.02071806776262928,0.001355422645941351,-0.10070867275124307,-0.020031322972057453,-0.039794857692453056,61521275.0,0.6133341677330322,-0.40283727901018085,-0.3866658322669678,0.0,1.0
2026-01-28,431.9100036621094,438.260009765625,430.1000061035156,431.4599914550781,54857400,0.0012995998294869082,4.63309233236231e-05,-0.0613088989106253,436.1940002441406,439.8585006713867,442.9034014892578,441.42203903027763,441.4597489557159,0.02267056917592975,50.025929973554106,-4.543825235532665,-3.603761916076292,439.8585006713867,458.2213577810578,421.4956435617156,0.1173084647857119,-0.23547150231217723,-0.0001006645803248718,0.014619123398690315,0.011005284491925282,56.483060758660535,2.656504669683727,0.006659247868956278,0.019856159524327215,-0.014572792475366692,-0.07231418340255058,0.0354630063944632,-0.017141323161151356,60950995.0,0.9000246837643914,-0.19474194116610888,-0.09997531623560862,0.0,1.0
2026-01-29,437.7999877929688,440.2300109863281,414.6199951171875,416.55999755859375,81686100,-0.03453389466363932,-0.0729926759440035,-0.08333515773067901,433.92999877929685,437.96500091552736,443.14760131835936,439.05422555678393,440.48328811661304,0.023694481276124422,41.00093693313097,-5.935065082464689,-4.070022549353972,437.96500091552736,457.75579631667193,418.1742055143828,0.12971265543941682,-0.5309862913171884,-0.001984377154833794,0.007344118493376239,0.010232778724008629,54.88671338113717,2.7154685992121586,0.006672217289216224,0.017113725719835656,-0.08033679443737973,-0.09356793645468764,-0.0057606395451970105,-0.05988845681242146,62073375.0,1.3159603453171347,0.1417172280482537,0.31596034531713474,0.0,1.0
2026-01-30,425.3500061035156,439.8800048828125,422.7000122070313,430.4100036621094,82626100,0.033248526466028494,-0.0415311851375737,-0.04293782243658151,433.11399841308594,436.99950103759767,443.57740112304685,438.23096632871966,440.0882573536913,0.025053015519755865,43.45525686462923,-5.8525879504931595,-4.42653562958181,436.99950103759767,456.2524607194979,417.74654135569745,0.013094179412064554,-0.8448976294231023,-0.0029824841055743345,0.003975553409035326,0.014737818820090842,47.606057029731666,2.5664675118412106,0.006465210014077774,0.01324089592580497,-0.04550673854660903,-0.05767564125667235,0.009972207129828492,-0.031070057557817627,63750780.0,1.29607982835661,0.4554176927114708,0.2960798283566099,0.0,1.0
2026-02-02,421.2900085449219,427.1499938964844,414.5,421.80999755859375,58739500,-0.019980962408733927,-0.030767496031382735,-0.03711737734555953,431.5449981689453,436.1865005493164,443.98860107421876,436.6670645410886,439.3714628519228,0.02478779819087119,38.316550276381854,-6.407313328853036,-4.822691169436055,436.1865005493164,456.58809390704073,415.7849071915921,0.004121003327708294,-0.772269543402641,0.00497122273706152,0.003868661784573124,0.01791647266435592,50.27048127407597,2.6934416228293685,0.0065305851128317945,0.01716758714305222,-0.03463615781595586,-0.05503385000991545,-0.005396933167765239,-0.03168898033121218,62410985.0,0.9411724554579615,0.1891212897844825,-0.058827544542038555,0.0,1.0
2026-02-03,424.2699890136719,428.55999755859375,413.6900024414063,421.9599914550781,56886500,0.0003555958781265023,-0.02074727910892915,-0.06577815903071849,431.8159973144531,434.7009994506836,444.34800109863284,435.26639091384953,438.68866005204654,0.02358129036880122,38.98585105569447,-6.75694408848841,-5.209541753246526,434.7009994506836,454.67776977317106,414.7242291281961,0.06693854089245815,-0.4396414061341088,-0.008455385901172563,-0.008569458383974382,0.0026318602303596617,45.818532997397156,2.295651193607,0.006702330337324009,0.007716493767780938,-0.012177820724954769,-0.06841001926107815,0.0008106566533085946,-0.02659239444424144,61858270.0,0.9196264299017738,0.5076020788114415,-0.08037357009822615,0.0,1.0
2026-02-04,420.4599914550781,423.8999938964844,399.1799926757813,406.010009765625,74606900,-0.03779974882085746,-0.058985727978217106,-0.06224589389629398,429.272998046875,433.35350036621094,444.56360107421875,432.4800688997329,437.4071443545398,0.023283578131416165,36.45637352132432,-8.226232321680527,-5.812879866933327,433.35350036621094,457.1040266942161,409.6029740382058,0.11068919134595046,-0.45622866959730585,-0.004843853725993386,-0.01327247439478485,-0.008123587877919225,45.88194657780337,1.692801850886326,0.006645437218644136,0.0017933550896890155,-0.045713253583432256,-0.054122306018374755,-0.02741584643317907,-0.04241713534499536,61133925.0,1.220384590061901,0.36001523951189807,0.22038459006190098,0.0,1.0
2026-02-05,397.0199890136719,402.1000061035156,387.5299987792969,397.2099914550781,72819800,-0.02167438757390938,-0.04645190660870846,-0.07927496329875905,424.05799865722656,431.64349975585935,444.6860009765625,429.12101390500385,435.830785417306,0.023657871231786576,34.177497447175256,-9.985633596713,-6.647430612889262,431.64349975585935,460.38375080517574,402.90324870654297,0.20406509839808154,-0.5918932528913209,-0.012489284060324235,-0.02365856511350284,-0.017343908427879362,37.24699302419751,0.5211582174857767,0.007156918929929407,-0.011311042973394293,-0.02279334149520562,-0.06193105487087969,-0.015597816051773572,-0.03344073747261963,61783475.0,1.1786290751693718,-0.10854111042147929,0.17862907516937174,0.0,0.0
2026-02-06,400.8699951171875,414.5499877929688,397.75,411.1099853515625,62677100,0.03499406912088299,-0.044841007751525774,-0.05665443582604124,420.26299743652345,430.40899963378905,444.5526007080078,427.4056778522951,434.86134227747294,0.02504289662810878,40.80679283237118,-10.14145407291113,-7.346235304893636,430.40899963378905,460.4874187350763,400.3305805325018,0.21476501749583032,-0.8533540365608822,0.01918478647681998,-0.001950997871300153,0.0016098296250297572,49.25438398692057,0.6288193329804699,0.008446242125080924,0.006955630798542267,-0.04289000988022562,-0.058264265451070996,-0.05175067332559158,-0.05096831621896273,62065275.0,1.0098577666819328,-0.24143702776725517,0.009857766681932853,0.0,1.0
2026-02-09,409.9100036621094,421.25,407.2900085449219,417.3200073242188,54484300,0.015105500216312517,-0.01064457993021195,-0.062223324944959746,418.47499694824216,429.0244995117188,444.5110009765625,426.44513780200214,434.1734467891101,0.0247769010516333,49.266106611561995,-9.652577148205921,-7.807503673556093,429.0244995117188,458.82091068842885,399.2280883350087,0.2322080627468541,-0.765472897608346,0.004821726716577324,-0.0020994641663448776,-0.00017292090459908316,63.87526262804359,0.9702384539502873,0.008382948225256754,0.011194057321088512,-0.008545115763867073,-0.06205040404036066,-0.036040825630650586,-0.035545448478292774,61422915.0,0.8870354003876241,-0.07244188323019429,-0.11296459961237594,0.0,1.0
2026-02-10,418.0799865722656,427.25,417.0,425.2099914550781,64450200,0.018906316477488083,0.007702152018708608,-0.052900036644749404,417.90599670410154,427.8369995117188,444.48360107421877,426.3275048165808,433.8219387367951,0.02512716985300894,47.55090322554144,-8.530152593930097,-7.952033457630894,427.8369995117188,456.14395448002966,399.5300445434079,0.18835369779966102,-0.9011985198142602,-0.002637057770699447,0.003756160156048294,-0.0043730880317873755,56.33962288867605,1.081465104807421,0.008394903603202476,0.00810317167957893,0.003945991862660314,-0.04852694861296203,-0.024523239756182424,-0.023034732168828047,61562945.0,1.0468992345963957,0.1329612473961308,0.046899234596395604,0.0,1.0
2026-02-11,427.9599914550781,436.3500061035156,420.0299987792969,428.2699890136719,57362000,0.00719643851293883,0.054826183376357474,-0.042330104375300825,417.5869964599609,426.89049835205077,444.4456005859375,426.5125033115419,433.6042152182413,0.025214897797718277,40.61248158536268,-7.309448051359766,-7.823516376376669,426.89049835205077,453.69757323659064,400.0834234675109,0.11615351422432943,-0.9528504027985594,-0.00023112214366449724,0.00840875438283839,-0.0026089092242338463,53.005247379819636,1.1435908777444865,0.008384098940737035,0.007559541988831635,0.04641742899351908,-0.03972119515106698,-0.019949311779502876,-0.004417692645683591,61745085.0,0.9290132161936452,-0.23114350013202534,-0.07098678380635479,0.0,1.0
2026-02-12,430.2999877929688,436.2300109863281,414.0,417.0700073242188,61933400,-0.02615168463063966,0.049998782247114626,-0.05038707711233126,417.63799743652345,425.7839981079102,444.18420043945315,425.6132179794159,432.95581490867175,0.02555675052978402,37.020208019568344,-7.163202882962025,-7.69145367769374,425.7839981079102,452.27678783300695,399.2912083828134,0.1296469717413816,-1.0324803163170337,-0.01544885969788623,0.005386547196624791,-0.013166930137997634,43.36891692213,0.33097741682865944,0.009010174154531604,-0.008092884665549568,0.044612235050489835,-0.03722014697433362,-0.034814743094282785,-0.00914088500604219,61978780.0,0.9992678139195382,-0.14949780142214064,-0.0007321860804617322,0.0,0.0
2026-02-13,414.30999755859375,424.05999755859375,410.8800048828125,417.4400024414063,51434100,0.0008871295242764976,0.015397381030360258,-0.048179320359205136,416.34099731445315,424.72749786376954,443.94820068359377,424.8348164996055,432.34735167466135,0.02556602186288043,41.9081413532894,-6.937476113382331,-7.540658164831458,424.72749786376954,450.75456449154694,398.70043123599214,0.11447961696632418,-1.0388358672407008,0.0007044991031190939,-0.012843544696793607,-0.015153736500490234,40.36833141080373,-0.27137282715398214,0.008981966764868237,-0.007458476432091023,0.028240925727153865,-0.0330255838587149,-0.030768961507954606,-0.011851206546505214,62077195.0,0.8285506456920291,-0.17937970965472239,-0.1714493543079709,0.0,0.0
2026-02-17,412.3599853515625,413.7200012207031,400.510009765625,410.6300048828125,59678800,-0.016313715788533467,-0.016030869174716522,-0.061417131696428595,415.222998046875,423.38399810791014,443.2260009765625,423.48197729800614,431.4956910161575,0.025761627415057293,40.971049204464144,-7.224812767378523,-7.4774890853408715,423.38399810791014,449.4090532524813,397.35894296333896,0.1919648372044522,-1.087755267774614,0.0016134830190519533,-0.015995385856266586,-0.012737471382162857,38.57963194209375,-0.6529222940940826,0.008997055473112288,-0.005885244735519324,-3.548331844993591e-05,-0.04867966031426574,-0.08225959646015057,-0.04365824669762208,62050105.0,0.9617840292131657,0.09533939134759928,-0.03821597078683429,0.0,0.0
2026-02-18,411.1099853515625,416.8999938964844,409.5799865722656,411.3200073242188,45921400,0.0016803507615164026,-0.03266617532510818,-0.018914711212358215,414.15899963378905,422.9874984741211,442.36180114746094,422.3236944433597,430.7044877341207,0.02408909410008951,41.039335853158555,-7.312557099059632,-7.444502688084624,422.9874984741211,449.514534520394,396.46046242784814,0.17968987969131128,-0.9689605266420469,0.005037707550576753,-0.008423413639486732,0.01285454594519897,42.22446344415035,-0.6714511351667625,0.0077707790283128905,-0.0009911009562989894,-0.02424276168562145,-0.031769257157557185,-0.10080440176723215,-0.05227214020347026,61186810.0,0.7505114255833896,-0.2874901862212995,-0.24948857441661038,0.0,0.0
2026-02-19,407.25,415.25,404.1099853515625,411.7099914550781,51019600,0.0009481282794783219,-0.03866719121910056,-0.04573060187901257,414.7289978027344,422.00099792480466,441.4960009765625,421.3128655873329,429.9596055270994,0.023059582883214694,47.5222193363084,-7.266858828837428,-7.408973916235185,422.00099792480466,448.67158480376105,395.3304110458483,0.28279135174463405,-0.6239853441686465,-0.002637344323549562,-0.010809918788827977,-0.00134231768865678,41.91744748816447,-0.8219390207738115,0.0073626013866854405,-0.0036493326761512577,-0.027857272430272584,-0.04438828419035579,-0.09632793782452931,-0.05619116481505256,60331590.0,0.8456531644533154,-0.11056797182803946,-0.15434683554668457,0.0,0.0
2026-02-20,408.2999877929688,414.7000122070313,405.5,411.8200073242188,57912200,0.0002672169037041261,-0.012587814774028594,-0.0835409899659263,416.18999938964845,420.1239990234375,440.94080139160155,420.4087838479887,429.2482487348296,0.02067384892993915,38.951621292494366,-7.139465940055686,-7.355072320999286,420.1239990234375,443.803645403709,396.4443526431659,0.1770516400009546,-0.45355116928535566,0.00723184928909637,0.011977655615764027,0.0006531548922004138,47.95228544532377,-0.537686929533038,0.007451358128782975,0.0033278781248889063,-0.02456547038979262,-0.08419414485812671,-0.07461527562526016,-0.06112496362439316,59649865.0,0.9708689198206902,-0.06492780955025879,-0.02913108017930971,0.0,1.0
2026-02-23,407.2900085449219,407.7000122070313,394.0400085449219,399.8299865722656,69680000,-0.029114711618451472,-0.04218574110326789,-0.1096290278670492,415.06199951171874,417.6624984741211,440.0340008544922,418.4488983931579,428.0945913951212,0.02138797318314876,37.44286234235101,-7.91476415338758,-7.467010687476945,417.6624984741211,438.77284555723804,396.55215139100414,0.2886591619837679,-0.6530079351039271,-0.010211366038766267,0.0009388208496530215,-0.009924016149350345,40.079275644950904,-0.8674833411338341,0.007795847667430123,-0.0069568490266590285,-0.043124561952920915,-0.09970501171769885,-0.1038493346552124,-0.08222630277527739,60295295.0,1.155645726586129,0.3547432539890851,0.15564572658612916,0.0,0.0
2026-02-24,399.5,410.8200073242188,397.6400146484375,409.3800048828125,58579500,0.023885197787236967,-0.0030441029275410925,-0.05932905928305865,414.26799926757815,416.37149810791016,439.19260070800783,417.58519424931546,427.36068604169736,0.021483806036101876,43.510119252187096,-7.670169963522653,-7.507642542686087,416.37149810791016,436.0773548627609,396.6656413530594,0.10382136484376805,-0.7871033505439757,0.00726847527019836,0.006590004037318797,-0.007766465196747618,48.31526526325149,-0.7224122210682253,0.007892666667921386,0.0002084971048132037,-0.00963410696485989,-0.05156259408631103,-0.09582248619094369,-0.05233972908070487,60754400.0,0.9642017697483639,-0.018420276547115533,-0.035798230251636094,0.0,1.0
2026-02-25,412.1499938964844,420.3399963378906,412.1499938964844,417.3999938964844,54809700,0.019590573349979934,0.014781645589812209,-0.031329775333538534,413.48699951171875,415.69649810791014,438.60280029296877,417.5675561204744,426.9700706634537,0.021980004885597995,56.39958504269564,-6.75135579130108,-7.3563851924090855,415.69649810791014,434.1948159165583,397.198180299262,-0.06284862483158608,-0.9660555948645427,0.008438306300538434,0.009995855065331849,-0.003364455539604516,55.18166667337515,-0.14028212439131948,0.008082266936466404,0.008472156073632215,0.00478579052448036,-0.027965319793934018,-0.07473652722323365,-0.032638685497562436,61608230.0,0.8896489965707504,0.1935546390136189,-0.11035100342924963,0.0,1.0
2026-02-26,414.4200134277344,416.80999755859375,403.6600036621094,408.5799865722656,53602500,-0.021130827631028026,-0.0076024506273222325,-0.05302926189204882,411.51799926757815,414.55249786376953,437.5952001953125,416.7115971158831,426.2488908951718,0.022405283236748043,56.386919365214,-6.658138938172897,-7.216735941561849,414.55249786376953,431.7288227636835,397.37617296385554,0.0673850251846614,-1.1161228622112098,-0.005554445579207146,0.007041804038605104,-0.008800434745358743,59.352953822525016,0.011897281563051365,0.00817245899397198,0.0025920852223302055,-0.014644254665927336,-0.044228827146690075,-0.123817097861733,-0.06089672655811681,61545485.0,0.870941223389498,0.05062564191016783,-0.12905877661050197,0.0,1.0
2026-02-27,402.9400024414063,407.1199951171875,398.1099853515625,402.510009765625,56890100,-0.014856275407819197,-0.02260695787726552,-0.03372860542374201,410.06199951171874,413.8499984741211,436.13920043945313,415.35906498728707,425.31795438028763,0.021329946666694518,44.703143400861606,-6.99344423795344,-7.172077600840168,413.8499984741211,431.8119202315224,395.8880767167198,0.11123901311214049,-0.9923134089020406,-0.004801940858611298,-0.004989715564674757,-0.011598755587571508,45.6113678461322,-0.13165743528543317,0.00822513858162958,-0.0024331452551402217,-0.017617242312590764,-0.0221298498361705,-0.16386793129689514,-0.06787167448188547,60305685.0,0.9433621390752795,-0.017649130925780798,-0.056637860924720444,0.0,0.0
2026-03-02,390.6000061035156,404.5400085449219,388.25,403.3200073242188,55088300,0.00201236624914114,0.008728761896707793,-0.06293997840988241,408.65000000000003,412.49549865722656,434.40800048828123,414.21248806699487,424.45528978985357,0.019735875804126047,40.76273035437135,-7.1118352603101584,-7.160029132734166,412.49549865722656,429.24409831276256,395.74689900169057,0.0859955845407707,-0.7762639273867344,0.0005685229860479257,0.0058470429883454855,-0.008078436463460292,42.401139222755866,-0.21168197290558055,0.008208199717688306,-0.002142003459748461,0.0028817189083623074,-0.05486154194642212,-0.19074636723711957,-0.08090873009172646,58928795.0,0.9348282108941817,-0.20941016073478758,-0.0651717891058183,0.0,0.0
2026-03-03,395.0899963378906,396.3399963378906,385.3900146484375,392.4299926757813,62617300,-0.027000928420799375,-0.04140410377854975,-0.06965222506071889,406.8299987792969,411.02649841308596,432.91140014648437,412.13796469640306,423.1993957853802,0.02011150597828361,29.195227662223644,-7.992264320888864,-7.326476170365106,411.02649841308596,429.4092962109351,392.6437006152368,0.07562631825772491,-0.8640878771037995,-0.008814250912485666,-0.010212987650163874,-0.021684904257939897,39.08945234159428,-0.752030865669667,0.008313889611481901,-0.011250970101851592,-0.031191116128385876,-0.04796732080277899,-0.17644126306826358,-0.08519989999980948,59122685.0,1.0591078534406886,0.0689285500900485,0.059107853440688626,0.0,0.0
2026-03-04,397.8500061035156,408.3299865722656,394.5799865722656,405.9400024414063,68305500,0.03442654745501761,-0.02745565793640181,-0.03796565868348989,406.2919982910156,410.22549896240236,431.36280029296876,411.54768257687954,422.5225568307146,0.02181791821535296,37.48740119163304,-7.51325765689478,-7.363832467671041,410.22549896240236,427.9879882938386,392.4630096309661,0.10312373558393197,-1.0445094464534366,0.007055355958297538,-0.011570360013869685,-0.00638111188035817,44.17931176234521,-0.7859314393001569,0.008311433886863803,-0.00458322595548736,-0.015885297922532127,-0.03158454680313172,-0.17598246855895827,-0.07448410442820737,59693635.0,1.1442677263664711,0.24623013809599392,0.14426772636647106,0.0,0.0
2026-03-05,401.5700073242188,408.6199951171875,399.4200134277344,405.5499877929688,51925900,-0.0009607691927178141,-0.007415925593215245,-0.001133031111527849,405.6759979248047,410.2024978637695,429.8497998046875,410.9764735498404,421.8569658880579,0.020097700025286148,42.65492662103899,-7.0834586453001975,-7.307757703196872,410.2024978637695,427.9891463392334,392.4158493883056,0.16424227549268813,-0.969382938105247,-0.005575670491907769,-0.011591456526118371,-0.007111798179164297,50.0385569719705,-1.1066584256977876,0.008334129959891601,-0.010154049049845496,0.0041755309329031265,0.005978767067636448,-0.1582689900329518,-0.04937156401080408,58559585.0,0.8867190571791108,-0.03127839186605097,-0.11328094282088919,0.0,0.0
2026-03-06,398.0899963378906,402.3500061035156,394.2099914550781,396.7300109863281,64054600,-0.021748186591348695,-0.014359888298585366,-0.0012083796457176277,404.1669982910156,410.17849884033205,428.0097998046875,409.6196675914107,420.87159510759795,0.020101921289392127,38.079897919673066,-7.369586245916253,-7.320123411740749,410.17849884033205,428.0400969580912,392.3169007225729,0.16399000447619858,-0.9700307552856009,-0.013107129910862048,-0.019839985287812945,-0.007733008506952244,42.224053094313085,-2.053929187967242,0.00838260139630325,-0.022774565249988166,0.005480096989227579,0.006524628861234616,-0.17006325504914332,-0.05268617639956038,58121325.0,1.102084303824801,0.12593579550747847,0.10208430382480096,0.0,0.0
2026-03-09,390.0499877929688,401.5899963378906,381.3999938964844,398.6799926757813,67018900,0.004915135319874642,-0.011504548656589453,-0.030235200113545413,404.0519989013672,409.55699920654297,426.27219970703123,408.57779378992217,420.00133618870325,0.018410356107273262,42.714296551638704,-7.35422230825543,-7.326943191043685,409.55699920654297,428.13285793583947,390.98114047724647,0.09032943400143625,-0.8346571395745689,0.00875996152231262,-0.011815626803840407,-0.01788250232956834,46.479097787644726,-2.305310711463676,0.00736615051970392,-0.013936367363804858,0.00031107814725095384,-0.012352697783977074,-0.16484228851056693,-0.05896130271576435,58338415.0,1.1487953520849,0.21657230301171038,0.1487953520848998,0.0,0.0
2026-03-10,402.2200012207031,406.5899963378906,398.1900024414063,399.239990234375,59258700,0.0014046291985589932,0.017353407450230174,-0.043324108052641974,403.0379974365234,408.65299835205076,424.54899963378904,407.68847916558434,419.18716575912174,0.018015602591045784,42.62334124242704,-7.213704064009335,-7.304295365636816,408.65299835205076,427.39714289160986,389.90885381249166,0.17867670404078229,-0.6185660389507514,-0.0016070155764896787,-0.004630215452300135,-0.02416598538547965,42.73411079755289,-2.5624818640367266,0.007243681834125842,-0.015142996956204465,0.02198362290253031,-0.019158122667162325,-0.15838315637413447,-0.051852552046255496,58577135.0,1.0116353420152762,-0.05363693420188986,0.011635342015276096,0.0,0.0
2026-03-11,402.2799987792969,416.3800048828125,402.1499938964844,407.8200073242188,62559900,0.02149087591352483,0.004631238290155659,-0.04089740241368833,402.0799987792969,407.7834991455078,423.2015997314453,407.7010056568829,418.74139484010595,0.018182393210386213,47.8405781559195,-6.336958161048244,-7.110827924719102,407.7834991455078,424.83029733232354,390.73670095869204,0.18752054615829689,-0.6556818284893579,-0.0012551345486657706,-0.012844273494353131,-0.022813892151865023,43.398715149259,-2.802211183307122,0.007235813135133559,-0.015978987187585936,0.01747551178450879,-0.01808351026182331,-0.12152313385671287,-0.040710377444675795,58482620.0,1.0697178067603674,-0.08411621318927465,0.06971780676036744,0.0,0.0
2026-03-12,405.1799926757813,406.5,394.6499938964844,395.010009765625,60973800,-0.03141091003024232,-0.02598934371741224,-0.07766124197646052,400.72300109863284,406.1205001831055,421.90899963378905,406.492339381525,417.81075228816553,0.01918442484219309,41.821545988325774,-6.599713077521585,-7.008604955279599,406.1205001831055,421.1185545330268,391.1224458331842,0.2777021669060695,-0.758780053015705,-0.015184966271003186,-0.022383331494586156,-0.03742995898872614,32.57267732475363,-3.773031632970401,0.00788198055049561,-0.030306465817755642,-0.0036060122228260827,-0.040231282987734374,-0.10893164276663903,-0.05092297932573316,58663210.0,1.03938737754037,0.17424637801174359,0.03938737754036985,0.0,0.0
2026-03-13,399.1700134277344,400.2000122070313,389.9500122070313,391.2000122070313,58504100,-0.009645319015723963,-0.013938947460890194,-0.06202794414098656,399.5920013427735,404.82700042724616,420.64440002441404,405.0359272696685,416.7671938536113,0.018518405403328542,45.438220365751285,-7.034296215301367,-7.013743207283953,404.82700042724616,420.30356461339466,389.35043624109767,0.26032875252519466,-0.561394070645242,-0.00566013575260893,-0.015006334618812733,-0.02785977819896812,34.242694191672456,-4.789798601944426,0.007275383519457683,-0.035100548653899444,0.0010673871579225391,-0.034168165942018436,-0.10315933541920796,-0.045420038067767954,58491745.0,1.0002112263875869,-0.08665263696908576,0.00021122638758682956,0.0,0.0
2026-03-16,396.2200012207031,403.7300109863281,394.4200134277344,395.55999755859375,58068300,0.011145156481373153,-0.007825813119558322,-0.052414729673358806,398.816000366211,403.7330001831055,419.5611999511719,404.13345777337565,415.9355390969439,0.01877302183276794,42.27068624319183,-6.946813560556336,-7.00035727793843,403.7330001831055,418.53408106086704,388.93191930534397,0.18344756659756084,-0.7272320638670059,0.01017686501045656,-0.013622813252468724,-0.018657793095081088,36.028148943231336,-4.997001830970589,0.00771378439086907,-0.02491466320690624,0.0057970001329104015,-0.03375693657827772,-0.10152802085226864,-0.04316265243254532,58823455.0,0.9871623487603712,-0.13355337076556018,-0.012837651239628819,0.0,0.0
2026-03-17,395.6900024414063,400.1199951171875,393.0,399.2699890136719,46890500,0.00937908655570907,7.513971553607668e-05,-0.027664846051331793,399.50000000000006,403.1649993896485,418.78519958496094,403.6702702724515,415.28198811328616,0.01865822243382189,39.346567060494955,-6.503153318279146,-6.900916486006574,403.1649993896485,417.72152640319143,388.6084723761055,-0.004235294386084484,-0.7046368070281058,0.002630544991105488,-0.009436252312489346,-0.017661315055263138,31.82697245971748,-4.962744824744391,0.007734640747165877,-0.021996727333849463,0.009511392028025423,-0.010003530996068655,-0.07044892761622756,-0.023647022194756933,58184040.0,0.8058996934554562,-0.20871534475106612,-0.19410030654454383,0.0,0.0
2026-03-18,399.0,403.0700073242188,392.30999755859375,392.7799987792969,50853100,-0.016254640751756533,-0.03687903554217986,-0.045074414603683444,398.1839996337891,402.2379989624024,417.6073992919922,402.6331015588177,414.3995571590121,0.018939547205151612,40.45432721584139,-6.599166271735385,-6.840566443152336,402.2379989624024,416.96818109032085,387.50781683448395,0.12452871614035832,-0.830151743594873,-0.013953644515257158,-0.022030743716327184,-0.03622374278659779,29.21077395094501,-5.6220666125062735,0.008127977273032539,-0.0349035839799017,-0.014848291825852677,-0.008850671817085654,-0.09215501124062342,-0.03861799162785392,58430625.0,0.8703158660377157,-0.18712945513020318,-0.12968413396228434,0.0,0.0
2026-03-19,387.2699890136719,387.2699890136719,378.7300109863281,380.2999877929688,67078300,-0.03177353995904608,-0.037239618260266893,-0.07629157492899097,395.6589996337891,400.6674987792969,416.55419921875,400.5061383430226,413.06231914465747,0.02004069947046948,37.54624523952922,-7.594742353589311,-6.991401625239731,400.6674987792969,417.6682729846647,383.6667245739291,0.18845629979111997,-1.0115487084901142,-0.002464381043311259,-0.009398583515122905,-0.036056604081418975,29.96170071080192,-6.2039024960001825,0.008127144478710928,-0.036381813745460866,-0.02784103474514399,-0.040234970847571994,-0.07535789938506643,-0.047811301659260806,59233560.0,1.1324374222991156,0.10011677146577713,0.13243742229911556,0.0,0.0
2026-03-20,379.8500061035156,379.8900146484375,364.4599914550781,367.9599914550781,78628600,-0.032448058727281515,-0.05940700415841005,-0.10650287768707278,392.7819976806641,398.4744979858399,415.2851989746094,397.40650530607553,411.2936004117328,0.021005823983332502,32.44288862570461,-9.272589506171641,-7.447639201426114,398.4744979858399,420.10338985190504,376.84560611977474,0.2745390894289731,-1.1384950842492896,-0.014335696266852715,-0.018041526278676834,-0.05669722730982829,25.786487620336587,-7.33960795854091,0.008294388278684856,-0.04910609379000004,-0.041365477879733215,-0.04980565037724449,-0.09017352761247499,-0.0604482186231509,60269380.0,1.304619360610645,0.34398443869745887,0.3046193606106451,0.0,0.0
2026-03-23,373.0899963378906,385.3299865722656,372.7300109863281,380.8500061035156,74606000,0.035031022251806876,-0.03718776303435267,-0.04747012756963276,390.99899902343753,397.52549896240237,414.18619934082034,395.8296958582127,410.0997339682733,0.02206545436471579,44.36222558456585,-9.453208306112401,-7.848753022363372,397.52549896240237,420.5260296556102,374.5249682691945,0.181190418910993,-1.1538781102332787,0.010499991225476402,-0.0177274263067706,-0.036958588106276835,34.600361146635436,-7.603913135861603,0.00861768483934055,-0.03821213379902378,-0.019460336727582073,-0.010511539463355923,-0.07918682633707264,-0.03638623417600354,60515680.0,1.232837505915822,0.28479738514817887,0.23283750591582214,0.0,0.0
2026-03-24,376.55999755859375,387.4800109863281,376.30999755859375,383.0299987792969,60004900,0.005724019012326664,-0.04067420713110226,-0.06436564021014768,389.3779998779297,396.2079986572266,412.94659912109375,394.61067708879216,409.03817572556835,0.021295854835076664,37.46305540721583,-9.313087342686174,-8.141619886427932,396.2079986572266,419.367582471605,373.0484148428482,0.2393452476351064,-0.91564437253746,-0.0033568144771775055,-0.023593215080031094,-0.04711734348412977,29.22533306173233,-7.89938230244195,0.00834957687865645,-0.04034219516215894,-0.017080992051071164,-0.01724829672601791,-0.08293457273250404,-0.03908795383653104,60586950.0,0.9903931457186738,0.27968138535524245,-0.009606854281326259,0.0,0.0
2026-03-25,389.989990234375,396.2300109863281,385.010009765625,385.9500122070313,55157300,0.007623458833617258,-0.017388834954662036,-0.07534734582974789,387.1910003662109,394.63549957275393,411.6863995361328,393.7858518619578,408.1327575483709,0.02078662702448488,39.563374206055244,-8.86423836750231,-8.286143582642808,394.63549957275393,415.93245061739924,373.3385485281086,0.2852702938250173,-0.7127463822134974,0.0055726882440485515,-0.0042577713813233276,-0.049825092415489824,34.332990808012084,-7.751232060383245,0.00817701808520351,-0.03395973508102817,-0.013131063573338708,-0.025522253414258067,-0.08777415073354877,-0.04214248924038185,60604330.0,0.9101214385176769,0.08463987446193055,-0.08987856148232312,0.0,0.0
2026-03-26,381.6000061035156,384.4400024414063,371.8699951171875,372.1099853515625,55522900,-0.03585963575004303,-0.021535636876919506,-0.08926037108832463,384.9009979248047,392.8119995117188,410.1845989990234,391.7214836228725,406.7200998151627,0.021678319612336728,37.55558921184983,-9.515606829916976,-8.532036232097642,392.8119995117188,415.2940747663614,370.3299242570762,0.20430497284744786,-0.8055465681878422,-0.017858729983344035,-0.019624444039803568,-0.0615816156807617,33.04114948938849,-8.48014650493053,0.008852293487562784,-0.049904301119214824,-0.0019111928371159381,-0.027678755407562927,-0.10028355025897628,-0.04329116616788505,60700350.0,0.9147047751783969,-0.1722673353379558,-0.08529522482160318,0.0,0.0
2026-03-27,369.6900024414063,369.8599853515625,359.4700012207031,361.8299865722656,62065700,-0.027626237359861583,-0.0166594331589468,-0.10106586719929445,381.9639953613281,390.7779983520508,408.63719848632815,388.8746743799576,404.959703217402,0.022183425387943517,32.820514859123634,-10.737555165143988,-8.973140018706912,390.7779983520508,416.66824492192893,364.8877517821727,0.22591666510034913,-0.9381431109176183,-0.01705189415742525,-0.022326067713281827,-0.07313266451678635,23.603511611458785,-9.829832050415234,0.009381625089035006,-0.06460662463341464,0.005666634554335026,-0.027933202682508096,-0.09716154131837751,-0.03980936981551686,60959130.0,1.0181526540815133,-0.21064727084038126,0.018152654081513304,0.0,0.0
2026-03-30,365.8599853515625,367.2900085449219,352.1400146484375,355.2799987792969,67954400,-0.018102390725044493,-0.06713931184044353,-0.11911139460607956,377.9359954833984,388.3759979248047,406.97139831542967,385.67518146560894,403.0114795139469,0.022300675143031117,30.589904888866315,-12.095062942152481,-9.597524603396026,388.3759979248047,418.0101247097078,358.74187113990166,0.35928126314421893,-0.9214442374784959,-0.0033433906874337227,-0.035719747820619596,-0.07675642932637639,23.303309408114202,-10.943940199926601,0.009327515835065693,-0.06612536367455357,-0.03141956401982393,-0.04235496527970317,-0.10534072602362776,-0.05970508510771829,61602435.0,1.103112238988605,-0.08915636812052652,0.10311223898860492,0.0,-1.0
2026-03-31,361.510009765625,373.3299865722656,361.0,371.75,75534900,0.04635780589195071,-0.02944938729406532,-0.05269727865287488,375.1839965820312,387.34199829101567,405.65639831542967,384.34897370697956,401.7855391408509,0.024594298042652406,35.11103530089596,-11.706955684970296,-10.019410819710881,387.34199829101567,417.8118895994213,356.87210698261003,0.3697651341733627,-0.770452552417166,0.029067865784757174,-0.004347959688227765,-0.04147099396127474,37.77212038946866,-10.230450632851216,0.011803957543456912,-0.037858232915722115,-0.025101427605837556,-0.011226284691600141,-0.09311329276536684,-0.043147001687601515,62248315.0,1.2134448940505458,0.25881219700391145,0.21344489405054579,0.0,-1.0
2026-04-01,378.6300048828125,383.1400146484375,374.0799865722656,381.260009765625,58683800,0.025581734406523227,-0.012151839080368987,-0.06079714373392808,374.03199768066406,386.10799865722663,404.8965985107422,384.0547866649458,400.98061642025385,0.023968497033037522,44.16532376385803,-10.510837189521624,-10.117696093673029,386.10799865722663,415.38208468912774,356.8339126253255,0.34181600485566405,-0.7102115909204654,0.00753449141030349,-0.002405511023892415,-0.04101494631121083,45.17880868651549,-9.16498522742313,0.011823878459397823,-0.030020777870739954,-0.009746328056476572,-0.01978219742271725,-0.06028486594811677,-0.029937797142436866,61767230.0,0.9500798400705358,0.06393532678358071,-0.04992015992946421,0.0,-1.0
2026-04-02,364.2000122070313,370.2799987792969,359.0299987792969,360.5899963378906,83031200,-0.05421500524128142,-0.030958559208745795,-0.11086177489427029,372.0609985351563,383.8599990844727,403.4795983886719,381.8200447290358,399.396670534671,0.026564064263315187,38.63686673486808,-11.102815653823882,-10.314720005703201,383.8599990844727,413.74653890284935,353.97345926609603,0.16380272185116976,-0.6567273898826671,0.0009004595313388819,0.016648839555621242,-0.03476961248967114,47.41981315279363,-8.178828661194757,0.011810209392754728,-0.028350397862861594,-0.04760739876436704,-0.07609216240459915,-0.12368801003475238,-0.08246252373457286,63322495.0,1.3112433425120094,0.49544061999643385,0.31124334251200936,0.0,-1.0
2026-04-06,362.5899963378906,367.7200012207031,346.6400146484375,352.82000732421875,77697600,-0.021547988276388597,-0.024901140265906063,-0.11067981359147183,370.5470001220703,381.6644989013672,401.548798828125,379.05813640476754,397.5701347224964,0.026557664844954695,34.52571364578699,-12.059916814651842,-10.66375936749293,381.6644989013672,413.92712011846646,349.40187768426796,0.1631524315512481,-0.6547408406114509,0.004726845083763864,0.03917427080161762,-0.017327096572662293,45.221077613596286,-7.0663343056532995,0.011574662397954101,-0.022941899053995678,-0.06407541106752368,-0.09335271701880954,-0.1738355143603879,-0.11042121414890704,64004645.0,1.2139368947363116,0.25186052844002393,0.21393689473631172,0.0,-1.0
2026-04-07,346.44000244140625,348.0199890136719,337.239990234375,346.6499938964844,74515400,-0.017487708462248674,-0.02429071411974848,-0.13050566804241237,367.1269989013672,379.0629989624024,399.5005987548828,375.9716466420739,395.57326645480964,0.026567194210588254,31.282024334512414,-13.164542250394447,-11.163915944073233,379.0629989624024,413.84138593126795,344.2846119935368,0.2947145127616348,-0.6108535290913277,0.0004400005646272298,0.043119062627389404,-0.025431899005892045,44.27840815256304,-6.091125037945858,0.011360130869321044,-0.021695789244191157,-0.06740977674713788,-0.10507376903652033,-0.18712491162805855,-0.11986948580390559,64379470.0,1.1574404076330544,0.0965500394382115,0.15744040763305445,0.0,-1.0
2026-04-08,363.7900085449219,364.5,339.6700134277344,343.25,78838600,-0.009808146419583275,-0.07666442501681237,-0.14024143774150954,363.1489990234375,376.26349945068364,397.6615985107422,372.8552993428288,393.52137365266026,0.02650692229495366,31.98516899771697,-14.151190839936305,-11.761370923245847,376.26349945068364,413.1531297674492,339.3738691339181,0.36551242593592914,-0.5502086985066583,0.02546963651219092,0.03947170206866124,0.0009986166518081152,58.845453605356916,-3.9217187714142483,0.012830594665823421,0.003663137763865998,-0.1161361270854736,-0.14124005439331766,-0.18981092346817896,-0.14906236831565675,65358465.0,1.206249259372906,0.04373739820930456,0.20624925937290603,0.0,0.0
2026-04-09,343.1499938964844,348.8800048828125,337.25,345.6199951171875,62164000,0.006904574267115882,-0.09347955131813268,-0.1525182950565297,359.1159973144531,373.153498840332,395.95599853515625,370.2614608451487,391.64288821989663,0.025869185408887694,36.38505808145435,-14.573879545016212,-12.323872647599922,373.153498840332,409.3220574777015,336.98494020296255,0.4169657815310827,-0.29565891834680935,0.005769017699185586,0.037650265701868246,0.008038619485838616,61.5454572335968,-1.8670447242081991,0.012886761682234366,0.009863679173581339,-0.13112981702000093,-0.1605569145423683,-0.17817967896945264,-0.15662213684394063,65338670.0,0.9514120810846012,0.05930427136620331,-0.0485879189153988,0.0,0.0
2026-04-10,346.2900085449219,350.3599853515625,342.739990234375,348.95001220703125,51336000,0.009634908676839249,-0.032280385615445994,-0.11660463385705833,356.8,370.85049896240236,394.3057989501953,368.2317990700899,389.9686577880195,0.025533598750533845,41.968750115906595,-14.4733194230825,-12.753762002696439,370.85049896240236,407.02495211048665,334.67604581431806,0.22963356353793749,-0.3018013178962923,-0.0006617754265585418,0.03603067056259723,0.022904291462767512,67.98232832532167,-0.27178153398278937,0.012355908650992778,0.009617234444440768,-0.06831105617804323,-0.13950892531982584,-0.17095260516815225,-0.12625752888867378,64856780.0,0.7915286574510791,-0.3817263871893939,-0.20847134254892086,0.0,0.0
2026-04-13,350.07000732421875,356.3500061035156,348.57000732421875,352.4200134277344,53617500,0.009944121218842028,-0.0011337052553167526,-0.09913087313191016,355.8590026855469,368.9114990234375,393.02299926757814,366.7259147231989,388.49616193075343,0.02575588749455249,36.95034486920816,-13.952785675493317,-12.993566737255815,368.9114990234375,404.64794137032254,333.17505667655246,0.11063045830083311,-0.43459536445459807,0.009772447246481741,0.04123347629791807,0.038780206676197526,67.91883353339713,1.509490255131709,0.012386454668956267,0.019666988566628577,-0.04236718155323482,-0.13791107980810768,-0.14523489411635604,-0.10850438515923284,64612450.0,0.8298323310755126,-0.3099207697535059,-0.17016766892448745,0.0,0.0
2026-04-14,357.6700134277344,367.6300048828125,354.7699890136719,364.2000122070313,59979600,0.033426021027357145,0.050627487724080655,-0.07927997154696398,356.7510040283203,367.3434997558594,391.69879943847656,366.485352578802,387.54337174550943,0.02694059038884677,42.05687290906716,-12.446238982874263,-12.884101186379505,367.3434997558594,400.83843709503776,333.84856241668103,0.11465123378838153,-0.6967243420767579,0.012184877209840739,0.05345725656568434,0.04084507610622845,72.46412234189624,3.5530558315250573,0.012464314093028901,0.031957320162248636,-0.002829768841603686,-0.12012504765319243,-0.1601693278084727,-0.09437471476775627,64708015.0,0.9269269038773635,-0.19507108597685852,-0.07307309612263643,0.0,0.0
2026-04-15,366.8299865722656,394.6499938964844,362.5,391.9500122070313,113810400,0.07619439612820589,0.14187913243126382,-0.018333400976926262,358.77100524902346,366.97750091552734,391.10159973144533,368.910558257681,387.71618117537304,0.032272755133394504,52.09263324637495,-8.910383437570147,-12.089357636617635,366.97750091552734,399.13689690879653,334.81810492225816,0.606157634144055,0.16426345490126742,0.007890969227043909,0.035398823675095725,0.046305997570829316,73.00473176272735,5.549674030717256,0.012531926129415581,0.03990192498513748,0.1064803087561681,-0.06463939854775558,-0.08005313294860272,-0.012737407580063401,68054010.0,1.672354061134678,0.44358727831290756,0.6723540611346782,0.0,0.0
2026-04-16,393.80999755859375,394.05999755859375,381.7999877929688,388.8999938964844,63515100,-0.007781651270713286,0.12522423294584617,-0.009878315838054319,359.5350036621094,366.7835006713867,390.4403997802734,370.8143140328051,387.76260520365196,0.03210935879387516,56.33250499226122,-6.2818897167336445,-10.927864052640837,366.7835006713867,398.3284598856566,335.2385414571168,0.5777690598403301,0.19706625543973189,0.002457347646937613,0.03198959231465692,0.06371990456402621,83.78929792107975,7.187586969371068,0.011931811307697762,0.04202360035402312,0.09323464063118925,-0.07359822040208053,-0.09871939394484697,-0.026360991238579417,68687110.0,0.9247018836576469,0.021734444372949024,-0.07529811634235303,0.0,0.0
2026-04-17,395.9200134277344,409.2799987792969,391.6499938964844,400.6199951171875,90640000,0.03013628543234881,0.14807273564300827,0.05343152242034965,363.5380035400391,367.7995010375977,390.33259948730466,373.6529503265558,388.2668165728102,0.031869485041435885,64.47279936820205,-3.2160111803329414,-9.385493478179258,367.7995010375977,402.3438095598489,333.25519251534644,0.3734690254094531,0.040343763300048,0.012085686101644066,0.04515355152491507,0.07923533653528714,96.83463494653176,9.063674618772211,0.012014077232053326,0.0538090416130781,0.1029191841180932,-0.025803814114937484,-0.051004799403790324,0.008703523533121796,69865195.0,1.2973555716834397,0.7656225650615553,0.2973555716834398,0.0,0.0
2026-04-20,402.5799865722656,406.7999877929688,388.3299865722656,392.5,64603900,-0.02026857175416885,0.11372789582077525,0.06669205651375232,367.50600280761716,369.02650146484376,390.23839965820315,375.4479074383124,388.4328237660334,0.031265429047566934,63.7262089295882,-1.4250687901612196,-7.793408540575651,369.02650146484376,405.29508213862596,332.75792079106157,0.39207169400059194,0.18621736378882026,-0.0019997351150194964,0.03296888730886072,0.09274237451440559,97.6766816518636,10.317261526805169,0.011326195866155029,0.05067436757865463,0.08075900851191453,-0.026050318000653272,-0.06060989548310991,-0.00196706832394955,69163960.0,0.9340688416337063,0.20490324987177688,-0.06593115836629367,0.0,0.0
2026-04-21,393.0,393.9500122070313,385.2200012207031,386.4200134277344,50530600,-0.015490411649084379,0.06101043513439541,0.014625199514122666,371.4830047607422,369.3050018310547,389.7446002197266,376.49286991349544,388.3538900272765,0.030634801339339403,55.85909799101183,-0.4906818715446093,-6.332863206769443,369.3050018310547,406.0384226722666,332.5715809898428,0.615341590365037,0.6292336440967292,-0.006546892848539487,0.013852482677457534,0.07430808184457471,90.24871123618597,10.812656436684165,0.011491521172253159,0.04332115081860897,0.04715795245693788,-0.05968288233045205,-0.08233088478886474,-0.031618604887459635,67960190.0,0.7435323532791771,-0.15753689587793185,-0.2564676467208229,0.0,0.0
2026-04-22,387.5700073242188,393.010009765625,385.2999877929688,387.510009765625,62362800,0.0028207553957204645,-0.011327981383149055,0.01169624050493634,375.9090057373047,369.5290023803711,389.14840026855467,377.542121327984,388.3207966836824,0.03061894573801467,52.676200625100535,0.3339307426054461,-4.999504416894466,369.5290023803711,406.6672313140245,332.3907734467177,0.6319177725186014,0.6524579717362503,0.01012671209511895,0.01610144960605764,0.08884233219495008,90.56391232357112,11.644879843738977,0.01145411118391646,0.05328877947672785,-0.027429430989206693,-0.07714609169001374,-0.099103144726857,-0.06789288913535914,68078085.0,0.9160480938910076,-0.452046561649902,-0.08395190610899235,0.0,0.0
2026-04-23,375.2799987792969,386.0,368.3900146484375,373.7200012207031,93969500,-0.03558619957523779,-0.03903315226027437,-0.03168806995598117,378.71900634765626,368.91750183105466,388.1186004638672,377.1781098891953,387.7482164694479,0.03163616209255291,55.97415739234612,-0.12386838371065778,-4.024377210257704,368.91750183105466,405.31259831591603,332.5224053461933,0.7097700457793908,0.4692487478579569,-0.0038807408683984024,0.009677095549218029,0.07860608182501339,86.97304728142623,11.94459461956535,0.01159419163261792,0.04863547481552919,-0.0487102478094924,-0.11029415178099455,-0.1474827670246166,-0.10216238887170119,70018695.0,1.3420630018882813,0.47948283164160954,0.3420630018882814,0.0,0.0
2026-04-24,373.5,382.760009765625,370.7300109863281,376.2999877929688,62893300,0.0069035282132037246,-0.060705924868040384,0.011260118261668506,381.45400390625,369.127001953125,387.07920043945313,377.0944792133642,387.2992663252723,0.03059393225663579,61.21297885103473,-0.27532041270961827,-3.274565850748087,369.127001953125,405.6474960427164,332.6065078635336,0.6379912134158996,0.6639467623729651,0.007749309237231605,0.005351038518877527,0.10672931387945894,87.39635556002797,12.480116374681756,0.010425208145829106,0.056015621933823416,-0.06605696338691791,-0.09546919561779044,-0.1559312944747574,-0.10581915115982192,70387215.0,0.8935330087999646,-0.30611981465136806,-0.1064669912000354,0.0,0.0
2026-04-27,372.0899963378906,380.7799987792969,364.0199890136719,378.6700134277344,66735800,0.0062982346841571335,-0.03523563457902068,0.04654126932651392,384.07900390625,369.96900329589846,386.31120056152344,377.24453009092326,386.96086425085906,0.029854811829506396,65.86720107291892,-0.20177998122943563,-2.660008676844357,369.96900329589846,406.55758112218575,333.38042546961117,0.5488353770001396,0.8542306703288969,0.001722787837563633,0.009100979724274927,0.1278682639411286,87.55540913221378,12.85532607011146,0.009080897450863266,0.05671717574509034,-0.04433661430329561,-0.08132699461461468,-0.14469771671521514,-0.09012044187770847,70620720.0,0.9449889494188108,0.032999555754373855,-0.05501105058118921,0.0,0.0
2026-04-28,374.6799926757813,382.2900085449219,372.5400085449219,376.0199890136719,50864400,-0.006998242057971282,-0.02691378306679615,0.05837646449458278,385.26100158691406,371.00600280761716,385.48280029296876,377.127907131185,386.531810319989,0.02954936325154053,66.36044484321985,-0.35326130604931905,-2.1986592026853495,371.00600280761716,407.012666941199,334.99933867403536,0.5217193221514271,0.9704889695812305,-0.004865992267119479,0.010808356158371168,0.12614520909524884,79.15984859095519,12.725899917850597,0.009169943451942003,0.05058802063247048,-0.03772213922516732,-0.06776874460066606,-0.14599120891317008,-0.08382736424633448,69766220.0,0.7290691684313698,0.006605898208214445,-0.2709308315686302,0.0,0.0
2026-04-29,375.3999938964844,376.3999938964844,370.0400085449219,372.7999877929688,45384800,-0.008563377785179349,-0.037960366447187144,0.002824445979741297,383.3459991455078,371.0585021972656,384.72619995117185,376.71572433706916,385.9933074757921,0.027834747241593193,63.45543377867511,-0.7247836800690948,-1.9038840981620986,371.0585021972656,407.0727948899199,335.04420950461133,0.7324868325443582,2.052216751764137,-0.00015450932498595193,0.0005201968625916376,0.09416613480637692,77.59198855928784,12.470723745585701,0.007471200657275167,0.049477883406177266,-0.03848056330977878,-0.09134168882663563,-0.13704641398015127,-0.08895622203885523,68258715.0,0.6648938527483267,-0.2722456336149115,-0.33510614725167326,0.0,0.0
2026-04-30,372.75,384.75,368.1700134277344,381.6300048828125,51076000,0.023685668935019777,0.021165588237912036,0.0009704535165251382,382.61900024414064,371.077001953125,384.13239990234376,377.18375105571135,385.82219757018504,0.027747935396436687,65.34271076459639,-0.3032139923754471,-1.5837500770047683,371.077001953125,407.11373215927557,335.0402717469744,0.74170249910493,2.121941206222391,0.009949633527564838,0.014411675002865554,0.09678894001848737,80.61542253692264,12.69201477074887,0.007541403437119451,0.058850410765949296,0.0067539132350464826,-0.09581848650196223,-0.12220872970690666,-0.07042443432460747,67878325.0,0.7524640597716576,-0.4564619371178946,-0.2475359402283424,0.0,0.0
2026-05-01,382.489990234375,397.8200073242188,378.7999877929688,390.8200073242188,65338300,0.024080922159745555,0.038586287542583086,0.08383485757602993,381.6390014648438,372.58850250244143,383.71460021972655,378.4824421289025,386.01819010955893,0.02502515563185995,67.10923746867233,0.7636366869539302,-1.1142727242130288,372.58850250244143,409.30271725959716,335.8742877452857,1.1428621165820874,2.349832739098112,0.0027690952923506984,0.009398536196029594,0.09883659522344179,79.09719350152595,12.879094126008908,0.007503898214851219,0.06059378788802979,0.029187751346553492,-0.015001737647411861,-0.106457959606027,-0.030757315302295123,66993680.0,0.9752905050148014,0.03887536510248313,-0.024709494985198605,0.0,0.0
2026-05-04,390.2300109863281,394.6400146484375,384.7999877929688,392.510009765625,48765100,0.004324247504565948,0.036548963073707696,0.11249362739492752,381.64000244140624,374.57300262451173,383.3284002685547,379.8184009514475,386.27277127254195,0.024274783512134794,63.85977639701695,1.725600955977086,-0.5462979881750059,374.57300262451173,411.07820822359787,338.0677970254256,1.1451495558496207,2.694295584607179,-0.0036633921467564834,0.003971084352194065,0.08966046963606056,71.94776574605889,12.668836955928668,0.007736210370031722,0.05576192440095456,0.03257787872151363,0.022833157758866962,-0.09118808863961902,-0.011925684053079477,65547055.0,0.743970877105005,-0.26928125533821423,-0.2560291228949951,0.0,0.0
2026-05-05,395.1900024414063,402.1199951171875,389.0,389.3699951171875,47780600,-0.007999833304410453,0.03550344793779092,0.1232366997631047,381.93500061035155,376.70900268554686,383.11920043945315,380.7280765862798,386.3942310311555,0.023889106670394067,48.3359040105952,2.209126198145782,0.0047868490891517235,376.70900268554686,411.283101038559,342.13490433253475,1.1773928155250464,2.932323621162258,0.008022228723942426,0.016973756457879352,0.09791889022330658,72.09345071422808,12.818041028928633,0.007721279667302493,0.06287997316263472,0.01852969147991157,0.02531780953979812,-0.08969753841506756,-0.015283345798452622,64210315.0,0.744126547268924,-0.0606278654618948,-0.255873452731076,0.0,0.0
2026-05-06,386.25,401.6799926757813,384.0199890136719,398.7300109863281,53465400,0.024038873016714035,0.06955478552150418,0.16163149595434279,383.0570007324219,379.4830032348633,382.90620056152346,382.44254652914157,386.877987107829,0.023902251791663463,55.86306090490841,3.309449221335967,0.6657193235385148,379.4830032348633,411.56683316868816,347.39917330103845,0.9809943095176202,2.5423848553697836,0.013899399692774095,0.03126842176367539,0.08553121815960618,75.83103954517608,13.589306778857008,0.006405303179947912,0.07612512641805741,0.03828636375782879,0.0761002777947366,-0.09655271533432519,0.005944642072746735,62941655.0,0.8494438222191647,0.17804639438754832,-0.15055617778083527,0.0,0.0
2026-05-07,407.4800109863281,415.8299865722656,402.1199951171875,411.7900085449219,64294200,0.03275398690529352,0.07902943499259352,0.19145308246792392,386.86400146484374,382.79150390625,382.7940008544922,385.23754291159685,387.8549291249699,0.024542433436110858,56.55747542921615,5.1756343100328195,1.567702320837376,382.79150390625,413.8012932596729,351.7817145528271,0.7920825520630043,1.7806657535156847,-0.0030660824190705815,0.01797796014379438,0.07599545316271583,69.12917665881571,13.859686287775844,0.006588458532323194,0.07155853949347507,0.06105147484879914,0.11545762930520809,-0.07176526401658223,0.03491461337914167,63048165.0,1.0197632238781256,0.2587947372542878,0.01976322387812556,0.0,0.0
2026-05-08,416.4800109863281,431.2000122070313,416.3900146484375,428.3500061035156,65050000,0.040214665764012114,0.0960288574688104,0.2275397366926486,392.0690032958984,386.7615036010742,383.1894012451172,389.3434917870177,389.44297135942264,0.02551236527085256,69.14858275397297,7.899788993201241,2.8341196553101495,386.7615036010742,419.7933734758809,353.7296337262675,0.6114217219291354,0.9662563053557769,0.00825609701116825,0.02354818248436108,0.08559739768852936,73.82139375149264,14.39416185055643,0.006580235534075562,0.0788190261561161,0.07248067498444932,0.14194233900411923,-0.02463548706501939,0.0632625089745164,63733865.0,1.0206504814983368,-0.00441241966809669,0.020650481498336874,0.0,0.0
2026-05-11,422.1600036621094,449.1600036621094,416.7999877929688,445.0,78376100,0.038870068073398656,0.13372904875908187,0.2626978691471211,398.702001953125,391.3905029296875,384.03920104980466,394.6441116168255,391.62167836493546,0.026281151918723263,78.11477211992855,11.272276773828253,4.52175107901377,391.3905029296875,429.68734311834874,353.09366274102626,0.4484213079186156,0.41149399377119983,0.002277563042387465,0.029651394830609856,0.07753971418753025,80.51991297473788,14.782545296122407,0.006454529294233056,0.07953369274370051,0.10407765392847201,0.18515815495959087,0.024906812946122736,0.10471420727806187,64971795.0,1.2063095994192556,0.6072170466173554,0.2063095994192557,0.0,0.0
2026-05-12,441.4100036621094,447.7999877929688,422.260009765625,433.4500122070313,60569300,-0.02595502874824429,0.11320856163191828,0.19014277231993737,404.445004272461,394.8530029296875,384.641801147461,398.3399116730356,393.26200518227256,0.027081528934820753,70.03662425546123,12.864713737856675,6.190343610782351,394.8530029296875,435.2626923878059,354.44331347156907,0.5864048464777109,0.4354729794219582,-0.0015149526145865622,0.019909573878506448,0.06295531261642195,76.08818151340007,14.82925676430068,0.006236733276324892,0.07621142597250948,0.09329898775341183,0.12718745970351542,-0.0037005546905866105,0.07226196425544688,65001280.0,0.9318170349876187,0.2676546548180643,-0.06818296501238129,0.0,0.0
2026-05-13,436.6700134277344,453.3999938964844,430.2099914550781,445.2699890136719,68283200,0.027269526989873283,0.11672052954383605,0.13603769650726916,411.69200439453124,397.51900177001954,385.6986010742188,402.8094428483343,395.3015339599745,0.0225271680693725,81.75200135929967,14.908647244245117,7.934004337474905,397.51900177001954,443.73992069391954,351.29808284611954,-0.13311008874349473,-1.0654836007093051,0.00559483781461112,0.01155578437141025,0.06053373611873525,81.90727710899831,15.025471579483906,0.00616413969744496,0.08022206857871228,0.1051647451724258,0.07550396038853391,0.040565674387972095,0.0737447933163106,62724920.0,1.0886135845211122,0.27714746359327713,0.08861358452111218,0.0,1.0
2026-05-14,446.489990234375,451.9800109863281,441.1600036621094,443.2999877929688,46070400,-0.004424284747029272,0.07651953324314209,0.1398817041662499,417.8590026855469,400.23900146484374,386.44580078125006,406.66568522401377,397.1838262671508,0.02242634626476087,79.89468362698435,16.182969441111652,9.583797358202254,400.23900146484374,450.5463030422883,349.9316998873992,-0.15133915307081416,-1.0236317014761154,0.0078943149045545,0.02267693605077592,0.06628568877029761,82.03257868512827,15.474236159383963,0.006259908000318189,0.08669686176268948,0.05384259719236617,0.07359601539595229,-0.002960727193273227,0.04149262846501508,61852685.0,0.7448407453936721,-0.2834439187360601,-0.25515925460632793,0.0,1.0
2026-05-15,433.9800109863281,434.6600036621094,422.0,422.239990234375,52688700,-0.04750732717915007,-0.014264073262704846,0.0539663406237707,421.0010009765625,401.32000122070315,386.7796008300782,408.1489523678577,398.1664209325321,0.024772668049184526,66.66155511226358,15.316948913286126,10.73042766921903,401.32000122070315,452.58185520949564,350.05814723191065,-0.2505590555445348,-0.6344499014484166,-0.012029343756796207,0.0021013576114108368,0.04087923200934207,69.60786860832619,14.933384364264612,0.006766884134468462,0.0717654123364655,-0.016365430874115683,0.013087108614428633,-0.04673364412216774,-0.016670655460618262,59955120.0,0.8788023441534267,-0.19002767102229057,-0.12119765584657324,0.0,1.0
2026-05-18,419.2699890136719,421.1300048828125,405.3299865722656,409.989990234375,52474200,-0.029011937010514632,-0.07867417924859554,0.04456048467356677,422.7489990234375,402.1945007324219,387.04480041503916,408.324289307526,398.63009031691814,0.02527552564794819,62.10188803919964,13.486682700165943,11.281678675408411,402.1945007324219,453.41954652530353,350.96945493954024,-0.2510185051698564,-0.7498253447467383,-0.0007035093177317764,-0.0008791906612106715,0.04223114999961153,73.14563035667081,14.298083138242987,0.006732406813278397,0.06890046405645378,-0.07779498858738487,0.002329334673955241,-0.06813741685797914,-0.047867690257136254,59348635.0,0.884168608090144,-0.33048212401484633,-0.11583139190985606,0.0,1.0
2026-05-19,403.1600036621094,405.6300048828125,393.6300048828125,404.1099853515625,46500600,-0.014341825466156255,-0.06768952827126684,0.04577912972702802,424.222998046875,403.0789993286133,387.1534002685548,407.9229270260057,398.844988161414,0.02523380113000352,60.94678533091554,11.429958836554931,11.311334707637716,403.0789993286133,453.765264736119,352.3927339211076,-0.2560526880309763,-0.7328122922836977,-0.0066607880874933745,-0.006028302624256798,0.042111662562288155,67.56541663181025,13.245929487451804,0.006740142394251852,0.06002260223179286,-0.06166122564701004,0.0036674671647398682,-0.07110129300195145,-0.043031683828073874,59147135.0,0.7861851634910128,-0.23227443605919174,-0.21381483650898728,0.0,1.0
2026-05-20,407.6000061035156,417.4599914550781,406.3900146484375,417.260009765625,45294700,0.0325407064678751,-0.06290560769678744,0.07677221039527082,426.0759979248047,404.5664993286133,387.51380065917976,408.8121730012075,399.56714587138305,0.02611083080695179,62.09190278030687,10.737314351525015,11.196530636415176,404.5664993286133,455.07479489648114,354.05820376074547,-0.3323572119363115,-0.8986810115694478,0.010248994582563453,-0.0014279408000573701,0.04223781703852092,67.79021306431177,12.868985974376983,0.006747871086028355,0.06885110387194328,-0.061477666896730065,0.034534393356749904,-0.05246657878386274,-0.0264699507746143,58293730.0,0.7770080933232442,-0.3366640696393842,-0.2229919066767558,0.0,1.0
2026-05-21,422.1799926757813,426.9500122070313,412.8999938964844,417.8500061035156,42636900,0.0014139776735901943,-0.05741029187968061,0.11808306951372183,426.68199768066404,406.7729995727539,387.7144006347657,409.67291901095115,400.2841207824471,0.024411722908631504,59.74194356736298,10.119346849164913,10.981093878965124,406.7729995727539,455.42912887936404,358.1168702661438,-0.40996317300564034,-0.4779983779909965,0.0019830877010671433,-0.007284493648601065,0.048373130487892047,67.5241897951522,12.543965497633849,0.006600468965440286,0.06886746302531534,-0.050125798231079544,0.06970993902582978,-0.07656695365217137,-0.018994270952473708,55727100.0,0.7651017189123425,-0.074527245259429,-0.23489828108765753,0.0,1.0
2026-05-22,422.6700134277344,431.510009765625,420.510009765625,426.010009765625,46104700,0.019528547428303344,0.008928617891349688,0.13210210891637186,426.447998046875,409.25850067138674,388.3344006347657,411.2288324161582,401.2929791739443,0.024602082901663165,61.53581169642208,10.17080454715176,10.819036012602453,409.25850067138674,456.4158937195857,362.1011076231878,-0.4760865631419934,-0.509869205636454,0.003931549076803931,0.008753053328125482,0.04440147093511215,71.84191557239926,12.378707754886705,0.006491485144768691,0.07056173442564498,0.00017556456322420644,0.08770063798125971,-0.044057051501038336,0.014606383681148527,54887670.0,0.8399828231003429,-0.12496038049904434,-0.16001717689965705,0.0,1.0
2026-05-26,430.260009765625,435.2000122070313,426.1199951171875,433.5899963378906,45658900,0.017792977626126305,0.05756239582830891,0.1450338842862644,425.30699768066404,412.0044998168945,389.18220031738286,413.35846707537075,402.55952886664807,0.02473078336090917,64.77546307539563,10.699885096385913,10.795205829359146,412.0044998168945,458.044984448089,365.9640151857,-0.5406207597793878,-0.5116772137860718,0.006638641352187502,0.016164684385910455,0.0495267657810623,71.47663436222787,12.502024457940365,0.0065653288146936455,0.07488769491682076,0.041397711442398455,0.0955071185052021,-0.028061632270473202,0.036281065892375786,53833825.0,0.8481451949587457,-0.129879064378304,-0.15185480504125426,0.0,1.0
2026-05-27,442.8900146484375,445.6000061035156,435.5199890136719,440.3599853515625,44656500,0.015613803526030035,0.08970330185843767,0.17110791505169498,425.9979949951172,415.22149963378905,390.0782000732423,415.9300402445319,404.04189970919373,0.024569376509430887,64.15504469318125,11.53252698537932,10.94267006056318,415.22149963378905,459.6378701455461,370.805129122032,-0.6913879955262235,-0.29832362266278084,-0.0001732421647460125,0.022801304561545166,0.0544760156301185,65.83507550849772,12.445820479909457,0.0063714597916544715,0.07214501791583587,0.0669019972968925,0.11663189942157648,-0.011519781099211368,0.057338038539752535,53523430.0,0.83433554239704,-0.03965755280577021,-0.16566445760296006,0.0,1.0
2026-05-28,437.6199951171875,443.9599914550781,436.2999877929688,442.1000061035156,32435000,0.003951359818862743,0.059531217362150946,0.18589061314302402,425.6809967041016,418.6865005493164,390.93480041503915,418.42241794538745,405.5343744697554,0.024277165174862402,61.16554995321977,12.192262006992848,11.192588449849115,418.6865005493164,459.8629147770835,377.5100863215493,-0.7835993181734502,-0.06153959989937219,0.005516578600909927,0.018010088469552876,0.060456965943100904,71.15804272629703,12.589358833221468,0.0063650984840895935,0.07542811831761632,0.04152112889259807,0.12543364719992312,-0.020743717672298878,0.04873701947340744,52875940.0,0.6134169907901401,-0.2839118042508285,-0.3865830092098599,0.0,1.0
2026-05-29,439.8500061035156,441.0700073242188,428.1400146484375,435.7900085449219,45176800,-0.014272783242432974,0.0429340724646583,0.14191757191298504,424.92999877929685,421.3945007324219,391.7950006103516,420.0764741929621,406.72086992368355,0.024537991262033904,52.96461730340685,12.066843634557301,11.367439486790753,421.3945007324219,459.303788543026,383.4852129218178,-0.5623419791310976,-0.42408968220588256,0.0024914048034492264,0.018526536246684433,0.05262575303750272,68.76986860729708,12.707936436586124,0.006148755102119547,0.07513943341708682,0.02440753621797387,0.08929181887548232,-0.03732576646677743,0.025457862875559584,52580980.0,0.8591852034709129,0.05957046595789084,-0.14081479652908713,0.0,1.0
2026-06-01,427.489990234375,429.6000061035156,415.4299926757813,415.8800048828125,44937900,-0.045687150397476395,-0.023778795452214063,0.06412158305345983,424.29400024414065,422.6475006103516,392.5066009521485,419.6768104491383,407.08005168678665,0.02682608360478639,38.690384753406065,10.242805088981584,11.14251260722892,422.6475006103516,457.8626344066541,387.4323668140491,-0.4512206342834758,-0.7297801678048833,0.0027231134609038143,0.017300532598057305,0.05257748503624504,69.00431318109646,12.819926023990547,0.006148691485703541,0.0749950988623147,-0.04107932805027137,0.011544098017214788,-0.05923338575199755,-0.029589538595018044,51560960.0,0.8715489393525644,-0.02530761505876844,-0.12845106064743558,0.0,1.0
2026-06-02,418.2200012207031,424.4200134277344,413.6499938964844,423.739990234375,37596000,0.018899647156100485,-0.022717327859749892,0.07956480011146216,425.66900024414065,424.20899963378906,393.62220092773447,420.0637799524942,407.7333826102215,0.027047986176962975,46.11754380910256,9.323995315347645,10.778809148852666,424.20899963378906,456.4406004221074,391.9773988454707,-0.5191565115187673,-0.7500305410343697,0.0013579397972762752,0.01196390008305026,0.057882259454370866,71.16564415201101,12.843529347137633,0.0059804116108523745,0.07307879819443835,-0.03468122794280015,0.021682540657091298,-0.019553197585545856,-0.010850628290418237,51002505.0,0.7371402639929157,-0.17658988718519286,-0.26285973600708434,0.0,1.0
2026-06-03,418.7000122070313,433.6000061035156,416.0,423.7000122070313,44500700,-9.434565598021027e-05,-0.03783262262403486,0.08816811136027991,427.6280029296875,425.9255004882813,394.4792010498048,420.4100877862596,408.3595249473513,0.0269180089181338,40.47851200225196,8.494684620828252,10.321984243247783,425.9255004882813,453.6923370246078,398.15866395195474,-0.5704764810721085,-0.6591367436074932,-0.00701718232049986,0.0050368796590851694,0.04209895063121327,61.531000055462485,12.291561057853528,0.006233913185296847,0.06258072397797448,-0.04286950228312003,0.04606916072906664,-0.038332267694795474,-0.01171086974961629,50838510.0,0.8753344659393046,-0.003488853806276837,-0.12466553406069533,0.0,1.0
2026-06-04,419.8399963378906,426.3500061035156,417.1600036621094,418.4500122070313,35323300,-0.012390842220308285,-0.05349466991626051,0.049457027756506955,427.74700317382815,426.91150054931643,395.18760131835944,420.22341392157125,408.75523033008386,0.026764063282957298,39.339348691698596,7.329330833146912,9.72345356122761,426.91150054931643,451.87075621783873,401.9522448807941,-0.3905360874932623,-0.7703132664902553,0.0037786857621391334,0.0032998159119213,0.03169674961408164,59.15433694193702,11.945801580591478,0.005603038112924388,0.06348223101771285,-0.05679448582818181,0.017760278142425312,-0.0666100640834213,-0.035214757256392594,49931405.0,0.7074365321784957,0.08904886696469871,-0.29256346782150433,0.0,1.0
2026-06-05,420.5,424.6799926757813,388.5899963378906,391.0,63420200,-0.06559926253138737,-0.10277887897079874,-0.05048691836497998,425.06200256347654,425.8720001220703,395.28860107421883,417.4402316433264,408.0589467877276,0.029823437818333118,37.29461947924288,4.143034660093235,8.607369781000735,425.8720001220703,454.88541348192433,396.85858676221625,-0.4910580347092804,-0.4484816310699192,-0.025809371248925683,-0.02502378194384225,0.008160408089829208,48.63314001805482,9.984030463273143,0.008268682146931394,0.03368998868660464,-0.07775509702695649,-0.05864732645480919,-0.10982586915607384,-0.08207609754594651,49887705.0,1.2712591208595385,0.4038223158789467,0.27125912085953846,0.0,1.0
2026-06-08,396.3299865722656,412.9400024414063,394.7200012207031,408.9500122070313,50328800,0.045907959608775695,-0.016663442806619022,-0.04529005164014421,423.3560028076172,424.9020004272461,396.0254016113282,416.6316393160602,408.0938905296611,0.03027296971437002,49.59577972527729,3.0313445050127825,7.4921647258031445,424.9020004272461,454.84876515346195,394.95523570103023,-0.4271329251487543,-0.42704737720235914,0.002264172608771542,-0.025470023194608782,0.002169052353255152,50.47173059231516,8.466124493125449,0.008076876426700692,0.03330407149406262,0.00880658038798976,-0.047459103993399365,-0.046914469274423665,-0.028522330959944425,49151645.0,1.0239494527599229,0.11996332716927127,0.023949452759922888,0.0,1.0
2026-06-09,411.0299987792969,418.5,384.239990234375,396.6799926757813,59940200,-0.03000371479396924,-0.06385990980843348,-0.10858428612183979,419.6650024414063,422.48600006103516,396.7224017333985,414.7314824931765,407.6462866922541,0.029295689839455387,47.24876283901436,1.1470119764026094,6.223134175923038,422.48600006103516,453.38703866647774,391.5849614555926,-0.28668714279443314,-0.4800140714838366,-0.0029354505508077944,-0.02964838682468296,-0.0030433968576589754,52.87893660329611,7.007745761829028,0.00808835828549497,0.027313825728791864,-0.03421152298375052,-0.10554088926418081,-0.06605845991882231,-0.06860362405558455,48229850.0,1.2428029529430424,0.5943238642408768,0.24280295294304252,0.0,1.0
2026-06-10,391.5400085449219,397.0899963378906,380.1499938964844,381.5899963378906,49695600,-0.038040729596927725,-0.09938639286270445,-0.11964474428107863,413.7880035400391,419.89299926757815,397.24860168457036,411.5751504783874,406.6244713842398,0.02986292033538098,36.97889569971878,-1.5461486809603002,4.66927760454637,419.89299926757815,455.29580285456757,384.4901956805887,-0.26083726232295307,-0.6476932414872296,-0.015765562508027298,-0.03819738150666163,-0.01727219244080147,37.19236640829917,4.8607107074822125,0.008812860677020138,0.008490200242285717,-0.06118901135604282,-0.10237255184027716,-0.07383251663033419,-0.07913135994221805,47686165.0,1.0421387419181223,0.11673748952263674,0.04213874191812237,0.0,1.0
2026-06-11,388.2799987792969,399.5400085449219,380.6600036621094,399.1499938964844,45324300,0.046017971453959916,-0.046122637704687386,-0.10357759618910989,409.4930023193359,417.5869995117188,397.7966015625001,410.3918022324919,406.3313546200141,0.031222987145099697,43.92620114240666,-2.2377573829840003,3.2878706070402965,417.5869995117188,452.0249860333719,383.14901299006567,-0.1293630809243585,-0.6467973201270508,0.016996847886747934,-0.025531977146670326,-0.006129461851302698,46.58500392189643,4.104232168592603,0.0095855223282539,0.02314447961486471,-0.02059066055801706,-0.09744813433780719,-0.06071657656706697,-0.05958512382096374,46538220.0,0.973915633215022,0.2831275673563909,-0.026084366784978025,0.0,1.0
2026-06-12,399.489990234375,406.6799926757813,386.760009765625,406.4299926757813,63514500,0.018238754580026217,0.03946289686900584,-0.08317165831821915,406.5570007324219,415.7434997558594,398.3000012207032,410.0144870366147,406.33522277906377,0.03165271065306035,43.603809808452006,-2.1733739006599535,2.1956217055002467,415.7434997558594,448.28086955089515,383.2061299608236,-0.22045247606516796,-0.7513245541460293,0.005408247901529384,0.005694531006802617,-0.008580937877739392,47.36056718877082,3.782249519927177,0.009489807553111235,0.026215508717696952,0.03376836586220322,-0.07459072044047976,-0.06601009365204913,-0.03561081607677522,47410425.0,1.3396737110034345,0.0014869079567709775,0.33967371100343435,0.0,1.0
2026-06-15,412.3699951171875,416.0,407.1000061035156,411.1499938964844,45620500,0.011613319158924273,0.005379585826590816,-0.02626467552667111,406.08399963378906,415.18899993896486,399.3112011718751,410.1226305470785,406.5240373326881,0.030082901781678162,42.52995984368364,-1.7216388937612805,1.4121695856479415,415.18899993896486,447.6380809062564,382.7399189716733,-0.3987923903861172,-0.3235868262476317,0.01763396989375332,0.021116933098614288,0.021185912395622175,52.591027554464624,4.527618755432286,0.009884419231631386,0.04145885054282388,-0.015737347272023472,-0.047450587922293286,-0.010739104961345669,-0.024642346718554142,47057015.0,0.9694728830547369,-0.09355080987426678,-0.030527116945263104,0.0,1.0
2026-06-16,404.1099853515625,412.4200134277344,400.5400085449219,404.6600036621094,40255500,-0.015784969793794956,0.020116998925252982,-0.013000284639190007,404.1760009765625,414.92250061035156,400.3480010986329,409.6023803675576,406.4509379730576,0.0295733443316933,38.09365711625696,-1.8658156575514226,0.7565725370080687,414.92250061035156,447.63782194310534,382.2071792775978,-0.4515305202046104,-0.10476806924777024,-0.005961562844234103,0.018017821304916914,0.015812682090149632,49.92460105909835,4.7019514385474395,0.010003987330826726,0.03264565079682435,0.002099177620336068,-0.02881296672933964,0.008220672589828393,-0.006164372173058393,46446080.0,0.8667146936835143,-0.32840564429214447,-0.1332853063164857,0.0,1.0
2026-06-17,401.5299987792969,405.9400024414063,393.760009765625,396.3800048828125,43534300,-0.02046161890071707,0.03875890009397831,-0.01912840748546507,401.4440002441406,414.53600158691404,401.34260131835947,408.34310651186763,406.055999420499,0.029758072128517218,35.38923567443153,-2.6180245271593776,0.08165312417457948,414.53600158691404,447.9640522684103,381.1079509054178,-0.42103130464213323,-0.19974831556292316,-0.012487870885051433,0.02140801815012594,0.009853766410225617,42.53994538754101,4.039407731040228,0.010313763671082112,0.017460915854739304,0.01735088194385237,-0.028982173895690688,0.019463713210435607,0.002610807086199096,46297765.0,0.9403110495722634,-0.12398079508044979,-0.05968895042773663,0.0,1.0
2026-06-18,398.1000061035156,402.5199890136719,384.7000122070313,400.489990234375,58384700,0.010368800900483421,0.0033571247861228226,-0.04019081421358761,399.647998046875,413.69750061035154,402.48740112304694,407.59519067591594,405.83772455045494,0.028860250446234872,38.55827075388702,-2.8496648439393653,-0.5046104694482094,413.69750061035154,447.67465316703687,379.7203480536662,-0.418369927493855,0.020800501514342904,0.010396992441959574,0.014779536179954311,0.010001706370109886,45.98111691891066,4.087253111147447,0.010321145869074422,0.025992274231818425,-0.011422411393831489,-0.0501925205836975,0.0592845524041099,-0.0007767931911396945,46952265.0,1.2434905962470608,0.28815447784080495,0.2434905962470607,0.0,1.0
2026-06-22,394.8500061035156,414.75,394.3999938964844,405.0499877929688,47819500,0.011386046267786165,-0.0033954307203734047,-0.030633045646948798,401.05299682617186,413.05749969482423,403.6760009765626,407.3527904013495,405.8068329129065,0.02900175478081539,46.101785617839006,-2.634914120572205,-0.9306711996730086,413.05749969482423,447.18718089047564,378.9278184991728,-0.4643478123883538,-0.008220962825404575,-0.003146979693962715,0.0061445663461701105,0.004830584335843158,43.729618698012075,3.8906979848758283,0.010347331578032705,0.020905579688597666,-0.009539997066543515,-0.035463629982791955,0.07429509509051369,0.009763822680392739,47211395.0,1.0128804709117365,-0.24710892788260952,0.012880470911736457,0.0,1.0
2026-06-23,392.6099853515625,392.8699951171875,379.05999755859375,381.6099853515625,50420200,-0.05786940661108497,-0.07184727954139092,-0.10422296048510638,398.318994140625,410.8374984741211,404.3292004394532,404.9010946823222,404.8579369301087,0.03117925660909224,36.36481081101771,-4.306492362598192,-1.6058354322580453,410.8374984741211,447.1274925736748,374.54750437456744,-0.32682867325872383,-0.4465698266412158,-0.014521954010491611,-0.0256483071911342,-0.013639444131039902,38.77472261364652,2.830027377169813,0.010817773319653896,0.0045407123244621764,-0.04619897235025672,-0.09058351635406647,0.011162043090212403,-0.041873481871370265,47427170.0,1.0631079189418218,0.10520928091537796,0.06310791894182174,0.0,1.0
2026-06-24,380.0799865722656,384.5799865722656,373.0499877929688,375.5299987792969,37081400,-0.0159324619523894,-0.07198637033359001,-0.1339052977443428,396.20399475097656,407.9344985961914,404.7914001464844,402.10384745346266,403.7078217085082,0.030790041614814207,34.99656954967044,-6.052069773225526,-2.4950823004515414,407.9344985961914,445.8151217518109,370.0538754405719,-0.1830231331282411,-0.3820795173295292,-0.0004635170636431152,-0.020259149173474933,-0.020598534151166747,40.664673115999754,1.9396419681071393,0.010682311432632517,0.002732107290089169,-0.05172722116011508,-0.11330676359317604,-0.005885308991234739,-0.05697309791484195,46998295.0,0.7889945794842133,-0.07884885295177058,-0.2110054205157868,0.0,1.0
2026-06-25,375.2699890136719,379.1199951171875,371.2200012207031,375.1199951171875,30260000,-0.00109180002514353,-0.053635424349697924,-0.14815149515070147,395.55699462890624,404.67249908447263,405.0097998046876,399.5339567547698,402.5867304696329,0.030376467312042268,36.08452167111545,-7.383424791369862,-3.4727507986352055,404.67249908447263,442.0286492343265,367.31634893461876,-0.12175026818839271,-0.2503449021528672,0.0014456352254532678,-0.0064352935172034,-0.01901272853377811,39.61019126639731,1.3045005899759872,0.010694918021373186,0.003039772767202317,-0.047200130832494525,-0.12913876661692336,-0.030108800024041038,-0.06881589915781965,46278470.0,0.6538677704772867,-0.3049158939043467,-0.3461322295227133,0.0,1.0
2026-06-26,370.1499938964844,387.7999877929688,368.6000061035156,379.7099914550781,53358900,0.01223607484974698,-0.05188643732927256,-0.1411219493035455,393.6129943847656,401.5529983520508,404.7649993896485,397.64596005956105,401.6896034494543,0.030597138661152972,45.750203380623844,-7.976214060211191,-4.373443450950403,401.5529983520508,436.0607307904264,367.04526591367517,-0.15157020312527633,-0.32439854949783253,-0.007231373616869652,-0.02376998718714518,-0.03144969787773633,46.131099579945776,0.3684270487035519,0.010671926402026067,-0.005052096030212839,-0.02811645014212738,-0.10967225142580916,-0.07541523410568662,-0.07106797855787439,47324665.0,1.1275071889045596,-0.08608077116093771,0.1275071889045596,0.0,0.0
