2026-06-01 16:42:41 [INFO] STONKS - TradingAgent: Running pipeline for ticker AAPL...
2026-06-01 16:42:41 [INFO] STONKS - Cache miss/refresh: Fetching data for AAPL (2y, 1d) from yfinance
2026-06-01 16:42:44 [INFO] STONKS - Successfully cached market data to E:\Projects\StonksV2\cache\AAPL_2y_1d.csv
2026-06-01 16:42:44 [INFO] STONKS - Feature Store outdated for AAPL: Recomputing features.
2026-06-01 16:42:44 [INFO] STONKS - Computing features for AAPL (no active cache found).
2026-06-01 16:42:44 [INFO] STONKS - Saved computed features for AAPL to Feature Store at E:\Projects\StonksV2\feature_store\AAPL.csv
2026-06-01 16:42:44 [INFO] STONKS - Prepared prediction dataset for AAPL: Shape (452, 17)
2026-06-01 16:42:44 [INFO] STONKS - Model file not found or force_train=True. Initiating training for AAPL...
2026-06-01 16:42:44 [INFO] STONKS - Computing features for AAPL (no active cache found).
2026-06-01 16:42:44 [INFO] STONKS - Prepared training dataset for AAPL: Shape (451, 17)
2026-06-01 16:42:44 [INFO] STONKS - Training RandomForestModel: Samples=451, Features=17
2026-06-01 16:42:44 [INFO] STONKS - RandomForestModel training completed successfully.
2026-06-01 16:42:44 [INFO] STONKS - RandomForestModel serialized successfully to E:\Projects\StonksV2\models_data\AAPL_rf.joblib
2026-06-01 16:42:44 [INFO] STONKS - Registered model 'rf' in WeightedEnsemble.
2026-06-01 16:42:44 [INFO] STONKS - Set ensemble weight for 'rf' to 1.0000
2026-06-01 16:42:44 [INFO] STONKS - Decision Engine: Prob: 0.5933 -> Signal: HOLD
2026-06-01 16:42:44 [INFO] STONKS - CSV log entry created: AAPL | HOLD | Conf: 0.59 | Close: 312.0600
2026-06-01 16:42:44 [INFO] STONKS - TradingAgent: Pipeline finished for AAPL -> Signal: HOLD (0.59)
2026-06-01 16:43:52 [INFO] STONKS - Cache miss/refresh: Fetching data for MSFT (2y, 1d) from yfinance
2026-06-01 16:43:53 [INFO] STONKS - Successfully cached market data to E:\Projects\StonksV2\cache\MSFT_2y_1d.csv
2026-06-01 16:43:53 [INFO] STONKS - Initiating walk-forward backtest for MSFT...
2026-06-01 16:43:53 [INFO] STONKS - Computing features for MSFT (no active cache found).
2026-06-01 16:43:53 [INFO] STONKS - Prepared training dataset for MSFT: Shape (451, 17)
2026-06-01 16:43:53 [INFO] STONKS - Training RandomForestModel: Samples=250, Features=17
2026-06-01 16:43:53 [INFO] STONKS - RandomForestModel training completed successfully.
2026-06-01 16:43:53 [INFO] STONKS - Training RandomForestModel: Samples=250, Features=17
2026-06-01 16:43:53 [INFO] STONKS - RandomForestModel training completed successfully.
2026-06-01 16:43:53 [INFO] STONKS - Training RandomForestModel: Samples=250, Features=17
2026-06-01 16:43:54 [INFO] STONKS - RandomForestModel training completed successfully.
2026-06-01 16:43:54 [INFO] STONKS - Training RandomForestModel: Samples=250, Features=17
2026-06-01 16:43:54 [INFO] STONKS - RandomForestModel training completed successfully.
2026-06-01 16:43:54 [INFO] STONKS - Training RandomForestModel: Samples=250, Features=17
2026-06-01 16:43:54 [INFO] STONKS - RandomForestModel training completed successfully.
2026-06-01 16:43:54 [INFO] STONKS - Decision Engine: Prob: 0.2603 -> Signal: SELL
2026-06-01 16:43:54 [INFO] STONKS - Decision Engine: Prob: 0.2592 -> Signal: SELL
2026-06-01 16:43:54 [INFO] STONKS - Decision Engine: Prob: 0.4128 -> Signal: HOLD
2026-06-01 16:43:54 [INFO] STONKS - Decision Engine: Prob: 0.2599 -> Signal: SELL
2026-06-01 16:43:54 [INFO] STONKS - Decision Engine: Prob: 0.3702 -> Signal: SELL
2026-06-01 16:43:54 [INFO] STONKS - Decision Engine: Prob: 0.3884 -> Signal: SELL
2026-06-01 16:43:54 [INFO] STONKS - Decision Engine: Prob: 0.3896 -> Signal: SELL
2026-06-01 16:43:54 [INFO] STONKS - Decision Engine: Prob: 0.3847 -> Signal: SELL
2026-06-01 16:43:54 [INFO] STONKS - Decision Engine: Prob: 0.3074 -> Signal: SELL
2026-06-01 16:43:54 [INFO] STONKS - Decision Engine: Prob: 0.2908 -> Signal: SELL
2026-06-01 16:43:54 [INFO] STONKS - Decision Engine: Prob: 0.4438 -> Signal: HOLD
2026-06-01 16:43:54 [INFO] STONKS - Decision Engine: Prob: 0.4288 -> Signal: HOLD
2026-06-01 16:43:54 [INFO] STONKS - Decision Engine: Prob: 0.2515 -> Signal: SELL
2026-06-01 16:43:54 [INFO] STONKS - Decision Engine: Prob: 0.3707 -> Signal: SELL
2026-06-01 16:43:54 [INFO] STONKS - Decision Engine: Prob: 0.5491 -> Signal: HOLD
2026-06-01 16:43:54 [INFO] STONKS - Decision Engine: Prob: 0.5628 -> Signal: HOLD
2026-06-01 16:43:54 [INFO] STONKS - Decision Engine: Prob: 0.4813 -> Signal: HOLD
2026-06-01 16:43:54 [INFO] STONKS - Decision Engine: Prob: 0.3401 -> Signal: SELL
2026-06-01 16:43:54 [INFO] STONKS - Decision Engine: Prob: 0.6508 -> Signal: BUY
2026-06-01 16:43:54 [INFO] STONKS - Decision Engine: Prob: 0.4028 -> Signal: HOLD
2026-06-01 16:43:54 [INFO] STONKS - Decision Engine: Prob: 0.5982 -> Signal: HOLD
2026-06-01 16:43:54 [INFO] STONKS - Decision Engine: Prob: 0.4392 -> Signal: HOLD
2026-06-01 16:43:54 [INFO] STONKS - Decision Engine: Prob: 0.4945 -> Signal: HOLD
2026-06-01 16:43:54 [INFO] STONKS - Decision Engine: Prob: 0.3077 -> Signal: SELL
2026-06-01 16:43:54 [INFO] STONKS - Decision Engine: Prob: 0.2733 -> Signal: SELL
2026-06-01 16:43:54 [INFO] STONKS - Decision Engine: Prob: 0.5352 -> Signal: HOLD
2026-06-01 16:43:54 [INFO] STONKS - Decision Engine: Prob: 0.4286 -> Signal: HOLD
2026-06-01 16:43:54 [INFO] STONKS - Decision Engine: Prob: 0.4758 -> Signal: HOLD
2026-06-01 16:43:54 [INFO] STONKS - Decision Engine: Prob: 0.2779 -> Signal: SELL
2026-06-01 16:43:54 [INFO] STONKS - Decision Engine: Prob: 0.5743 -> Signal: HOLD
2026-06-01 16:43:54 [INFO] STONKS - Decision Engine: Prob: 0.5597 -> Signal: HOLD
2026-06-01 16:43:54 [INFO] STONKS - Decision Engine: Prob: 0.4679 -> Signal: HOLD
2026-06-01 16:43:54 [INFO] STONKS - Decision Engine: Prob: 0.5721 -> Signal: HOLD
2026-06-01 16:43:54 [INFO] STONKS - Decision Engine: Prob: 0.3669 -> Signal: SELL
2026-06-01 16:43:54 [INFO] STONKS - Decision Engine: Prob: 0.3152 -> Signal: SELL
2026-06-01 16:43:54 [INFO] STONKS - Decision Engine: Prob: 0.2461 -> Signal: SELL
2026-06-01 16:43:54 [INFO] STONKS - Decision Engine: Prob: 0.3805 -> Signal: SELL
2026-06-01 16:43:54 [INFO] STONKS - Decision Engine: Prob: 0.5244 -> Signal: HOLD
2026-06-01 16:43:54 [INFO] STONKS - Decision Engine: Prob: 0.4332 -> Signal: HOLD
2026-06-01 16:43:54 [INFO] STONKS - Decision Engine: Prob: 0.3296 -> Signal: SELL
2026-06-01 16:43:54 [INFO] STONKS - Decision Engine: Prob: 0.4914 -> Signal: HOLD
2026-06-01 16:43:54 [INFO] STONKS - Decision Engine: Prob: 0.4445 -> Signal: HOLD
2026-06-01 16:43:54 [INFO] STONKS - Decision Engine: Prob: 0.4732 -> Signal: HOLD
2026-06-01 16:43:54 [INFO] STONKS - Decision Engine: Prob: 0.4899 -> Signal: HOLD
2026-06-01 16:43:54 [INFO] STONKS - Decision Engine: Prob: 0.3340 -> Signal: SELL
2026-06-01 16:43:54 [INFO] STONKS - Decision Engine: Prob: 0.4577 -> Signal: HOLD
2026-06-01 16:43:54 [INFO] STONKS - Decision Engine: Prob: 0.4556 -> Signal: HOLD
2026-06-01 16:43:54 [INFO] STONKS - Decision Engine: Prob: 0.4973 -> Signal: HOLD
2026-06-01 16:43:54 [INFO] STONKS - Decision Engine: Prob: 0.3955 -> Signal: SELL
2026-06-01 16:43:54 [INFO] STONKS - Decision Engine: Prob: 0.3014 -> Signal: SELL
2026-06-01 16:43:54 [INFO] STONKS - Decision Engine: Prob: 0.6966 -> Signal: BUY
2026-06-01 16:43:54 [INFO] STONKS - Decision Engine: Prob: 0.5316 -> Signal: HOLD
2026-06-01 16:43:54 [INFO] STONKS - Decision Engine: Prob: 0.5465 -> Signal: HOLD
2026-06-01 16:43:54 [INFO] STONKS - Decision Engine: Prob: 0.4733 -> Signal: HOLD
2026-06-01 16:43:54 [INFO] STONKS - Decision Engine: Prob: 0.3118 -> Signal: SELL
2026-06-01 16:43:54 [INFO] STONKS - Decision Engine: Prob: 0.1941 -> Signal: SELL
2026-06-01 16:43:54 [INFO] STONKS - Decision Engine: Prob: 0.2466 -> Signal: SELL
2026-06-01 16:43:54 [INFO] STONKS - Decision Engine: Prob: 0.4122 -> Signal: HOLD
2026-06-01 16:43:54 [INFO] STONKS - Decision Engine: Prob: 0.3710 -> Signal: SELL
2026-06-01 16:43:54 [INFO] STONKS - Decision Engine: Prob: 0.2790 -> Signal: SELL
2026-06-01 16:43:54 [INFO] STONKS - Decision Engine: Prob: 0.2875 -> Signal: SELL
2026-06-01 16:43:54 [INFO] STONKS - Decision Engine: Prob: 0.3406 -> Signal: SELL
2026-06-01 16:43:54 [INFO] STONKS - Decision Engine: Prob: 0.4867 -> Signal: HOLD
2026-06-01 16:43:54 [INFO] STONKS - Decision Engine: Prob: 0.3778 -> Signal: SELL
2026-06-01 16:43:54 [INFO] STONKS - Decision Engine: Prob: 0.5458 -> Signal: HOLD
2026-06-01 16:43:54 [INFO] STONKS - Decision Engine: Prob: 0.5742 -> Signal: HOLD
2026-06-01 16:43:54 [INFO] STONKS - Decision Engine: Prob: 0.5883 -> Signal: HOLD
2026-06-01 16:43:54 [INFO] STONKS - Decision Engine: Prob: 0.6113 -> Signal: HOLD
2026-06-01 16:43:54 [INFO] STONKS - Decision Engine: Prob: 0.5312 -> Signal: HOLD
2026-06-01 16:43:54 [INFO] STONKS - Decision Engine: Prob: 0.6073 -> Signal: HOLD
2026-06-01 16:43:54 [INFO] STONKS - Decision Engine: Prob: 0.7208 -> Signal: BUY
2026-06-01 16:43:54 [INFO] STONKS - Decision Engine: Prob: 0.7429 -> Signal: BUY
2026-06-01 16:43:54 [INFO] STONKS - Decision Engine: Prob: 0.7468 -> Signal: BUY
2026-06-01 16:43:54 [INFO] STONKS - Decision Engine: Prob: 0.7275 -> Signal: BUY
2026-06-01 16:43:54 [INFO] STONKS - Decision Engine: Prob: 0.6765 -> Signal: BUY
2026-06-01 16:43:54 [INFO] STONKS - Decision Engine: Prob: 0.5448 -> Signal: HOLD
2026-06-01 16:43:54 [INFO] STONKS - Decision Engine: Prob: 0.4911 -> Signal: HOLD
2026-06-01 16:43:54 [INFO] STONKS - Decision Engine: Prob: 0.4322 -> Signal: HOLD
2026-06-01 16:43:54 [INFO] STONKS - Decision Engine: Prob: 0.5617 -> Signal: HOLD
2026-06-01 16:43:54 [INFO] STONKS - Decision Engine: Prob: 0.4846 -> Signal: HOLD
2026-06-01 16:43:54 [INFO] STONKS - Decision Engine: Prob: 0.7045 -> Signal: BUY
2026-06-01 16:43:54 [INFO] STONKS - Decision Engine: Prob: 0.5567 -> Signal: HOLD
2026-06-01 16:43:54 [INFO] STONKS - Decision Engine: Prob: 0.5340 -> Signal: HOLD
2026-06-01 16:43:54 [INFO] STONKS - Decision Engine: Prob: 0.4025 -> Signal: HOLD
2026-06-01 16:43:54 [INFO] STONKS - Decision Engine: Prob: 0.5168 -> Signal: HOLD
2026-06-01 16:43:54 [INFO] STONKS - Decision Engine: Prob: 0.6515 -> Signal: BUY
2026-06-01 16:43:54 [INFO] STONKS - Decision Engine: Prob: 0.4389 -> Signal: HOLD
2026-06-01 16:43:54 [INFO] STONKS - Decision Engine: Prob: 0.6027 -> Signal: HOLD
2026-06-01 16:43:54 [INFO] STONKS - Decision Engine: Prob: 0.6143 -> Signal: HOLD
2026-06-01 16:43:54 [INFO] STONKS - Decision Engine: Prob: 0.5766 -> Signal: HOLD
2026-06-01 16:43:54 [INFO] STONKS - Decision Engine: Prob: 0.5831 -> Signal: HOLD
2026-06-01 16:43:54 [INFO] STONKS - Decision Engine: Prob: 0.4163 -> Signal: HOLD
2026-06-01 16:43:54 [INFO] STONKS - Decision Engine: Prob: 0.3974 -> Signal: SELL
2026-06-01 16:43:54 [INFO] STONKS - Decision Engine: Prob: 0.4524 -> Signal: HOLD
2026-06-01 16:43:54 [INFO] STONKS - Decision Engine: Prob: 0.3954 -> Signal: SELL
2026-06-01 16:43:54 [INFO] STONKS - Decision Engine: Prob: 0.4077 -> Signal: HOLD
2026-06-01 16:43:54 [INFO] STONKS - Decision Engine: Prob: 0.5719 -> Signal: HOLD
2026-06-01 16:43:54 [INFO] STONKS - Decision Engine: Prob: 0.6303 -> Signal: HOLD
2026-06-01 16:43:54 [INFO] STONKS - Decision Engine: Prob: 0.5895 -> Signal: HOLD
2026-06-01 16:43:54 [INFO] STONKS - Decision Engine: Prob: 0.6694 -> Signal: BUY
2026-06-01 16:43:54 [INFO] STONKS - Decision Engine: Prob: 0.5934 -> Signal: HOLD
2026-06-01 16:43:54 [INFO] STONKS - Decision Engine: Prob: 0.5600 -> Signal: HOLD
2026-06-01 16:43:54 [INFO] STONKS - Decision Engine: Prob: 0.3673 -> Signal: SELL
2026-06-01 16:43:54 [INFO] STONKS - Decision Engine: Prob: 0.3245 -> Signal: SELL
2026-06-01 16:43:54 [INFO] STONKS - Decision Engine: Prob: 0.5595 -> Signal: HOLD
2026-06-01 16:43:54 [INFO] STONKS - Decision Engine: Prob: 0.6089 -> Signal: HOLD
2026-06-01 16:43:54 [INFO] STONKS - Decision Engine: Prob: 0.7469 -> Signal: BUY
2026-06-01 16:43:54 [INFO] STONKS - Decision Engine: Prob: 0.7635 -> Signal: BUY
2026-06-01 16:43:54 [INFO] STONKS - Decision Engine: Prob: 0.7454 -> Signal: BUY
2026-06-01 16:43:54 [INFO] STONKS - Decision Engine: Prob: 0.7383 -> Signal: BUY
2026-06-01 16:43:54 [INFO] STONKS - Decision Engine: Prob: 0.6711 -> Signal: BUY
2026-06-01 16:43:54 [INFO] STONKS - Decision Engine: Prob: 0.7438 -> Signal: BUY
2026-06-01 16:43:54 [INFO] STONKS - Decision Engine: Prob: 0.7948 -> Signal: BUY
2026-06-01 16:43:54 [INFO] STONKS - Decision Engine: Prob: 0.6218 -> Signal: HOLD
2026-06-01 16:43:54 [INFO] STONKS - Decision Engine: Prob: 0.4365 -> Signal: HOLD
2026-06-01 16:43:54 [INFO] STONKS - Decision Engine: Prob: 0.3801 -> Signal: SELL
2026-06-01 16:43:54 [INFO] STONKS - Decision Engine: Prob: 0.3795 -> Signal: SELL
2026-06-01 16:43:54 [INFO] STONKS - Decision Engine: Prob: 0.4060 -> Signal: HOLD
2026-06-01 16:43:54 [INFO] STONKS - Decision Engine: Prob: 0.5937 -> Signal: HOLD
2026-06-01 16:43:54 [INFO] STONKS - Decision Engine: Prob: 0.6505 -> Signal: BUY
2026-06-01 16:43:54 [INFO] STONKS - Decision Engine: Prob: 0.6826 -> Signal: BUY
2026-06-01 16:43:54 [INFO] STONKS - Decision Engine: Prob: 0.7136 -> Signal: BUY
2026-06-01 16:43:54 [INFO] STONKS - Decision Engine: Prob: 0.6105 -> Signal: HOLD
2026-06-01 16:43:54 [INFO] STONKS - Decision Engine: Prob: 0.6920 -> Signal: BUY
2026-06-01 16:43:54 [INFO] STONKS - Decision Engine: Prob: 0.5865 -> Signal: HOLD
2026-06-01 16:43:54 [INFO] STONKS - Decision Engine: Prob: 0.6048 -> Signal: HOLD
2026-06-01 16:43:54 [INFO] STONKS - Decision Engine: Prob: 0.5729 -> Signal: HOLD
2026-06-01 16:43:54 [INFO] STONKS - Decision Engine: Prob: 0.6690 -> Signal: BUY
2026-06-01 16:43:54 [INFO] STONKS - Decision Engine: Prob: 0.6368 -> Signal: HOLD
2026-06-01 16:43:54 [INFO] STONKS - Decision Engine: Prob: 0.6020 -> Signal: HOLD
2026-06-01 16:43:54 [INFO] STONKS - Decision Engine: Prob: 0.6321 -> Signal: HOLD
2026-06-01 16:43:54 [INFO] STONKS - Decision Engine: Prob: 0.6157 -> Signal: HOLD
2026-06-01 16:43:54 [INFO] STONKS - Decision Engine: Prob: 0.5932 -> Signal: HOLD
2026-06-01 16:43:54 [INFO] STONKS - Decision Engine: Prob: 0.6236 -> Signal: HOLD
2026-06-01 16:43:54 [INFO] STONKS - Decision Engine: Prob: 0.6503 -> Signal: BUY
2026-06-01 16:43:54 [INFO] STONKS - Decision Engine: Prob: 0.6008 -> Signal: HOLD
2026-06-01 16:43:54 [INFO] STONKS - Decision Engine: Prob: 0.5333 -> Signal: HOLD
2026-06-01 16:43:54 [INFO] STONKS - Decision Engine: Prob: 0.5192 -> Signal: HOLD
2026-06-01 16:43:54 [INFO] STONKS - Decision Engine: Prob: 0.6519 -> Signal: BUY
2026-06-01 16:43:54 [INFO] STONKS - Decision Engine: Prob: 0.4288 -> Signal: HOLD
2026-06-01 16:43:54 [INFO] STONKS - Decision Engine: Prob: 0.3845 -> Signal: SELL
2026-06-01 16:43:54 [INFO] STONKS - Decision Engine: Prob: 0.5015 -> Signal: HOLD
2026-06-01 16:43:54 [INFO] STONKS - Decision Engine: Prob: 0.4261 -> Signal: HOLD
2026-06-01 16:43:54 [INFO] STONKS - Decision Engine: Prob: 0.4934 -> Signal: HOLD
2026-06-01 16:43:54 [INFO] STONKS - Decision Engine: Prob: 0.3851 -> Signal: SELL
2026-06-01 16:43:54 [INFO] STONKS - Decision Engine: Prob: 0.4935 -> Signal: HOLD
2026-06-01 16:43:54 [INFO] STONKS - Decision Engine: Prob: 0.5102 -> Signal: HOLD
2026-06-01 16:43:54 [INFO] STONKS - Decision Engine: Prob: 0.4670 -> Signal: HOLD
2026-06-01 16:43:54 [INFO] STONKS - Decision Engine: Prob: 0.5432 -> Signal: HOLD
2026-06-01 16:43:54 [INFO] STONKS - Decision Engine: Prob: 0.3834 -> Signal: SELL
2026-06-01 16:43:54 [INFO] STONKS - Decision Engine: Prob: 0.4173 -> Signal: HOLD
2026-06-01 16:43:54 [INFO] STONKS - Decision Engine: Prob: 0.4888 -> Signal: HOLD
2026-06-01 16:43:54 [INFO] STONKS - Decision Engine: Prob: 0.5093 -> Signal: HOLD
2026-06-01 16:43:54 [INFO] STONKS - Decision Engine: Prob: 0.5957 -> Signal: HOLD
2026-06-01 16:43:54 [INFO] STONKS - Decision Engine: Prob: 0.6126 -> Signal: HOLD
2026-06-01 16:43:54 [INFO] STONKS - Decision Engine: Prob: 0.7630 -> Signal: BUY
2026-06-01 16:43:54 [INFO] STONKS - Decision Engine: Prob: 0.7392 -> Signal: BUY
2026-06-01 16:43:54 [INFO] STONKS - Decision Engine: Prob: 0.7612 -> Signal: BUY
2026-06-01 16:43:54 [INFO] STONKS - Decision Engine: Prob: 0.7357 -> Signal: BUY
2026-06-01 16:43:54 [INFO] STONKS - Decision Engine: Prob: 0.6961 -> Signal: BUY
2026-06-01 16:43:54 [INFO] STONKS - Decision Engine: Prob: 0.6024 -> Signal: HOLD
2026-06-01 16:43:54 [INFO] STONKS - Decision Engine: Prob: 0.6701 -> Signal: BUY
2026-06-01 16:43:54 [INFO] STONKS - Decision Engine: Prob: 0.6340 -> Signal: HOLD
2026-06-01 16:43:54 [INFO] STONKS - Decision Engine: Prob: 0.5588 -> Signal: HOLD
2026-06-01 16:43:54 [INFO] STONKS - Decision Engine: Prob: 0.5520 -> Signal: HOLD
2026-06-01 16:43:54 [INFO] STONKS - Decision Engine: Prob: 0.6105 -> Signal: HOLD
2026-06-01 16:43:54 [INFO] STONKS - Decision Engine: Prob: 0.5943 -> Signal: HOLD
2026-06-01 16:43:54 [INFO] STONKS - Decision Engine: Prob: 0.6015 -> Signal: HOLD
2026-06-01 16:43:54 [INFO] STONKS - Decision Engine: Prob: 0.5017 -> Signal: HOLD
2026-06-01 16:43:54 [INFO] STONKS - Decision Engine: Prob: 0.4341 -> Signal: HOLD
2026-06-01 16:43:54 [INFO] STONKS - Decision Engine: Prob: 0.5478 -> Signal: HOLD
2026-06-01 16:43:54 [INFO] STONKS - Decision Engine: Prob: 0.6049 -> Signal: HOLD
2026-06-01 16:43:54 [INFO] STONKS - Decision Engine: Prob: 0.5907 -> Signal: HOLD
2026-06-01 16:43:54 [INFO] STONKS - Decision Engine: Prob: 0.6303 -> Signal: HOLD
2026-06-01 16:43:54 [INFO] STONKS - Decision Engine: Prob: 0.6085 -> Signal: HOLD
2026-06-01 16:43:54 [INFO] STONKS - Decision Engine: Prob: 0.6105 -> Signal: HOLD
2026-06-01 16:43:54 [INFO] STONKS - Decision Engine: Prob: 0.6968 -> Signal: BUY
2026-06-01 16:43:54 [INFO] STONKS - Decision Engine: Prob: 0.6318 -> Signal: HOLD
2026-06-01 16:43:54 [INFO] STONKS - Decision Engine: Prob: 0.6886 -> Signal: BUY
2026-06-01 16:43:54 [INFO] STONKS - Decision Engine: Prob: 0.6226 -> Signal: HOLD
2026-06-01 16:43:54 [INFO] STONKS - Decision Engine: Prob: 0.6641 -> Signal: BUY
2026-06-01 16:43:54 [INFO] STONKS - Decision Engine: Prob: 0.6632 -> Signal: BUY
2026-06-01 16:43:54 [INFO] STONKS - Decision Engine: Prob: 0.5919 -> Signal: HOLD
2026-06-01 16:43:54 [INFO] STONKS - Decision Engine: Prob: 0.5917 -> Signal: HOLD
2026-06-01 16:43:54 [INFO] STONKS - Decision Engine: Prob: 0.5753 -> Signal: HOLD
2026-06-01 16:43:54 [INFO] STONKS - Decision Engine: Prob: 0.5709 -> Signal: HOLD
2026-06-01 16:43:54 [INFO] STONKS - Decision Engine: Prob: 0.5746 -> Signal: HOLD
2026-06-01 16:43:54 [INFO] STONKS - Decision Engine: Prob: 0.6463 -> Signal: HOLD
2026-06-01 16:43:54 [INFO] STONKS - Decision Engine: Prob: 0.6704 -> Signal: BUY
2026-06-01 16:43:54 [INFO] STONKS - Decision Engine: Prob: 0.6156 -> Signal: HOLD
2026-06-01 16:43:54 [INFO] STONKS - Decision Engine: Prob: 0.5201 -> Signal: HOLD
2026-06-01 16:43:54 [INFO] STONKS - Decision Engine: Prob: 0.4437 -> Signal: HOLD
2026-06-01 16:43:54 [INFO] STONKS - Decision Engine: Prob: 0.4683 -> Signal: HOLD
2026-06-01 16:43:54 [INFO] STONKS - Decision Engine: Prob: 0.4520 -> Signal: HOLD
2026-06-01 16:43:54 [INFO] STONKS - Decision Engine: Prob: 0.5812 -> Signal: HOLD
2026-06-01 16:43:54 [INFO] STONKS - Decision Engine: Prob: 0.4646 -> Signal: HOLD
2026-06-01 16:43:54 [INFO] STONKS - Decision Engine: Prob: 0.4775 -> Signal: HOLD
2026-06-01 16:43:54 [INFO] STONKS - Decision Engine: Prob: 0.4594 -> Signal: HOLD
2026-06-01 16:43:54 [INFO] STONKS - Decision Engine: Prob: 0.4989 -> Signal: HOLD
2026-06-01 16:43:54 [INFO] STONKS - Decision Engine: Prob: 0.5056 -> Signal: HOLD
2026-06-01 16:43:54 [INFO] STONKS - Decision Engine: Prob: 0.4584 -> Signal: HOLD
2026-06-01 16:44:37 [INFO] STONKS - TradingAgent: Running pipeline for ticker TICKER...
2026-06-01 16:44:37 [INFO] STONKS - Cache miss/refresh: Fetching data for TICKER (2y, 1d) from yfinance
2026-06-01 16:44:39 [ERROR] yfinance - HTTP Error 404: {"quoteSummary":{"result":null,"error":{"code":"Not Found","description":"Quote not found for symbol: TICKER"}}}
2026-06-01 16:44:40 [ERROR] yfinance - $TICKER: possibly delisted; no price data found  (period=2y) (Yahoo error = "No data found, symbol may be delisted")
2026-06-01 16:44:40 [ERROR] STONKS - Error fetching data from yfinance for TICKER: No market data returned from yfinance for TICKER
2026-06-01 16:44:40 [ERROR] STONKS - Single prediction pipeline pass failed for TICKER: No market data returned from yfinance for TICKER
2026-06-01 16:46:52 [INFO] STONKS - TradingAgent: Running pipeline for ticker AAPL...
2026-06-01 16:46:52 [INFO] STONKS - Cache hit: Loading data for AAPL (2y, 1d) from E:\Projects\StonksV2\cache\AAPL_2y_1d.csv
2026-06-01 16:46:52 [INFO] STONKS - Feature Store hit: Loading precomputed features for AAPL from E:\Projects\StonksV2\feature_store\AAPL.csv
2026-06-01 16:46:52 [INFO] STONKS - Prepared prediction dataset for AAPL: Shape (452, 17)
2026-06-01 16:46:52 [INFO] STONKS - Loading trained RandomForest model for AAPL from E:\Projects\StonksV2\models_data\AAPL_rf.joblib...
2026-06-01 16:46:52 [INFO] STONKS - RandomForestModel deserialized successfully from E:\Projects\StonksV2\models_data\AAPL_rf.joblib
2026-06-01 16:46:52 [INFO] STONKS - Registered model 'rf' in WeightedEnsemble.
2026-06-01 16:46:52 [INFO] STONKS - Set ensemble weight for 'rf' to 1.0000
2026-06-01 16:46:52 [INFO] STONKS - Decision Engine: Prob: 0.5933 -> Signal: HOLD
2026-06-01 16:46:52 [INFO] STONKS - CSV log entry created: AAPL | HOLD | Conf: 0.59 | Close: 312.0600
2026-06-01 16:46:52 [INFO] STONKS - TradingAgent: Pipeline finished for AAPL -> Signal: HOLD (0.59)
2026-06-01 16:46:54 [INFO] STONKS - TradingAgent: Running pipeline for ticker MSFT...
2026-06-01 16:46:54 [INFO] STONKS - Cache hit: Loading data for MSFT (2y, 1d) from E:\Projects\StonksV2\cache\MSFT_2y_1d.csv
2026-06-01 16:46:54 [INFO] STONKS - Computing features for MSFT (no active cache found).
2026-06-01 16:46:54 [INFO] STONKS - Saved computed features for MSFT to Feature Store at E:\Projects\StonksV2\feature_store\MSFT.csv
2026-06-01 16:46:54 [INFO] STONKS - Prepared prediction dataset for MSFT: Shape (452, 17)
2026-06-01 16:46:54 [INFO] STONKS - Model file not found or force_train=True. Initiating training for MSFT...
2026-06-01 16:46:54 [INFO] STONKS - Computing features for MSFT (no active cache found).
2026-06-01 16:46:54 [INFO] STONKS - Prepared training dataset for MSFT: Shape (451, 17)
2026-06-01 16:46:54 [INFO] STONKS - Training RandomForestModel: Samples=451, Features=17
2026-06-01 16:46:54 [INFO] STONKS - RandomForestModel training completed successfully.
2026-06-01 16:46:54 [INFO] STONKS - RandomForestModel serialized successfully to E:\Projects\StonksV2\models_data\MSFT_rf.joblib
2026-06-01 16:46:54 [INFO] STONKS - Registered model 'rf' in WeightedEnsemble.
2026-06-01 16:46:54 [INFO] STONKS - Set ensemble weight for 'rf' to 1.0000
2026-06-01 16:46:54 [INFO] STONKS - Decision Engine: Prob: 0.5360 -> Signal: HOLD
2026-06-01 16:46:54 [INFO] STONKS - CSV log entry created: MSFT | HOLD | Conf: 0.54 | Close: 450.2400
2026-06-01 16:46:54 [INFO] STONKS - TradingAgent: Pipeline finished for MSFT -> Signal: HOLD (0.54)
2026-06-01 16:46:56 [INFO] STONKS - TradingAgent: Running pipeline for ticker NVDA...
2026-06-01 16:46:56 [INFO] STONKS - Cache miss/refresh: Fetching data for NVDA (2y, 1d) from yfinance
2026-06-01 16:46:57 [INFO] STONKS - Successfully cached market data to E:\Projects\StonksV2\cache\NVDA_2y_1d.csv
2026-06-01 16:46:57 [INFO] STONKS - Computing features for NVDA (no active cache found).
2026-06-01 16:46:57 [INFO] STONKS - Saved computed features for NVDA to Feature Store at E:\Projects\StonksV2\feature_store\NVDA.csv
2026-06-01 16:46:57 [INFO] STONKS - Prepared prediction dataset for NVDA: Shape (452, 17)
2026-06-01 16:46:57 [INFO] STONKS - Model file not found or force_train=True. Initiating training for NVDA...
2026-06-01 16:46:57 [INFO] STONKS - Computing features for NVDA (no active cache found).
2026-06-01 16:46:57 [INFO] STONKS - Prepared training dataset for NVDA: Shape (451, 17)
2026-06-01 16:46:57 [INFO] STONKS - Training RandomForestModel: Samples=451, Features=17
2026-06-01 16:46:57 [INFO] STONKS - RandomForestModel training completed successfully.
2026-06-01 16:46:57 [INFO] STONKS - RandomForestModel serialized successfully to E:\Projects\StonksV2\models_data\NVDA_rf.joblib
2026-06-01 16:46:57 [INFO] STONKS - Registered model 'rf' in WeightedEnsemble.
2026-06-01 16:46:57 [INFO] STONKS - Set ensemble weight for 'rf' to 1.0000
2026-06-01 16:46:57 [INFO] STONKS - Decision Engine: Prob: 0.5069 -> Signal: HOLD
2026-06-01 16:46:57 [INFO] STONKS - CSV log entry created: NVDA | HOLD | Conf: 0.51 | Close: 211.1400
2026-06-01 16:46:57 [INFO] STONKS - TradingAgent: Pipeline finished for NVDA -> Signal: HOLD (0.51)
2026-06-01 16:46:59 [INFO] STONKS - TradingAgent: Running pipeline for ticker GOOGL...
2026-06-01 16:46:59 [INFO] STONKS - Cache miss/refresh: Fetching data for GOOGL (2y, 1d) from yfinance
2026-06-01 16:47:00 [INFO] STONKS - Successfully cached market data to E:\Projects\StonksV2\cache\GOOGL_2y_1d.csv
2026-06-01 16:47:00 [INFO] STONKS - Computing features for GOOGL (no active cache found).
2026-06-01 16:47:00 [INFO] STONKS - Saved computed features for GOOGL to Feature Store at E:\Projects\StonksV2\feature_store\GOOGL.csv
2026-06-01 16:47:00 [INFO] STONKS - Prepared prediction dataset for GOOGL: Shape (452, 17)
2026-06-01 16:47:00 [INFO] STONKS - Model file not found or force_train=True. Initiating training for GOOGL...
2026-06-01 16:47:00 [INFO] STONKS - Computing features for GOOGL (no active cache found).
2026-06-01 16:47:00 [INFO] STONKS - Prepared training dataset for GOOGL: Shape (451, 17)
2026-06-01 16:47:00 [INFO] STONKS - Training RandomForestModel: Samples=451, Features=17
2026-06-01 16:47:00 [INFO] STONKS - RandomForestModel training completed successfully.
2026-06-01 16:47:00 [INFO] STONKS - RandomForestModel serialized successfully to E:\Projects\StonksV2\models_data\GOOGL_rf.joblib
2026-06-01 16:47:00 [INFO] STONKS - Registered model 'rf' in WeightedEnsemble.
2026-06-01 16:47:00 [INFO] STONKS - Set ensemble weight for 'rf' to 1.0000
2026-06-01 16:47:00 [INFO] STONKS - Decision Engine: Prob: 0.3433 -> Signal: SELL
2026-06-01 16:47:00 [INFO] STONKS - CSV log entry created: GOOGL | SELL | Conf: 0.34 | Close: 380.3400
2026-06-01 16:47:00 [INFO] STONKS - TradingAgent: Pipeline finished for GOOGL -> Signal: SELL (0.34)
2026-06-01 16:47:02 [INFO] STONKS - TradingAgent: Running pipeline for ticker TSLA...
2026-06-01 16:47:02 [INFO] STONKS - Cache miss/refresh: Fetching data for TSLA (2y, 1d) from yfinance
2026-06-01 16:47:03 [INFO] STONKS - Successfully cached market data to E:\Projects\StonksV2\cache\TSLA_2y_1d.csv
2026-06-01 16:47:03 [INFO] STONKS - Computing features for TSLA (no active cache found).
2026-06-01 16:47:03 [INFO] STONKS - Saved computed features for TSLA to Feature Store at E:\Projects\StonksV2\feature_store\TSLA.csv
2026-06-01 16:47:03 [INFO] STONKS - Prepared prediction dataset for TSLA: Shape (452, 17)
2026-06-01 16:47:03 [INFO] STONKS - Model file not found or force_train=True. Initiating training for TSLA...
2026-06-01 16:47:03 [INFO] STONKS - Computing features for TSLA (no active cache found).
2026-06-01 16:47:03 [INFO] STONKS - Prepared training dataset for TSLA: Shape (451, 17)
2026-06-01 16:47:03 [INFO] STONKS - Training RandomForestModel: Samples=451, Features=17
2026-06-01 16:47:03 [INFO] STONKS - RandomForestModel training completed successfully.
2026-06-01 16:47:03 [INFO] STONKS - RandomForestModel serialized successfully to E:\Projects\StonksV2\models_data\TSLA_rf.joblib
2026-06-01 16:47:03 [INFO] STONKS - Registered model 'rf' in WeightedEnsemble.
2026-06-01 16:47:03 [INFO] STONKS - Set ensemble weight for 'rf' to 1.0000
2026-06-01 16:47:03 [INFO] STONKS - Decision Engine: Prob: 0.5548 -> Signal: HOLD
2026-06-01 16:47:03 [INFO] STONKS - CSV log entry created: TSLA | HOLD | Conf: 0.55 | Close: 435.7900
2026-06-01 16:47:03 [INFO] STONKS - TradingAgent: Pipeline finished for TSLA -> Signal: HOLD (0.55)
2026-06-01 16:48:51 [INFO] STONKS - TradingAgent: Running pipeline for ticker AAPL...
2026-06-01 16:48:51 [INFO] STONKS - Cache hit: Loading data for AAPL (2y, 1d) from E:\Projects\StonksV2\cache\AAPL_2y_1d.csv
2026-06-01 16:48:51 [INFO] STONKS - Feature Store hit: Loading precomputed features for AAPL from E:\Projects\StonksV2\feature_store\AAPL.csv
2026-06-01 16:48:51 [INFO] STONKS - Prepared prediction dataset for AAPL: Shape (452, 17)
2026-06-01 16:48:51 [INFO] STONKS - Model file not found or force_train=True. Initiating training for AAPL...
2026-06-01 16:48:51 [INFO] STONKS - Computing features for AAPL (no active cache found).
2026-06-01 16:48:51 [INFO] STONKS - Prepared training dataset for AAPL: Shape (451, 17)
2026-06-01 16:48:51 [INFO] STONKS - Training RandomForestModel: Samples=451, Features=17
2026-06-01 16:48:51 [INFO] STONKS - RandomForestModel training completed successfully.
2026-06-01 16:48:51 [INFO] STONKS - RandomForestModel serialized successfully to E:\Projects\StonksV2\models_data\AAPL_rf.joblib
2026-06-01 16:48:51 [INFO] STONKS - Registered model 'rf' in WeightedEnsemble.
2026-06-01 16:48:51 [INFO] STONKS - Set ensemble weight for 'rf' to 1.0000
2026-06-01 16:48:51 [INFO] STONKS - Decision Engine: Prob: 0.5933 -> Signal: HOLD
2026-06-01 16:48:51 [INFO] STONKS - CSV log entry created: AAPL | HOLD | Conf: 0.59 | Close: 312.0600
2026-06-01 16:48:51 [INFO] STONKS - TradingAgent: Pipeline finished for AAPL -> Signal: HOLD (0.59)
2026-06-01 16:48:51 [INFO] STONKS - Cache hit: Loading data for AAPL (2y, 1d) from E:\Projects\StonksV2\cache\AAPL_2y_1d.csv
2026-06-01 16:48:51 [INFO] STONKS - Feature Store hit: Loading precomputed features for AAPL from E:\Projects\StonksV2\feature_store\AAPL.csv
2026-06-01 16:48:51 [INFO] STONKS - Prepared prediction dataset for AAPL: Shape (452, 17)
2026-06-01 16:48:51 [INFO] STONKS - TradingAgent: Running pipeline for ticker MSFT...
2026-06-01 16:48:51 [INFO] STONKS - Cache hit: Loading data for MSFT (2y, 1d) from E:\Projects\StonksV2\cache\MSFT_2y_1d.csv
2026-06-01 16:48:51 [INFO] STONKS - Feature Store hit: Loading precomputed features for MSFT from E:\Projects\StonksV2\feature_store\MSFT.csv
2026-06-01 16:48:51 [INFO] STONKS - Prepared prediction dataset for MSFT: Shape (452, 17)
2026-06-01 16:48:51 [INFO] STONKS - Model file not found or force_train=True. Initiating training for MSFT...
2026-06-01 16:48:51 [INFO] STONKS - Computing features for MSFT (no active cache found).
2026-06-01 16:48:51 [INFO] STONKS - Prepared training dataset for MSFT: Shape (451, 17)
2026-06-01 16:48:51 [INFO] STONKS - Training RandomForestModel: Samples=451, Features=17
2026-06-01 16:48:51 [INFO] STONKS - RandomForestModel training completed successfully.
2026-06-01 16:48:51 [INFO] STONKS - RandomForestModel serialized successfully to E:\Projects\StonksV2\models_data\MSFT_rf.joblib
2026-06-01 16:48:51 [INFO] STONKS - Registered model 'rf' in WeightedEnsemble.
2026-06-01 16:48:51 [INFO] STONKS - Set ensemble weight for 'rf' to 1.0000
2026-06-01 16:48:51 [INFO] STONKS - Decision Engine: Prob: 0.5360 -> Signal: HOLD
2026-06-01 16:48:51 [INFO] STONKS - CSV log entry created: MSFT | HOLD | Conf: 0.54 | Close: 450.2400
2026-06-01 16:48:51 [INFO] STONKS - TradingAgent: Pipeline finished for MSFT -> Signal: HOLD (0.54)
2026-06-01 16:48:51 [INFO] STONKS - Cache hit: Loading data for MSFT (2y, 1d) from E:\Projects\StonksV2\cache\MSFT_2y_1d.csv
2026-06-01 16:48:51 [INFO] STONKS - Feature Store hit: Loading precomputed features for MSFT from E:\Projects\StonksV2\feature_store\MSFT.csv
2026-06-01 16:48:51 [INFO] STONKS - Prepared prediction dataset for MSFT: Shape (452, 17)
2026-06-01 16:48:51 [INFO] STONKS - TradingAgent: Running pipeline for ticker GOOGL...
2026-06-01 16:48:51 [INFO] STONKS - Cache hit: Loading data for GOOGL (2y, 1d) from E:\Projects\StonksV2\cache\GOOGL_2y_1d.csv
2026-06-01 16:48:51 [INFO] STONKS - Feature Store hit: Loading precomputed features for GOOGL from E:\Projects\StonksV2\feature_store\GOOGL.csv
2026-06-01 16:48:51 [INFO] STONKS - Prepared prediction dataset for GOOGL: Shape (452, 17)
2026-06-01 16:48:51 [INFO] STONKS - Model file not found or force_train=True. Initiating training for GOOGL...
2026-06-01 16:48:51 [INFO] STONKS - Computing features for GOOGL (no active cache found).
2026-06-01 16:48:51 [INFO] STONKS - Prepared training dataset for GOOGL: Shape (451, 17)
2026-06-01 16:48:51 [INFO] STONKS - Training RandomForestModel: Samples=451, Features=17
2026-06-01 16:48:51 [INFO] STONKS - RandomForestModel training completed successfully.
2026-06-01 16:48:51 [INFO] STONKS - RandomForestModel serialized successfully to E:\Projects\StonksV2\models_data\GOOGL_rf.joblib
2026-06-01 16:48:51 [INFO] STONKS - Registered model 'rf' in WeightedEnsemble.
2026-06-01 16:48:51 [INFO] STONKS - Set ensemble weight for 'rf' to 1.0000
2026-06-01 16:48:51 [INFO] STONKS - Decision Engine: Prob: 0.3433 -> Signal: SELL
2026-06-01 16:48:51 [INFO] STONKS - CSV log entry created: GOOGL | SELL | Conf: 0.34 | Close: 380.3400
2026-06-01 16:48:51 [INFO] STONKS - TradingAgent: Pipeline finished for GOOGL -> Signal: SELL (0.34)
2026-06-01 16:48:51 [INFO] STONKS - Cache hit: Loading data for GOOGL (2y, 1d) from E:\Projects\StonksV2\cache\GOOGL_2y_1d.csv
2026-06-01 16:48:51 [INFO] STONKS - Feature Store hit: Loading precomputed features for GOOGL from E:\Projects\StonksV2\feature_store\GOOGL.csv
2026-06-01 16:48:51 [INFO] STONKS - Prepared prediction dataset for GOOGL: Shape (452, 17)
2026-06-01 16:48:51 [INFO] STONKS - TradingAgent: Running pipeline for ticker TSLA...
2026-06-01 16:48:51 [INFO] STONKS - Cache hit: Loading data for TSLA (2y, 1d) from E:\Projects\StonksV2\cache\TSLA_2y_1d.csv
2026-06-01 16:48:51 [INFO] STONKS - Feature Store hit: Loading precomputed features for TSLA from E:\Projects\StonksV2\feature_store\TSLA.csv
2026-06-01 16:48:51 [INFO] STONKS - Prepared prediction dataset for TSLA: Shape (452, 17)
2026-06-01 16:48:51 [INFO] STONKS - Model file not found or force_train=True. Initiating training for TSLA...
2026-06-01 16:48:51 [INFO] STONKS - Computing features for TSLA (no active cache found).
2026-06-01 16:48:51 [INFO] STONKS - Prepared training dataset for TSLA: Shape (451, 17)
2026-06-01 16:48:51 [INFO] STONKS - Training RandomForestModel: Samples=451, Features=17
2026-06-01 16:48:51 [INFO] STONKS - RandomForestModel training completed successfully.
2026-06-01 16:48:51 [INFO] STONKS - RandomForestModel serialized successfully to E:\Projects\StonksV2\models_data\TSLA_rf.joblib
2026-06-01 16:48:51 [INFO] STONKS - Registered model 'rf' in WeightedEnsemble.
2026-06-01 16:48:51 [INFO] STONKS - Set ensemble weight for 'rf' to 1.0000
2026-06-01 16:48:51 [INFO] STONKS - Decision Engine: Prob: 0.5548 -> Signal: HOLD
2026-06-01 16:48:51 [INFO] STONKS - CSV log entry created: TSLA | HOLD | Conf: 0.55 | Close: 435.7900
2026-06-01 16:48:51 [INFO] STONKS - TradingAgent: Pipeline finished for TSLA -> Signal: HOLD (0.55)
2026-06-01 16:48:51 [INFO] STONKS - Cache hit: Loading data for TSLA (2y, 1d) from E:\Projects\StonksV2\cache\TSLA_2y_1d.csv
2026-06-01 16:48:51 [INFO] STONKS - Feature Store hit: Loading precomputed features for TSLA from E:\Projects\StonksV2\feature_store\TSLA.csv
2026-06-01 16:48:51 [INFO] STONKS - Prepared prediction dataset for TSLA: Shape (452, 17)
2026-06-01 16:48:51 [INFO] STONKS - TradingAgent: Running pipeline for ticker NVDA...
2026-06-01 16:48:51 [INFO] STONKS - Cache hit: Loading data for NVDA (2y, 1d) from E:\Projects\StonksV2\cache\NVDA_2y_1d.csv
2026-06-01 16:48:51 [INFO] STONKS - Feature Store hit: Loading precomputed features for NVDA from E:\Projects\StonksV2\feature_store\NVDA.csv
2026-06-01 16:48:51 [INFO] STONKS - Prepared prediction dataset for NVDA: Shape (452, 17)
2026-06-01 16:48:51 [INFO] STONKS - Model file not found or force_train=True. Initiating training for NVDA...
2026-06-01 16:48:51 [INFO] STONKS - Computing features for NVDA (no active cache found).
2026-06-01 16:48:51 [INFO] STONKS - Prepared training dataset for NVDA: Shape (451, 17)
2026-06-01 16:48:51 [INFO] STONKS - Training RandomForestModel: Samples=451, Features=17
2026-06-01 16:48:51 [INFO] STONKS - RandomForestModel training completed successfully.
2026-06-01 16:48:51 [INFO] STONKS - RandomForestModel serialized successfully to E:\Projects\StonksV2\models_data\NVDA_rf.joblib
2026-06-01 16:48:51 [INFO] STONKS - Registered model 'rf' in WeightedEnsemble.
2026-06-01 16:48:51 [INFO] STONKS - Set ensemble weight for 'rf' to 1.0000
2026-06-01 16:48:51 [INFO] STONKS - Decision Engine: Prob: 0.5069 -> Signal: HOLD
2026-06-01 16:48:51 [INFO] STONKS - CSV log entry created: NVDA | HOLD | Conf: 0.51 | Close: 211.1400
2026-06-01 16:48:51 [INFO] STONKS - TradingAgent: Pipeline finished for NVDA -> Signal: HOLD (0.51)
2026-06-01 16:48:51 [INFO] STONKS - Cache hit: Loading data for NVDA (2y, 1d) from E:\Projects\StonksV2\cache\NVDA_2y_1d.csv
2026-06-01 16:48:51 [INFO] STONKS - Feature Store hit: Loading precomputed features for NVDA from E:\Projects\StonksV2\feature_store\NVDA.csv
2026-06-01 16:48:51 [INFO] STONKS - Prepared prediction dataset for NVDA: Shape (452, 17)
2026-06-01 16:50:03 [INFO] STONKS - RandomForestModel deserialized successfully from e:\Projects\StonksV2\models_data\AAPL_rf.joblib
2026-06-01 16:51:10 [INFO] STONKS - Cache hit: Loading data for AAPL (2y, 1d) from E:\Projects\StonksV2\cache\AAPL_2y_1d.csv
2026-06-01 16:51:10 [INFO] STONKS - Initiating walk-forward backtest for AAPL...
2026-06-01 16:51:10 [INFO] STONKS - Computing features for AAPL (no active cache found).
2026-06-01 16:51:10 [INFO] STONKS - Prepared training dataset for AAPL: Shape (451, 17)
2026-06-01 16:51:10 [INFO] STONKS - Training RandomForestModel: Samples=250, Features=17
2026-06-01 16:51:10 [INFO] STONKS - RandomForestModel training completed successfully.
2026-06-01 16:51:10 [INFO] STONKS - Training RandomForestModel: Samples=250, Features=17
2026-06-01 16:51:10 [INFO] STONKS - RandomForestModel training completed successfully.
2026-06-01 16:51:10 [INFO] STONKS - Training RandomForestModel: Samples=250, Features=17
2026-06-01 16:51:10 [INFO] STONKS - RandomForestModel training completed successfully.
2026-06-01 16:51:10 [INFO] STONKS - Training RandomForestModel: Samples=250, Features=17
2026-06-01 16:51:10 [INFO] STONKS - RandomForestModel training completed successfully.
2026-06-01 16:51:10 [INFO] STONKS - Training RandomForestModel: Samples=250, Features=17
2026-06-01 16:51:10 [INFO] STONKS - RandomForestModel training completed successfully.
2026-06-01 16:51:10 [INFO] STONKS - Decision Engine: Prob: 0.2338 -> Signal: SELL
2026-06-01 16:51:10 [INFO] STONKS - Decision Engine: Prob: 0.2376 -> Signal: SELL
2026-06-01 16:51:10 [INFO] STONKS - Decision Engine: Prob: 0.3057 -> Signal: SELL
2026-06-01 16:51:10 [INFO] STONKS - Decision Engine: Prob: 0.3463 -> Signal: SELL
2026-06-01 16:51:10 [INFO] STONKS - Decision Engine: Prob: 0.3938 -> Signal: SELL
2026-06-01 16:51:10 [INFO] STONKS - Decision Engine: Prob: 0.4025 -> Signal: HOLD
2026-06-01 16:51:10 [INFO] STONKS - Decision Engine: Prob: 0.4055 -> Signal: HOLD
2026-06-01 16:51:10 [INFO] STONKS - Decision Engine: Prob: 0.3945 -> Signal: SELL
2026-06-01 16:51:10 [INFO] STONKS - Decision Engine: Prob: 0.4002 -> Signal: HOLD
2026-06-01 16:51:10 [INFO] STONKS - Decision Engine: Prob: 0.4136 -> Signal: HOLD
2026-06-01 16:51:10 [INFO] STONKS - Decision Engine: Prob: 0.4091 -> Signal: HOLD
2026-06-01 16:51:10 [INFO] STONKS - Decision Engine: Prob: 0.4172 -> Signal: HOLD
2026-06-01 16:51:10 [INFO] STONKS - Decision Engine: Prob: 0.3812 -> Signal: SELL
2026-06-01 16:51:10 [INFO] STONKS - Decision Engine: Prob: 0.4478 -> Signal: HOLD
2026-06-01 16:51:10 [INFO] STONKS - Decision Engine: Prob: 0.4241 -> Signal: HOLD
2026-06-01 16:51:10 [INFO] STONKS - Decision Engine: Prob: 0.4447 -> Signal: HOLD
2026-06-01 16:51:10 [INFO] STONKS - Decision Engine: Prob: 0.5313 -> Signal: HOLD
2026-06-01 16:51:10 [INFO] STONKS - Decision Engine: Prob: 0.4861 -> Signal: HOLD
2026-06-01 16:51:10 [INFO] STONKS - Decision Engine: Prob: 0.4665 -> Signal: HOLD
2026-06-01 16:51:10 [INFO] STONKS - Decision Engine: Prob: 0.4746 -> Signal: HOLD
2026-06-01 16:51:10 [INFO] STONKS - Decision Engine: Prob: 0.5219 -> Signal: HOLD
2026-06-01 16:51:10 [INFO] STONKS - Decision Engine: Prob: 0.5065 -> Signal: HOLD
2026-06-01 16:51:10 [INFO] STONKS - Decision Engine: Prob: 0.5442 -> Signal: HOLD
2026-06-01 16:51:10 [INFO] STONKS - Decision Engine: Prob: 0.4962 -> Signal: HOLD
2026-06-01 16:51:10 [INFO] STONKS - Decision Engine: Prob: 0.5173 -> Signal: HOLD
2026-06-01 16:51:10 [INFO] STONKS - Decision Engine: Prob: 0.4119 -> Signal: HOLD
2026-06-01 16:51:10 [INFO] STONKS - Decision Engine: Prob: 0.4047 -> Signal: HOLD
2026-06-01 16:51:10 [INFO] STONKS - Decision Engine: Prob: 0.4778 -> Signal: HOLD
2026-06-01 16:51:10 [INFO] STONKS - Decision Engine: Prob: 0.5612 -> Signal: HOLD
2026-06-01 16:51:10 [INFO] STONKS - Decision Engine: Prob: 0.5224 -> Signal: HOLD
2026-06-01 16:51:10 [INFO] STONKS - Decision Engine: Prob: 0.5227 -> Signal: HOLD
2026-06-01 16:51:10 [INFO] STONKS - Decision Engine: Prob: 0.5342 -> Signal: HOLD
2026-06-01 16:51:10 [INFO] STONKS - Decision Engine: Prob: 0.4754 -> Signal: HOLD
2026-06-01 16:51:10 [INFO] STONKS - Decision Engine: Prob: 0.5437 -> Signal: HOLD
2026-06-01 16:51:10 [INFO] STONKS - Decision Engine: Prob: 0.5833 -> Signal: HOLD
2026-06-01 16:51:10 [INFO] STONKS - Decision Engine: Prob: 0.5415 -> Signal: HOLD
2026-06-01 16:51:10 [INFO] STONKS - Decision Engine: Prob: 0.4775 -> Signal: HOLD
2026-06-01 16:51:10 [INFO] STONKS - Decision Engine: Prob: 0.4771 -> Signal: HOLD
2026-06-01 16:51:10 [INFO] STONKS - Decision Engine: Prob: 0.4484 -> Signal: HOLD
2026-06-01 16:51:10 [INFO] STONKS - Decision Engine: Prob: 0.3479 -> Signal: SELL
2026-06-01 16:51:10 [INFO] STONKS - Decision Engine: Prob: 0.2546 -> Signal: SELL
2026-06-01 16:51:10 [INFO] STONKS - Decision Engine: Prob: 0.2525 -> Signal: SELL
2026-06-01 16:51:10 [INFO] STONKS - Decision Engine: Prob: 0.2683 -> Signal: SELL
2026-06-01 16:51:10 [INFO] STONKS - Decision Engine: Prob: 0.3220 -> Signal: SELL
2026-06-01 16:51:10 [INFO] STONKS - Decision Engine: Prob: 0.2585 -> Signal: SELL
2026-06-01 16:51:10 [INFO] STONKS - Decision Engine: Prob: 0.2885 -> Signal: SELL
2026-06-01 16:51:10 [INFO] STONKS - Decision Engine: Prob: 0.2985 -> Signal: SELL
2026-06-01 16:51:10 [INFO] STONKS - Decision Engine: Prob: 0.2796 -> Signal: SELL
2026-06-01 16:51:10 [INFO] STONKS - Decision Engine: Prob: 0.3225 -> Signal: SELL
2026-06-01 16:51:10 [INFO] STONKS - Decision Engine: Prob: 0.3552 -> Signal: SELL
2026-06-01 16:51:10 [INFO] STONKS - Decision Engine: Prob: 0.6747 -> Signal: BUY
2026-06-01 16:51:10 [INFO] STONKS - Decision Engine: Prob: 0.7272 -> Signal: BUY
2026-06-01 16:51:10 [INFO] STONKS - Decision Engine: Prob: 0.7136 -> Signal: BUY
2026-06-01 16:51:10 [INFO] STONKS - Decision Engine: Prob: 0.7420 -> Signal: BUY
2026-06-01 16:51:10 [INFO] STONKS - Decision Engine: Prob: 0.7200 -> Signal: BUY
2026-06-01 16:51:10 [INFO] STONKS - Decision Engine: Prob: 0.4953 -> Signal: HOLD
2026-06-01 16:51:10 [INFO] STONKS - Decision Engine: Prob: 0.4529 -> Signal: HOLD
2026-06-01 16:51:10 [INFO] STONKS - Decision Engine: Prob: 0.4937 -> Signal: HOLD
2026-06-01 16:51:10 [INFO] STONKS - Decision Engine: Prob: 0.4915 -> Signal: HOLD
2026-06-01 16:51:10 [INFO] STONKS - Decision Engine: Prob: 0.4976 -> Signal: HOLD
2026-06-01 16:51:10 [INFO] STONKS - Decision Engine: Prob: 0.4402 -> Signal: HOLD
2026-06-01 16:51:10 [INFO] STONKS - Decision Engine: Prob: 0.5331 -> Signal: HOLD
2026-06-01 16:51:10 [INFO] STONKS - Decision Engine: Prob: 0.5191 -> Signal: HOLD
2026-06-01 16:51:10 [INFO] STONKS - Decision Engine: Prob: 0.5291 -> Signal: HOLD
2026-06-01 16:51:10 [INFO] STONKS - Decision Engine: Prob: 0.5148 -> Signal: HOLD
2026-06-01 16:51:10 [INFO] STONKS - Decision Engine: Prob: 0.5049 -> Signal: HOLD
2026-06-01 16:51:10 [INFO] STONKS - Decision Engine: Prob: 0.4452 -> Signal: HOLD
2026-06-01 16:51:10 [INFO] STONKS - Decision Engine: Prob: 0.4546 -> Signal: HOLD
2026-06-01 16:51:10 [INFO] STONKS - Decision Engine: Prob: 0.4882 -> Signal: HOLD
2026-06-01 16:51:10 [INFO] STONKS - Decision Engine: Prob: 0.5929 -> Signal: HOLD
2026-06-01 16:51:10 [INFO] STONKS - Decision Engine: Prob: 0.6250 -> Signal: HOLD
2026-06-01 16:51:10 [INFO] STONKS - Decision Engine: Prob: 0.6200 -> Signal: HOLD
2026-06-01 16:51:10 [INFO] STONKS - Decision Engine: Prob: 0.6515 -> Signal: BUY
2026-06-01 16:51:10 [INFO] STONKS - Decision Engine: Prob: 0.6593 -> Signal: BUY
2026-06-01 16:51:10 [INFO] STONKS - Decision Engine: Prob: 0.6705 -> Signal: BUY
2026-06-01 16:51:10 [INFO] STONKS - Decision Engine: Prob: 0.5933 -> Signal: HOLD
2026-06-01 16:51:10 [INFO] STONKS - Decision Engine: Prob: 0.6069 -> Signal: HOLD
2026-06-01 16:51:10 [INFO] STONKS - Decision Engine: Prob: 0.5459 -> Signal: HOLD
2026-06-01 16:51:10 [INFO] STONKS - Decision Engine: Prob: 0.6010 -> Signal: HOLD
2026-06-01 16:51:10 [INFO] STONKS - Decision Engine: Prob: 0.5541 -> Signal: HOLD
2026-06-01 16:51:10 [INFO] STONKS - Decision Engine: Prob: 0.5328 -> Signal: HOLD
2026-06-01 16:51:10 [INFO] STONKS - Decision Engine: Prob: 0.5973 -> Signal: HOLD
2026-06-01 16:51:10 [INFO] STONKS - Decision Engine: Prob: 0.6218 -> Signal: HOLD
2026-06-01 16:51:10 [INFO] STONKS - Decision Engine: Prob: 0.6426 -> Signal: HOLD
2026-06-01 16:51:10 [INFO] STONKS - Decision Engine: Prob: 0.6518 -> Signal: BUY
2026-06-01 16:51:10 [INFO] STONKS - Decision Engine: Prob: 0.6371 -> Signal: HOLD
2026-06-01 16:51:10 [INFO] STONKS - Decision Engine: Prob: 0.6598 -> Signal: BUY
2026-06-01 16:51:10 [INFO] STONKS - Decision Engine: Prob: 0.6365 -> Signal: HOLD
2026-06-01 16:51:10 [INFO] STONKS - Decision Engine: Prob: 0.6573 -> Signal: BUY
2026-06-01 16:51:10 [INFO] STONKS - Decision Engine: Prob: 0.5852 -> Signal: HOLD
2026-06-01 16:51:10 [INFO] STONKS - Decision Engine: Prob: 0.5941 -> Signal: HOLD
2026-06-01 16:51:10 [INFO] STONKS - Decision Engine: Prob: 0.5526 -> Signal: HOLD
2026-06-01 16:51:10 [INFO] STONKS - Decision Engine: Prob: 0.5378 -> Signal: HOLD
2026-06-01 16:51:10 [INFO] STONKS - Decision Engine: Prob: 0.5884 -> Signal: HOLD
2026-06-01 16:51:10 [INFO] STONKS - Decision Engine: Prob: 0.5515 -> Signal: HOLD
2026-06-01 16:51:10 [INFO] STONKS - Decision Engine: Prob: 0.5315 -> Signal: HOLD
2026-06-01 16:51:10 [INFO] STONKS - Decision Engine: Prob: 0.5971 -> Signal: HOLD
2026-06-01 16:51:10 [INFO] STONKS - Decision Engine: Prob: 0.5988 -> Signal: HOLD
2026-06-01 16:51:10 [INFO] STONKS - Decision Engine: Prob: 0.5757 -> Signal: HOLD
2026-06-01 16:51:10 [INFO] STONKS - Decision Engine: Prob: 0.5287 -> Signal: HOLD
2026-06-01 16:51:10 [INFO] STONKS - Decision Engine: Prob: 0.2000 -> Signal: SELL
2026-06-01 16:51:10 [INFO] STONKS - Decision Engine: Prob: 0.3029 -> Signal: SELL
2026-06-01 16:51:10 [INFO] STONKS - Decision Engine: Prob: 0.3386 -> Signal: SELL
2026-06-01 16:51:10 [INFO] STONKS - Decision Engine: Prob: 0.3524 -> Signal: SELL
2026-06-01 16:51:10 [INFO] STONKS - Decision Engine: Prob: 0.3844 -> Signal: SELL
2026-06-01 16:51:10 [INFO] STONKS - Decision Engine: Prob: 0.3664 -> Signal: SELL
2026-06-01 16:51:10 [INFO] STONKS - Decision Engine: Prob: 0.3355 -> Signal: SELL
2026-06-01 16:51:10 [INFO] STONKS - Decision Engine: Prob: 0.2881 -> Signal: SELL
2026-06-01 16:51:10 [INFO] STONKS - Decision Engine: Prob: 0.3110 -> Signal: SELL
2026-06-01 16:51:10 [INFO] STONKS - Decision Engine: Prob: 0.4213 -> Signal: HOLD
2026-06-01 16:51:10 [INFO] STONKS - Decision Engine: Prob: 0.4565 -> Signal: HOLD
2026-06-01 16:51:10 [INFO] STONKS - Decision Engine: Prob: 0.4224 -> Signal: HOLD
2026-06-01 16:51:10 [INFO] STONKS - Decision Engine: Prob: 0.3773 -> Signal: SELL
2026-06-01 16:51:10 [INFO] STONKS - Decision Engine: Prob: 0.3873 -> Signal: SELL
2026-06-01 16:51:10 [INFO] STONKS - Decision Engine: Prob: 0.4297 -> Signal: HOLD
2026-06-01 16:51:10 [INFO] STONKS - Decision Engine: Prob: 0.6101 -> Signal: HOLD
2026-06-01 16:51:10 [INFO] STONKS - Decision Engine: Prob: 0.4972 -> Signal: HOLD
2026-06-01 16:51:10 [INFO] STONKS - Decision Engine: Prob: 0.5368 -> Signal: HOLD
2026-06-01 16:51:10 [INFO] STONKS - Decision Engine: Prob: 0.4843 -> Signal: HOLD
2026-06-01 16:51:10 [INFO] STONKS - Decision Engine: Prob: 0.4862 -> Signal: HOLD
2026-06-01 16:51:10 [INFO] STONKS - Decision Engine: Prob: 0.7177 -> Signal: BUY
2026-06-01 16:51:10 [INFO] STONKS - Decision Engine: Prob: 0.5705 -> Signal: HOLD
2026-06-01 16:51:10 [INFO] STONKS - Decision Engine: Prob: 0.5907 -> Signal: HOLD
2026-06-01 16:51:10 [INFO] STONKS - Decision Engine: Prob: 0.3902 -> Signal: SELL
2026-06-01 16:51:10 [INFO] STONKS - Decision Engine: Prob: 0.4359 -> Signal: HOLD
2026-06-01 16:51:10 [INFO] STONKS - Decision Engine: Prob: 0.4224 -> Signal: HOLD
2026-06-01 16:51:10 [INFO] STONKS - Decision Engine: Prob: 0.4186 -> Signal: HOLD
2026-06-01 16:51:10 [INFO] STONKS - Decision Engine: Prob: 0.4129 -> Signal: HOLD
2026-06-01 16:51:10 [INFO] STONKS - Decision Engine: Prob: 0.4502 -> Signal: HOLD
2026-06-01 16:51:10 [INFO] STONKS - Decision Engine: Prob: 0.4635 -> Signal: HOLD
2026-06-01 16:51:10 [INFO] STONKS - Decision Engine: Prob: 0.4858 -> Signal: HOLD
2026-06-01 16:51:10 [INFO] STONKS - Decision Engine: Prob: 0.4079 -> Signal: HOLD
2026-06-01 16:51:10 [INFO] STONKS - Decision Engine: Prob: 0.4564 -> Signal: HOLD
2026-06-01 16:51:10 [INFO] STONKS - Decision Engine: Prob: 0.4060 -> Signal: HOLD
2026-06-01 16:51:10 [INFO] STONKS - Decision Engine: Prob: 0.3749 -> Signal: SELL
2026-06-01 16:51:10 [INFO] STONKS - Decision Engine: Prob: 0.4991 -> Signal: HOLD
2026-06-01 16:51:10 [INFO] STONKS - Decision Engine: Prob: 0.3469 -> Signal: SELL
2026-06-01 16:51:10 [INFO] STONKS - Decision Engine: Prob: 0.3898 -> Signal: SELL
2026-06-01 16:51:10 [INFO] STONKS - Decision Engine: Prob: 0.4513 -> Signal: HOLD
2026-06-01 16:51:10 [INFO] STONKS - Decision Engine: Prob: 0.3850 -> Signal: SELL
2026-06-01 16:51:10 [INFO] STONKS - Decision Engine: Prob: 0.3330 -> Signal: SELL
2026-06-01 16:51:10 [INFO] STONKS - Decision Engine: Prob: 0.3192 -> Signal: SELL
2026-06-01 16:51:10 [INFO] STONKS - Decision Engine: Prob: 0.3372 -> Signal: SELL
2026-06-01 16:51:10 [INFO] STONKS - Decision Engine: Prob: 0.4855 -> Signal: HOLD
2026-06-01 16:51:10 [INFO] STONKS - Decision Engine: Prob: 0.3949 -> Signal: SELL
2026-06-01 16:51:10 [INFO] STONKS - Decision Engine: Prob: 0.2845 -> Signal: SELL
2026-06-01 16:51:10 [INFO] STONKS - Decision Engine: Prob: 0.3472 -> Signal: SELL
2026-06-01 16:51:10 [INFO] STONKS - Decision Engine: Prob: 0.4919 -> Signal: HOLD
2026-06-01 16:51:10 [INFO] STONKS - Decision Engine: Prob: 0.5483 -> Signal: HOLD
2026-06-01 16:51:10 [INFO] STONKS - Decision Engine: Prob: 0.5154 -> Signal: HOLD
2026-06-01 16:51:10 [INFO] STONKS - Decision Engine: Prob: 0.7818 -> Signal: BUY
2026-06-01 16:51:10 [INFO] STONKS - Decision Engine: Prob: 0.8123 -> Signal: BUY
2026-06-01 16:51:10 [INFO] STONKS - Decision Engine: Prob: 0.7555 -> Signal: BUY
2026-06-01 16:51:10 [INFO] STONKS - Decision Engine: Prob: 0.7523 -> Signal: BUY
2026-06-01 16:51:10 [INFO] STONKS - Decision Engine: Prob: 0.6944 -> Signal: BUY
2026-06-01 16:51:10 [INFO] STONKS - Decision Engine: Prob: 0.6783 -> Signal: BUY
2026-06-01 16:51:10 [INFO] STONKS - Decision Engine: Prob: 0.6330 -> Signal: HOLD
2026-06-01 16:51:10 [INFO] STONKS - Decision Engine: Prob: 0.6239 -> Signal: HOLD
2026-06-01 16:51:10 [INFO] STONKS - Decision Engine: Prob: 0.7288 -> Signal: BUY
2026-06-01 16:51:10 [INFO] STONKS - Decision Engine: Prob: 0.7803 -> Signal: BUY
2026-06-01 16:51:10 [INFO] STONKS - Decision Engine: Prob: 0.8168 -> Signal: BUY
2026-06-01 16:51:10 [INFO] STONKS - Decision Engine: Prob: 0.7943 -> Signal: BUY
2026-06-01 16:51:10 [INFO] STONKS - Decision Engine: Prob: 0.7641 -> Signal: BUY
2026-06-01 16:51:10 [INFO] STONKS - Decision Engine: Prob: 0.7952 -> Signal: BUY
2026-06-01 16:51:10 [INFO] STONKS - Decision Engine: Prob: 0.7674 -> Signal: BUY
2026-06-01 16:51:10 [INFO] STONKS - Decision Engine: Prob: 0.7913 -> Signal: BUY
2026-06-01 16:51:10 [INFO] STONKS - Decision Engine: Prob: 0.7082 -> Signal: BUY
2026-06-01 16:51:10 [INFO] STONKS - Decision Engine: Prob: 0.6846 -> Signal: BUY
2026-06-01 16:51:10 [INFO] STONKS - Decision Engine: Prob: 0.6691 -> Signal: BUY
2026-06-01 16:51:10 [INFO] STONKS - Decision Engine: Prob: 0.7216 -> Signal: BUY
2026-06-01 16:51:10 [INFO] STONKS - Decision Engine: Prob: 0.7112 -> Signal: BUY
2026-06-01 16:51:10 [INFO] STONKS - Decision Engine: Prob: 0.7327 -> Signal: BUY
2026-06-01 16:51:10 [INFO] STONKS - Decision Engine: Prob: 0.6120 -> Signal: HOLD
2026-06-01 16:51:10 [INFO] STONKS - Decision Engine: Prob: 0.5384 -> Signal: HOLD
2026-06-01 16:51:10 [INFO] STONKS - Decision Engine: Prob: 0.7563 -> Signal: BUY
2026-06-01 16:51:10 [INFO] STONKS - Decision Engine: Prob: 0.7575 -> Signal: BUY
2026-06-01 16:51:10 [INFO] STONKS - Decision Engine: Prob: 0.6811 -> Signal: BUY
2026-06-01 16:51:10 [INFO] STONKS - Decision Engine: Prob: 0.7208 -> Signal: BUY
2026-06-01 16:51:10 [INFO] STONKS - Decision Engine: Prob: 0.7553 -> Signal: BUY
2026-06-01 16:51:10 [INFO] STONKS - Decision Engine: Prob: 0.6567 -> Signal: BUY
2026-06-01 16:51:10 [INFO] STONKS - Decision Engine: Prob: 0.6056 -> Signal: HOLD
2026-06-01 16:51:10 [INFO] STONKS - Decision Engine: Prob: 0.5680 -> Signal: HOLD
2026-06-01 16:51:10 [INFO] STONKS - Decision Engine: Prob: 0.5870 -> Signal: HOLD
2026-06-01 16:51:10 [INFO] STONKS - Decision Engine: Prob: 0.4435 -> Signal: HOLD
2026-06-01 16:51:10 [INFO] STONKS - Decision Engine: Prob: 0.4301 -> Signal: HOLD
2026-06-01 16:51:10 [INFO] STONKS - Decision Engine: Prob: 0.2098 -> Signal: SELL
2026-06-01 16:51:10 [INFO] STONKS - Decision Engine: Prob: 0.1719 -> Signal: SELL
2026-06-01 16:51:10 [INFO] STONKS - Decision Engine: Prob: 0.2703 -> Signal: SELL
2026-06-01 16:51:10 [INFO] STONKS - Decision Engine: Prob: 0.1757 -> Signal: SELL
2026-06-01 16:51:10 [INFO] STONKS - Decision Engine: Prob: 0.2884 -> Signal: SELL
2026-06-01 16:51:10 [INFO] STONKS - Decision Engine: Prob: 0.3184 -> Signal: SELL
2026-06-01 16:51:10 [INFO] STONKS - Decision Engine: Prob: 0.2784 -> Signal: SELL
2026-06-01 16:51:10 [INFO] STONKS - Decision Engine: Prob: 0.2659 -> Signal: SELL
2026-06-01 16:51:10 [INFO] STONKS - Decision Engine: Prob: 0.3232 -> Signal: SELL
2026-06-01 16:51:10 [INFO] STONKS - Decision Engine: Prob: 0.3233 -> Signal: SELL
2026-06-01 16:51:10 [INFO] STONKS - Decision Engine: Prob: 0.3501 -> Signal: SELL
2026-06-01 16:51:10 [INFO] STONKS - Decision Engine: Prob: 0.3181 -> Signal: SELL
2026-06-01 16:51:10 [INFO] STONKS - Decision Engine: Prob: 0.3192 -> Signal: SELL
2026-06-01 16:51:10 [INFO] STONKS - Decision Engine: Prob: 0.3409 -> Signal: SELL
2026-06-01 16:51:10 [INFO] STONKS - Decision Engine: Prob: 0.3409 -> Signal: SELL
2026-06-01 16:51:10 [INFO] STONKS - Decision Engine: Prob: 0.7756 -> Signal: BUY
2026-06-01 16:51:10 [INFO] STONKS - Cache hit: Loading data for MSFT (2y, 1d) from E:\Projects\StonksV2\cache\MSFT_2y_1d.csv
2026-06-01 16:51:10 [INFO] STONKS - Initiating walk-forward backtest for MSFT...
2026-06-01 16:51:10 [INFO] STONKS - Computing features for MSFT (no active cache found).
2026-06-01 16:51:10 [INFO] STONKS - Prepared training dataset for MSFT: Shape (451, 17)
2026-06-01 16:51:10 [INFO] STONKS - Training RandomForestModel: Samples=250, Features=17
2026-06-01 16:51:10 [INFO] STONKS - RandomForestModel training completed successfully.
2026-06-01 16:51:10 [INFO] STONKS - Training RandomForestModel: Samples=250, Features=17
2026-06-01 16:51:10 [INFO] STONKS - RandomForestModel training completed successfully.
2026-06-01 16:51:10 [INFO] STONKS - Training RandomForestModel: Samples=250, Features=17
2026-06-01 16:51:10 [INFO] STONKS - RandomForestModel training completed successfully.
2026-06-01 16:51:10 [INFO] STONKS - Training RandomForestModel: Samples=250, Features=17
2026-06-01 16:51:11 [INFO] STONKS - RandomForestModel training completed successfully.
2026-06-01 16:51:11 [INFO] STONKS - Training RandomForestModel: Samples=250, Features=17
2026-06-01 16:51:11 [INFO] STONKS - RandomForestModel training completed successfully.
2026-06-01 16:51:11 [INFO] STONKS - Decision Engine: Prob: 0.2603 -> Signal: SELL
2026-06-01 16:51:11 [INFO] STONKS - Decision Engine: Prob: 0.2592 -> Signal: SELL
2026-06-01 16:51:11 [INFO] STONKS - Decision Engine: Prob: 0.4128 -> Signal: HOLD
2026-06-01 16:51:11 [INFO] STONKS - Decision Engine: Prob: 0.2599 -> Signal: SELL
2026-06-01 16:51:11 [INFO] STONKS - Decision Engine: Prob: 0.3702 -> Signal: SELL
2026-06-01 16:51:11 [INFO] STONKS - Decision Engine: Prob: 0.3884 -> Signal: SELL
2026-06-01 16:51:11 [INFO] STONKS - Decision Engine: Prob: 0.3896 -> Signal: SELL
2026-06-01 16:51:11 [INFO] STONKS - Decision Engine: Prob: 0.3847 -> Signal: SELL
2026-06-01 16:51:11 [INFO] STONKS - Decision Engine: Prob: 0.3074 -> Signal: SELL
2026-06-01 16:51:11 [INFO] STONKS - Decision Engine: Prob: 0.2908 -> Signal: SELL
2026-06-01 16:51:11 [INFO] STONKS - Decision Engine: Prob: 0.4438 -> Signal: HOLD
2026-06-01 16:51:11 [INFO] STONKS - Decision Engine: Prob: 0.4288 -> Signal: HOLD
2026-06-01 16:51:11 [INFO] STONKS - Decision Engine: Prob: 0.2515 -> Signal: SELL
2026-06-01 16:51:11 [INFO] STONKS - Decision Engine: Prob: 0.3707 -> Signal: SELL
2026-06-01 16:51:11 [INFO] STONKS - Decision Engine: Prob: 0.5491 -> Signal: HOLD
2026-06-01 16:51:11 [INFO] STONKS - Decision Engine: Prob: 0.5628 -> Signal: HOLD
2026-06-01 16:51:11 [INFO] STONKS - Decision Engine: Prob: 0.4813 -> Signal: HOLD
2026-06-01 16:51:11 [INFO] STONKS - Decision Engine: Prob: 0.3401 -> Signal: SELL
2026-06-01 16:51:11 [INFO] STONKS - Decision Engine: Prob: 0.6508 -> Signal: BUY
2026-06-01 16:51:11 [INFO] STONKS - Decision Engine: Prob: 0.4028 -> Signal: HOLD
2026-06-01 16:51:11 [INFO] STONKS - Decision Engine: Prob: 0.5982 -> Signal: HOLD
2026-06-01 16:51:11 [INFO] STONKS - Decision Engine: Prob: 0.4392 -> Signal: HOLD
2026-06-01 16:51:11 [INFO] STONKS - Decision Engine: Prob: 0.4945 -> Signal: HOLD
2026-06-01 16:51:11 [INFO] STONKS - Decision Engine: Prob: 0.3077 -> Signal: SELL
2026-06-01 16:51:11 [INFO] STONKS - Decision Engine: Prob: 0.2733 -> Signal: SELL
2026-06-01 16:51:11 [INFO] STONKS - Decision Engine: Prob: 0.5352 -> Signal: HOLD
2026-06-01 16:51:11 [INFO] STONKS - Decision Engine: Prob: 0.4286 -> Signal: HOLD
2026-06-01 16:51:11 [INFO] STONKS - Decision Engine: Prob: 0.4758 -> Signal: HOLD
2026-06-01 16:51:11 [INFO] STONKS - Decision Engine: Prob: 0.2779 -> Signal: SELL
2026-06-01 16:51:11 [INFO] STONKS - Decision Engine: Prob: 0.5743 -> Signal: HOLD
2026-06-01 16:51:11 [INFO] STONKS - Decision Engine: Prob: 0.5597 -> Signal: HOLD
2026-06-01 16:51:11 [INFO] STONKS - Decision Engine: Prob: 0.4679 -> Signal: HOLD
2026-06-01 16:51:11 [INFO] STONKS - Decision Engine: Prob: 0.5721 -> Signal: HOLD
2026-06-01 16:51:11 [INFO] STONKS - Decision Engine: Prob: 0.3669 -> Signal: SELL
2026-06-01 16:51:11 [INFO] STONKS - Decision Engine: Prob: 0.3152 -> Signal: SELL
2026-06-01 16:51:11 [INFO] STONKS - Decision Engine: Prob: 0.2461 -> Signal: SELL
2026-06-01 16:51:11 [INFO] STONKS - Decision Engine: Prob: 0.3805 -> Signal: SELL
2026-06-01 16:51:11 [INFO] STONKS - Decision Engine: Prob: 0.5244 -> Signal: HOLD
2026-06-01 16:51:11 [INFO] STONKS - Decision Engine: Prob: 0.4332 -> Signal: HOLD
2026-06-01 16:51:11 [INFO] STONKS - Decision Engine: Prob: 0.3296 -> Signal: SELL
2026-06-01 16:51:11 [INFO] STONKS - Decision Engine: Prob: 0.4914 -> Signal: HOLD
2026-06-01 16:51:11 [INFO] STONKS - Decision Engine: Prob: 0.4445 -> Signal: HOLD
2026-06-01 16:51:11 [INFO] STONKS - Decision Engine: Prob: 0.4732 -> Signal: HOLD
2026-06-01 16:51:11 [INFO] STONKS - Decision Engine: Prob: 0.4899 -> Signal: HOLD
2026-06-01 16:51:11 [INFO] STONKS - Decision Engine: Prob: 0.3340 -> Signal: SELL
2026-06-01 16:51:11 [INFO] STONKS - Decision Engine: Prob: 0.4577 -> Signal: HOLD
2026-06-01 16:51:11 [INFO] STONKS - Decision Engine: Prob: 0.4556 -> Signal: HOLD
2026-06-01 16:51:11 [INFO] STONKS - Decision Engine: Prob: 0.4973 -> Signal: HOLD
2026-06-01 16:51:11 [INFO] STONKS - Decision Engine: Prob: 0.3955 -> Signal: SELL
2026-06-01 16:51:11 [INFO] STONKS - Decision Engine: Prob: 0.3014 -> Signal: SELL
2026-06-01 16:51:11 [INFO] STONKS - Decision Engine: Prob: 0.6966 -> Signal: BUY
2026-06-01 16:51:11 [INFO] STONKS - Decision Engine: Prob: 0.5316 -> Signal: HOLD
2026-06-01 16:51:11 [INFO] STONKS - Decision Engine: Prob: 0.5465 -> Signal: HOLD
2026-06-01 16:51:11 [INFO] STONKS - Decision Engine: Prob: 0.4733 -> Signal: HOLD
2026-06-01 16:51:11 [INFO] STONKS - Decision Engine: Prob: 0.3118 -> Signal: SELL
2026-06-01 16:51:11 [INFO] STONKS - Decision Engine: Prob: 0.1941 -> Signal: SELL
2026-06-01 16:51:11 [INFO] STONKS - Decision Engine: Prob: 0.2466 -> Signal: SELL
2026-06-01 16:51:11 [INFO] STONKS - Decision Engine: Prob: 0.4122 -> Signal: HOLD
2026-06-01 16:51:11 [INFO] STONKS - Decision Engine: Prob: 0.3710 -> Signal: SELL
2026-06-01 16:51:11 [INFO] STONKS - Decision Engine: Prob: 0.2790 -> Signal: SELL
2026-06-01 16:51:11 [INFO] STONKS - Decision Engine: Prob: 0.2875 -> Signal: SELL
2026-06-01 16:51:11 [INFO] STONKS - Decision Engine: Prob: 0.3406 -> Signal: SELL
2026-06-01 16:51:11 [INFO] STONKS - Decision Engine: Prob: 0.4867 -> Signal: HOLD
2026-06-01 16:51:11 [INFO] STONKS - Decision Engine: Prob: 0.3778 -> Signal: SELL
2026-06-01 16:51:11 [INFO] STONKS - Decision Engine: Prob: 0.5458 -> Signal: HOLD
2026-06-01 16:51:11 [INFO] STONKS - Decision Engine: Prob: 0.5742 -> Signal: HOLD
2026-06-01 16:51:11 [INFO] STONKS - Decision Engine: Prob: 0.5883 -> Signal: HOLD
2026-06-01 16:51:11 [INFO] STONKS - Decision Engine: Prob: 0.6113 -> Signal: HOLD
2026-06-01 16:51:11 [INFO] STONKS - Decision Engine: Prob: 0.5312 -> Signal: HOLD
2026-06-01 16:51:11 [INFO] STONKS - Decision Engine: Prob: 0.6073 -> Signal: HOLD
2026-06-01 16:51:11 [INFO] STONKS - Decision Engine: Prob: 0.7208 -> Signal: BUY
2026-06-01 16:51:11 [INFO] STONKS - Decision Engine: Prob: 0.7429 -> Signal: BUY
2026-06-01 16:51:11 [INFO] STONKS - Decision Engine: Prob: 0.7468 -> Signal: BUY
2026-06-01 16:51:11 [INFO] STONKS - Decision Engine: Prob: 0.7275 -> Signal: BUY
2026-06-01 16:51:11 [INFO] STONKS - Decision Engine: Prob: 0.6765 -> Signal: BUY
2026-06-01 16:51:11 [INFO] STONKS - Decision Engine: Prob: 0.5448 -> Signal: HOLD
2026-06-01 16:51:11 [INFO] STONKS - Decision Engine: Prob: 0.4911 -> Signal: HOLD
2026-06-01 16:51:11 [INFO] STONKS - Decision Engine: Prob: 0.4322 -> Signal: HOLD
2026-06-01 16:51:11 [INFO] STONKS - Decision Engine: Prob: 0.5617 -> Signal: HOLD
2026-06-01 16:51:11 [INFO] STONKS - Decision Engine: Prob: 0.4846 -> Signal: HOLD
2026-06-01 16:51:11 [INFO] STONKS - Decision Engine: Prob: 0.7045 -> Signal: BUY
2026-06-01 16:51:11 [INFO] STONKS - Decision Engine: Prob: 0.5567 -> Signal: HOLD
2026-06-01 16:51:11 [INFO] STONKS - Decision Engine: Prob: 0.5340 -> Signal: HOLD
2026-06-01 16:51:11 [INFO] STONKS - Decision Engine: Prob: 0.4025 -> Signal: HOLD
2026-06-01 16:51:11 [INFO] STONKS - Decision Engine: Prob: 0.5168 -> Signal: HOLD
2026-06-01 16:51:11 [INFO] STONKS - Decision Engine: Prob: 0.6515 -> Signal: BUY
2026-06-01 16:51:11 [INFO] STONKS - Decision Engine: Prob: 0.4389 -> Signal: HOLD
2026-06-01 16:51:11 [INFO] STONKS - Decision Engine: Prob: 0.6027 -> Signal: HOLD
2026-06-01 16:51:11 [INFO] STONKS - Decision Engine: Prob: 0.6143 -> Signal: HOLD
2026-06-01 16:51:11 [INFO] STONKS - Decision Engine: Prob: 0.5766 -> Signal: HOLD
2026-06-01 16:51:11 [INFO] STONKS - Decision Engine: Prob: 0.5831 -> Signal: HOLD
2026-06-01 16:51:11 [INFO] STONKS - Decision Engine: Prob: 0.4163 -> Signal: HOLD
2026-06-01 16:51:11 [INFO] STONKS - Decision Engine: Prob: 0.3974 -> Signal: SELL
2026-06-01 16:51:11 [INFO] STONKS - Decision Engine: Prob: 0.4524 -> Signal: HOLD
2026-06-01 16:51:11 [INFO] STONKS - Decision Engine: Prob: 0.3954 -> Signal: SELL
2026-06-01 16:51:11 [INFO] STONKS - Decision Engine: Prob: 0.4077 -> Signal: HOLD
2026-06-01 16:51:11 [INFO] STONKS - Decision Engine: Prob: 0.5719 -> Signal: HOLD
2026-06-01 16:51:11 [INFO] STONKS - Decision Engine: Prob: 0.6303 -> Signal: HOLD
2026-06-01 16:51:11 [INFO] STONKS - Decision Engine: Prob: 0.5895 -> Signal: HOLD
2026-06-01 16:51:11 [INFO] STONKS - Decision Engine: Prob: 0.6694 -> Signal: BUY
2026-06-01 16:51:11 [INFO] STONKS - Decision Engine: Prob: 0.5934 -> Signal: HOLD
2026-06-01 16:51:11 [INFO] STONKS - Decision Engine: Prob: 0.5600 -> Signal: HOLD
2026-06-01 16:51:11 [INFO] STONKS - Decision Engine: Prob: 0.3673 -> Signal: SELL
2026-06-01 16:51:11 [INFO] STONKS - Decision Engine: Prob: 0.3245 -> Signal: SELL
2026-06-01 16:51:11 [INFO] STONKS - Decision Engine: Prob: 0.5595 -> Signal: HOLD
2026-06-01 16:51:11 [INFO] STONKS - Decision Engine: Prob: 0.6089 -> Signal: HOLD
2026-06-01 16:51:11 [INFO] STONKS - Decision Engine: Prob: 0.7469 -> Signal: BUY
2026-06-01 16:51:11 [INFO] STONKS - Decision Engine: Prob: 0.7635 -> Signal: BUY
2026-06-01 16:51:11 [INFO] STONKS - Decision Engine: Prob: 0.7454 -> Signal: BUY
2026-06-01 16:51:11 [INFO] STONKS - Decision Engine: Prob: 0.7383 -> Signal: BUY
2026-06-01 16:51:11 [INFO] STONKS - Decision Engine: Prob: 0.6711 -> Signal: BUY
2026-06-01 16:51:11 [INFO] STONKS - Decision Engine: Prob: 0.7438 -> Signal: BUY
2026-06-01 16:51:11 [INFO] STONKS - Decision Engine: Prob: 0.7948 -> Signal: BUY
2026-06-01 16:51:11 [INFO] STONKS - Decision Engine: Prob: 0.6218 -> Signal: HOLD
2026-06-01 16:51:11 [INFO] STONKS - Decision Engine: Prob: 0.4365 -> Signal: HOLD
2026-06-01 16:51:11 [INFO] STONKS - Decision Engine: Prob: 0.3801 -> Signal: SELL
2026-06-01 16:51:11 [INFO] STONKS - Decision Engine: Prob: 0.3795 -> Signal: SELL
2026-06-01 16:51:11 [INFO] STONKS - Decision Engine: Prob: 0.4060 -> Signal: HOLD
2026-06-01 16:51:11 [INFO] STONKS - Decision Engine: Prob: 0.5937 -> Signal: HOLD
2026-06-01 16:51:11 [INFO] STONKS - Decision Engine: Prob: 0.6505 -> Signal: BUY
2026-06-01 16:51:11 [INFO] STONKS - Decision Engine: Prob: 0.6826 -> Signal: BUY
2026-06-01 16:51:11 [INFO] STONKS - Decision Engine: Prob: 0.7136 -> Signal: BUY
2026-06-01 16:51:11 [INFO] STONKS - Decision Engine: Prob: 0.6105 -> Signal: HOLD
2026-06-01 16:51:11 [INFO] STONKS - Decision Engine: Prob: 0.6920 -> Signal: BUY
2026-06-01 16:51:11 [INFO] STONKS - Decision Engine: Prob: 0.5865 -> Signal: HOLD
2026-06-01 16:51:11 [INFO] STONKS - Decision Engine: Prob: 0.6048 -> Signal: HOLD
2026-06-01 16:51:11 [INFO] STONKS - Decision Engine: Prob: 0.5729 -> Signal: HOLD
2026-06-01 16:51:11 [INFO] STONKS - Decision Engine: Prob: 0.6690 -> Signal: BUY
2026-06-01 16:51:11 [INFO] STONKS - Decision Engine: Prob: 0.6368 -> Signal: HOLD
2026-06-01 16:51:11 [INFO] STONKS - Decision Engine: Prob: 0.6020 -> Signal: HOLD
2026-06-01 16:51:11 [INFO] STONKS - Decision Engine: Prob: 0.6321 -> Signal: HOLD
2026-06-01 16:51:11 [INFO] STONKS - Decision Engine: Prob: 0.6157 -> Signal: HOLD
2026-06-01 16:51:11 [INFO] STONKS - Decision Engine: Prob: 0.5932 -> Signal: HOLD
2026-06-01 16:51:11 [INFO] STONKS - Decision Engine: Prob: 0.6236 -> Signal: HOLD
2026-06-01 16:51:11 [INFO] STONKS - Decision Engine: Prob: 0.6503 -> Signal: BUY
2026-06-01 16:51:11 [INFO] STONKS - Decision Engine: Prob: 0.6008 -> Signal: HOLD
2026-06-01 16:51:11 [INFO] STONKS - Decision Engine: Prob: 0.5333 -> Signal: HOLD
2026-06-01 16:51:11 [INFO] STONKS - Decision Engine: Prob: 0.5192 -> Signal: HOLD
2026-06-01 16:51:11 [INFO] STONKS - Decision Engine: Prob: 0.6519 -> Signal: BUY
2026-06-01 16:51:11 [INFO] STONKS - Decision Engine: Prob: 0.4288 -> Signal: HOLD
2026-06-01 16:51:11 [INFO] STONKS - Decision Engine: Prob: 0.3845 -> Signal: SELL
2026-06-01 16:51:11 [INFO] STONKS - Decision Engine: Prob: 0.5015 -> Signal: HOLD
2026-06-01 16:51:11 [INFO] STONKS - Decision Engine: Prob: 0.4261 -> Signal: HOLD
2026-06-01 16:51:11 [INFO] STONKS - Decision Engine: Prob: 0.4934 -> Signal: HOLD
2026-06-01 16:51:11 [INFO] STONKS - Decision Engine: Prob: 0.3851 -> Signal: SELL
2026-06-01 16:51:11 [INFO] STONKS - Decision Engine: Prob: 0.4935 -> Signal: HOLD
2026-06-01 16:51:11 [INFO] STONKS - Decision Engine: Prob: 0.5102 -> Signal: HOLD
2026-06-01 16:51:11 [INFO] STONKS - Decision Engine: Prob: 0.4670 -> Signal: HOLD
2026-06-01 16:51:11 [INFO] STONKS - Decision Engine: Prob: 0.5432 -> Signal: HOLD
2026-06-01 16:51:11 [INFO] STONKS - Decision Engine: Prob: 0.3834 -> Signal: SELL
2026-06-01 16:51:11 [INFO] STONKS - Decision Engine: Prob: 0.4173 -> Signal: HOLD
2026-06-01 16:51:11 [INFO] STONKS - Decision Engine: Prob: 0.4888 -> Signal: HOLD
2026-06-01 16:51:11 [INFO] STONKS - Decision Engine: Prob: 0.5093 -> Signal: HOLD
2026-06-01 16:51:11 [INFO] STONKS - Decision Engine: Prob: 0.5957 -> Signal: HOLD
2026-06-01 16:51:11 [INFO] STONKS - Decision Engine: Prob: 0.6126 -> Signal: HOLD
2026-06-01 16:51:11 [INFO] STONKS - Decision Engine: Prob: 0.7630 -> Signal: BUY
2026-06-01 16:51:11 [INFO] STONKS - Decision Engine: Prob: 0.7392 -> Signal: BUY
2026-06-01 16:51:11 [INFO] STONKS - Decision Engine: Prob: 0.7612 -> Signal: BUY
2026-06-01 16:51:11 [INFO] STONKS - Decision Engine: Prob: 0.7357 -> Signal: BUY
2026-06-01 16:51:11 [INFO] STONKS - Decision Engine: Prob: 0.6961 -> Signal: BUY
2026-06-01 16:51:11 [INFO] STONKS - Decision Engine: Prob: 0.6024 -> Signal: HOLD
2026-06-01 16:51:11 [INFO] STONKS - Decision Engine: Prob: 0.6701 -> Signal: BUY
2026-06-01 16:51:11 [INFO] STONKS - Decision Engine: Prob: 0.6340 -> Signal: HOLD
2026-06-01 16:51:11 [INFO] STONKS - Decision Engine: Prob: 0.5588 -> Signal: HOLD
2026-06-01 16:51:11 [INFO] STONKS - Decision Engine: Prob: 0.5520 -> Signal: HOLD
2026-06-01 16:51:11 [INFO] STONKS - Decision Engine: Prob: 0.6105 -> Signal: HOLD
2026-06-01 16:51:11 [INFO] STONKS - Decision Engine: Prob: 0.5943 -> Signal: HOLD
2026-06-01 16:51:11 [INFO] STONKS - Decision Engine: Prob: 0.6015 -> Signal: HOLD
2026-06-01 16:51:11 [INFO] STONKS - Decision Engine: Prob: 0.5017 -> Signal: HOLD
2026-06-01 16:51:11 [INFO] STONKS - Decision Engine: Prob: 0.4341 -> Signal: HOLD
2026-06-01 16:51:11 [INFO] STONKS - Decision Engine: Prob: 0.5478 -> Signal: HOLD
2026-06-01 16:51:11 [INFO] STONKS - Decision Engine: Prob: 0.6049 -> Signal: HOLD
2026-06-01 16:51:11 [INFO] STONKS - Decision Engine: Prob: 0.5907 -> Signal: HOLD
2026-06-01 16:51:11 [INFO] STONKS - Decision Engine: Prob: 0.6303 -> Signal: HOLD
2026-06-01 16:51:11 [INFO] STONKS - Decision Engine: Prob: 0.6085 -> Signal: HOLD
2026-06-01 16:51:11 [INFO] STONKS - Decision Engine: Prob: 0.6105 -> Signal: HOLD
2026-06-01 16:51:11 [INFO] STONKS - Decision Engine: Prob: 0.6968 -> Signal: BUY
2026-06-01 16:51:11 [INFO] STONKS - Decision Engine: Prob: 0.6318 -> Signal: HOLD
2026-06-01 16:51:11 [INFO] STONKS - Decision Engine: Prob: 0.6886 -> Signal: BUY
2026-06-01 16:51:11 [INFO] STONKS - Decision Engine: Prob: 0.6226 -> Signal: HOLD
2026-06-01 16:51:11 [INFO] STONKS - Decision Engine: Prob: 0.6641 -> Signal: BUY
2026-06-01 16:51:11 [INFO] STONKS - Decision Engine: Prob: 0.6632 -> Signal: BUY
2026-06-01 16:51:11 [INFO] STONKS - Decision Engine: Prob: 0.5919 -> Signal: HOLD
2026-06-01 16:51:11 [INFO] STONKS - Decision Engine: Prob: 0.5917 -> Signal: HOLD
2026-06-01 16:51:11 [INFO] STONKS - Decision Engine: Prob: 0.5753 -> Signal: HOLD
2026-06-01 16:51:11 [INFO] STONKS - Decision Engine: Prob: 0.5709 -> Signal: HOLD
2026-06-01 16:51:11 [INFO] STONKS - Decision Engine: Prob: 0.5746 -> Signal: HOLD
2026-06-01 16:51:11 [INFO] STONKS - Decision Engine: Prob: 0.6463 -> Signal: HOLD
2026-06-01 16:51:11 [INFO] STONKS - Decision Engine: Prob: 0.6704 -> Signal: BUY
2026-06-01 16:51:11 [INFO] STONKS - Decision Engine: Prob: 0.6156 -> Signal: HOLD
2026-06-01 16:51:11 [INFO] STONKS - Decision Engine: Prob: 0.5201 -> Signal: HOLD
2026-06-01 16:51:11 [INFO] STONKS - Decision Engine: Prob: 0.4437 -> Signal: HOLD
2026-06-01 16:51:11 [INFO] STONKS - Decision Engine: Prob: 0.4683 -> Signal: HOLD
2026-06-01 16:51:11 [INFO] STONKS - Decision Engine: Prob: 0.4520 -> Signal: HOLD
2026-06-01 16:51:11 [INFO] STONKS - Decision Engine: Prob: 0.5812 -> Signal: HOLD
2026-06-01 16:51:11 [INFO] STONKS - Decision Engine: Prob: 0.4646 -> Signal: HOLD
2026-06-01 16:51:11 [INFO] STONKS - Decision Engine: Prob: 0.4775 -> Signal: HOLD
2026-06-01 16:51:11 [INFO] STONKS - Decision Engine: Prob: 0.4594 -> Signal: HOLD
2026-06-01 16:51:11 [INFO] STONKS - Decision Engine: Prob: 0.4989 -> Signal: HOLD
2026-06-01 16:51:11 [INFO] STONKS - Decision Engine: Prob: 0.5056 -> Signal: HOLD
2026-06-01 16:51:11 [INFO] STONKS - Decision Engine: Prob: 0.4584 -> Signal: HOLD
2026-06-01 16:51:11 [INFO] STONKS - Cache hit: Loading data for GOOGL (2y, 1d) from E:\Projects\StonksV2\cache\GOOGL_2y_1d.csv
2026-06-01 16:51:11 [INFO] STONKS - Initiating walk-forward backtest for GOOGL...
2026-06-01 16:51:11 [INFO] STONKS - Computing features for GOOGL (no active cache found).
2026-06-01 16:51:11 [INFO] STONKS - Prepared training dataset for GOOGL: Shape (451, 17)
2026-06-01 16:51:11 [INFO] STONKS - Training RandomForestModel: Samples=250, Features=17
2026-06-01 16:51:11 [INFO] STONKS - RandomForestModel training completed successfully.
2026-06-01 16:51:11 [INFO] STONKS - Training RandomForestModel: Samples=250, Features=17
2026-06-01 16:51:11 [INFO] STONKS - RandomForestModel training completed successfully.
2026-06-01 16:51:11 [INFO] STONKS - Training RandomForestModel: Samples=250, Features=17
2026-06-01 16:51:11 [INFO] STONKS - RandomForestModel training completed successfully.
2026-06-01 16:51:11 [INFO] STONKS - Training RandomForestModel: Samples=250, Features=17
2026-06-01 16:51:11 [INFO] STONKS - RandomForestModel training completed successfully.
2026-06-01 16:51:11 [INFO] STONKS - Training RandomForestModel: Samples=250, Features=17
2026-06-01 16:51:11 [INFO] STONKS - RandomForestModel training completed successfully.
2026-06-01 16:51:11 [INFO] STONKS - Decision Engine: Prob: 0.3119 -> Signal: SELL
2026-06-01 16:51:11 [INFO] STONKS - Decision Engine: Prob: 0.2222 -> Signal: SELL
2026-06-01 16:51:11 [INFO] STONKS - Decision Engine: Prob: 0.3797 -> Signal: SELL
2026-06-01 16:51:11 [INFO] STONKS - Decision Engine: Prob: 0.2798 -> Signal: SELL
2026-06-01 16:51:11 [INFO] STONKS - Decision Engine: Prob: 0.2856 -> Signal: SELL
2026-06-01 16:51:11 [INFO] STONKS - Decision Engine: Prob: 0.4169 -> Signal: HOLD
2026-06-01 16:51:11 [INFO] STONKS - Decision Engine: Prob: 0.4937 -> Signal: HOLD
2026-06-01 16:51:11 [INFO] STONKS - Decision Engine: Prob: 0.5247 -> Signal: HOLD
2026-06-01 16:51:11 [INFO] STONKS - Decision Engine: Prob: 0.4775 -> Signal: HOLD
2026-06-01 16:51:11 [INFO] STONKS - Decision Engine: Prob: 0.3847 -> Signal: SELL
2026-06-01 16:51:11 [INFO] STONKS - Decision Engine: Prob: 0.3406 -> Signal: SELL
2026-06-01 16:51:11 [INFO] STONKS - Decision Engine: Prob: 0.3901 -> Signal: SELL
2026-06-01 16:51:11 [INFO] STONKS - Decision Engine: Prob: 0.3415 -> Signal: SELL
2026-06-01 16:51:11 [INFO] STONKS - Decision Engine: Prob: 0.2890 -> Signal: SELL
2026-06-01 16:51:11 [INFO] STONKS - Decision Engine: Prob: 0.3784 -> Signal: SELL
2026-06-01 16:51:11 [INFO] STONKS - Decision Engine: Prob: 0.4128 -> Signal: HOLD
2026-06-01 16:51:11 [INFO] STONKS - Decision Engine: Prob: 0.3125 -> Signal: SELL
2026-06-01 16:51:11 [INFO] STONKS - Decision Engine: Prob: 0.3125 -> Signal: SELL
2026-06-01 16:51:11 [INFO] STONKS - Decision Engine: Prob: 0.3030 -> Signal: SELL
2026-06-01 16:51:11 [INFO] STONKS - Decision Engine: Prob: 0.3030 -> Signal: SELL
2026-06-01 16:51:11 [INFO] STONKS - Decision Engine: Prob: 0.3030 -> Signal: SELL
2026-06-01 16:51:11 [INFO] STONKS - Decision Engine: Prob: 0.2612 -> Signal: SELL
2026-06-01 16:51:11 [INFO] STONKS - Decision Engine: Prob: 0.2606 -> Signal: SELL
2026-06-01 16:51:11 [INFO] STONKS - Decision Engine: Prob: 0.2606 -> Signal: SELL
2026-06-01 16:51:11 [INFO] STONKS - Decision Engine: Prob: 0.2905 -> Signal: SELL
2026-06-01 16:51:11 [INFO] STONKS - Decision Engine: Prob: 0.2687 -> Signal: SELL
2026-06-01 16:51:11 [INFO] STONKS - Decision Engine: Prob: 0.3082 -> Signal: SELL
2026-06-01 16:51:11 [INFO] STONKS - Decision Engine: Prob: 0.2882 -> Signal: SELL
2026-06-01 16:51:11 [INFO] STONKS - Decision Engine: Prob: 0.3100 -> Signal: SELL
2026-06-01 16:51:11 [INFO] STONKS - Decision Engine: Prob: 0.3876 -> Signal: SELL
2026-06-01 16:51:11 [INFO] STONKS - Decision Engine: Prob: 0.3376 -> Signal: SELL
2026-06-01 16:51:11 [INFO] STONKS - Decision Engine: Prob: 0.4604 -> Signal: HOLD
2026-06-01 16:51:11 [INFO] STONKS - Decision Engine: Prob: 0.4004 -> Signal: HOLD
2026-06-01 16:51:11 [INFO] STONKS - Decision Engine: Prob: 0.3904 -> Signal: SELL
2026-06-01 16:51:11 [INFO] STONKS - Decision Engine: Prob: 0.4390 -> Signal: HOLD
2026-06-01 16:51:11 [INFO] STONKS - Decision Engine: Prob: 0.4090 -> Signal: HOLD
2026-06-01 16:51:11 [INFO] STONKS - Decision Engine: Prob: 0.4166 -> Signal: HOLD
2026-06-01 16:51:11 [INFO] STONKS - Decision Engine: Prob: 0.3825 -> Signal: SELL
2026-06-01 16:51:11 [INFO] STONKS - Decision Engine: Prob: 0.4727 -> Signal: HOLD
2026-06-01 16:51:11 [INFO] STONKS - Decision Engine: Prob: 0.3400 -> Signal: SELL
2026-06-01 16:51:11 [INFO] STONKS - Decision Engine: Prob: 0.4583 -> Signal: HOLD
2026-06-01 16:51:11 [INFO] STONKS - Decision Engine: Prob: 0.4178 -> Signal: HOLD
2026-06-01 16:51:11 [INFO] STONKS - Decision Engine: Prob: 0.5000 -> Signal: HOLD
2026-06-01 16:51:11 [INFO] STONKS - Decision Engine: Prob: 0.5095 -> Signal: HOLD
2026-06-01 16:51:11 [INFO] STONKS - Decision Engine: Prob: 0.4835 -> Signal: HOLD
2026-06-01 16:51:11 [INFO] STONKS - Decision Engine: Prob: 0.4272 -> Signal: HOLD
2026-06-01 16:51:11 [INFO] STONKS - Decision Engine: Prob: 0.3745 -> Signal: SELL
2026-06-01 16:51:11 [INFO] STONKS - Decision Engine: Prob: 0.3827 -> Signal: SELL
2026-06-01 16:51:11 [INFO] STONKS - Decision Engine: Prob: 0.3484 -> Signal: SELL
2026-06-01 16:51:11 [INFO] STONKS - Decision Engine: Prob: 0.3131 -> Signal: SELL
2026-06-01 16:51:11 [INFO] STONKS - Decision Engine: Prob: 0.5908 -> Signal: HOLD
2026-06-01 16:51:11 [INFO] STONKS - Decision Engine: Prob: 0.4980 -> Signal: HOLD
2026-06-01 16:51:11 [INFO] STONKS - Decision Engine: Prob: 0.4698 -> Signal: HOLD
2026-06-01 16:51:11 [INFO] STONKS - Decision Engine: Prob: 0.4269 -> Signal: HOLD
2026-06-01 16:51:11 [INFO] STONKS - Decision Engine: Prob: 0.3060 -> Signal: SELL
2026-06-01 16:51:11 [INFO] STONKS - Decision Engine: Prob: 0.3569 -> Signal: SELL
2026-06-01 16:51:11 [INFO] STONKS - Decision Engine: Prob: 0.3442 -> Signal: SELL
2026-06-01 16:51:11 [INFO] STONKS - Decision Engine: Prob: 0.3770 -> Signal: SELL
2026-06-01 16:51:11 [INFO] STONKS - Decision Engine: Prob: 0.3894 -> Signal: SELL
2026-06-01 16:51:11 [INFO] STONKS - Decision Engine: Prob: 0.3465 -> Signal: SELL
2026-06-01 16:51:11 [INFO] STONKS - Decision Engine: Prob: 0.3729 -> Signal: SELL
2026-06-01 16:51:11 [INFO] STONKS - Decision Engine: Prob: 0.3647 -> Signal: SELL
2026-06-01 16:51:11 [INFO] STONKS - Decision Engine: Prob: 0.3427 -> Signal: SELL
2026-06-01 16:51:11 [INFO] STONKS - Decision Engine: Prob: 0.3555 -> Signal: SELL
2026-06-01 16:51:11 [INFO] STONKS - Decision Engine: Prob: 0.3362 -> Signal: SELL
2026-06-01 16:51:11 [INFO] STONKS - Decision Engine: Prob: 0.3407 -> Signal: SELL
2026-06-01 16:51:11 [INFO] STONKS - Decision Engine: Prob: 0.3452 -> Signal: SELL
2026-06-01 16:51:11 [INFO] STONKS - Decision Engine: Prob: 0.3944 -> Signal: SELL
2026-06-01 16:51:11 [INFO] STONKS - Decision Engine: Prob: 0.4157 -> Signal: HOLD
2026-06-01 16:51:11 [INFO] STONKS - Decision Engine: Prob: 0.4126 -> Signal: HOLD
2026-06-01 16:51:11 [INFO] STONKS - Decision Engine: Prob: 0.4402 -> Signal: HOLD
2026-06-01 16:51:11 [INFO] STONKS - Decision Engine: Prob: 0.3506 -> Signal: SELL
2026-06-01 16:51:11 [INFO] STONKS - Decision Engine: Prob: 0.4208 -> Signal: HOLD
2026-06-01 16:51:11 [INFO] STONKS - Decision Engine: Prob: 0.3685 -> Signal: SELL
2026-06-01 16:51:11 [INFO] STONKS - Decision Engine: Prob: 0.3416 -> Signal: SELL
2026-06-01 16:51:11 [INFO] STONKS - Decision Engine: Prob: 0.3123 -> Signal: SELL
2026-06-01 16:51:11 [INFO] STONKS - Decision Engine: Prob: 0.3899 -> Signal: SELL
2026-06-01 16:51:11 [INFO] STONKS - Decision Engine: Prob: 0.4003 -> Signal: HOLD
2026-06-01 16:51:11 [INFO] STONKS - Decision Engine: Prob: 0.3205 -> Signal: SELL
2026-06-01 16:51:11 [INFO] STONKS - Decision Engine: Prob: 0.3677 -> Signal: SELL
2026-06-01 16:51:11 [INFO] STONKS - Decision Engine: Prob: 0.3910 -> Signal: SELL
2026-06-01 16:51:11 [INFO] STONKS - Decision Engine: Prob: 0.3933 -> Signal: SELL
2026-06-01 16:51:11 [INFO] STONKS - Decision Engine: Prob: 0.3935 -> Signal: SELL
2026-06-01 16:51:11 [INFO] STONKS - Decision Engine: Prob: 0.3256 -> Signal: SELL
2026-06-01 16:51:11 [INFO] STONKS - Decision Engine: Prob: 0.3261 -> Signal: SELL
2026-06-01 16:51:11 [INFO] STONKS - Decision Engine: Prob: 0.3632 -> Signal: SELL
2026-06-01 16:51:11 [INFO] STONKS - Decision Engine: Prob: 0.3539 -> Signal: SELL
2026-06-01 16:51:11 [INFO] STONKS - Decision Engine: Prob: 0.4127 -> Signal: HOLD
2026-06-01 16:51:11 [INFO] STONKS - Decision Engine: Prob: 0.4396 -> Signal: HOLD
2026-06-01 16:51:11 [INFO] STONKS - Decision Engine: Prob: 0.4150 -> Signal: HOLD
2026-06-01 16:51:11 [INFO] STONKS - Decision Engine: Prob: 0.3539 -> Signal: SELL
2026-06-01 16:51:11 [INFO] STONKS - Decision Engine: Prob: 0.4446 -> Signal: HOLD
2026-06-01 16:51:11 [INFO] STONKS - Decision Engine: Prob: 0.4418 -> Signal: HOLD
2026-06-01 16:51:11 [INFO] STONKS - Decision Engine: Prob: 0.3678 -> Signal: SELL
2026-06-01 16:51:11 [INFO] STONKS - Decision Engine: Prob: 0.4672 -> Signal: HOLD
2026-06-01 16:51:11 [INFO] STONKS - Decision Engine: Prob: 0.5206 -> Signal: HOLD
2026-06-01 16:51:11 [INFO] STONKS - Decision Engine: Prob: 0.5124 -> Signal: HOLD
2026-06-01 16:51:11 [INFO] STONKS - Decision Engine: Prob: 0.5174 -> Signal: HOLD
2026-06-01 16:51:11 [INFO] STONKS - Decision Engine: Prob: 0.5222 -> Signal: HOLD
2026-06-01 16:51:11 [INFO] STONKS - Decision Engine: Prob: 0.5042 -> Signal: HOLD
2026-06-01 16:51:11 [INFO] STONKS - Decision Engine: Prob: 0.6805 -> Signal: BUY
2026-06-01 16:51:11 [INFO] STONKS - Decision Engine: Prob: 0.6041 -> Signal: HOLD
2026-06-01 16:51:11 [INFO] STONKS - Decision Engine: Prob: 0.7115 -> Signal: BUY
2026-06-01 16:51:11 [INFO] STONKS - Decision Engine: Prob: 0.5925 -> Signal: HOLD
2026-06-01 16:51:11 [INFO] STONKS - Decision Engine: Prob: 0.6282 -> Signal: HOLD
2026-06-01 16:51:11 [INFO] STONKS - Decision Engine: Prob: 0.5373 -> Signal: HOLD
2026-06-01 16:51:11 [INFO] STONKS - Decision Engine: Prob: 0.4134 -> Signal: HOLD
2026-06-01 16:51:11 [INFO] STONKS - Decision Engine: Prob: 0.3682 -> Signal: SELL
2026-06-01 16:51:11 [INFO] STONKS - Decision Engine: Prob: 0.4276 -> Signal: HOLD
2026-06-01 16:51:11 [INFO] STONKS - Decision Engine: Prob: 0.3925 -> Signal: SELL
2026-06-01 16:51:11 [INFO] STONKS - Decision Engine: Prob: 0.4300 -> Signal: HOLD
2026-06-01 16:51:11 [INFO] STONKS - Decision Engine: Prob: 0.3863 -> Signal: SELL
2026-06-01 16:51:11 [INFO] STONKS - Decision Engine: Prob: 0.3818 -> Signal: SELL
2026-06-01 16:51:11 [INFO] STONKS - Decision Engine: Prob: 0.3999 -> Signal: SELL
2026-06-01 16:51:11 [INFO] STONKS - Decision Engine: Prob: 0.4796 -> Signal: HOLD
2026-06-01 16:51:11 [INFO] STONKS - Decision Engine: Prob: 0.3827 -> Signal: SELL
2026-06-01 16:51:11 [INFO] STONKS - Decision Engine: Prob: 0.3887 -> Signal: SELL
2026-06-01 16:51:11 [INFO] STONKS - Decision Engine: Prob: 0.3758 -> Signal: SELL
2026-06-01 16:51:11 [INFO] STONKS - Decision Engine: Prob: 0.3577 -> Signal: SELL
2026-06-01 16:51:11 [INFO] STONKS - Decision Engine: Prob: 0.3541 -> Signal: SELL
2026-06-01 16:51:11 [INFO] STONKS - Decision Engine: Prob: 0.3192 -> Signal: SELL
2026-06-01 16:51:11 [INFO] STONKS - Decision Engine: Prob: 0.4439 -> Signal: HOLD
2026-06-01 16:51:11 [INFO] STONKS - Decision Engine: Prob: 0.4552 -> Signal: HOLD
2026-06-01 16:51:11 [INFO] STONKS - Decision Engine: Prob: 0.5145 -> Signal: HOLD
2026-06-01 16:51:11 [INFO] STONKS - Decision Engine: Prob: 0.4376 -> Signal: HOLD
2026-06-01 16:51:11 [INFO] STONKS - Decision Engine: Prob: 0.5036 -> Signal: HOLD
2026-06-01 16:51:11 [INFO] STONKS - Decision Engine: Prob: 0.5244 -> Signal: HOLD
2026-06-01 16:51:11 [INFO] STONKS - Decision Engine: Prob: 0.5269 -> Signal: HOLD
2026-06-01 16:51:11 [INFO] STONKS - Decision Engine: Prob: 0.4964 -> Signal: HOLD
2026-06-01 16:51:11 [INFO] STONKS - Decision Engine: Prob: 0.4964 -> Signal: HOLD
2026-06-01 16:51:11 [INFO] STONKS - Decision Engine: Prob: 0.4864 -> Signal: HOLD
2026-06-01 16:51:11 [INFO] STONKS - Decision Engine: Prob: 0.4535 -> Signal: HOLD
2026-06-01 16:51:11 [INFO] STONKS - Decision Engine: Prob: 0.5172 -> Signal: HOLD
2026-06-01 16:51:11 [INFO] STONKS - Decision Engine: Prob: 0.5557 -> Signal: HOLD
2026-06-01 16:51:11 [INFO] STONKS - Decision Engine: Prob: 0.5637 -> Signal: HOLD
2026-06-01 16:51:11 [INFO] STONKS - Decision Engine: Prob: 0.5810 -> Signal: HOLD
2026-06-01 16:51:11 [INFO] STONKS - Decision Engine: Prob: 0.5701 -> Signal: HOLD
2026-06-01 16:51:11 [INFO] STONKS - Decision Engine: Prob: 0.5458 -> Signal: HOLD
2026-06-01 16:51:11 [INFO] STONKS - Decision Engine: Prob: 0.5574 -> Signal: HOLD
2026-06-01 16:51:11 [INFO] STONKS - Decision Engine: Prob: 0.5715 -> Signal: HOLD
2026-06-01 16:51:11 [INFO] STONKS - Decision Engine: Prob: 0.5850 -> Signal: HOLD
2026-06-01 16:51:11 [INFO] STONKS - Decision Engine: Prob: 0.6248 -> Signal: HOLD
2026-06-01 16:51:11 [INFO] STONKS - Decision Engine: Prob: 0.6474 -> Signal: HOLD
2026-06-01 16:51:11 [INFO] STONKS - Decision Engine: Prob: 0.6582 -> Signal: BUY
2026-06-01 16:51:11 [INFO] STONKS - Decision Engine: Prob: 0.6469 -> Signal: HOLD
2026-06-01 16:51:11 [INFO] STONKS - Decision Engine: Prob: 0.5803 -> Signal: HOLD
2026-06-01 16:51:11 [INFO] STONKS - Decision Engine: Prob: 0.6129 -> Signal: HOLD
2026-06-01 16:51:11 [INFO] STONKS - Decision Engine: Prob: 0.5839 -> Signal: HOLD
2026-06-01 16:51:11 [INFO] STONKS - Decision Engine: Prob: 0.6253 -> Signal: HOLD
2026-06-01 16:51:11 [INFO] STONKS - Decision Engine: Prob: 0.6728 -> Signal: BUY
2026-06-01 16:51:11 [INFO] STONKS - Decision Engine: Prob: 0.7346 -> Signal: BUY
2026-06-01 16:51:11 [INFO] STONKS - Decision Engine: Prob: 0.7102 -> Signal: BUY
2026-06-01 16:51:11 [INFO] STONKS - Decision Engine: Prob: 0.7651 -> Signal: BUY
2026-06-01 16:51:11 [INFO] STONKS - Decision Engine: Prob: 0.6472 -> Signal: HOLD
2026-06-01 16:51:11 [INFO] STONKS - Decision Engine: Prob: 0.7237 -> Signal: BUY
2026-06-01 16:51:11 [INFO] STONKS - Decision Engine: Prob: 0.6626 -> Signal: BUY
2026-06-01 16:51:11 [INFO] STONKS - Decision Engine: Prob: 0.7788 -> Signal: BUY
2026-06-01 16:51:11 [INFO] STONKS - Decision Engine: Prob: 0.6957 -> Signal: BUY
2026-06-01 16:51:11 [INFO] STONKS - Decision Engine: Prob: 0.7767 -> Signal: BUY
2026-06-01 16:51:11 [INFO] STONKS - Decision Engine: Prob: 0.7759 -> Signal: BUY
2026-06-01 16:51:11 [INFO] STONKS - Decision Engine: Prob: 0.7010 -> Signal: BUY
2026-06-01 16:51:11 [INFO] STONKS - Decision Engine: Prob: 0.6671 -> Signal: BUY
2026-06-01 16:51:11 [INFO] STONKS - Decision Engine: Prob: 0.7137 -> Signal: BUY
2026-06-01 16:51:11 [INFO] STONKS - Decision Engine: Prob: 0.5989 -> Signal: HOLD
2026-06-01 16:51:11 [INFO] STONKS - Decision Engine: Prob: 0.5763 -> Signal: HOLD
2026-06-01 16:51:11 [INFO] STONKS - Decision Engine: Prob: 0.5743 -> Signal: HOLD
2026-06-01 16:51:11 [INFO] STONKS - Decision Engine: Prob: 0.6185 -> Signal: HOLD
2026-06-01 16:51:11 [INFO] STONKS - Decision Engine: Prob: 0.6554 -> Signal: BUY
2026-06-01 16:51:11 [INFO] STONKS - Decision Engine: Prob: 0.5767 -> Signal: HOLD
2026-06-01 16:51:11 [INFO] STONKS - Decision Engine: Prob: 0.4681 -> Signal: HOLD
2026-06-01 16:51:11 [INFO] STONKS - Decision Engine: Prob: 0.4498 -> Signal: HOLD
2026-06-01 16:51:11 [INFO] STONKS - Decision Engine: Prob: 0.4560 -> Signal: HOLD
2026-06-01 16:51:11 [INFO] STONKS - Decision Engine: Prob: 0.3437 -> Signal: SELL
2026-06-01 16:51:11 [INFO] STONKS - Decision Engine: Prob: 0.4038 -> Signal: HOLD
2026-06-01 16:51:11 [INFO] STONKS - Decision Engine: Prob: 0.4125 -> Signal: HOLD
2026-06-01 16:51:11 [INFO] STONKS - Decision Engine: Prob: 0.3142 -> Signal: SELL
2026-06-01 16:51:11 [INFO] STONKS - Decision Engine: Prob: 0.2785 -> Signal: SELL
2026-06-01 16:51:11 [INFO] STONKS - Decision Engine: Prob: 0.2714 -> Signal: SELL
2026-06-01 16:51:11 [INFO] STONKS - Decision Engine: Prob: 0.3164 -> Signal: SELL
2026-06-01 16:51:11 [INFO] STONKS - Decision Engine: Prob: 0.2781 -> Signal: SELL
2026-06-01 16:51:11 [INFO] STONKS - Decision Engine: Prob: 0.2302 -> Signal: SELL
2026-06-01 16:51:11 [INFO] STONKS - Decision Engine: Prob: 0.3390 -> Signal: SELL
2026-06-01 16:51:11 [INFO] STONKS - Decision Engine: Prob: 0.3263 -> Signal: SELL
2026-06-01 16:51:11 [INFO] STONKS - Decision Engine: Prob: 0.3701 -> Signal: SELL
2026-06-01 16:51:11 [INFO] STONKS - Decision Engine: Prob: 0.3390 -> Signal: SELL
2026-06-01 16:51:11 [INFO] STONKS - Decision Engine: Prob: 0.2943 -> Signal: SELL
2026-06-01 16:51:11 [INFO] STONKS - Decision Engine: Prob: 0.3654 -> Signal: SELL
2026-06-01 16:51:11 [INFO] STONKS - Decision Engine: Prob: 0.3654 -> Signal: SELL
2026-06-01 16:51:11 [INFO] STONKS - Decision Engine: Prob: 0.3980 -> Signal: SELL
2026-06-01 16:51:11 [INFO] STONKS - Decision Engine: Prob: 0.3504 -> Signal: SELL
2026-06-01 16:51:11 [INFO] STONKS - Decision Engine: Prob: 0.3474 -> Signal: SELL
2026-06-01 16:51:11 [INFO] STONKS - Decision Engine: Prob: 0.3574 -> Signal: SELL
2026-06-01 16:51:11 [INFO] STONKS - Decision Engine: Prob: 0.3230 -> Signal: SELL
2026-06-01 16:51:11 [INFO] STONKS - Decision Engine: Prob: 0.3854 -> Signal: SELL
2026-06-01 16:51:11 [INFO] STONKS - Decision Engine: Prob: 0.3830 -> Signal: SELL
2026-06-01 16:51:11 [INFO] STONKS - Decision Engine: Prob: 0.3874 -> Signal: SELL
2026-06-01 16:51:11 [INFO] STONKS - Decision Engine: Prob: 0.3974 -> Signal: SELL
2026-06-01 16:51:11 [INFO] STONKS - Decision Engine: Prob: 0.3900 -> Signal: SELL
2026-06-01 16:51:11 [INFO] STONKS - Decision Engine: Prob: 0.3674 -> Signal: SELL
2026-06-01 16:51:11 [INFO] STONKS - Decision Engine: Prob: 0.3874 -> Signal: SELL
2026-06-01 16:51:11 [INFO] STONKS - Decision Engine: Prob: 0.6619 -> Signal: BUY
2026-06-01 16:51:11 [INFO] STONKS - Cache hit: Loading data for TSLA (2y, 1d) from E:\Projects\StonksV2\cache\TSLA_2y_1d.csv
2026-06-01 16:51:11 [INFO] STONKS - Initiating walk-forward backtest for TSLA...
2026-06-01 16:51:11 [INFO] STONKS - Computing features for TSLA (no active cache found).
2026-06-01 16:51:11 [INFO] STONKS - Prepared training dataset for TSLA: Shape (451, 17)
2026-06-01 16:51:11 [INFO] STONKS - Training RandomForestModel: Samples=250, Features=17
2026-06-01 16:51:11 [INFO] STONKS - RandomForestModel training completed successfully.
2026-06-01 16:51:12 [INFO] STONKS - Training RandomForestModel: Samples=250, Features=17
2026-06-01 16:51:12 [INFO] STONKS - RandomForestModel training completed successfully.
2026-06-01 16:51:12 [INFO] STONKS - Training RandomForestModel: Samples=250, Features=17
2026-06-01 16:51:12 [INFO] STONKS - RandomForestModel training completed successfully.
2026-06-01 16:51:12 [INFO] STONKS - Training RandomForestModel: Samples=250, Features=17
2026-06-01 16:51:12 [INFO] STONKS - RandomForestModel training completed successfully.
2026-06-01 16:51:12 [INFO] STONKS - Training RandomForestModel: Samples=250, Features=17
2026-06-01 16:51:12 [INFO] STONKS - RandomForestModel training completed successfully.
2026-06-01 16:51:12 [INFO] STONKS - Decision Engine: Prob: 0.5454 -> Signal: HOLD
2026-06-01 16:51:12 [INFO] STONKS - Decision Engine: Prob: 0.4662 -> Signal: HOLD
2026-06-01 16:51:12 [INFO] STONKS - Decision Engine: Prob: 0.4054 -> Signal: HOLD
2026-06-01 16:51:12 [INFO] STONKS - Decision Engine: Prob: 0.4054 -> Signal: HOLD
2026-06-01 16:51:12 [INFO] STONKS - Decision Engine: Prob: 0.3494 -> Signal: SELL
2026-06-01 16:51:12 [INFO] STONKS - Decision Engine: Prob: 0.3682 -> Signal: SELL
2026-06-01 16:51:12 [INFO] STONKS - Decision Engine: Prob: 0.3794 -> Signal: SELL
2026-06-01 16:51:12 [INFO] STONKS - Decision Engine: Prob: 0.3629 -> Signal: SELL
2026-06-01 16:51:12 [INFO] STONKS - Decision Engine: Prob: 0.4730 -> Signal: HOLD
2026-06-01 16:51:12 [INFO] STONKS - Decision Engine: Prob: 0.3961 -> Signal: SELL
2026-06-01 16:51:12 [INFO] STONKS - Decision Engine: Prob: 0.3970 -> Signal: SELL
2026-06-01 16:51:12 [INFO] STONKS - Decision Engine: Prob: 0.4293 -> Signal: HOLD
2026-06-01 16:51:12 [INFO] STONKS - Decision Engine: Prob: 0.4354 -> Signal: HOLD
2026-06-01 16:51:12 [INFO] STONKS - Decision Engine: Prob: 0.4398 -> Signal: HOLD
2026-06-01 16:51:12 [INFO] STONKS - Decision Engine: Prob: 0.3849 -> Signal: SELL
2026-06-01 16:51:12 [INFO] STONKS - Decision Engine: Prob: 0.4730 -> Signal: HOLD
2026-06-01 16:51:12 [INFO] STONKS - Decision Engine: Prob: 0.4234 -> Signal: HOLD
2026-06-01 16:51:12 [INFO] STONKS - Decision Engine: Prob: 0.3907 -> Signal: SELL
2026-06-01 16:51:12 [INFO] STONKS - Decision Engine: Prob: 0.4569 -> Signal: HOLD
2026-06-01 16:51:12 [INFO] STONKS - Decision Engine: Prob: 0.4652 -> Signal: HOLD
2026-06-01 16:51:12 [INFO] STONKS - Decision Engine: Prob: 0.4592 -> Signal: HOLD
2026-06-01 16:51:12 [INFO] STONKS - Decision Engine: Prob: 0.4769 -> Signal: HOLD
2026-06-01 16:51:12 [INFO] STONKS - Decision Engine: Prob: 0.4725 -> Signal: HOLD
2026-06-01 16:51:12 [INFO] STONKS - Decision Engine: Prob: 0.4257 -> Signal: HOLD
2026-06-01 16:51:12 [INFO] STONKS - Decision Engine: Prob: 0.3424 -> Signal: SELL
2026-06-01 16:51:12 [INFO] STONKS - Decision Engine: Prob: 0.3622 -> Signal: SELL
2026-06-01 16:51:12 [INFO] STONKS - Decision Engine: Prob: 0.3766 -> Signal: SELL
2026-06-01 16:51:12 [INFO] STONKS - Decision Engine: Prob: 0.4552 -> Signal: HOLD
2026-06-01 16:51:12 [INFO] STONKS - Decision Engine: Prob: 0.4840 -> Signal: HOLD
2026-06-01 16:51:12 [INFO] STONKS - Decision Engine: Prob: 0.4578 -> Signal: HOLD
2026-06-01 16:51:12 [INFO] STONKS - Decision Engine: Prob: 0.5121 -> Signal: HOLD
2026-06-01 16:51:12 [INFO] STONKS - Decision Engine: Prob: 0.4389 -> Signal: HOLD
2026-06-01 16:51:12 [INFO] STONKS - Decision Engine: Prob: 0.4001 -> Signal: HOLD
2026-06-01 16:51:12 [INFO] STONKS - Decision Engine: Prob: 0.3764 -> Signal: SELL
2026-06-01 16:51:12 [INFO] STONKS - Decision Engine: Prob: 0.4784 -> Signal: HOLD
2026-06-01 16:51:12 [INFO] STONKS - Decision Engine: Prob: 0.4797 -> Signal: HOLD
2026-06-01 16:51:12 [INFO] STONKS - Decision Engine: Prob: 0.3602 -> Signal: SELL
2026-06-01 16:51:12 [INFO] STONKS - Decision Engine: Prob: 0.1729 -> Signal: SELL
2026-06-01 16:51:12 [INFO] STONKS - Decision Engine: Prob: 0.2023 -> Signal: SELL
2026-06-01 16:51:12 [INFO] STONKS - Decision Engine: Prob: 0.2029 -> Signal: SELL
2026-06-01 16:51:12 [INFO] STONKS - Decision Engine: Prob: 0.2863 -> Signal: SELL
2026-06-01 16:51:12 [INFO] STONKS - Decision Engine: Prob: 0.2622 -> Signal: SELL
2026-06-01 16:51:12 [INFO] STONKS - Decision Engine: Prob: 0.2858 -> Signal: SELL
2026-06-01 16:51:12 [INFO] STONKS - Decision Engine: Prob: 0.3791 -> Signal: SELL
2026-06-01 16:51:12 [INFO] STONKS - Decision Engine: Prob: 0.3241 -> Signal: SELL
2026-06-01 16:51:12 [INFO] STONKS - Decision Engine: Prob: 0.3649 -> Signal: SELL
2026-06-01 16:51:12 [INFO] STONKS - Decision Engine: Prob: 0.3373 -> Signal: SELL
2026-06-01 16:51:12 [INFO] STONKS - Decision Engine: Prob: 0.4049 -> Signal: HOLD
2026-06-01 16:51:12 [INFO] STONKS - Decision Engine: Prob: 0.3637 -> Signal: SELL
2026-06-01 16:51:12 [INFO] STONKS - Decision Engine: Prob: 0.3437 -> Signal: SELL
2026-06-01 16:51:12 [INFO] STONKS - Decision Engine: Prob: 0.6053 -> Signal: HOLD
2026-06-01 16:51:12 [INFO] STONKS - Decision Engine: Prob: 0.3724 -> Signal: SELL
2026-06-01 16:51:12 [INFO] STONKS - Decision Engine: Prob: 0.3417 -> Signal: SELL
2026-06-01 16:51:12 [INFO] STONKS - Decision Engine: Prob: 0.6129 -> Signal: HOLD
2026-06-01 16:51:12 [INFO] STONKS - Decision Engine: Prob: 0.2885 -> Signal: SELL
2026-06-01 16:51:12 [INFO] STONKS - Decision Engine: Prob: 0.2711 -> Signal: SELL
2026-06-01 16:51:12 [INFO] STONKS - Decision Engine: Prob: 0.2363 -> Signal: SELL
2026-06-01 16:51:12 [INFO] STONKS - Decision Engine: Prob: 0.3837 -> Signal: SELL
2026-06-01 16:51:12 [INFO] STONKS - Decision Engine: Prob: 0.2978 -> Signal: SELL
2026-06-01 16:51:12 [INFO] STONKS - Decision Engine: Prob: 0.2850 -> Signal: SELL
2026-06-01 16:51:12 [INFO] STONKS - Decision Engine: Prob: 0.4057 -> Signal: HOLD
2026-06-01 16:51:12 [INFO] STONKS - Decision Engine: Prob: 0.2873 -> Signal: SELL
2026-06-01 16:51:12 [INFO] STONKS - Decision Engine: Prob: 0.4431 -> Signal: HOLD
2026-06-01 16:51:12 [INFO] STONKS - Decision Engine: Prob: 0.6518 -> Signal: BUY
2026-06-01 16:51:12 [INFO] STONKS - Decision Engine: Prob: 0.3805 -> Signal: SELL
2026-06-01 16:51:12 [INFO] STONKS - Decision Engine: Prob: 0.4867 -> Signal: HOLD
2026-06-01 16:51:12 [INFO] STONKS - Decision Engine: Prob: 0.6421 -> Signal: HOLD
2026-06-01 16:51:12 [INFO] STONKS - Decision Engine: Prob: 0.6870 -> Signal: BUY
2026-06-01 16:51:12 [INFO] STONKS - Decision Engine: Prob: 0.5368 -> Signal: HOLD
2026-06-01 16:51:12 [INFO] STONKS - Decision Engine: Prob: 0.4994 -> Signal: HOLD
2026-06-01 16:51:12 [INFO] STONKS - Decision Engine: Prob: 0.5555 -> Signal: HOLD
2026-06-01 16:51:12 [INFO] STONKS - Decision Engine: Prob: 0.4778 -> Signal: HOLD
2026-06-01 16:51:12 [INFO] STONKS - Decision Engine: Prob: 0.4805 -> Signal: HOLD
2026-06-01 16:51:12 [INFO] STONKS - Decision Engine: Prob: 0.4193 -> Signal: HOLD
2026-06-01 16:51:12 [INFO] STONKS - Decision Engine: Prob: 0.3874 -> Signal: SELL
2026-06-01 16:51:12 [INFO] STONKS - Decision Engine: Prob: 0.3464 -> Signal: SELL
2026-06-01 16:51:12 [INFO] STONKS - Decision Engine: Prob: 0.3307 -> Signal: SELL
2026-06-01 16:51:12 [INFO] STONKS - Decision Engine: Prob: 0.2789 -> Signal: SELL
2026-06-01 16:51:12 [INFO] STONKS - Decision Engine: Prob: 0.3791 -> Signal: SELL
2026-06-01 16:51:12 [INFO] STONKS - Decision Engine: Prob: 0.4007 -> Signal: HOLD
2026-06-01 16:51:12 [INFO] STONKS - Decision Engine: Prob: 0.3025 -> Signal: SELL
2026-06-01 16:51:12 [INFO] STONKS - Decision Engine: Prob: 0.2873 -> Signal: SELL
2026-06-01 16:51:12 [INFO] STONKS - Decision Engine: Prob: 0.3583 -> Signal: SELL
2026-06-01 16:51:12 [INFO] STONKS - Decision Engine: Prob: 0.4119 -> Signal: HOLD
2026-06-01 16:51:12 [INFO] STONKS - Decision Engine: Prob: 0.3212 -> Signal: SELL
2026-06-01 16:51:12 [INFO] STONKS - Decision Engine: Prob: 0.2874 -> Signal: SELL
2026-06-01 16:51:12 [INFO] STONKS - Decision Engine: Prob: 0.3336 -> Signal: SELL
2026-06-01 16:51:12 [INFO] STONKS - Decision Engine: Prob: 0.2995 -> Signal: SELL
2026-06-01 16:51:12 [INFO] STONKS - Decision Engine: Prob: 0.2755 -> Signal: SELL
2026-06-01 16:51:12 [INFO] STONKS - Decision Engine: Prob: 0.2892 -> Signal: SELL
2026-06-01 16:51:12 [INFO] STONKS - Decision Engine: Prob: 0.3411 -> Signal: SELL
2026-06-01 16:51:12 [INFO] STONKS - Decision Engine: Prob: 0.2219 -> Signal: SELL
2026-06-01 16:51:12 [INFO] STONKS - Decision Engine: Prob: 0.2554 -> Signal: SELL
2026-06-01 16:51:12 [INFO] STONKS - Decision Engine: Prob: 0.2239 -> Signal: SELL
2026-06-01 16:51:12 [INFO] STONKS - Decision Engine: Prob: 0.2706 -> Signal: SELL
2026-06-01 16:51:12 [INFO] STONKS - Decision Engine: Prob: 0.2673 -> Signal: SELL
2026-06-01 16:51:12 [INFO] STONKS - Decision Engine: Prob: 0.3644 -> Signal: SELL
2026-06-01 16:51:12 [INFO] STONKS - Decision Engine: Prob: 0.3555 -> Signal: SELL
2026-06-01 16:51:12 [INFO] STONKS - Decision Engine: Prob: 0.2919 -> Signal: SELL
2026-06-01 16:51:12 [INFO] STONKS - Decision Engine: Prob: 0.4089 -> Signal: HOLD
2026-06-01 16:51:12 [INFO] STONKS - Decision Engine: Prob: 0.1575 -> Signal: SELL
2026-06-01 16:51:12 [INFO] STONKS - Decision Engine: Prob: 0.1407 -> Signal: SELL
2026-06-01 16:51:12 [INFO] STONKS - Decision Engine: Prob: 0.3915 -> Signal: SELL
2026-06-01 16:51:12 [INFO] STONKS - Decision Engine: Prob: 0.2894 -> Signal: SELL
2026-06-01 16:51:12 [INFO] STONKS - Decision Engine: Prob: 0.3137 -> Signal: SELL
2026-06-01 16:51:12 [INFO] STONKS - Decision Engine: Prob: 0.3360 -> Signal: SELL
2026-06-01 16:51:12 [INFO] STONKS - Decision Engine: Prob: 0.2845 -> Signal: SELL
2026-06-01 16:51:12 [INFO] STONKS - Decision Engine: Prob: 0.3675 -> Signal: SELL
2026-06-01 16:51:12 [INFO] STONKS - Decision Engine: Prob: 0.4164 -> Signal: HOLD
2026-06-01 16:51:12 [INFO] STONKS - Decision Engine: Prob: 0.4364 -> Signal: HOLD
2026-06-01 16:51:12 [INFO] STONKS - Decision Engine: Prob: 0.4591 -> Signal: HOLD
2026-06-01 16:51:12 [INFO] STONKS - Decision Engine: Prob: 0.4516 -> Signal: HOLD
2026-06-01 16:51:12 [INFO] STONKS - Decision Engine: Prob: 0.3837 -> Signal: SELL
2026-06-01 16:51:12 [INFO] STONKS - Decision Engine: Prob: 0.3636 -> Signal: SELL
2026-06-01 16:51:12 [INFO] STONKS - Decision Engine: Prob: 0.4168 -> Signal: HOLD
2026-06-01 16:51:12 [INFO] STONKS - Decision Engine: Prob: 0.6023 -> Signal: HOLD
2026-06-01 16:51:12 [INFO] STONKS - Decision Engine: Prob: 0.5334 -> Signal: HOLD
2026-06-01 16:51:12 [INFO] STONKS - Decision Engine: Prob: 0.5497 -> Signal: HOLD
2026-06-01 16:51:12 [INFO] STONKS - Decision Engine: Prob: 0.6708 -> Signal: BUY
2026-06-01 16:51:12 [INFO] STONKS - Decision Engine: Prob: 0.5424 -> Signal: HOLD
2026-06-01 16:51:12 [INFO] STONKS - Decision Engine: Prob: 0.6812 -> Signal: BUY
2026-06-01 16:51:12 [INFO] STONKS - Decision Engine: Prob: 0.6338 -> Signal: HOLD
2026-06-01 16:51:12 [INFO] STONKS - Decision Engine: Prob: 0.6936 -> Signal: BUY
2026-06-01 16:51:12 [INFO] STONKS - Decision Engine: Prob: 0.6562 -> Signal: BUY
2026-06-01 16:51:12 [INFO] STONKS - Decision Engine: Prob: 0.5794 -> Signal: HOLD
2026-06-01 16:51:12 [INFO] STONKS - Decision Engine: Prob: 0.5335 -> Signal: HOLD
2026-06-01 16:51:12 [INFO] STONKS - Decision Engine: Prob: 0.5547 -> Signal: HOLD
2026-06-01 16:51:12 [INFO] STONKS - Decision Engine: Prob: 0.5488 -> Signal: HOLD
2026-06-01 16:51:12 [INFO] STONKS - Decision Engine: Prob: 0.6270 -> Signal: HOLD
2026-06-01 16:51:12 [INFO] STONKS - Decision Engine: Prob: 0.5630 -> Signal: HOLD
2026-06-01 16:51:12 [INFO] STONKS - Decision Engine: Prob: 0.6256 -> Signal: HOLD
2026-06-01 16:51:12 [INFO] STONKS - Decision Engine: Prob: 0.6074 -> Signal: HOLD
2026-06-01 16:51:12 [INFO] STONKS - Decision Engine: Prob: 0.6226 -> Signal: HOLD
2026-06-01 16:51:12 [INFO] STONKS - Decision Engine: Prob: 0.6438 -> Signal: HOLD
2026-06-01 16:51:12 [INFO] STONKS - Decision Engine: Prob: 0.6190 -> Signal: HOLD
2026-06-01 16:51:12 [INFO] STONKS - Decision Engine: Prob: 0.5758 -> Signal: HOLD
2026-06-01 16:51:12 [INFO] STONKS - Decision Engine: Prob: 0.5226 -> Signal: HOLD
2026-06-01 16:51:12 [INFO] STONKS - Decision Engine: Prob: 0.5645 -> Signal: HOLD
2026-06-01 16:51:12 [INFO] STONKS - Decision Engine: Prob: 0.6119 -> Signal: HOLD
2026-06-01 16:51:12 [INFO] STONKS - Decision Engine: Prob: 0.5907 -> Signal: HOLD
2026-06-01 16:51:12 [INFO] STONKS - Decision Engine: Prob: 0.4929 -> Signal: HOLD
2026-06-01 16:51:12 [INFO] STONKS - Decision Engine: Prob: 0.5328 -> Signal: HOLD
2026-06-01 16:51:12 [INFO] STONKS - Decision Engine: Prob: 0.5625 -> Signal: HOLD
2026-06-01 16:51:12 [INFO] STONKS - Decision Engine: Prob: 0.5745 -> Signal: HOLD
2026-06-01 16:51:12 [INFO] STONKS - Decision Engine: Prob: 0.5984 -> Signal: HOLD
2026-06-01 16:51:12 [INFO] STONKS - Decision Engine: Prob: 0.6026 -> Signal: HOLD
2026-06-01 16:51:12 [INFO] STONKS - Decision Engine: Prob: 0.5200 -> Signal: HOLD
2026-06-01 16:51:12 [INFO] STONKS - Decision Engine: Prob: 0.5885 -> Signal: HOLD
2026-06-01 16:51:12 [INFO] STONKS - Decision Engine: Prob: 0.5629 -> Signal: HOLD
2026-06-01 16:51:12 [INFO] STONKS - Decision Engine: Prob: 0.5185 -> Signal: HOLD
2026-06-01 16:51:12 [INFO] STONKS - Decision Engine: Prob: 0.5846 -> Signal: HOLD
2026-06-01 16:51:12 [INFO] STONKS - Decision Engine: Prob: 0.7286 -> Signal: BUY
2026-06-01 16:51:12 [INFO] STONKS - Decision Engine: Prob: 0.7605 -> Signal: BUY
2026-06-01 16:51:12 [INFO] STONKS - Decision Engine: Prob: 0.7670 -> Signal: BUY
2026-06-01 16:51:12 [INFO] STONKS - Decision Engine: Prob: 0.7299 -> Signal: BUY
2026-06-01 16:51:12 [INFO] STONKS - Decision Engine: Prob: 0.8281 -> Signal: BUY
2026-06-01 16:51:12 [INFO] STONKS - Decision Engine: Prob: 0.7398 -> Signal: BUY
2026-06-01 16:51:12 [INFO] STONKS - Decision Engine: Prob: 0.7719 -> Signal: BUY
2026-06-01 16:51:12 [INFO] STONKS - Decision Engine: Prob: 0.8315 -> Signal: BUY
2026-06-01 16:51:12 [INFO] STONKS - Decision Engine: Prob: 0.8176 -> Signal: BUY
2026-06-01 16:51:12 [INFO] STONKS - Decision Engine: Prob: 0.8309 -> Signal: BUY
2026-06-01 16:51:12 [INFO] STONKS - Decision Engine: Prob: 0.8606 -> Signal: BUY
2026-06-01 16:51:12 [INFO] STONKS - Decision Engine: Prob: 0.8536 -> Signal: BUY
2026-06-01 16:51:12 [INFO] STONKS - Decision Engine: Prob: 0.8661 -> Signal: BUY
2026-06-01 16:51:12 [INFO] STONKS - Decision Engine: Prob: 0.8499 -> Signal: BUY
2026-06-01 16:51:12 [INFO] STONKS - Decision Engine: Prob: 0.8452 -> Signal: BUY
2026-06-01 16:51:12 [INFO] STONKS - Decision Engine: Prob: 0.8062 -> Signal: BUY
2026-06-01 16:51:12 [INFO] STONKS - Decision Engine: Prob: 0.8513 -> Signal: BUY
2026-06-01 16:51:12 [INFO] STONKS - Decision Engine: Prob: 0.7288 -> Signal: BUY
2026-06-01 16:51:12 [INFO] STONKS - Decision Engine: Prob: 0.7418 -> Signal: BUY
2026-06-01 16:51:12 [INFO] STONKS - Decision Engine: Prob: 0.7141 -> Signal: BUY
2026-06-01 16:51:12 [INFO] STONKS - Decision Engine: Prob: 0.6431 -> Signal: HOLD
2026-06-01 16:51:12 [INFO] STONKS - Decision Engine: Prob: 0.6592 -> Signal: BUY
2026-06-01 16:51:12 [INFO] STONKS - Decision Engine: Prob: 0.6776 -> Signal: BUY
2026-06-01 16:51:12 [INFO] STONKS - Decision Engine: Prob: 0.7138 -> Signal: BUY
2026-06-01 16:51:12 [INFO] STONKS - Decision Engine: Prob: 0.6647 -> Signal: BUY
2026-06-01 16:51:12 [INFO] STONKS - Decision Engine: Prob: 0.6103 -> Signal: HOLD
2026-06-01 16:51:12 [INFO] STONKS - Decision Engine: Prob: 0.6740 -> Signal: BUY
2026-06-01 16:51:12 [INFO] STONKS - Decision Engine: Prob: 0.7315 -> Signal: BUY
2026-06-01 16:51:12 [INFO] STONKS - Decision Engine: Prob: 0.7323 -> Signal: BUY
2026-06-01 16:51:12 [INFO] STONKS - Decision Engine: Prob: 0.7327 -> Signal: BUY
2026-06-01 16:51:12 [INFO] STONKS - Decision Engine: Prob: 0.7214 -> Signal: BUY
2026-06-01 16:51:12 [INFO] STONKS - Decision Engine: Prob: 0.7530 -> Signal: BUY
2026-06-01 16:51:12 [INFO] STONKS - Decision Engine: Prob: 0.6359 -> Signal: HOLD
2026-06-01 16:51:12 [INFO] STONKS - Decision Engine: Prob: 0.6785 -> Signal: BUY
2026-06-01 16:51:12 [INFO] STONKS - Decision Engine: Prob: 0.6820 -> Signal: BUY
2026-06-01 16:51:12 [INFO] STONKS - Decision Engine: Prob: 0.6906 -> Signal: BUY
2026-06-01 16:51:12 [INFO] STONKS - Decision Engine: Prob: 0.7210 -> Signal: BUY
2026-06-01 16:51:12 [INFO] STONKS - Decision Engine: Prob: 0.6825 -> Signal: BUY
2026-06-01 16:51:12 [INFO] STONKS - Decision Engine: Prob: 0.6854 -> Signal: BUY
2026-06-01 16:51:12 [INFO] STONKS - Decision Engine: Prob: 0.4694 -> Signal: HOLD
2026-06-01 16:51:12 [INFO] STONKS - Decision Engine: Prob: 0.4299 -> Signal: HOLD
2026-06-01 16:51:12 [INFO] STONKS - Decision Engine: Prob: 0.5194 -> Signal: HOLD
2026-06-01 16:51:12 [INFO] STONKS - Decision Engine: Prob: 0.4889 -> Signal: HOLD
2026-06-01 16:51:12 [INFO] STONKS - Decision Engine: Prob: 0.4987 -> Signal: HOLD
2026-06-01 16:51:12 [INFO] STONKS - Decision Engine: Prob: 0.3939 -> Signal: SELL
2026-06-01 16:51:12 [INFO] STONKS - Decision Engine: Prob: 0.3961 -> Signal: SELL
2026-06-01 16:51:12 [INFO] STONKS - Decision Engine: Prob: 0.3334 -> Signal: SELL
2026-06-01 16:51:12 [INFO] STONKS - Decision Engine: Prob: 0.3534 -> Signal: SELL
2026-06-01 16:51:12 [INFO] STONKS - Decision Engine: Prob: 0.4088 -> Signal: HOLD
2026-06-01 16:51:12 [INFO] STONKS - Decision Engine: Prob: 0.6116 -> Signal: HOLD
2026-06-01 16:51:12 [INFO] STONKS - Cache hit: Loading data for NVDA (2y, 1d) from E:\Projects\StonksV2\cache\NVDA_2y_1d.csv
2026-06-01 16:51:12 [INFO] STONKS - Initiating walk-forward backtest for NVDA...
2026-06-01 16:51:12 [INFO] STONKS - Computing features for NVDA (no active cache found).
2026-06-01 16:51:12 [INFO] STONKS - Prepared training dataset for NVDA: Shape (451, 17)
2026-06-01 16:51:12 [INFO] STONKS - Training RandomForestModel: Samples=250, Features=17
2026-06-01 16:51:12 [INFO] STONKS - RandomForestModel training completed successfully.
2026-06-01 16:51:12 [INFO] STONKS - Training RandomForestModel: Samples=250, Features=17
2026-06-01 16:51:12 [INFO] STONKS - RandomForestModel training completed successfully.
2026-06-01 16:51:12 [INFO] STONKS - Training RandomForestModel: Samples=250, Features=17
2026-06-01 16:51:12 [INFO] STONKS - RandomForestModel training completed successfully.
2026-06-01 16:51:12 [INFO] STONKS - Training RandomForestModel: Samples=250, Features=17
2026-06-01 16:51:12 [INFO] STONKS - RandomForestModel training completed successfully.
2026-06-01 16:51:13 [INFO] STONKS - Training RandomForestModel: Samples=250, Features=17
2026-06-01 16:51:13 [INFO] STONKS - RandomForestModel training completed successfully.
2026-06-01 16:51:13 [INFO] STONKS - Decision Engine: Prob: 0.6014 -> Signal: HOLD
2026-06-01 16:51:13 [INFO] STONKS - Decision Engine: Prob: 0.3650 -> Signal: SELL
2026-06-01 16:51:13 [INFO] STONKS - Decision Engine: Prob: 0.5869 -> Signal: HOLD
2026-06-01 16:51:13 [INFO] STONKS - Decision Engine: Prob: 0.4769 -> Signal: HOLD
2026-06-01 16:51:13 [INFO] STONKS - Decision Engine: Prob: 0.5363 -> Signal: HOLD
2026-06-01 16:51:13 [INFO] STONKS - Decision Engine: Prob: 0.4428 -> Signal: HOLD
2026-06-01 16:51:13 [INFO] STONKS - Decision Engine: Prob: 0.6214 -> Signal: HOLD
2026-06-01 16:51:13 [INFO] STONKS - Decision Engine: Prob: 0.5155 -> Signal: HOLD
2026-06-01 16:51:13 [INFO] STONKS - Decision Engine: Prob: 0.4649 -> Signal: HOLD
2026-06-01 16:51:13 [INFO] STONKS - Decision Engine: Prob: 0.3827 -> Signal: SELL
2026-06-01 16:51:13 [INFO] STONKS - Decision Engine: Prob: 0.3386 -> Signal: SELL
2026-06-01 16:51:13 [INFO] STONKS - Decision Engine: Prob: 0.3519 -> Signal: SELL
2026-06-01 16:51:13 [INFO] STONKS - Decision Engine: Prob: 0.3667 -> Signal: SELL
2026-06-01 16:51:13 [INFO] STONKS - Decision Engine: Prob: 0.3910 -> Signal: SELL
2026-06-01 16:51:13 [INFO] STONKS - Decision Engine: Prob: 0.5365 -> Signal: HOLD
2026-06-01 16:51:13 [INFO] STONKS - Decision Engine: Prob: 0.5343 -> Signal: HOLD
2026-06-01 16:51:13 [INFO] STONKS - Decision Engine: Prob: 0.4946 -> Signal: HOLD
2026-06-01 16:51:13 [INFO] STONKS - Decision Engine: Prob: 0.4596 -> Signal: HOLD
2026-06-01 16:51:13 [INFO] STONKS - Decision Engine: Prob: 0.5177 -> Signal: HOLD
2026-06-01 16:51:13 [INFO] STONKS - Decision Engine: Prob: 0.4563 -> Signal: HOLD
2026-06-01 16:51:13 [INFO] STONKS - Decision Engine: Prob: 0.3679 -> Signal: SELL
2026-06-01 16:51:13 [INFO] STONKS - Decision Engine: Prob: 0.3413 -> Signal: SELL
2026-06-01 16:51:13 [INFO] STONKS - Decision Engine: Prob: 0.4203 -> Signal: HOLD
2026-06-01 16:51:13 [INFO] STONKS - Decision Engine: Prob: 0.3856 -> Signal: SELL
2026-06-01 16:51:13 [INFO] STONKS - Decision Engine: Prob: 0.4164 -> Signal: HOLD
2026-06-01 16:51:13 [INFO] STONKS - Decision Engine: Prob: 0.5029 -> Signal: HOLD
2026-06-01 16:51:13 [INFO] STONKS - Decision Engine: Prob: 0.6020 -> Signal: HOLD
2026-06-01 16:51:13 [INFO] STONKS - Decision Engine: Prob: 0.3450 -> Signal: SELL
2026-06-01 16:51:13 [INFO] STONKS - Decision Engine: Prob: 0.4093 -> Signal: HOLD
2026-06-01 16:51:13 [INFO] STONKS - Decision Engine: Prob: 0.2998 -> Signal: SELL
2026-06-01 16:51:13 [INFO] STONKS - Decision Engine: Prob: 0.3920 -> Signal: SELL
2026-06-01 16:51:13 [INFO] STONKS - Decision Engine: Prob: 0.3459 -> Signal: SELL
2026-06-01 16:51:13 [INFO] STONKS - Decision Engine: Prob: 0.3711 -> Signal: SELL
2026-06-01 16:51:13 [INFO] STONKS - Decision Engine: Prob: 0.3734 -> Signal: SELL
2026-06-01 16:51:13 [INFO] STONKS - Decision Engine: Prob: 0.4383 -> Signal: HOLD
2026-06-01 16:51:13 [INFO] STONKS - Decision Engine: Prob: 0.3903 -> Signal: SELL
2026-06-01 16:51:13 [INFO] STONKS - Decision Engine: Prob: 0.4474 -> Signal: HOLD
2026-06-01 16:51:13 [INFO] STONKS - Decision Engine: Prob: 0.4075 -> Signal: HOLD
2026-06-01 16:51:13 [INFO] STONKS - Decision Engine: Prob: 0.5176 -> Signal: HOLD
2026-06-01 16:51:13 [INFO] STONKS - Decision Engine: Prob: 0.5614 -> Signal: HOLD
2026-06-01 16:51:13 [INFO] STONKS - Decision Engine: Prob: 0.5292 -> Signal: HOLD
2026-06-01 16:51:13 [INFO] STONKS - Decision Engine: Prob: 0.4486 -> Signal: HOLD
2026-06-01 16:51:13 [INFO] STONKS - Decision Engine: Prob: 0.3947 -> Signal: SELL
2026-06-01 16:51:13 [INFO] STONKS - Decision Engine: Prob: 0.4716 -> Signal: HOLD
2026-06-01 16:51:13 [INFO] STONKS - Decision Engine: Prob: 0.3795 -> Signal: SELL
2026-06-01 16:51:13 [INFO] STONKS - Decision Engine: Prob: 0.3949 -> Signal: SELL
2026-06-01 16:51:13 [INFO] STONKS - Decision Engine: Prob: 0.5482 -> Signal: HOLD
2026-06-01 16:51:13 [INFO] STONKS - Decision Engine: Prob: 0.4190 -> Signal: HOLD
2026-06-01 16:51:13 [INFO] STONKS - Decision Engine: Prob: 0.4592 -> Signal: HOLD
2026-06-01 16:51:13 [INFO] STONKS - Decision Engine: Prob: 0.4453 -> Signal: HOLD
2026-06-01 16:51:13 [INFO] STONKS - Decision Engine: Prob: 0.2041 -> Signal: SELL
2026-06-01 16:51:13 [INFO] STONKS - Decision Engine: Prob: 0.2729 -> Signal: SELL
2026-06-01 16:51:13 [INFO] STONKS - Decision Engine: Prob: 0.3077 -> Signal: SELL
2026-06-01 16:51:13 [INFO] STONKS - Decision Engine: Prob: 0.2767 -> Signal: SELL
2026-06-01 16:51:13 [INFO] STONKS - Decision Engine: Prob: 0.2916 -> Signal: SELL
2026-06-01 16:51:13 [INFO] STONKS - Decision Engine: Prob: 0.3110 -> Signal: SELL
2026-06-01 16:51:13 [INFO] STONKS - Decision Engine: Prob: 0.2964 -> Signal: SELL
2026-06-01 16:51:13 [INFO] STONKS - Decision Engine: Prob: 0.2986 -> Signal: SELL
2026-06-01 16:51:13 [INFO] STONKS - Decision Engine: Prob: 0.2537 -> Signal: SELL
2026-06-01 16:51:13 [INFO] STONKS - Decision Engine: Prob: 0.3396 -> Signal: SELL
2026-06-01 16:51:13 [INFO] STONKS - Decision Engine: Prob: 0.4848 -> Signal: HOLD
2026-06-01 16:51:13 [INFO] STONKS - Decision Engine: Prob: 0.4125 -> Signal: HOLD
2026-06-01 16:51:13 [INFO] STONKS - Decision Engine: Prob: 0.3919 -> Signal: SELL
2026-06-01 16:51:13 [INFO] STONKS - Decision Engine: Prob: 0.4251 -> Signal: HOLD
2026-06-01 16:51:13 [INFO] STONKS - Decision Engine: Prob: 0.3229 -> Signal: SELL
2026-06-01 16:51:13 [INFO] STONKS - Decision Engine: Prob: 0.4139 -> Signal: HOLD
2026-06-01 16:51:13 [INFO] STONKS - Decision Engine: Prob: 0.3282 -> Signal: SELL
2026-06-01 16:51:13 [INFO] STONKS - Decision Engine: Prob: 0.4029 -> Signal: HOLD
2026-06-01 16:51:13 [INFO] STONKS - Decision Engine: Prob: 0.4173 -> Signal: HOLD
2026-06-01 16:51:13 [INFO] STONKS - Decision Engine: Prob: 0.4407 -> Signal: HOLD
2026-06-01 16:51:13 [INFO] STONKS - Decision Engine: Prob: 0.4544 -> Signal: HOLD
2026-06-01 16:51:13 [INFO] STONKS - Decision Engine: Prob: 0.4225 -> Signal: HOLD
2026-06-01 16:51:13 [INFO] STONKS - Decision Engine: Prob: 0.4459 -> Signal: HOLD
2026-06-01 16:51:13 [INFO] STONKS - Decision Engine: Prob: 0.4523 -> Signal: HOLD
2026-06-01 16:51:13 [INFO] STONKS - Decision Engine: Prob: 0.4165 -> Signal: HOLD
2026-06-01 16:51:13 [INFO] STONKS - Decision Engine: Prob: 0.4553 -> Signal: HOLD
2026-06-01 16:51:13 [INFO] STONKS - Decision Engine: Prob: 0.4704 -> Signal: HOLD
2026-06-01 16:51:13 [INFO] STONKS - Decision Engine: Prob: 0.4263 -> Signal: HOLD
2026-06-01 16:51:13 [INFO] STONKS - Decision Engine: Prob: 0.4819 -> Signal: HOLD
2026-06-01 16:51:13 [INFO] STONKS - Decision Engine: Prob: 0.4360 -> Signal: HOLD
2026-06-01 16:51:13 [INFO] STONKS - Decision Engine: Prob: 0.4937 -> Signal: HOLD
2026-06-01 16:51:13 [INFO] STONKS - Decision Engine: Prob: 0.4114 -> Signal: HOLD
2026-06-01 16:51:13 [INFO] STONKS - Decision Engine: Prob: 0.3792 -> Signal: SELL
2026-06-01 16:51:13 [INFO] STONKS - Decision Engine: Prob: 0.4002 -> Signal: HOLD
2026-06-01 16:51:13 [INFO] STONKS - Decision Engine: Prob: 0.3595 -> Signal: SELL
2026-06-01 16:51:13 [INFO] STONKS - Decision Engine: Prob: 0.3239 -> Signal: SELL
2026-06-01 16:51:13 [INFO] STONKS - Decision Engine: Prob: 0.4983 -> Signal: HOLD
2026-06-01 16:51:13 [INFO] STONKS - Decision Engine: Prob: 0.4533 -> Signal: HOLD
2026-06-01 16:51:13 [INFO] STONKS - Decision Engine: Prob: 0.5239 -> Signal: HOLD
2026-06-01 16:51:13 [INFO] STONKS - Decision Engine: Prob: 0.4765 -> Signal: HOLD
2026-06-01 16:51:13 [INFO] STONKS - Decision Engine: Prob: 0.5017 -> Signal: HOLD
2026-06-01 16:51:13 [INFO] STONKS - Decision Engine: Prob: 0.5232 -> Signal: HOLD
2026-06-01 16:51:13 [INFO] STONKS - Decision Engine: Prob: 0.4088 -> Signal: HOLD
2026-06-01 16:51:13 [INFO] STONKS - Decision Engine: Prob: 0.4441 -> Signal: HOLD
2026-06-01 16:51:13 [INFO] STONKS - Decision Engine: Prob: 0.4060 -> Signal: HOLD
2026-06-01 16:51:13 [INFO] STONKS - Decision Engine: Prob: 0.3846 -> Signal: SELL
2026-06-01 16:51:13 [INFO] STONKS - Decision Engine: Prob: 0.3338 -> Signal: SELL
2026-06-01 16:51:13 [INFO] STONKS - Decision Engine: Prob: 0.3701 -> Signal: SELL
2026-06-01 16:51:13 [INFO] STONKS - Decision Engine: Prob: 0.3454 -> Signal: SELL
2026-06-01 16:51:13 [INFO] STONKS - Decision Engine: Prob: 0.5125 -> Signal: HOLD
2026-06-01 16:51:13 [INFO] STONKS - Decision Engine: Prob: 0.3919 -> Signal: SELL
2026-06-01 16:51:13 [INFO] STONKS - Decision Engine: Prob: 0.5090 -> Signal: HOLD
2026-06-01 16:51:13 [INFO] STONKS - Decision Engine: Prob: 0.5118 -> Signal: HOLD
2026-06-01 16:51:13 [INFO] STONKS - Decision Engine: Prob: 0.4344 -> Signal: HOLD
2026-06-01 16:51:13 [INFO] STONKS - Decision Engine: Prob: 0.5405 -> Signal: HOLD
2026-06-01 16:51:13 [INFO] STONKS - Decision Engine: Prob: 0.5486 -> Signal: HOLD
2026-06-01 16:51:13 [INFO] STONKS - Decision Engine: Prob: 0.4679 -> Signal: HOLD
2026-06-01 16:51:13 [INFO] STONKS - Decision Engine: Prob: 0.4956 -> Signal: HOLD
2026-06-01 16:51:13 [INFO] STONKS - Decision Engine: Prob: 0.5686 -> Signal: HOLD
2026-06-01 16:51:13 [INFO] STONKS - Decision Engine: Prob: 0.4295 -> Signal: HOLD
2026-06-01 16:51:13 [INFO] STONKS - Decision Engine: Prob: 0.5860 -> Signal: HOLD
2026-06-01 16:51:13 [INFO] STONKS - Decision Engine: Prob: 0.6715 -> Signal: BUY
2026-06-01 16:51:13 [INFO] STONKS - Decision Engine: Prob: 0.5061 -> Signal: HOLD
2026-06-01 16:51:13 [INFO] STONKS - Decision Engine: Prob: 0.5052 -> Signal: HOLD
2026-06-01 16:51:13 [INFO] STONKS - Decision Engine: Prob: 0.4923 -> Signal: HOLD
2026-06-01 16:51:13 [INFO] STONKS - Decision Engine: Prob: 0.5007 -> Signal: HOLD
2026-06-01 16:51:13 [INFO] STONKS - Decision Engine: Prob: 0.5094 -> Signal: HOLD
2026-06-01 16:51:13 [INFO] STONKS - Decision Engine: Prob: 0.5710 -> Signal: HOLD
2026-06-01 16:51:13 [INFO] STONKS - Decision Engine: Prob: 0.5901 -> Signal: HOLD
2026-06-01 16:51:13 [INFO] STONKS - Decision Engine: Prob: 0.6379 -> Signal: HOLD
2026-06-01 16:51:13 [INFO] STONKS - Decision Engine: Prob: 0.4935 -> Signal: HOLD
2026-06-01 16:51:13 [INFO] STONKS - Decision Engine: Prob: 0.5234 -> Signal: HOLD
2026-06-01 16:51:13 [INFO] STONKS - Decision Engine: Prob: 0.5876 -> Signal: HOLD
2026-06-01 16:51:13 [INFO] STONKS - Decision Engine: Prob: 0.6608 -> Signal: BUY
2026-06-01 16:51:13 [INFO] STONKS - Decision Engine: Prob: 0.4514 -> Signal: HOLD
2026-06-01 16:51:13 [INFO] STONKS - Decision Engine: Prob: 0.4383 -> Signal: HOLD
2026-06-01 16:51:13 [INFO] STONKS - Decision Engine: Prob: 0.5296 -> Signal: HOLD
2026-06-01 16:51:13 [INFO] STONKS - Decision Engine: Prob: 0.4216 -> Signal: HOLD
2026-06-01 16:51:13 [INFO] STONKS - Decision Engine: Prob: 0.4810 -> Signal: HOLD
2026-06-01 16:51:13 [INFO] STONKS - Decision Engine: Prob: 0.6337 -> Signal: HOLD
2026-06-01 16:51:13 [INFO] STONKS - Decision Engine: Prob: 0.5152 -> Signal: HOLD
2026-06-01 16:51:13 [INFO] STONKS - Decision Engine: Prob: 0.5202 -> Signal: HOLD
2026-06-01 16:51:13 [INFO] STONKS - Decision Engine: Prob: 0.5496 -> Signal: HOLD
2026-06-01 16:51:13 [INFO] STONKS - Decision Engine: Prob: 0.5391 -> Signal: HOLD
2026-06-01 16:51:13 [INFO] STONKS - Decision Engine: Prob: 0.4904 -> Signal: HOLD
2026-06-01 16:51:13 [INFO] STONKS - Decision Engine: Prob: 0.5096 -> Signal: HOLD
2026-06-01 16:51:13 [INFO] STONKS - Decision Engine: Prob: 0.4754 -> Signal: HOLD
2026-06-01 16:51:13 [INFO] STONKS - Decision Engine: Prob: 0.6034 -> Signal: HOLD
2026-06-01 16:51:13 [INFO] STONKS - Decision Engine: Prob: 0.6427 -> Signal: HOLD
2026-06-01 16:51:13 [INFO] STONKS - Decision Engine: Prob: 0.4676 -> Signal: HOLD
2026-06-01 16:51:13 [INFO] STONKS - Decision Engine: Prob: 0.6655 -> Signal: BUY
2026-06-01 16:51:13 [INFO] STONKS - Decision Engine: Prob: 0.4916 -> Signal: HOLD
2026-06-01 16:51:13 [INFO] STONKS - Decision Engine: Prob: 0.5171 -> Signal: HOLD
2026-06-01 16:51:13 [INFO] STONKS - Decision Engine: Prob: 0.6080 -> Signal: HOLD
2026-06-01 16:51:13 [INFO] STONKS - Decision Engine: Prob: 0.4381 -> Signal: HOLD
2026-06-01 16:51:13 [INFO] STONKS - Decision Engine: Prob: 0.4620 -> Signal: HOLD
2026-06-01 16:51:13 [INFO] STONKS - Decision Engine: Prob: 0.4756 -> Signal: HOLD
2026-06-01 16:51:13 [INFO] STONKS - Decision Engine: Prob: 0.4509 -> Signal: HOLD
2026-06-01 16:51:13 [INFO] STONKS - Decision Engine: Prob: 0.5002 -> Signal: HOLD
2026-06-01 16:51:13 [INFO] STONKS - Decision Engine: Prob: 0.5214 -> Signal: HOLD
2026-06-01 16:51:13 [INFO] STONKS - Decision Engine: Prob: 0.4848 -> Signal: HOLD
2026-06-01 16:51:13 [INFO] STONKS - Decision Engine: Prob: 0.4885 -> Signal: HOLD
2026-06-01 16:51:13 [INFO] STONKS - Decision Engine: Prob: 0.4806 -> Signal: HOLD
2026-06-01 16:51:13 [INFO] STONKS - Decision Engine: Prob: 0.5807 -> Signal: HOLD
2026-06-01 16:51:13 [INFO] STONKS - Decision Engine: Prob: 0.5179 -> Signal: HOLD
2026-06-01 16:51:13 [INFO] STONKS - Decision Engine: Prob: 0.6741 -> Signal: BUY
2026-06-01 16:51:13 [INFO] STONKS - Decision Engine: Prob: 0.6665 -> Signal: BUY
2026-06-01 16:51:13 [INFO] STONKS - Decision Engine: Prob: 0.7529 -> Signal: BUY
2026-06-01 16:51:13 [INFO] STONKS - Decision Engine: Prob: 0.8392 -> Signal: BUY
2026-06-01 16:51:13 [INFO] STONKS - Decision Engine: Prob: 0.8506 -> Signal: BUY
2026-06-01 16:51:13 [INFO] STONKS - Decision Engine: Prob: 0.7873 -> Signal: BUY
2026-06-01 16:51:13 [INFO] STONKS - Decision Engine: Prob: 0.7978 -> Signal: BUY
2026-06-01 16:51:13 [INFO] STONKS - Decision Engine: Prob: 0.5972 -> Signal: HOLD
2026-06-01 16:51:13 [INFO] STONKS - Decision Engine: Prob: 0.6219 -> Signal: HOLD
2026-06-01 16:51:13 [INFO] STONKS - Decision Engine: Prob: 0.5870 -> Signal: HOLD
2026-06-01 16:51:13 [INFO] STONKS - Decision Engine: Prob: 0.5763 -> Signal: HOLD
2026-06-01 16:51:13 [INFO] STONKS - Decision Engine: Prob: 0.5637 -> Signal: HOLD
2026-06-01 16:51:13 [INFO] STONKS - Decision Engine: Prob: 0.3914 -> Signal: SELL
2026-06-01 16:51:13 [INFO] STONKS - Decision Engine: Prob: 0.4109 -> Signal: HOLD
2026-06-01 16:51:13 [INFO] STONKS - Decision Engine: Prob: 0.2865 -> Signal: SELL
2026-06-01 16:51:13 [INFO] STONKS - Decision Engine: Prob: 0.3566 -> Signal: SELL
2026-06-01 16:51:13 [INFO] STONKS - Decision Engine: Prob: 0.4621 -> Signal: HOLD
2026-06-01 16:51:13 [INFO] STONKS - Decision Engine: Prob: 0.2772 -> Signal: SELL
2026-06-01 16:51:13 [INFO] STONKS - Decision Engine: Prob: 0.3690 -> Signal: SELL
2026-06-01 16:51:13 [INFO] STONKS - Decision Engine: Prob: 0.4233 -> Signal: HOLD
2026-06-01 16:51:13 [INFO] STONKS - Decision Engine: Prob: 0.3153 -> Signal: SELL
2026-06-01 16:51:13 [INFO] STONKS - Decision Engine: Prob: 0.4222 -> Signal: HOLD
2026-06-01 16:51:13 [INFO] STONKS - Decision Engine: Prob: 0.2899 -> Signal: SELL
2026-06-01 16:51:13 [INFO] STONKS - Decision Engine: Prob: 0.2637 -> Signal: SELL
2026-06-01 16:51:13 [INFO] STONKS - Decision Engine: Prob: 0.3841 -> Signal: SELL
2026-06-01 16:51:13 [INFO] STONKS - Decision Engine: Prob: 0.4047 -> Signal: HOLD
2026-06-01 16:51:13 [INFO] STONKS - Decision Engine: Prob: 0.4706 -> Signal: HOLD
2026-06-01 16:51:13 [INFO] STONKS - Decision Engine: Prob: 0.4657 -> Signal: HOLD
2026-06-01 16:51:13 [INFO] STONKS - Decision Engine: Prob: 0.4938 -> Signal: HOLD
2026-06-01 16:51:13 [INFO] STONKS - Decision Engine: Prob: 0.5146 -> Signal: HOLD
2026-06-01 16:51:13 [INFO] STONKS - Decision Engine: Prob: 0.3217 -> Signal: SELL
2026-06-01 16:51:13 [INFO] STONKS - Decision Engine: Prob: 0.3262 -> Signal: SELL
2026-06-01 16:51:13 [INFO] STONKS - Decision Engine: Prob: 0.3524 -> Signal: SELL
2026-06-01 16:51:13 [INFO] STONKS - Decision Engine: Prob: 0.3371 -> Signal: SELL
2026-06-01 16:51:13 [INFO] STONKS - Decision Engine: Prob: 0.4019 -> Signal: HOLD
2026-06-01 16:51:13 [INFO] STONKS - Decision Engine: Prob: 0.3765 -> Signal: SELL
2026-06-01 16:51:13 [INFO] STONKS - Decision Engine: Prob: 0.3476 -> Signal: SELL
2026-06-01 16:51:13 [INFO] STONKS - Decision Engine: Prob: 0.3988 -> Signal: SELL
2026-06-01 16:51:13 [INFO] STONKS - Decision Engine: Prob: 0.3682 -> Signal: SELL
2026-06-01 16:51:13 [INFO] STONKS - Decision Engine: Prob: 0.3842 -> Signal: SELL
2026-06-01 16:51:13 [INFO] STONKS - Decision Engine: Prob: 0.2922 -> Signal: SELL
2026-06-01 16:51:13 [INFO] STONKS - Decision Engine: Prob: 0.4997 -> Signal: HOLD
2026-06-01 16:51:13 [INFO] STONKS - Decision Engine: Prob: 0.3514 -> Signal: SELL
2026-06-01 16:51:13 [INFO] STONKS - Decision Engine: Prob: 0.4141 -> Signal: HOLD
2026-06-01 16:51:13 [INFO] STONKS - Decision Engine: Prob: 0.4098 -> Signal: HOLD
2026-06-01 16:51:13 [INFO] STONKS - Decision Engine: Prob: 0.6594 -> Signal: BUY
2026-06-01 17:01:39 [INFO] STONKS - Cache hit: Loading data for AAPL (2y, 1d) from E:\Projects\StonksV2\cache\AAPL_2y_1d.csv
2026-06-01 17:01:39 [INFO] STONKS - Initiating walk-forward backtest (rf) for AAPL...
2026-06-01 17:01:39 [INFO] STONKS - Computing features for AAPL (no active cache found).
2026-06-01 17:01:39 [INFO] STONKS - Prepared training dataset for AAPL: Shape (451, 25)
2026-06-01 17:01:39 [INFO] STONKS - Training RandomForestModel: Samples=250, Features=25
2026-06-01 17:01:39 [INFO] STONKS - RandomForestModel training completed successfully.
2026-06-01 17:01:39 [INFO] STONKS - Training RandomForestModel: Samples=250, Features=25
2026-06-01 17:01:39 [INFO] STONKS - RandomForestModel training completed successfully.
2026-06-01 17:01:39 [INFO] STONKS - Training RandomForestModel: Samples=250, Features=25
2026-06-01 17:01:39 [INFO] STONKS - RandomForestModel training completed successfully.
2026-06-01 17:01:39 [INFO] STONKS - Training RandomForestModel: Samples=250, Features=25
2026-06-01 17:01:39 [INFO] STONKS - RandomForestModel training completed successfully.
2026-06-01 17:01:39 [INFO] STONKS - Training RandomForestModel: Samples=250, Features=25
2026-06-01 17:01:39 [INFO] STONKS - RandomForestModel training completed successfully.
2026-06-01 17:01:39 [INFO] STONKS - Decision Engine: Prob: 0.2867 -> Signal: SELL
2026-06-01 17:01:39 [INFO] STONKS - Decision Engine: Prob: 0.3162 -> Signal: SELL
2026-06-01 17:01:39 [INFO] STONKS - Decision Engine: Prob: 0.3519 -> Signal: SELL
2026-06-01 17:01:39 [INFO] STONKS - Decision Engine: Prob: 0.3907 -> Signal: SELL
2026-06-01 17:01:39 [INFO] STONKS - Decision Engine: Prob: 0.4221 -> Signal: HOLD
2026-06-01 17:01:39 [INFO] STONKS - Decision Engine: Prob: 0.4523 -> Signal: HOLD
2026-06-01 17:01:39 [INFO] STONKS - Decision Engine: Prob: 0.4811 -> Signal: HOLD
2026-06-01 17:01:39 [INFO] STONKS - Decision Engine: Prob: 0.3780 -> Signal: SELL
2026-06-01 17:01:39 [INFO] STONKS - Decision Engine: Prob: 0.4238 -> Signal: HOLD
2026-06-01 17:01:39 [INFO] STONKS - Decision Engine: Prob: 0.4790 -> Signal: HOLD
2026-06-01 17:01:39 [INFO] STONKS - Decision Engine: Prob: 0.4557 -> Signal: HOLD
2026-06-01 17:01:39 [INFO] STONKS - Decision Engine: Prob: 0.4388 -> Signal: HOLD
2026-06-01 17:01:39 [INFO] STONKS - Decision Engine: Prob: 0.4196 -> Signal: HOLD
2026-06-01 17:01:39 [INFO] STONKS - Decision Engine: Prob: 0.4281 -> Signal: HOLD
2026-06-01 17:01:39 [INFO] STONKS - Decision Engine: Prob: 0.4611 -> Signal: HOLD
2026-06-01 17:01:39 [INFO] STONKS - Decision Engine: Prob: 0.4485 -> Signal: HOLD
2026-06-01 17:01:39 [INFO] STONKS - Decision Engine: Prob: 0.4682 -> Signal: HOLD
2026-06-01 17:01:39 [INFO] STONKS - Decision Engine: Prob: 0.4809 -> Signal: HOLD
2026-06-01 17:01:39 [INFO] STONKS - Decision Engine: Prob: 0.4577 -> Signal: HOLD
2026-06-01 17:01:39 [INFO] STONKS - Decision Engine: Prob: 0.4284 -> Signal: HOLD
2026-06-01 17:01:39 [INFO] STONKS - Decision Engine: Prob: 0.4233 -> Signal: HOLD
2026-06-01 17:01:39 [INFO] STONKS - Decision Engine: Prob: 0.4218 -> Signal: HOLD
2026-06-01 17:01:39 [INFO] STONKS - Decision Engine: Prob: 0.5101 -> Signal: HOLD
2026-06-01 17:01:39 [INFO] STONKS - Decision Engine: Prob: 0.4827 -> Signal: HOLD
2026-06-01 17:01:39 [INFO] STONKS - Decision Engine: Prob: 0.4777 -> Signal: HOLD
2026-06-01 17:01:39 [INFO] STONKS - Decision Engine: Prob: 0.4677 -> Signal: HOLD
2026-06-01 17:01:39 [INFO] STONKS - Decision Engine: Prob: 0.4029 -> Signal: HOLD
2026-06-01 17:01:39 [INFO] STONKS - Decision Engine: Prob: 0.3776 -> Signal: SELL
2026-06-01 17:01:39 [INFO] STONKS - Decision Engine: Prob: 0.4725 -> Signal: HOLD
2026-06-01 17:01:39 [INFO] STONKS - Decision Engine: Prob: 0.4743 -> Signal: HOLD
2026-06-01 17:01:39 [INFO] STONKS - Decision Engine: Prob: 0.4906 -> Signal: HOLD
2026-06-01 17:01:39 [INFO] STONKS - Decision Engine: Prob: 0.4787 -> Signal: HOLD
2026-06-01 17:01:39 [INFO] STONKS - Decision Engine: Prob: 0.5335 -> Signal: HOLD
2026-06-01 17:01:39 [INFO] STONKS - Decision Engine: Prob: 0.4278 -> Signal: HOLD
2026-06-01 17:01:39 [INFO] STONKS - Decision Engine: Prob: 0.4433 -> Signal: HOLD
2026-06-01 17:01:39 [INFO] STONKS - Decision Engine: Prob: 0.4763 -> Signal: HOLD
2026-06-01 17:01:39 [INFO] STONKS - Decision Engine: Prob: 0.3985 -> Signal: SELL
2026-06-01 17:01:39 [INFO] STONKS - Decision Engine: Prob: 0.4120 -> Signal: HOLD
2026-06-01 17:01:39 [INFO] STONKS - Decision Engine: Prob: 0.3930 -> Signal: SELL
2026-06-01 17:01:39 [INFO] STONKS - Decision Engine: Prob: 0.3294 -> Signal: SELL
2026-06-01 17:01:39 [INFO] STONKS - Decision Engine: Prob: 0.3079 -> Signal: SELL
2026-06-01 17:01:39 [INFO] STONKS - Decision Engine: Prob: 0.3036 -> Signal: SELL
2026-06-01 17:01:39 [INFO] STONKS - Decision Engine: Prob: 0.2524 -> Signal: SELL
2026-06-01 17:01:39 [INFO] STONKS - Decision Engine: Prob: 0.3024 -> Signal: SELL
2026-06-01 17:01:39 [INFO] STONKS - Decision Engine: Prob: 0.2736 -> Signal: SELL
2026-06-01 17:01:39 [INFO] STONKS - Decision Engine: Prob: 0.2838 -> Signal: SELL
2026-06-01 17:01:39 [INFO] STONKS - Decision Engine: Prob: 0.2920 -> Signal: SELL
2026-06-01 17:01:39 [INFO] STONKS - Decision Engine: Prob: 0.3088 -> Signal: SELL
2026-06-01 17:01:39 [INFO] STONKS - Decision Engine: Prob: 0.2695 -> Signal: SELL
2026-06-01 17:01:39 [INFO] STONKS - Decision Engine: Prob: 0.2281 -> Signal: SELL
2026-06-01 17:01:39 [INFO] STONKS - Decision Engine: Prob: 0.7688 -> Signal: BUY
2026-06-01 17:01:39 [INFO] STONKS - Decision Engine: Prob: 0.8075 -> Signal: BUY
2026-06-01 17:01:39 [INFO] STONKS - Decision Engine: Prob: 0.8090 -> Signal: BUY
2026-06-01 17:01:39 [INFO] STONKS - Decision Engine: Prob: 0.8291 -> Signal: BUY
2026-06-01 17:01:39 [INFO] STONKS - Decision Engine: Prob: 0.7301 -> Signal: BUY
2026-06-01 17:01:39 [INFO] STONKS - Decision Engine: Prob: 0.6475 -> Signal: HOLD
2026-06-01 17:01:39 [INFO] STONKS - Decision Engine: Prob: 0.5907 -> Signal: HOLD
2026-06-01 17:01:39 [INFO] STONKS - Decision Engine: Prob: 0.4973 -> Signal: HOLD
2026-06-01 17:01:39 [INFO] STONKS - Decision Engine: Prob: 0.5833 -> Signal: HOLD
2026-06-01 17:01:39 [INFO] STONKS - Decision Engine: Prob: 0.5868 -> Signal: HOLD
2026-06-01 17:01:39 [INFO] STONKS - Decision Engine: Prob: 0.5453 -> Signal: HOLD
2026-06-01 17:01:39 [INFO] STONKS - Decision Engine: Prob: 0.5708 -> Signal: HOLD
2026-06-01 17:01:39 [INFO] STONKS - Decision Engine: Prob: 0.5906 -> Signal: HOLD
2026-06-01 17:01:39 [INFO] STONKS - Decision Engine: Prob: 0.5575 -> Signal: HOLD
2026-06-01 17:01:39 [INFO] STONKS - Decision Engine: Prob: 0.5900 -> Signal: HOLD
2026-06-01 17:01:39 [INFO] STONKS - Decision Engine: Prob: 0.5694 -> Signal: HOLD
2026-06-01 17:01:39 [INFO] STONKS - Decision Engine: Prob: 0.5231 -> Signal: HOLD
2026-06-01 17:01:39 [INFO] STONKS - Decision Engine: Prob: 0.5501 -> Signal: HOLD
2026-06-01 17:01:39 [INFO] STONKS - Decision Engine: Prob: 0.5933 -> Signal: HOLD
2026-06-01 17:01:39 [INFO] STONKS - Decision Engine: Prob: 0.6756 -> Signal: BUY
2026-06-01 17:01:39 [INFO] STONKS - Decision Engine: Prob: 0.7308 -> Signal: BUY
2026-06-01 17:01:39 [INFO] STONKS - Decision Engine: Prob: 0.6677 -> Signal: BUY
2026-06-01 17:01:39 [INFO] STONKS - Decision Engine: Prob: 0.6665 -> Signal: BUY
2026-06-01 17:01:39 [INFO] STONKS - Decision Engine: Prob: 0.6792 -> Signal: BUY
2026-06-01 17:01:39 [INFO] STONKS - Decision Engine: Prob: 0.6707 -> Signal: BUY
2026-06-01 17:01:39 [INFO] STONKS - Decision Engine: Prob: 0.6769 -> Signal: BUY
2026-06-01 17:01:39 [INFO] STONKS - Decision Engine: Prob: 0.7144 -> Signal: BUY
2026-06-01 17:01:39 [INFO] STONKS - Decision Engine: Prob: 0.6572 -> Signal: BUY
2026-06-01 17:01:39 [INFO] STONKS - Decision Engine: Prob: 0.6710 -> Signal: BUY
2026-06-01 17:01:39 [INFO] STONKS - Decision Engine: Prob: 0.6271 -> Signal: HOLD
2026-06-01 17:01:39 [INFO] STONKS - Decision Engine: Prob: 0.5974 -> Signal: HOLD
2026-06-01 17:01:39 [INFO] STONKS - Decision Engine: Prob: 0.6315 -> Signal: HOLD
2026-06-01 17:01:39 [INFO] STONKS - Decision Engine: Prob: 0.6361 -> Signal: HOLD
2026-06-01 17:01:39 [INFO] STONKS - Decision Engine: Prob: 0.6513 -> Signal: BUY
2026-06-01 17:01:39 [INFO] STONKS - Decision Engine: Prob: 0.6168 -> Signal: HOLD
2026-06-01 17:01:39 [INFO] STONKS - Decision Engine: Prob: 0.5901 -> Signal: HOLD
2026-06-01 17:01:39 [INFO] STONKS - Decision Engine: Prob: 0.6572 -> Signal: BUY
2026-06-01 17:01:39 [INFO] STONKS - Decision Engine: Prob: 0.6545 -> Signal: BUY
2026-06-01 17:01:39 [INFO] STONKS - Decision Engine: Prob: 0.6423 -> Signal: HOLD
2026-06-01 17:01:39 [INFO] STONKS - Decision Engine: Prob: 0.6442 -> Signal: HOLD
2026-06-01 17:01:39 [INFO] STONKS - Decision Engine: Prob: 0.6192 -> Signal: HOLD
2026-06-01 17:01:39 [INFO] STONKS - Decision Engine: Prob: 0.6387 -> Signal: HOLD
2026-06-01 17:01:39 [INFO] STONKS - Decision Engine: Prob: 0.6172 -> Signal: HOLD
2026-06-01 17:01:39 [INFO] STONKS - Decision Engine: Prob: 0.6533 -> Signal: BUY
2026-06-01 17:01:39 [INFO] STONKS - Decision Engine: Prob: 0.5854 -> Signal: HOLD
2026-06-01 17:01:39 [INFO] STONKS - Decision Engine: Prob: 0.6134 -> Signal: HOLD
2026-06-01 17:01:39 [INFO] STONKS - Decision Engine: Prob: 0.6600 -> Signal: BUY
2026-06-01 17:01:39 [INFO] STONKS - Decision Engine: Prob: 0.6418 -> Signal: HOLD
2026-06-01 17:01:39 [INFO] STONKS - Decision Engine: Prob: 0.6393 -> Signal: HOLD
2026-06-01 17:01:39 [INFO] STONKS - Decision Engine: Prob: 0.6584 -> Signal: BUY
2026-06-01 17:01:39 [INFO] STONKS - Decision Engine: Prob: 0.2360 -> Signal: SELL
2026-06-01 17:01:39 [INFO] STONKS - Decision Engine: Prob: 0.3529 -> Signal: SELL
2026-06-01 17:01:39 [INFO] STONKS - Decision Engine: Prob: 0.3487 -> Signal: SELL
2026-06-01 17:01:39 [INFO] STONKS - Decision Engine: Prob: 0.4079 -> Signal: HOLD
2026-06-01 17:01:39 [INFO] STONKS - Decision Engine: Prob: 0.3694 -> Signal: SELL
2026-06-01 17:01:39 [INFO] STONKS - Decision Engine: Prob: 0.3544 -> Signal: SELL
2026-06-01 17:01:39 [INFO] STONKS - Decision Engine: Prob: 0.3754 -> Signal: SELL
2026-06-01 17:01:39 [INFO] STONKS - Decision Engine: Prob: 0.3437 -> Signal: SELL
2026-06-01 17:01:39 [INFO] STONKS - Decision Engine: Prob: 0.3112 -> Signal: SELL
2026-06-01 17:01:39 [INFO] STONKS - Decision Engine: Prob: 0.4444 -> Signal: HOLD
2026-06-01 17:01:39 [INFO] STONKS - Decision Engine: Prob: 0.4599 -> Signal: HOLD
2026-06-01 17:01:39 [INFO] STONKS - Decision Engine: Prob: 0.5213 -> Signal: HOLD
2026-06-01 17:01:39 [INFO] STONKS - Decision Engine: Prob: 0.4700 -> Signal: HOLD
2026-06-01 17:01:39 [INFO] STONKS - Decision Engine: Prob: 0.4775 -> Signal: HOLD
2026-06-01 17:01:39 [INFO] STONKS - Decision Engine: Prob: 0.4824 -> Signal: HOLD
2026-06-01 17:01:39 [INFO] STONKS - Decision Engine: Prob: 0.6368 -> Signal: HOLD
2026-06-01 17:01:39 [INFO] STONKS - Decision Engine: Prob: 0.5460 -> Signal: HOLD
2026-06-01 17:01:39 [INFO] STONKS - Decision Engine: Prob: 0.5606 -> Signal: HOLD
2026-06-01 17:01:39 [INFO] STONKS - Decision Engine: Prob: 0.5387 -> Signal: HOLD
2026-06-01 17:01:39 [INFO] STONKS - Decision Engine: Prob: 0.5326 -> Signal: HOLD
2026-06-01 17:01:39 [INFO] STONKS - Decision Engine: Prob: 0.6954 -> Signal: BUY
2026-06-01 17:01:39 [INFO] STONKS - Decision Engine: Prob: 0.6412 -> Signal: HOLD
2026-06-01 17:01:39 [INFO] STONKS - Decision Engine: Prob: 0.5855 -> Signal: HOLD
2026-06-01 17:01:39 [INFO] STONKS - Decision Engine: Prob: 0.4512 -> Signal: HOLD
2026-06-01 17:01:39 [INFO] STONKS - Decision Engine: Prob: 0.3814 -> Signal: SELL
2026-06-01 17:01:39 [INFO] STONKS - Decision Engine: Prob: 0.4927 -> Signal: HOLD
2026-06-01 17:01:39 [INFO] STONKS - Decision Engine: Prob: 0.5148 -> Signal: HOLD
2026-06-01 17:01:39 [INFO] STONKS - Decision Engine: Prob: 0.4589 -> Signal: HOLD
2026-06-01 17:01:39 [INFO] STONKS - Decision Engine: Prob: 0.5600 -> Signal: HOLD
2026-06-01 17:01:39 [INFO] STONKS - Decision Engine: Prob: 0.5733 -> Signal: HOLD
2026-06-01 17:01:39 [INFO] STONKS - Decision Engine: Prob: 0.4885 -> Signal: HOLD
2026-06-01 17:01:39 [INFO] STONKS - Decision Engine: Prob: 0.4748 -> Signal: HOLD
2026-06-01 17:01:39 [INFO] STONKS - Decision Engine: Prob: 0.5175 -> Signal: HOLD
2026-06-01 17:01:39 [INFO] STONKS - Decision Engine: Prob: 0.3901 -> Signal: SELL
2026-06-01 17:01:39 [INFO] STONKS - Decision Engine: Prob: 0.3925 -> Signal: SELL
2026-06-01 17:01:39 [INFO] STONKS - Decision Engine: Prob: 0.5139 -> Signal: HOLD
2026-06-01 17:01:39 [INFO] STONKS - Decision Engine: Prob: 0.3998 -> Signal: SELL
2026-06-01 17:01:39 [INFO] STONKS - Decision Engine: Prob: 0.4980 -> Signal: HOLD
2026-06-01 17:01:39 [INFO] STONKS - Decision Engine: Prob: 0.4541 -> Signal: HOLD
2026-06-01 17:01:39 [INFO] STONKS - Decision Engine: Prob: 0.3855 -> Signal: SELL
2026-06-01 17:01:39 [INFO] STONKS - Decision Engine: Prob: 0.3668 -> Signal: SELL
2026-06-01 17:01:39 [INFO] STONKS - Decision Engine: Prob: 0.3581 -> Signal: SELL
2026-06-01 17:01:39 [INFO] STONKS - Decision Engine: Prob: 0.3619 -> Signal: SELL
2026-06-01 17:01:39 [INFO] STONKS - Decision Engine: Prob: 0.5078 -> Signal: HOLD
2026-06-01 17:01:39 [INFO] STONKS - Decision Engine: Prob: 0.3967 -> Signal: SELL
2026-06-01 17:01:39 [INFO] STONKS - Decision Engine: Prob: 0.2882 -> Signal: SELL
2026-06-01 17:01:39 [INFO] STONKS - Decision Engine: Prob: 0.3332 -> Signal: SELL
2026-06-01 17:01:39 [INFO] STONKS - Decision Engine: Prob: 0.5381 -> Signal: HOLD
2026-06-01 17:01:39 [INFO] STONKS - Decision Engine: Prob: 0.5663 -> Signal: HOLD
2026-06-01 17:01:39 [INFO] STONKS - Decision Engine: Prob: 0.4841 -> Signal: HOLD
2026-06-01 17:01:39 [INFO] STONKS - Decision Engine: Prob: 0.7297 -> Signal: BUY
2026-06-01 17:01:39 [INFO] STONKS - Decision Engine: Prob: 0.7793 -> Signal: BUY
2026-06-01 17:01:39 [INFO] STONKS - Decision Engine: Prob: 0.7345 -> Signal: BUY
2026-06-01 17:01:39 [INFO] STONKS - Decision Engine: Prob: 0.7261 -> Signal: BUY
2026-06-01 17:01:39 [INFO] STONKS - Decision Engine: Prob: 0.6956 -> Signal: BUY
2026-06-01 17:01:39 [INFO] STONKS - Decision Engine: Prob: 0.6718 -> Signal: BUY
2026-06-01 17:01:39 [INFO] STONKS - Decision Engine: Prob: 0.7347 -> Signal: BUY
2026-06-01 17:01:39 [INFO] STONKS - Decision Engine: Prob: 0.6967 -> Signal: BUY
2026-06-01 17:01:39 [INFO] STONKS - Decision Engine: Prob: 0.7037 -> Signal: BUY
2026-06-01 17:01:39 [INFO] STONKS - Decision Engine: Prob: 0.8450 -> Signal: BUY
2026-06-01 17:01:39 [INFO] STONKS - Decision Engine: Prob: 0.7757 -> Signal: BUY
2026-06-01 17:01:39 [INFO] STONKS - Decision Engine: Prob: 0.7723 -> Signal: BUY
2026-06-01 17:01:39 [INFO] STONKS - Decision Engine: Prob: 0.7909 -> Signal: BUY
2026-06-01 17:01:39 [INFO] STONKS - Decision Engine: Prob: 0.8350 -> Signal: BUY
2026-06-01 17:01:39 [INFO] STONKS - Decision Engine: Prob: 0.7663 -> Signal: BUY
2026-06-01 17:01:39 [INFO] STONKS - Decision Engine: Prob: 0.8321 -> Signal: BUY
2026-06-01 17:01:39 [INFO] STONKS - Decision Engine: Prob: 0.8270 -> Signal: BUY
2026-06-01 17:01:39 [INFO] STONKS - Decision Engine: Prob: 0.7462 -> Signal: BUY
2026-06-01 17:01:39 [INFO] STONKS - Decision Engine: Prob: 0.7357 -> Signal: BUY
2026-06-01 17:01:39 [INFO] STONKS - Decision Engine: Prob: 0.7825 -> Signal: BUY
2026-06-01 17:01:39 [INFO] STONKS - Decision Engine: Prob: 0.7494 -> Signal: BUY
2026-06-01 17:01:39 [INFO] STONKS - Decision Engine: Prob: 0.7521 -> Signal: BUY
2026-06-01 17:01:39 [INFO] STONKS - Decision Engine: Prob: 0.6754 -> Signal: BUY
2026-06-01 17:01:39 [INFO] STONKS - Decision Engine: Prob: 0.5508 -> Signal: HOLD
2026-06-01 17:01:39 [INFO] STONKS - Decision Engine: Prob: 0.6914 -> Signal: BUY
2026-06-01 17:01:39 [INFO] STONKS - Decision Engine: Prob: 0.6609 -> Signal: BUY
2026-06-01 17:01:39 [INFO] STONKS - Decision Engine: Prob: 0.5649 -> Signal: HOLD
2026-06-01 17:01:39 [INFO] STONKS - Decision Engine: Prob: 0.6320 -> Signal: HOLD
2026-06-01 17:01:39 [INFO] STONKS - Decision Engine: Prob: 0.6426 -> Signal: HOLD
2026-06-01 17:01:39 [INFO] STONKS - Decision Engine: Prob: 0.5849 -> Signal: HOLD
2026-06-01 17:01:39 [INFO] STONKS - Decision Engine: Prob: 0.6189 -> Signal: HOLD
2026-06-01 17:01:39 [INFO] STONKS - Decision Engine: Prob: 0.5379 -> Signal: HOLD
2026-06-01 17:01:39 [INFO] STONKS - Decision Engine: Prob: 0.5498 -> Signal: HOLD
2026-06-01 17:01:39 [INFO] STONKS - Decision Engine: Prob: 0.4037 -> Signal: HOLD
2026-06-01 17:01:39 [INFO] STONKS - Decision Engine: Prob: 0.3609 -> Signal: SELL
2026-06-01 17:01:39 [INFO] STONKS - Decision Engine: Prob: 0.2115 -> Signal: SELL
2026-06-01 17:01:39 [INFO] STONKS - Decision Engine: Prob: 0.2499 -> Signal: SELL
2026-06-01 17:01:39 [INFO] STONKS - Decision Engine: Prob: 0.2380 -> Signal: SELL
2026-06-01 17:01:39 [INFO] STONKS - Decision Engine: Prob: 0.2557 -> Signal: SELL
2026-06-01 17:01:39 [INFO] STONKS - Decision Engine: Prob: 0.2967 -> Signal: SELL
2026-06-01 17:01:39 [INFO] STONKS - Decision Engine: Prob: 0.3095 -> Signal: SELL
2026-06-01 17:01:39 [INFO] STONKS - Decision Engine: Prob: 0.3986 -> Signal: SELL
2026-06-01 17:01:39 [INFO] STONKS - Decision Engine: Prob: 0.3074 -> Signal: SELL
2026-06-01 17:01:39 [INFO] STONKS - Decision Engine: Prob: 0.3538 -> Signal: SELL
2026-06-01 17:01:39 [INFO] STONKS - Decision Engine: Prob: 0.3814 -> Signal: SELL
2026-06-01 17:01:39 [INFO] STONKS - Decision Engine: Prob: 0.3577 -> Signal: SELL
2026-06-01 17:01:39 [INFO] STONKS - Decision Engine: Prob: 0.3431 -> Signal: SELL
2026-06-01 17:01:39 [INFO] STONKS - Decision Engine: Prob: 0.3246 -> Signal: SELL
2026-06-01 17:01:39 [INFO] STONKS - Decision Engine: Prob: 0.3915 -> Signal: SELL
2026-06-01 17:01:39 [INFO] STONKS - Decision Engine: Prob: 0.3572 -> Signal: SELL
2026-06-01 17:01:39 [INFO] STONKS - Decision Engine: Prob: 0.7904 -> Signal: BUY
2026-06-01 17:01:39 [INFO] STONKS - Initiating walk-forward backtest (ensemble) for AAPL...
2026-06-01 17:01:39 [INFO] STONKS - Computing features for AAPL (no active cache found).
2026-06-01 17:01:39 [INFO] STONKS - Prepared training dataset for AAPL: Shape (451, 25)
2026-06-01 17:01:39 [INFO] STONKS - Training RandomForestModel: Samples=250, Features=25
2026-06-01 17:01:39 [INFO] STONKS - RandomForestModel training completed successfully.
2026-06-01 17:01:39 [INFO] STONKS - Registered model 'rf' in WeightedEnsemble.
2026-06-01 17:01:39 [INFO] STONKS - Registered model 'finbert' in WeightedEnsemble.
2026-06-01 17:01:39 [INFO] STONKS - Set ensemble weight for 'rf' to 1.0000
2026-06-01 17:01:39 [INFO] STONKS - Set ensemble weight for 'finbert' to 0.0000
2026-06-01 17:01:39 [INFO] STONKS - Training RandomForestModel: Samples=250, Features=25
2026-06-01 17:01:40 [INFO] STONKS - RandomForestModel training completed successfully.
2026-06-01 17:01:40 [INFO] STONKS - Registered model 'rf' in WeightedEnsemble.
2026-06-01 17:01:40 [INFO] STONKS - Registered model 'finbert' in WeightedEnsemble.
2026-06-01 17:01:40 [INFO] STONKS - Set ensemble weight for 'rf' to 1.0000
2026-06-01 17:01:40 [INFO] STONKS - Set ensemble weight for 'finbert' to 0.0000
2026-06-01 17:01:40 [INFO] STONKS - Training RandomForestModel: Samples=250, Features=25
2026-06-01 17:01:40 [INFO] STONKS - RandomForestModel training completed successfully.
2026-06-01 17:01:40 [INFO] STONKS - Registered model 'rf' in WeightedEnsemble.
2026-06-01 17:01:40 [INFO] STONKS - Registered model 'finbert' in WeightedEnsemble.
2026-06-01 17:01:40 [INFO] STONKS - Set ensemble weight for 'rf' to 1.0000
2026-06-01 17:01:40 [INFO] STONKS - Set ensemble weight for 'finbert' to 0.0000
2026-06-01 17:01:40 [INFO] STONKS - Training RandomForestModel: Samples=250, Features=25
2026-06-01 17:01:40 [INFO] STONKS - RandomForestModel training completed successfully.
2026-06-01 17:01:40 [INFO] STONKS - Registered model 'rf' in WeightedEnsemble.
2026-06-01 17:01:40 [INFO] STONKS - Registered model 'finbert' in WeightedEnsemble.
2026-06-01 17:01:40 [INFO] STONKS - Set ensemble weight for 'rf' to 1.0000
2026-06-01 17:01:40 [INFO] STONKS - Set ensemble weight for 'finbert' to 0.0000
2026-06-01 17:01:40 [INFO] STONKS - Training RandomForestModel: Samples=250, Features=25
2026-06-01 17:01:40 [INFO] STONKS - RandomForestModel training completed successfully.
2026-06-01 17:01:40 [INFO] STONKS - Registered model 'rf' in WeightedEnsemble.
2026-06-01 17:01:40 [INFO] STONKS - Registered model 'finbert' in WeightedEnsemble.
2026-06-01 17:01:40 [INFO] STONKS - Set ensemble weight for 'rf' to 1.0000
2026-06-01 17:01:40 [INFO] STONKS - Set ensemble weight for 'finbert' to 0.0000
2026-06-01 17:01:40 [INFO] STONKS - Decision Engine: Prob: 0.2867 -> Signal: SELL
2026-06-01 17:01:40 [INFO] STONKS - Decision Engine: Prob: 0.3162 -> Signal: SELL
2026-06-01 17:01:40 [INFO] STONKS - Decision Engine: Prob: 0.3519 -> Signal: SELL
2026-06-01 17:01:40 [INFO] STONKS - Decision Engine: Prob: 0.3907 -> Signal: SELL
2026-06-01 17:01:40 [INFO] STONKS - Decision Engine: Prob: 0.4221 -> Signal: HOLD
2026-06-01 17:01:40 [INFO] STONKS - Decision Engine: Prob: 0.4523 -> Signal: HOLD
2026-06-01 17:01:40 [INFO] STONKS - Decision Engine: Prob: 0.4811 -> Signal: HOLD
2026-06-01 17:01:40 [INFO] STONKS - Decision Engine: Prob: 0.3780 -> Signal: SELL
2026-06-01 17:01:40 [INFO] STONKS - Decision Engine: Prob: 0.4238 -> Signal: HOLD
2026-06-01 17:01:40 [INFO] STONKS - Decision Engine: Prob: 0.4790 -> Signal: HOLD
2026-06-01 17:01:40 [INFO] STONKS - Decision Engine: Prob: 0.4557 -> Signal: HOLD
2026-06-01 17:01:40 [INFO] STONKS - Decision Engine: Prob: 0.4388 -> Signal: HOLD
2026-06-01 17:01:40 [INFO] STONKS - Decision Engine: Prob: 0.4196 -> Signal: HOLD
2026-06-01 17:01:40 [INFO] STONKS - Decision Engine: Prob: 0.4281 -> Signal: HOLD
2026-06-01 17:01:40 [INFO] STONKS - Decision Engine: Prob: 0.4611 -> Signal: HOLD
2026-06-01 17:01:40 [INFO] STONKS - Decision Engine: Prob: 0.4485 -> Signal: HOLD
2026-06-01 17:01:40 [INFO] STONKS - Decision Engine: Prob: 0.4682 -> Signal: HOLD
2026-06-01 17:01:40 [INFO] STONKS - Decision Engine: Prob: 0.4809 -> Signal: HOLD
2026-06-01 17:01:40 [INFO] STONKS - Decision Engine: Prob: 0.4577 -> Signal: HOLD
2026-06-01 17:01:40 [INFO] STONKS - Decision Engine: Prob: 0.4284 -> Signal: HOLD
2026-06-01 17:01:40 [INFO] STONKS - Decision Engine: Prob: 0.4233 -> Signal: HOLD
2026-06-01 17:01:40 [INFO] STONKS - Decision Engine: Prob: 0.4218 -> Signal: HOLD
2026-06-01 17:01:40 [INFO] STONKS - Decision Engine: Prob: 0.5101 -> Signal: HOLD
2026-06-01 17:01:40 [INFO] STONKS - Decision Engine: Prob: 0.4827 -> Signal: HOLD
2026-06-01 17:01:40 [INFO] STONKS - Decision Engine: Prob: 0.4777 -> Signal: HOLD
2026-06-01 17:01:40 [INFO] STONKS - Decision Engine: Prob: 0.4677 -> Signal: HOLD
2026-06-01 17:01:40 [INFO] STONKS - Decision Engine: Prob: 0.4029 -> Signal: HOLD
2026-06-01 17:01:40 [INFO] STONKS - Decision Engine: Prob: 0.3776 -> Signal: SELL
2026-06-01 17:01:40 [INFO] STONKS - Decision Engine: Prob: 0.4725 -> Signal: HOLD
2026-06-01 17:01:40 [INFO] STONKS - Decision Engine: Prob: 0.4743 -> Signal: HOLD
2026-06-01 17:01:40 [INFO] STONKS - Decision Engine: Prob: 0.4906 -> Signal: HOLD
2026-06-01 17:01:40 [INFO] STONKS - Decision Engine: Prob: 0.4787 -> Signal: HOLD
2026-06-01 17:01:40 [INFO] STONKS - Decision Engine: Prob: 0.5335 -> Signal: HOLD
2026-06-01 17:01:40 [INFO] STONKS - Decision Engine: Prob: 0.4278 -> Signal: HOLD
2026-06-01 17:01:40 [INFO] STONKS - Decision Engine: Prob: 0.4433 -> Signal: HOLD
2026-06-01 17:01:40 [INFO] STONKS - Decision Engine: Prob: 0.4763 -> Signal: HOLD
2026-06-01 17:01:40 [INFO] STONKS - Decision Engine: Prob: 0.3985 -> Signal: SELL
2026-06-01 17:01:40 [INFO] STONKS - Decision Engine: Prob: 0.4120 -> Signal: HOLD
2026-06-01 17:01:40 [INFO] STONKS - Decision Engine: Prob: 0.3930 -> Signal: SELL
2026-06-01 17:01:40 [INFO] STONKS - Decision Engine: Prob: 0.3294 -> Signal: SELL
2026-06-01 17:01:40 [INFO] STONKS - Decision Engine: Prob: 0.3079 -> Signal: SELL
2026-06-01 17:01:40 [INFO] STONKS - Decision Engine: Prob: 0.3036 -> Signal: SELL
2026-06-01 17:01:40 [INFO] STONKS - Decision Engine: Prob: 0.2524 -> Signal: SELL
2026-06-01 17:01:40 [INFO] STONKS - Decision Engine: Prob: 0.3024 -> Signal: SELL
2026-06-01 17:01:40 [INFO] STONKS - Decision Engine: Prob: 0.2736 -> Signal: SELL
2026-06-01 17:01:40 [INFO] STONKS - Decision Engine: Prob: 0.2838 -> Signal: SELL
2026-06-01 17:01:40 [INFO] STONKS - Decision Engine: Prob: 0.2920 -> Signal: SELL
2026-06-01 17:01:40 [INFO] STONKS - Decision Engine: Prob: 0.3088 -> Signal: SELL
2026-06-01 17:01:40 [INFO] STONKS - Decision Engine: Prob: 0.2695 -> Signal: SELL
2026-06-01 17:01:40 [INFO] STONKS - Decision Engine: Prob: 0.2281 -> Signal: SELL
2026-06-01 17:01:40 [INFO] STONKS - Decision Engine: Prob: 0.7688 -> Signal: BUY
2026-06-01 17:01:40 [INFO] STONKS - Decision Engine: Prob: 0.8075 -> Signal: BUY
2026-06-01 17:01:40 [INFO] STONKS - Decision Engine: Prob: 0.8090 -> Signal: BUY
2026-06-01 17:01:40 [INFO] STONKS - Decision Engine: Prob: 0.8291 -> Signal: BUY
2026-06-01 17:01:40 [INFO] STONKS - Decision Engine: Prob: 0.7301 -> Signal: BUY
2026-06-01 17:01:40 [INFO] STONKS - Decision Engine: Prob: 0.6475 -> Signal: HOLD
2026-06-01 17:01:40 [INFO] STONKS - Decision Engine: Prob: 0.5907 -> Signal: HOLD
2026-06-01 17:01:40 [INFO] STONKS - Decision Engine: Prob: 0.4973 -> Signal: HOLD
2026-06-01 17:01:40 [INFO] STONKS - Decision Engine: Prob: 0.5833 -> Signal: HOLD
2026-06-01 17:01:40 [INFO] STONKS - Decision Engine: Prob: 0.5868 -> Signal: HOLD
2026-06-01 17:01:40 [INFO] STONKS - Decision Engine: Prob: 0.5453 -> Signal: HOLD
2026-06-01 17:01:40 [INFO] STONKS - Decision Engine: Prob: 0.5708 -> Signal: HOLD
2026-06-01 17:01:40 [INFO] STONKS - Decision Engine: Prob: 0.5906 -> Signal: HOLD
2026-06-01 17:01:40 [INFO] STONKS - Decision Engine: Prob: 0.5575 -> Signal: HOLD
2026-06-01 17:01:40 [INFO] STONKS - Decision Engine: Prob: 0.5900 -> Signal: HOLD
2026-06-01 17:01:40 [INFO] STONKS - Decision Engine: Prob: 0.5694 -> Signal: HOLD
2026-06-01 17:01:40 [INFO] STONKS - Decision Engine: Prob: 0.5231 -> Signal: HOLD
2026-06-01 17:01:40 [INFO] STONKS - Decision Engine: Prob: 0.5501 -> Signal: HOLD
2026-06-01 17:01:40 [INFO] STONKS - Decision Engine: Prob: 0.5933 -> Signal: HOLD
2026-06-01 17:01:40 [INFO] STONKS - Decision Engine: Prob: 0.6756 -> Signal: BUY
2026-06-01 17:01:40 [INFO] STONKS - Decision Engine: Prob: 0.7308 -> Signal: BUY
2026-06-01 17:01:40 [INFO] STONKS - Decision Engine: Prob: 0.6677 -> Signal: BUY
2026-06-01 17:01:40 [INFO] STONKS - Decision Engine: Prob: 0.6665 -> Signal: BUY
2026-06-01 17:01:40 [INFO] STONKS - Decision Engine: Prob: 0.6792 -> Signal: BUY
2026-06-01 17:01:40 [INFO] STONKS - Decision Engine: Prob: 0.6707 -> Signal: BUY
2026-06-01 17:01:40 [INFO] STONKS - Decision Engine: Prob: 0.6769 -> Signal: BUY
2026-06-01 17:01:40 [INFO] STONKS - Decision Engine: Prob: 0.7144 -> Signal: BUY
2026-06-01 17:01:40 [INFO] STONKS - Decision Engine: Prob: 0.6572 -> Signal: BUY
2026-06-01 17:01:40 [INFO] STONKS - Decision Engine: Prob: 0.6710 -> Signal: BUY
2026-06-01 17:01:40 [INFO] STONKS - Decision Engine: Prob: 0.6271 -> Signal: HOLD
2026-06-01 17:01:40 [INFO] STONKS - Decision Engine: Prob: 0.5974 -> Signal: HOLD
2026-06-01 17:01:40 [INFO] STONKS - Decision Engine: Prob: 0.6315 -> Signal: HOLD
2026-06-01 17:01:40 [INFO] STONKS - Decision Engine: Prob: 0.6361 -> Signal: HOLD
2026-06-01 17:01:40 [INFO] STONKS - Decision Engine: Prob: 0.6513 -> Signal: BUY
2026-06-01 17:01:40 [INFO] STONKS - Decision Engine: Prob: 0.6168 -> Signal: HOLD
2026-06-01 17:01:40 [INFO] STONKS - Decision Engine: Prob: 0.5901 -> Signal: HOLD
2026-06-01 17:01:40 [INFO] STONKS - Decision Engine: Prob: 0.6572 -> Signal: BUY
2026-06-01 17:01:40 [INFO] STONKS - Decision Engine: Prob: 0.6545 -> Signal: BUY
2026-06-01 17:01:40 [INFO] STONKS - Decision Engine: Prob: 0.6423 -> Signal: HOLD
2026-06-01 17:01:40 [INFO] STONKS - Decision Engine: Prob: 0.6442 -> Signal: HOLD
2026-06-01 17:01:40 [INFO] STONKS - Decision Engine: Prob: 0.6192 -> Signal: HOLD
2026-06-01 17:01:40 [INFO] STONKS - Decision Engine: Prob: 0.6387 -> Signal: HOLD
2026-06-01 17:01:40 [INFO] STONKS - Decision Engine: Prob: 0.6172 -> Signal: HOLD
2026-06-01 17:01:40 [INFO] STONKS - Decision Engine: Prob: 0.6533 -> Signal: BUY
2026-06-01 17:01:40 [INFO] STONKS - Decision Engine: Prob: 0.5854 -> Signal: HOLD
2026-06-01 17:01:40 [INFO] STONKS - Decision Engine: Prob: 0.6134 -> Signal: HOLD
2026-06-01 17:01:40 [INFO] STONKS - Decision Engine: Prob: 0.6600 -> Signal: BUY
2026-06-01 17:01:40 [INFO] STONKS - Decision Engine: Prob: 0.6418 -> Signal: HOLD
2026-06-01 17:01:40 [INFO] STONKS - Decision Engine: Prob: 0.6393 -> Signal: HOLD
2026-06-01 17:01:40 [INFO] STONKS - Decision Engine: Prob: 0.6584 -> Signal: BUY
2026-06-01 17:01:40 [INFO] STONKS - Decision Engine: Prob: 0.2360 -> Signal: SELL
2026-06-01 17:01:40 [INFO] STONKS - Decision Engine: Prob: 0.3529 -> Signal: SELL
2026-06-01 17:01:40 [INFO] STONKS - Decision Engine: Prob: 0.3487 -> Signal: SELL
2026-06-01 17:01:40 [INFO] STONKS - Decision Engine: Prob: 0.4079 -> Signal: HOLD
2026-06-01 17:01:40 [INFO] STONKS - Decision Engine: Prob: 0.3694 -> Signal: SELL
2026-06-01 17:01:40 [INFO] STONKS - Decision Engine: Prob: 0.3544 -> Signal: SELL
2026-06-01 17:01:40 [INFO] STONKS - Decision Engine: Prob: 0.3754 -> Signal: SELL
2026-06-01 17:01:40 [INFO] STONKS - Decision Engine: Prob: 0.3437 -> Signal: SELL
2026-06-01 17:01:40 [INFO] STONKS - Decision Engine: Prob: 0.3112 -> Signal: SELL
2026-06-01 17:01:40 [INFO] STONKS - Decision Engine: Prob: 0.4444 -> Signal: HOLD
2026-06-01 17:01:40 [INFO] STONKS - Decision Engine: Prob: 0.4599 -> Signal: HOLD
2026-06-01 17:01:40 [INFO] STONKS - Decision Engine: Prob: 0.5213 -> Signal: HOLD
2026-06-01 17:01:40 [INFO] STONKS - Decision Engine: Prob: 0.4700 -> Signal: HOLD
2026-06-01 17:01:40 [INFO] STONKS - Decision Engine: Prob: 0.4775 -> Signal: HOLD
2026-06-01 17:01:40 [INFO] STONKS - Decision Engine: Prob: 0.4824 -> Signal: HOLD
2026-06-01 17:01:40 [INFO] STONKS - Decision Engine: Prob: 0.6368 -> Signal: HOLD
2026-06-01 17:01:40 [INFO] STONKS - Decision Engine: Prob: 0.5460 -> Signal: HOLD
2026-06-01 17:01:40 [INFO] STONKS - Decision Engine: Prob: 0.5606 -> Signal: HOLD
2026-06-01 17:01:40 [INFO] STONKS - Decision Engine: Prob: 0.5387 -> Signal: HOLD
2026-06-01 17:01:40 [INFO] STONKS - Decision Engine: Prob: 0.5326 -> Signal: HOLD
2026-06-01 17:01:40 [INFO] STONKS - Decision Engine: Prob: 0.6954 -> Signal: BUY
2026-06-01 17:01:40 [INFO] STONKS - Decision Engine: Prob: 0.6412 -> Signal: HOLD
2026-06-01 17:01:40 [INFO] STONKS - Decision Engine: Prob: 0.5855 -> Signal: HOLD
2026-06-01 17:01:40 [INFO] STONKS - Decision Engine: Prob: 0.4512 -> Signal: HOLD
2026-06-01 17:01:40 [INFO] STONKS - Decision Engine: Prob: 0.3814 -> Signal: SELL
2026-06-01 17:01:40 [INFO] STONKS - Decision Engine: Prob: 0.4927 -> Signal: HOLD
2026-06-01 17:01:40 [INFO] STONKS - Decision Engine: Prob: 0.5148 -> Signal: HOLD
2026-06-01 17:01:40 [INFO] STONKS - Decision Engine: Prob: 0.4589 -> Signal: HOLD
2026-06-01 17:01:40 [INFO] STONKS - Decision Engine: Prob: 0.5600 -> Signal: HOLD
2026-06-01 17:01:40 [INFO] STONKS - Decision Engine: Prob: 0.5733 -> Signal: HOLD
2026-06-01 17:01:40 [INFO] STONKS - Decision Engine: Prob: 0.4885 -> Signal: HOLD
2026-06-01 17:01:40 [INFO] STONKS - Decision Engine: Prob: 0.4748 -> Signal: HOLD
2026-06-01 17:01:40 [INFO] STONKS - Decision Engine: Prob: 0.5175 -> Signal: HOLD
2026-06-01 17:01:40 [INFO] STONKS - Decision Engine: Prob: 0.3901 -> Signal: SELL
2026-06-01 17:01:40 [INFO] STONKS - Decision Engine: Prob: 0.3925 -> Signal: SELL
2026-06-01 17:01:40 [INFO] STONKS - Decision Engine: Prob: 0.5139 -> Signal: HOLD
2026-06-01 17:01:40 [INFO] STONKS - Decision Engine: Prob: 0.3998 -> Signal: SELL
2026-06-01 17:01:40 [INFO] STONKS - Decision Engine: Prob: 0.4980 -> Signal: HOLD
2026-06-01 17:01:40 [INFO] STONKS - Decision Engine: Prob: 0.4541 -> Signal: HOLD
2026-06-01 17:01:40 [INFO] STONKS - Decision Engine: Prob: 0.3855 -> Signal: SELL
2026-06-01 17:01:40 [INFO] STONKS - Decision Engine: Prob: 0.3668 -> Signal: SELL
2026-06-01 17:01:40 [INFO] STONKS - Decision Engine: Prob: 0.3581 -> Signal: SELL
2026-06-01 17:01:40 [INFO] STONKS - Decision Engine: Prob: 0.3619 -> Signal: SELL
2026-06-01 17:01:40 [INFO] STONKS - Decision Engine: Prob: 0.5078 -> Signal: HOLD
2026-06-01 17:01:40 [INFO] STONKS - Decision Engine: Prob: 0.3967 -> Signal: SELL
2026-06-01 17:01:40 [INFO] STONKS - Decision Engine: Prob: 0.2882 -> Signal: SELL
2026-06-01 17:01:40 [INFO] STONKS - Decision Engine: Prob: 0.3332 -> Signal: SELL
2026-06-01 17:01:40 [INFO] STONKS - Decision Engine: Prob: 0.5381 -> Signal: HOLD
2026-06-01 17:01:40 [INFO] STONKS - Decision Engine: Prob: 0.5663 -> Signal: HOLD
2026-06-01 17:01:40 [INFO] STONKS - Decision Engine: Prob: 0.4841 -> Signal: HOLD
2026-06-01 17:01:40 [INFO] STONKS - Decision Engine: Prob: 0.7297 -> Signal: BUY
2026-06-01 17:01:40 [INFO] STONKS - Decision Engine: Prob: 0.7793 -> Signal: BUY
2026-06-01 17:01:40 [INFO] STONKS - Decision Engine: Prob: 0.7345 -> Signal: BUY
2026-06-01 17:01:40 [INFO] STONKS - Decision Engine: Prob: 0.7261 -> Signal: BUY
2026-06-01 17:01:40 [INFO] STONKS - Decision Engine: Prob: 0.6956 -> Signal: BUY
2026-06-01 17:01:40 [INFO] STONKS - Decision Engine: Prob: 0.6718 -> Signal: BUY
2026-06-01 17:01:40 [INFO] STONKS - Decision Engine: Prob: 0.7347 -> Signal: BUY
2026-06-01 17:01:40 [INFO] STONKS - Decision Engine: Prob: 0.6967 -> Signal: BUY
2026-06-01 17:01:40 [INFO] STONKS - Decision Engine: Prob: 0.7037 -> Signal: BUY
2026-06-01 17:01:40 [INFO] STONKS - Decision Engine: Prob: 0.8450 -> Signal: BUY
2026-06-01 17:01:40 [INFO] STONKS - Decision Engine: Prob: 0.7757 -> Signal: BUY
2026-06-01 17:01:40 [INFO] STONKS - Decision Engine: Prob: 0.7723 -> Signal: BUY
2026-06-01 17:01:40 [INFO] STONKS - Decision Engine: Prob: 0.7909 -> Signal: BUY
2026-06-01 17:01:40 [INFO] STONKS - Decision Engine: Prob: 0.8350 -> Signal: BUY
2026-06-01 17:01:40 [INFO] STONKS - Decision Engine: Prob: 0.7663 -> Signal: BUY
2026-06-01 17:01:40 [INFO] STONKS - Decision Engine: Prob: 0.8321 -> Signal: BUY
2026-06-01 17:01:40 [INFO] STONKS - Decision Engine: Prob: 0.8270 -> Signal: BUY
2026-06-01 17:01:40 [INFO] STONKS - Decision Engine: Prob: 0.7462 -> Signal: BUY
2026-06-01 17:01:40 [INFO] STONKS - Decision Engine: Prob: 0.7357 -> Signal: BUY
2026-06-01 17:01:40 [INFO] STONKS - Decision Engine: Prob: 0.7825 -> Signal: BUY
2026-06-01 17:01:40 [INFO] STONKS - Decision Engine: Prob: 0.7494 -> Signal: BUY
2026-06-01 17:01:40 [INFO] STONKS - Decision Engine: Prob: 0.7521 -> Signal: BUY
2026-06-01 17:01:40 [INFO] STONKS - Decision Engine: Prob: 0.6754 -> Signal: BUY
2026-06-01 17:01:40 [INFO] STONKS - Decision Engine: Prob: 0.5508 -> Signal: HOLD
2026-06-01 17:01:40 [INFO] STONKS - Decision Engine: Prob: 0.6914 -> Signal: BUY
2026-06-01 17:01:40 [INFO] STONKS - Decision Engine: Prob: 0.6609 -> Signal: BUY
2026-06-01 17:01:40 [INFO] STONKS - Decision Engine: Prob: 0.5649 -> Signal: HOLD
2026-06-01 17:01:40 [INFO] STONKS - Decision Engine: Prob: 0.6320 -> Signal: HOLD
2026-06-01 17:01:40 [INFO] STONKS - Decision Engine: Prob: 0.6426 -> Signal: HOLD
2026-06-01 17:01:40 [INFO] STONKS - Decision Engine: Prob: 0.5849 -> Signal: HOLD
2026-06-01 17:01:40 [INFO] STONKS - Decision Engine: Prob: 0.6189 -> Signal: HOLD
2026-06-01 17:01:40 [INFO] STONKS - Decision Engine: Prob: 0.5379 -> Signal: HOLD
2026-06-01 17:01:40 [INFO] STONKS - Decision Engine: Prob: 0.5498 -> Signal: HOLD
2026-06-01 17:01:40 [INFO] STONKS - Decision Engine: Prob: 0.4037 -> Signal: HOLD
2026-06-01 17:01:40 [INFO] STONKS - Decision Engine: Prob: 0.3609 -> Signal: SELL
2026-06-01 17:01:40 [INFO] STONKS - Decision Engine: Prob: 0.2115 -> Signal: SELL
2026-06-01 17:01:40 [INFO] STONKS - Decision Engine: Prob: 0.2499 -> Signal: SELL
2026-06-01 17:01:40 [INFO] STONKS - Decision Engine: Prob: 0.2380 -> Signal: SELL
2026-06-01 17:01:40 [INFO] STONKS - Decision Engine: Prob: 0.2557 -> Signal: SELL
2026-06-01 17:01:40 [INFO] STONKS - Decision Engine: Prob: 0.2967 -> Signal: SELL
2026-06-01 17:01:40 [INFO] STONKS - Decision Engine: Prob: 0.3095 -> Signal: SELL
2026-06-01 17:01:40 [INFO] STONKS - Decision Engine: Prob: 0.3986 -> Signal: SELL
2026-06-01 17:01:40 [INFO] STONKS - Decision Engine: Prob: 0.3074 -> Signal: SELL
2026-06-01 17:01:40 [INFO] STONKS - Decision Engine: Prob: 0.3538 -> Signal: SELL
2026-06-01 17:01:40 [INFO] STONKS - Decision Engine: Prob: 0.3814 -> Signal: SELL
2026-06-01 17:01:40 [INFO] STONKS - Decision Engine: Prob: 0.3577 -> Signal: SELL
2026-06-01 17:01:40 [INFO] STONKS - Decision Engine: Prob: 0.3431 -> Signal: SELL
2026-06-01 17:01:40 [INFO] STONKS - Decision Engine: Prob: 0.3246 -> Signal: SELL
2026-06-01 17:01:40 [INFO] STONKS - Decision Engine: Prob: 0.3915 -> Signal: SELL
2026-06-01 17:01:40 [INFO] STONKS - Decision Engine: Prob: 0.3572 -> Signal: SELL
2026-06-01 17:01:40 [INFO] STONKS - Decision Engine: Prob: 0.7904 -> Signal: BUY
2026-06-01 17:01:40 [INFO] STONKS - Cache hit: Loading data for MSFT (2y, 1d) from E:\Projects\StonksV2\cache\MSFT_2y_1d.csv
2026-06-01 17:01:40 [INFO] STONKS - Initiating walk-forward backtest (rf) for MSFT...
2026-06-01 17:01:40 [INFO] STONKS - Computing features for MSFT (no active cache found).
2026-06-01 17:01:40 [INFO] STONKS - Prepared training dataset for MSFT: Shape (451, 25)
2026-06-01 17:01:40 [INFO] STONKS - Training RandomForestModel: Samples=250, Features=25
2026-06-01 17:01:40 [INFO] STONKS - RandomForestModel training completed successfully.
2026-06-01 17:01:40 [INFO] STONKS - Training RandomForestModel: Samples=250, Features=25
2026-06-01 17:01:40 [INFO] STONKS - RandomForestModel training completed successfully.
2026-06-01 17:01:40 [INFO] STONKS - Training RandomForestModel: Samples=250, Features=25
2026-06-01 17:01:40 [INFO] STONKS - RandomForestModel training completed successfully.
2026-06-01 17:01:40 [INFO] STONKS - Training RandomForestModel: Samples=250, Features=25
2026-06-01 17:01:40 [INFO] STONKS - RandomForestModel training completed successfully.
2026-06-01 17:01:40 [INFO] STONKS - Training RandomForestModel: Samples=250, Features=25
2026-06-01 17:01:40 [INFO] STONKS - RandomForestModel training completed successfully.
2026-06-01 17:01:40 [INFO] STONKS - Decision Engine: Prob: 0.3417 -> Signal: SELL
2026-06-01 17:01:40 [INFO] STONKS - Decision Engine: Prob: 0.2981 -> Signal: SELL
2026-06-01 17:01:40 [INFO] STONKS - Decision Engine: Prob: 0.4512 -> Signal: HOLD
2026-06-01 17:01:40 [INFO] STONKS - Decision Engine: Prob: 0.3168 -> Signal: SELL
2026-06-01 17:01:40 [INFO] STONKS - Decision Engine: Prob: 0.4281 -> Signal: HOLD
2026-06-01 17:01:40 [INFO] STONKS - Decision Engine: Prob: 0.4167 -> Signal: HOLD
2026-06-01 17:01:40 [INFO] STONKS - Decision Engine: Prob: 0.5069 -> Signal: HOLD
2026-06-01 17:01:40 [INFO] STONKS - Decision Engine: Prob: 0.4899 -> Signal: HOLD
2026-06-01 17:01:40 [INFO] STONKS - Decision Engine: Prob: 0.3907 -> Signal: SELL
2026-06-01 17:01:40 [INFO] STONKS - Decision Engine: Prob: 0.4652 -> Signal: HOLD
2026-06-01 17:01:40 [INFO] STONKS - Decision Engine: Prob: 0.5009 -> Signal: HOLD
2026-06-01 17:01:40 [INFO] STONKS - Decision Engine: Prob: 0.4671 -> Signal: HOLD
2026-06-01 17:01:40 [INFO] STONKS - Decision Engine: Prob: 0.3265 -> Signal: SELL
2026-06-01 17:01:40 [INFO] STONKS - Decision Engine: Prob: 0.4343 -> Signal: HOLD
2026-06-01 17:01:40 [INFO] STONKS - Decision Engine: Prob: 0.5822 -> Signal: HOLD
2026-06-01 17:01:40 [INFO] STONKS - Decision Engine: Prob: 0.6464 -> Signal: HOLD
2026-06-01 17:01:40 [INFO] STONKS - Decision Engine: Prob: 0.5387 -> Signal: HOLD
2026-06-01 17:01:40 [INFO] STONKS - Decision Engine: Prob: 0.4085 -> Signal: HOLD
2026-06-01 17:01:40 [INFO] STONKS - Decision Engine: Prob: 0.6895 -> Signal: BUY
2026-06-01 17:01:40 [INFO] STONKS - Decision Engine: Prob: 0.4495 -> Signal: HOLD
2026-06-01 17:01:40 [INFO] STONKS - Decision Engine: Prob: 0.5201 -> Signal: HOLD
2026-06-01 17:01:40 [INFO] STONKS - Decision Engine: Prob: 0.4845 -> Signal: HOLD
2026-06-01 17:01:40 [INFO] STONKS - Decision Engine: Prob: 0.5045 -> Signal: HOLD
2026-06-01 17:01:40 [INFO] STONKS - Decision Engine: Prob: 0.4455 -> Signal: HOLD
2026-06-01 17:01:40 [INFO] STONKS - Decision Engine: Prob: 0.4242 -> Signal: HOLD
2026-06-01 17:01:40 [INFO] STONKS - Decision Engine: Prob: 0.6302 -> Signal: HOLD
2026-06-01 17:01:40 [INFO] STONKS - Decision Engine: Prob: 0.4657 -> Signal: HOLD
2026-06-01 17:01:40 [INFO] STONKS - Decision Engine: Prob: 0.5699 -> Signal: HOLD
2026-06-01 17:01:40 [INFO] STONKS - Decision Engine: Prob: 0.3675 -> Signal: SELL
2026-06-01 17:01:40 [INFO] STONKS - Decision Engine: Prob: 0.6047 -> Signal: HOLD
2026-06-01 17:01:40 [INFO] STONKS - Decision Engine: Prob: 0.6082 -> Signal: HOLD
2026-06-01 17:01:40 [INFO] STONKS - Decision Engine: Prob: 0.4682 -> Signal: HOLD
2026-06-01 17:01:40 [INFO] STONKS - Decision Engine: Prob: 0.5847 -> Signal: HOLD
2026-06-01 17:01:40 [INFO] STONKS - Decision Engine: Prob: 0.3698 -> Signal: SELL
2026-06-01 17:01:40 [INFO] STONKS - Decision Engine: Prob: 0.3814 -> Signal: SELL
2026-06-01 17:01:40 [INFO] STONKS - Decision Engine: Prob: 0.3448 -> Signal: SELL
2026-06-01 17:01:40 [INFO] STONKS - Decision Engine: Prob: 0.4152 -> Signal: HOLD
2026-06-01 17:01:40 [INFO] STONKS - Decision Engine: Prob: 0.5609 -> Signal: HOLD
2026-06-01 17:01:40 [INFO] STONKS - Decision Engine: Prob: 0.4876 -> Signal: HOLD
2026-06-01 17:01:40 [INFO] STONKS - Decision Engine: Prob: 0.3997 -> Signal: SELL
2026-06-01 17:01:40 [INFO] STONKS - Decision Engine: Prob: 0.5997 -> Signal: HOLD
2026-06-01 17:01:40 [INFO] STONKS - Decision Engine: Prob: 0.4876 -> Signal: HOLD
2026-06-01 17:01:40 [INFO] STONKS - Decision Engine: Prob: 0.5252 -> Signal: HOLD
2026-06-01 17:01:40 [INFO] STONKS - Decision Engine: Prob: 0.5396 -> Signal: HOLD
2026-06-01 17:01:40 [INFO] STONKS - Decision Engine: Prob: 0.3732 -> Signal: SELL
2026-06-01 17:01:40 [INFO] STONKS - Decision Engine: Prob: 0.3973 -> Signal: SELL
2026-06-01 17:01:40 [INFO] STONKS - Decision Engine: Prob: 0.3926 -> Signal: SELL
2026-06-01 17:01:40 [INFO] STONKS - Decision Engine: Prob: 0.4980 -> Signal: HOLD
2026-06-01 17:01:40 [INFO] STONKS - Decision Engine: Prob: 0.3796 -> Signal: SELL
2026-06-01 17:01:40 [INFO] STONKS - Decision Engine: Prob: 0.3471 -> Signal: SELL
2026-06-01 17:01:40 [INFO] STONKS - Decision Engine: Prob: 0.6827 -> Signal: BUY
2026-06-01 17:01:40 [INFO] STONKS - Decision Engine: Prob: 0.4729 -> Signal: HOLD
2026-06-01 17:01:40 [INFO] STONKS - Decision Engine: Prob: 0.5858 -> Signal: HOLD
2026-06-01 17:01:40 [INFO] STONKS - Decision Engine: Prob: 0.5106 -> Signal: HOLD
2026-06-01 17:01:40 [INFO] STONKS - Decision Engine: Prob: 0.3474 -> Signal: SELL
2026-06-01 17:01:40 [INFO] STONKS - Decision Engine: Prob: 0.2180 -> Signal: SELL
2026-06-01 17:01:40 [INFO] STONKS - Decision Engine: Prob: 0.2499 -> Signal: SELL
2026-06-01 17:01:40 [INFO] STONKS - Decision Engine: Prob: 0.4504 -> Signal: HOLD
2026-06-01 17:01:40 [INFO] STONKS - Decision Engine: Prob: 0.4144 -> Signal: HOLD
2026-06-01 17:01:40 [INFO] STONKS - Decision Engine: Prob: 0.3641 -> Signal: SELL
2026-06-01 17:01:40 [INFO] STONKS - Decision Engine: Prob: 0.3879 -> Signal: SELL
2026-06-01 17:01:40 [INFO] STONKS - Decision Engine: Prob: 0.4560 -> Signal: HOLD
2026-06-01 17:01:40 [INFO] STONKS - Decision Engine: Prob: 0.5259 -> Signal: HOLD
2026-06-01 17:01:40 [INFO] STONKS - Decision Engine: Prob: 0.5185 -> Signal: HOLD
2026-06-01 17:01:40 [INFO] STONKS - Decision Engine: Prob: 0.5413 -> Signal: HOLD
2026-06-01 17:01:40 [INFO] STONKS - Decision Engine: Prob: 0.5299 -> Signal: HOLD
2026-06-01 17:01:40 [INFO] STONKS - Decision Engine: Prob: 0.5275 -> Signal: HOLD
2026-06-01 17:01:40 [INFO] STONKS - Decision Engine: Prob: 0.5770 -> Signal: HOLD
2026-06-01 17:01:40 [INFO] STONKS - Decision Engine: Prob: 0.5251 -> Signal: HOLD
2026-06-01 17:01:40 [INFO] STONKS - Decision Engine: Prob: 0.5946 -> Signal: HOLD
2026-06-01 17:01:40 [INFO] STONKS - Decision Engine: Prob: 0.6943 -> Signal: BUY
2026-06-01 17:01:40 [INFO] STONKS - Decision Engine: Prob: 0.7335 -> Signal: BUY
2026-06-01 17:01:40 [INFO] STONKS - Decision Engine: Prob: 0.7276 -> Signal: BUY
2026-06-01 17:01:40 [INFO] STONKS - Decision Engine: Prob: 0.6982 -> Signal: BUY
2026-06-01 17:01:40 [INFO] STONKS - Decision Engine: Prob: 0.6298 -> Signal: HOLD
2026-06-01 17:01:40 [INFO] STONKS - Decision Engine: Prob: 0.4553 -> Signal: HOLD
2026-06-01 17:01:40 [INFO] STONKS - Decision Engine: Prob: 0.3970 -> Signal: SELL
2026-06-01 17:01:40 [INFO] STONKS - Decision Engine: Prob: 0.3853 -> Signal: SELL
2026-06-01 17:01:40 [INFO] STONKS - Decision Engine: Prob: 0.5539 -> Signal: HOLD
2026-06-01 17:01:40 [INFO] STONKS - Decision Engine: Prob: 0.4073 -> Signal: HOLD
2026-06-01 17:01:40 [INFO] STONKS - Decision Engine: Prob: 0.6717 -> Signal: BUY
2026-06-01 17:01:40 [INFO] STONKS - Decision Engine: Prob: 0.4964 -> Signal: HOLD
2026-06-01 17:01:40 [INFO] STONKS - Decision Engine: Prob: 0.5213 -> Signal: HOLD
2026-06-01 17:01:40 [INFO] STONKS - Decision Engine: Prob: 0.4011 -> Signal: HOLD
2026-06-01 17:01:40 [INFO] STONKS - Decision Engine: Prob: 0.5032 -> Signal: HOLD
2026-06-01 17:01:40 [INFO] STONKS - Decision Engine: Prob: 0.5889 -> Signal: HOLD
2026-06-01 17:01:40 [INFO] STONKS - Decision Engine: Prob: 0.3669 -> Signal: SELL
2026-06-01 17:01:40 [INFO] STONKS - Decision Engine: Prob: 0.5384 -> Signal: HOLD
2026-06-01 17:01:40 [INFO] STONKS - Decision Engine: Prob: 0.5873 -> Signal: HOLD
2026-06-01 17:01:40 [INFO] STONKS - Decision Engine: Prob: 0.4579 -> Signal: HOLD
2026-06-01 17:01:40 [INFO] STONKS - Decision Engine: Prob: 0.4651 -> Signal: HOLD
2026-06-01 17:01:40 [INFO] STONKS - Decision Engine: Prob: 0.3602 -> Signal: SELL
2026-06-01 17:01:40 [INFO] STONKS - Decision Engine: Prob: 0.3824 -> Signal: SELL
2026-06-01 17:01:40 [INFO] STONKS - Decision Engine: Prob: 0.4779 -> Signal: HOLD
2026-06-01 17:01:40 [INFO] STONKS - Decision Engine: Prob: 0.3770 -> Signal: SELL
2026-06-01 17:01:40 [INFO] STONKS - Decision Engine: Prob: 0.4595 -> Signal: HOLD
2026-06-01 17:01:40 [INFO] STONKS - Decision Engine: Prob: 0.5497 -> Signal: HOLD
2026-06-01 17:01:40 [INFO] STONKS - Decision Engine: Prob: 0.5878 -> Signal: HOLD
2026-06-01 17:01:40 [INFO] STONKS - Decision Engine: Prob: 0.5569 -> Signal: HOLD
2026-06-01 17:01:40 [INFO] STONKS - Decision Engine: Prob: 0.5938 -> Signal: HOLD
2026-06-01 17:01:40 [INFO] STONKS - Decision Engine: Prob: 0.6346 -> Signal: HOLD
2026-06-01 17:01:40 [INFO] STONKS - Decision Engine: Prob: 0.5477 -> Signal: HOLD
2026-06-01 17:01:40 [INFO] STONKS - Decision Engine: Prob: 0.4987 -> Signal: HOLD
2026-06-01 17:01:40 [INFO] STONKS - Decision Engine: Prob: 0.4260 -> Signal: HOLD
2026-06-01 17:01:40 [INFO] STONKS - Decision Engine: Prob: 0.5553 -> Signal: HOLD
2026-06-01 17:01:40 [INFO] STONKS - Decision Engine: Prob: 0.6208 -> Signal: HOLD
2026-06-01 17:01:40 [INFO] STONKS - Decision Engine: Prob: 0.7075 -> Signal: BUY
2026-06-01 17:01:40 [INFO] STONKS - Decision Engine: Prob: 0.7542 -> Signal: BUY
2026-06-01 17:01:40 [INFO] STONKS - Decision Engine: Prob: 0.7516 -> Signal: BUY
2026-06-01 17:01:40 [INFO] STONKS - Decision Engine: Prob: 0.7350 -> Signal: BUY
2026-06-01 17:01:40 [INFO] STONKS - Decision Engine: Prob: 0.6265 -> Signal: HOLD
2026-06-01 17:01:40 [INFO] STONKS - Decision Engine: Prob: 0.7358 -> Signal: BUY
2026-06-01 17:01:40 [INFO] STONKS - Decision Engine: Prob: 0.8024 -> Signal: BUY
2026-06-01 17:01:40 [INFO] STONKS - Decision Engine: Prob: 0.6946 -> Signal: BUY
2026-06-01 17:01:40 [INFO] STONKS - Decision Engine: Prob: 0.4557 -> Signal: HOLD
2026-06-01 17:01:40 [INFO] STONKS - Decision Engine: Prob: 0.4395 -> Signal: HOLD
2026-06-01 17:01:40 [INFO] STONKS - Decision Engine: Prob: 0.3567 -> Signal: SELL
2026-06-01 17:01:40 [INFO] STONKS - Decision Engine: Prob: 0.4848 -> Signal: HOLD
2026-06-01 17:01:40 [INFO] STONKS - Decision Engine: Prob: 0.6361 -> Signal: HOLD
2026-06-01 17:01:40 [INFO] STONKS - Decision Engine: Prob: 0.6933 -> Signal: BUY
2026-06-01 17:01:40 [INFO] STONKS - Decision Engine: Prob: 0.7166 -> Signal: BUY
2026-06-01 17:01:40 [INFO] STONKS - Decision Engine: Prob: 0.7147 -> Signal: BUY
2026-06-01 17:01:40 [INFO] STONKS - Decision Engine: Prob: 0.6299 -> Signal: HOLD
2026-06-01 17:01:40 [INFO] STONKS - Decision Engine: Prob: 0.6805 -> Signal: BUY
2026-06-01 17:01:40 [INFO] STONKS - Decision Engine: Prob: 0.6362 -> Signal: HOLD
2026-06-01 17:01:40 [INFO] STONKS - Decision Engine: Prob: 0.5849 -> Signal: HOLD
2026-06-01 17:01:40 [INFO] STONKS - Decision Engine: Prob: 0.5730 -> Signal: HOLD
2026-06-01 17:01:40 [INFO] STONKS - Decision Engine: Prob: 0.6488 -> Signal: HOLD
2026-06-01 17:01:40 [INFO] STONKS - Decision Engine: Prob: 0.6667 -> Signal: BUY
2026-06-01 17:01:40 [INFO] STONKS - Decision Engine: Prob: 0.6034 -> Signal: HOLD
2026-06-01 17:01:40 [INFO] STONKS - Decision Engine: Prob: 0.6512 -> Signal: BUY
2026-06-01 17:01:40 [INFO] STONKS - Decision Engine: Prob: 0.5608 -> Signal: HOLD
2026-06-01 17:01:40 [INFO] STONKS - Decision Engine: Prob: 0.5956 -> Signal: HOLD
2026-06-01 17:01:40 [INFO] STONKS - Decision Engine: Prob: 0.6071 -> Signal: HOLD
2026-06-01 17:01:40 [INFO] STONKS - Decision Engine: Prob: 0.6369 -> Signal: HOLD
2026-06-01 17:01:40 [INFO] STONKS - Decision Engine: Prob: 0.5432 -> Signal: HOLD
2026-06-01 17:01:40 [INFO] STONKS - Decision Engine: Prob: 0.5117 -> Signal: HOLD
2026-06-01 17:01:40 [INFO] STONKS - Decision Engine: Prob: 0.4914 -> Signal: HOLD
2026-06-01 17:01:40 [INFO] STONKS - Decision Engine: Prob: 0.6906 -> Signal: BUY
2026-06-01 17:01:40 [INFO] STONKS - Decision Engine: Prob: 0.4541 -> Signal: HOLD
2026-06-01 17:01:40 [INFO] STONKS - Decision Engine: Prob: 0.3938 -> Signal: SELL
2026-06-01 17:01:40 [INFO] STONKS - Decision Engine: Prob: 0.4305 -> Signal: HOLD
2026-06-01 17:01:40 [INFO] STONKS - Decision Engine: Prob: 0.3077 -> Signal: SELL
2026-06-01 17:01:40 [INFO] STONKS - Decision Engine: Prob: 0.5143 -> Signal: HOLD
2026-06-01 17:01:40 [INFO] STONKS - Decision Engine: Prob: 0.3935 -> Signal: SELL
2026-06-01 17:01:40 [INFO] STONKS - Decision Engine: Prob: 0.5408 -> Signal: HOLD
2026-06-01 17:01:40 [INFO] STONKS - Decision Engine: Prob: 0.5052 -> Signal: HOLD
2026-06-01 17:01:40 [INFO] STONKS - Decision Engine: Prob: 0.5513 -> Signal: HOLD
2026-06-01 17:01:40 [INFO] STONKS - Decision Engine: Prob: 0.6357 -> Signal: HOLD
2026-06-01 17:01:40 [INFO] STONKS - Decision Engine: Prob: 0.3550 -> Signal: SELL
2026-06-01 17:01:40 [INFO] STONKS - Decision Engine: Prob: 0.3938 -> Signal: SELL
2026-06-01 17:01:40 [INFO] STONKS - Decision Engine: Prob: 0.4646 -> Signal: HOLD
2026-06-01 17:01:40 [INFO] STONKS - Decision Engine: Prob: 0.5191 -> Signal: HOLD
2026-06-01 17:01:40 [INFO] STONKS - Decision Engine: Prob: 0.5588 -> Signal: HOLD
2026-06-01 17:01:40 [INFO] STONKS - Decision Engine: Prob: 0.5985 -> Signal: HOLD
2026-06-01 17:01:40 [INFO] STONKS - Decision Engine: Prob: 0.7386 -> Signal: BUY
2026-06-01 17:01:40 [INFO] STONKS - Decision Engine: Prob: 0.6641 -> Signal: BUY
2026-06-01 17:01:40 [INFO] STONKS - Decision Engine: Prob: 0.6824 -> Signal: BUY
2026-06-01 17:01:40 [INFO] STONKS - Decision Engine: Prob: 0.7227 -> Signal: BUY
2026-06-01 17:01:40 [INFO] STONKS - Decision Engine: Prob: 0.6965 -> Signal: BUY
2026-06-01 17:01:40 [INFO] STONKS - Decision Engine: Prob: 0.6611 -> Signal: BUY
2026-06-01 17:01:40 [INFO] STONKS - Decision Engine: Prob: 0.6595 -> Signal: BUY
2026-06-01 17:01:40 [INFO] STONKS - Decision Engine: Prob: 0.6300 -> Signal: HOLD
2026-06-01 17:01:40 [INFO] STONKS - Decision Engine: Prob: 0.6105 -> Signal: HOLD
2026-06-01 17:01:40 [INFO] STONKS - Decision Engine: Prob: 0.6053 -> Signal: HOLD
2026-06-01 17:01:40 [INFO] STONKS - Decision Engine: Prob: 0.6057 -> Signal: HOLD
2026-06-01 17:01:40 [INFO] STONKS - Decision Engine: Prob: 0.6312 -> Signal: HOLD
2026-06-01 17:01:40 [INFO] STONKS - Decision Engine: Prob: 0.6254 -> Signal: HOLD
2026-06-01 17:01:40 [INFO] STONKS - Decision Engine: Prob: 0.5714 -> Signal: HOLD
2026-06-01 17:01:40 [INFO] STONKS - Decision Engine: Prob: 0.5037 -> Signal: HOLD
2026-06-01 17:01:40 [INFO] STONKS - Decision Engine: Prob: 0.6000 -> Signal: HOLD
2026-06-01 17:01:40 [INFO] STONKS - Decision Engine: Prob: 0.6234 -> Signal: HOLD
2026-06-01 17:01:40 [INFO] STONKS - Decision Engine: Prob: 0.6803 -> Signal: BUY
2026-06-01 17:01:40 [INFO] STONKS - Decision Engine: Prob: 0.7096 -> Signal: BUY
2026-06-01 17:01:40 [INFO] STONKS - Decision Engine: Prob: 0.6381 -> Signal: HOLD
2026-06-01 17:01:40 [INFO] STONKS - Decision Engine: Prob: 0.6366 -> Signal: HOLD
2026-06-01 17:01:40 [INFO] STONKS - Decision Engine: Prob: 0.6366 -> Signal: HOLD
2026-06-01 17:01:40 [INFO] STONKS - Decision Engine: Prob: 0.6079 -> Signal: HOLD
2026-06-01 17:01:40 [INFO] STONKS - Decision Engine: Prob: 0.6647 -> Signal: BUY
2026-06-01 17:01:40 [INFO] STONKS - Decision Engine: Prob: 0.6114 -> Signal: HOLD
2026-06-01 17:01:40 [INFO] STONKS - Decision Engine: Prob: 0.6451 -> Signal: HOLD
2026-06-01 17:01:40 [INFO] STONKS - Decision Engine: Prob: 0.6405 -> Signal: HOLD
2026-06-01 17:01:40 [INFO] STONKS - Decision Engine: Prob: 0.5643 -> Signal: HOLD
2026-06-01 17:01:40 [INFO] STONKS - Decision Engine: Prob: 0.5924 -> Signal: HOLD
2026-06-01 17:01:40 [INFO] STONKS - Decision Engine: Prob: 0.6075 -> Signal: HOLD
2026-06-01 17:01:40 [INFO] STONKS - Decision Engine: Prob: 0.5456 -> Signal: HOLD
2026-06-01 17:01:40 [INFO] STONKS - Decision Engine: Prob: 0.5111 -> Signal: HOLD
2026-06-01 17:01:40 [INFO] STONKS - Decision Engine: Prob: 0.6208 -> Signal: HOLD
2026-06-01 17:01:40 [INFO] STONKS - Decision Engine: Prob: 0.5948 -> Signal: HOLD
2026-06-01 17:01:40 [INFO] STONKS - Decision Engine: Prob: 0.6023 -> Signal: HOLD
2026-06-01 17:01:40 [INFO] STONKS - Decision Engine: Prob: 0.5297 -> Signal: HOLD
2026-06-01 17:01:40 [INFO] STONKS - Decision Engine: Prob: 0.4751 -> Signal: HOLD
2026-06-01 17:01:40 [INFO] STONKS - Decision Engine: Prob: 0.4585 -> Signal: HOLD
2026-06-01 17:01:40 [INFO] STONKS - Decision Engine: Prob: 0.4435 -> Signal: HOLD
2026-06-01 17:01:40 [INFO] STONKS - Decision Engine: Prob: 0.5366 -> Signal: HOLD
2026-06-01 17:01:40 [INFO] STONKS - Decision Engine: Prob: 0.5459 -> Signal: HOLD
2026-06-01 17:01:40 [INFO] STONKS - Decision Engine: Prob: 0.5111 -> Signal: HOLD
2026-06-01 17:01:40 [INFO] STONKS - Decision Engine: Prob: 0.5141 -> Signal: HOLD
2026-06-01 17:01:40 [INFO] STONKS - Decision Engine: Prob: 0.5145 -> Signal: HOLD
2026-06-01 17:01:40 [INFO] STONKS - Decision Engine: Prob: 0.5507 -> Signal: HOLD
2026-06-01 17:01:40 [INFO] STONKS - Decision Engine: Prob: 0.3984 -> Signal: SELL
2026-06-01 17:01:40 [INFO] STONKS - Initiating walk-forward backtest (ensemble) for MSFT...
2026-06-01 17:01:40 [INFO] STONKS - Computing features for MSFT (no active cache found).
2026-06-01 17:01:40 [INFO] STONKS - Prepared training dataset for MSFT: Shape (451, 25)
2026-06-01 17:01:40 [INFO] STONKS - Training RandomForestModel: Samples=250, Features=25
2026-06-01 17:01:41 [INFO] STONKS - RandomForestModel training completed successfully.
2026-06-01 17:01:41 [INFO] STONKS - Registered model 'rf' in WeightedEnsemble.
2026-06-01 17:01:41 [INFO] STONKS - Registered model 'finbert' in WeightedEnsemble.
2026-06-01 17:01:41 [INFO] STONKS - Set ensemble weight for 'rf' to 1.0000
2026-06-01 17:01:41 [INFO] STONKS - Set ensemble weight for 'finbert' to 0.0000
2026-06-01 17:01:41 [INFO] STONKS - Training RandomForestModel: Samples=250, Features=25
2026-06-01 17:01:41 [INFO] STONKS - RandomForestModel training completed successfully.
2026-06-01 17:01:41 [INFO] STONKS - Registered model 'rf' in WeightedEnsemble.
2026-06-01 17:01:41 [INFO] STONKS - Registered model 'finbert' in WeightedEnsemble.
2026-06-01 17:01:41 [INFO] STONKS - Set ensemble weight for 'rf' to 1.0000
2026-06-01 17:01:41 [INFO] STONKS - Set ensemble weight for 'finbert' to 0.0000
2026-06-01 17:01:41 [INFO] STONKS - Training RandomForestModel: Samples=250, Features=25
2026-06-01 17:01:41 [INFO] STONKS - RandomForestModel training completed successfully.
2026-06-01 17:01:41 [INFO] STONKS - Registered model 'rf' in WeightedEnsemble.
2026-06-01 17:01:41 [INFO] STONKS - Registered model 'finbert' in WeightedEnsemble.
2026-06-01 17:01:41 [INFO] STONKS - Set ensemble weight for 'rf' to 1.0000
2026-06-01 17:01:41 [INFO] STONKS - Set ensemble weight for 'finbert' to 0.0000
2026-06-01 17:01:41 [INFO] STONKS - Training RandomForestModel: Samples=250, Features=25
2026-06-01 17:01:41 [INFO] STONKS - RandomForestModel training completed successfully.
2026-06-01 17:01:41 [INFO] STONKS - Registered model 'rf' in WeightedEnsemble.
2026-06-01 17:01:41 [INFO] STONKS - Registered model 'finbert' in WeightedEnsemble.
2026-06-01 17:01:41 [INFO] STONKS - Set ensemble weight for 'rf' to 1.0000
2026-06-01 17:01:41 [INFO] STONKS - Set ensemble weight for 'finbert' to 0.0000
2026-06-01 17:01:41 [INFO] STONKS - Training RandomForestModel: Samples=250, Features=25
2026-06-01 17:01:41 [INFO] STONKS - RandomForestModel training completed successfully.
2026-06-01 17:01:41 [INFO] STONKS - Registered model 'rf' in WeightedEnsemble.
2026-06-01 17:01:41 [INFO] STONKS - Registered model 'finbert' in WeightedEnsemble.
2026-06-01 17:01:41 [INFO] STONKS - Set ensemble weight for 'rf' to 1.0000
2026-06-01 17:01:41 [INFO] STONKS - Set ensemble weight for 'finbert' to 0.0000
2026-06-01 17:01:41 [INFO] STONKS - Decision Engine: Prob: 0.3417 -> Signal: SELL
2026-06-01 17:01:41 [INFO] STONKS - Decision Engine: Prob: 0.2981 -> Signal: SELL
2026-06-01 17:01:41 [INFO] STONKS - Decision Engine: Prob: 0.4512 -> Signal: HOLD
2026-06-01 17:01:41 [INFO] STONKS - Decision Engine: Prob: 0.3168 -> Signal: SELL
2026-06-01 17:01:41 [INFO] STONKS - Decision Engine: Prob: 0.4281 -> Signal: HOLD
2026-06-01 17:01:41 [INFO] STONKS - Decision Engine: Prob: 0.4167 -> Signal: HOLD
2026-06-01 17:01:41 [INFO] STONKS - Decision Engine: Prob: 0.5069 -> Signal: HOLD
2026-06-01 17:01:41 [INFO] STONKS - Decision Engine: Prob: 0.4899 -> Signal: HOLD
2026-06-01 17:01:41 [INFO] STONKS - Decision Engine: Prob: 0.3907 -> Signal: SELL
2026-06-01 17:01:41 [INFO] STONKS - Decision Engine: Prob: 0.4652 -> Signal: HOLD
2026-06-01 17:01:41 [INFO] STONKS - Decision Engine: Prob: 0.5009 -> Signal: HOLD
2026-06-01 17:01:41 [INFO] STONKS - Decision Engine: Prob: 0.4671 -> Signal: HOLD
2026-06-01 17:01:41 [INFO] STONKS - Decision Engine: Prob: 0.3265 -> Signal: SELL
2026-06-01 17:01:41 [INFO] STONKS - Decision Engine: Prob: 0.4343 -> Signal: HOLD
2026-06-01 17:01:41 [INFO] STONKS - Decision Engine: Prob: 0.5822 -> Signal: HOLD
2026-06-01 17:01:41 [INFO] STONKS - Decision Engine: Prob: 0.6464 -> Signal: HOLD
2026-06-01 17:01:41 [INFO] STONKS - Decision Engine: Prob: 0.5387 -> Signal: HOLD
2026-06-01 17:01:41 [INFO] STONKS - Decision Engine: Prob: 0.4085 -> Signal: HOLD
2026-06-01 17:01:41 [INFO] STONKS - Decision Engine: Prob: 0.6895 -> Signal: BUY
2026-06-01 17:01:41 [INFO] STONKS - Decision Engine: Prob: 0.4495 -> Signal: HOLD
2026-06-01 17:01:41 [INFO] STONKS - Decision Engine: Prob: 0.5201 -> Signal: HOLD
2026-06-01 17:01:41 [INFO] STONKS - Decision Engine: Prob: 0.4845 -> Signal: HOLD
2026-06-01 17:01:41 [INFO] STONKS - Decision Engine: Prob: 0.5045 -> Signal: HOLD
2026-06-01 17:01:41 [INFO] STONKS - Decision Engine: Prob: 0.4455 -> Signal: HOLD
2026-06-01 17:01:41 [INFO] STONKS - Decision Engine: Prob: 0.4242 -> Signal: HOLD
2026-06-01 17:01:41 [INFO] STONKS - Decision Engine: Prob: 0.6302 -> Signal: HOLD
2026-06-01 17:01:41 [INFO] STONKS - Decision Engine: Prob: 0.4657 -> Signal: HOLD
2026-06-01 17:01:41 [INFO] STONKS - Decision Engine: Prob: 0.5699 -> Signal: HOLD
2026-06-01 17:01:41 [INFO] STONKS - Decision Engine: Prob: 0.3675 -> Signal: SELL
2026-06-01 17:01:41 [INFO] STONKS - Decision Engine: Prob: 0.6047 -> Signal: HOLD
2026-06-01 17:01:41 [INFO] STONKS - Decision Engine: Prob: 0.6082 -> Signal: HOLD
2026-06-01 17:01:41 [INFO] STONKS - Decision Engine: Prob: 0.4682 -> Signal: HOLD
2026-06-01 17:01:41 [INFO] STONKS - Decision Engine: Prob: 0.5847 -> Signal: HOLD
2026-06-01 17:01:41 [INFO] STONKS - Decision Engine: Prob: 0.3698 -> Signal: SELL
2026-06-01 17:01:41 [INFO] STONKS - Decision Engine: Prob: 0.3814 -> Signal: SELL
2026-06-01 17:01:41 [INFO] STONKS - Decision Engine: Prob: 0.3448 -> Signal: SELL
2026-06-01 17:01:41 [INFO] STONKS - Decision Engine: Prob: 0.4152 -> Signal: HOLD
2026-06-01 17:01:41 [INFO] STONKS - Decision Engine: Prob: 0.5609 -> Signal: HOLD
2026-06-01 17:01:41 [INFO] STONKS - Decision Engine: Prob: 0.4876 -> Signal: HOLD
2026-06-01 17:01:41 [INFO] STONKS - Decision Engine: Prob: 0.3997 -> Signal: SELL
2026-06-01 17:01:41 [INFO] STONKS - Decision Engine: Prob: 0.5997 -> Signal: HOLD
2026-06-01 17:01:41 [INFO] STONKS - Decision Engine: Prob: 0.4876 -> Signal: HOLD
2026-06-01 17:01:41 [INFO] STONKS - Decision Engine: Prob: 0.5252 -> Signal: HOLD
2026-06-01 17:01:41 [INFO] STONKS - Decision Engine: Prob: 0.5396 -> Signal: HOLD
2026-06-01 17:01:41 [INFO] STONKS - Decision Engine: Prob: 0.3732 -> Signal: SELL
2026-06-01 17:01:41 [INFO] STONKS - Decision Engine: Prob: 0.3973 -> Signal: SELL
2026-06-01 17:01:41 [INFO] STONKS - Decision Engine: Prob: 0.3926 -> Signal: SELL
2026-06-01 17:01:41 [INFO] STONKS - Decision Engine: Prob: 0.4980 -> Signal: HOLD
2026-06-01 17:01:41 [INFO] STONKS - Decision Engine: Prob: 0.3796 -> Signal: SELL
2026-06-01 17:01:41 [INFO] STONKS - Decision Engine: Prob: 0.3471 -> Signal: SELL
2026-06-01 17:01:41 [INFO] STONKS - Decision Engine: Prob: 0.6827 -> Signal: BUY
2026-06-01 17:01:41 [INFO] STONKS - Decision Engine: Prob: 0.4729 -> Signal: HOLD
2026-06-01 17:01:41 [INFO] STONKS - Decision Engine: Prob: 0.5858 -> Signal: HOLD
2026-06-01 17:01:41 [INFO] STONKS - Decision Engine: Prob: 0.5106 -> Signal: HOLD
2026-06-01 17:01:41 [INFO] STONKS - Decision Engine: Prob: 0.3474 -> Signal: SELL
2026-06-01 17:01:41 [INFO] STONKS - Decision Engine: Prob: 0.2180 -> Signal: SELL
2026-06-01 17:01:41 [INFO] STONKS - Decision Engine: Prob: 0.2499 -> Signal: SELL
2026-06-01 17:01:41 [INFO] STONKS - Decision Engine: Prob: 0.4504 -> Signal: HOLD
2026-06-01 17:01:41 [INFO] STONKS - Decision Engine: Prob: 0.4144 -> Signal: HOLD
2026-06-01 17:01:41 [INFO] STONKS - Decision Engine: Prob: 0.3641 -> Signal: SELL
2026-06-01 17:01:41 [INFO] STONKS - Decision Engine: Prob: 0.3879 -> Signal: SELL
2026-06-01 17:01:41 [INFO] STONKS - Decision Engine: Prob: 0.4560 -> Signal: HOLD
2026-06-01 17:01:41 [INFO] STONKS - Decision Engine: Prob: 0.5259 -> Signal: HOLD
2026-06-01 17:01:41 [INFO] STONKS - Decision Engine: Prob: 0.5185 -> Signal: HOLD
2026-06-01 17:01:41 [INFO] STONKS - Decision Engine: Prob: 0.5413 -> Signal: HOLD
2026-06-01 17:01:41 [INFO] STONKS - Decision Engine: Prob: 0.5299 -> Signal: HOLD
2026-06-01 17:01:41 [INFO] STONKS - Decision Engine: Prob: 0.5275 -> Signal: HOLD
2026-06-01 17:01:41 [INFO] STONKS - Decision Engine: Prob: 0.5770 -> Signal: HOLD
2026-06-01 17:01:41 [INFO] STONKS - Decision Engine: Prob: 0.5251 -> Signal: HOLD
2026-06-01 17:01:41 [INFO] STONKS - Decision Engine: Prob: 0.5946 -> Signal: HOLD
2026-06-01 17:01:41 [INFO] STONKS - Decision Engine: Prob: 0.6943 -> Signal: BUY
2026-06-01 17:01:41 [INFO] STONKS - Decision Engine: Prob: 0.7335 -> Signal: BUY
2026-06-01 17:01:41 [INFO] STONKS - Decision Engine: Prob: 0.7276 -> Signal: BUY
2026-06-01 17:01:41 [INFO] STONKS - Decision Engine: Prob: 0.6982 -> Signal: BUY
2026-06-01 17:01:41 [INFO] STONKS - Decision Engine: Prob: 0.6298 -> Signal: HOLD
2026-06-01 17:01:41 [INFO] STONKS - Decision Engine: Prob: 0.4553 -> Signal: HOLD
2026-06-01 17:01:41 [INFO] STONKS - Decision Engine: Prob: 0.3970 -> Signal: SELL
2026-06-01 17:01:41 [INFO] STONKS - Decision Engine: Prob: 0.3853 -> Signal: SELL
2026-06-01 17:01:41 [INFO] STONKS - Decision Engine: Prob: 0.5539 -> Signal: HOLD
2026-06-01 17:01:41 [INFO] STONKS - Decision Engine: Prob: 0.4073 -> Signal: HOLD
2026-06-01 17:01:41 [INFO] STONKS - Decision Engine: Prob: 0.6717 -> Signal: BUY
2026-06-01 17:01:41 [INFO] STONKS - Decision Engine: Prob: 0.4964 -> Signal: HOLD
2026-06-01 17:01:41 [INFO] STONKS - Decision Engine: Prob: 0.5213 -> Signal: HOLD
2026-06-01 17:01:41 [INFO] STONKS - Decision Engine: Prob: 0.4011 -> Signal: HOLD
2026-06-01 17:01:41 [INFO] STONKS - Decision Engine: Prob: 0.5032 -> Signal: HOLD
2026-06-01 17:01:41 [INFO] STONKS - Decision Engine: Prob: 0.5889 -> Signal: HOLD
2026-06-01 17:01:41 [INFO] STONKS - Decision Engine: Prob: 0.3669 -> Signal: SELL
2026-06-01 17:01:41 [INFO] STONKS - Decision Engine: Prob: 0.5384 -> Signal: HOLD
2026-06-01 17:01:41 [INFO] STONKS - Decision Engine: Prob: 0.5873 -> Signal: HOLD
2026-06-01 17:01:41 [INFO] STONKS - Decision Engine: Prob: 0.4579 -> Signal: HOLD
2026-06-01 17:01:41 [INFO] STONKS - Decision Engine: Prob: 0.4651 -> Signal: HOLD
2026-06-01 17:01:41 [INFO] STONKS - Decision Engine: Prob: 0.3602 -> Signal: SELL
2026-06-01 17:01:41 [INFO] STONKS - Decision Engine: Prob: 0.3824 -> Signal: SELL
2026-06-01 17:01:41 [INFO] STONKS - Decision Engine: Prob: 0.4779 -> Signal: HOLD
2026-06-01 17:01:41 [INFO] STONKS - Decision Engine: Prob: 0.3770 -> Signal: SELL
2026-06-01 17:01:41 [INFO] STONKS - Decision Engine: Prob: 0.4595 -> Signal: HOLD
2026-06-01 17:01:41 [INFO] STONKS - Decision Engine: Prob: 0.5497 -> Signal: HOLD
2026-06-01 17:01:41 [INFO] STONKS - Decision Engine: Prob: 0.5878 -> Signal: HOLD
2026-06-01 17:01:41 [INFO] STONKS - Decision Engine: Prob: 0.5569 -> Signal: HOLD
2026-06-01 17:01:41 [INFO] STONKS - Decision Engine: Prob: 0.5938 -> Signal: HOLD
2026-06-01 17:01:41 [INFO] STONKS - Decision Engine: Prob: 0.6346 -> Signal: HOLD
2026-06-01 17:01:41 [INFO] STONKS - Decision Engine: Prob: 0.5477 -> Signal: HOLD
2026-06-01 17:01:41 [INFO] STONKS - Decision Engine: Prob: 0.4987 -> Signal: HOLD
2026-06-01 17:01:41 [INFO] STONKS - Decision Engine: Prob: 0.4260 -> Signal: HOLD
2026-06-01 17:01:41 [INFO] STONKS - Decision Engine: Prob: 0.5553 -> Signal: HOLD
2026-06-01 17:01:41 [INFO] STONKS - Decision Engine: Prob: 0.6208 -> Signal: HOLD
2026-06-01 17:01:41 [INFO] STONKS - Decision Engine: Prob: 0.7075 -> Signal: BUY
2026-06-01 17:01:41 [INFO] STONKS - Decision Engine: Prob: 0.7542 -> Signal: BUY
2026-06-01 17:01:41 [INFO] STONKS - Decision Engine: Prob: 0.7516 -> Signal: BUY
2026-06-01 17:01:41 [INFO] STONKS - Decision Engine: Prob: 0.7350 -> Signal: BUY
2026-06-01 17:01:41 [INFO] STONKS - Decision Engine: Prob: 0.6265 -> Signal: HOLD
2026-06-01 17:01:41 [INFO] STONKS - Decision Engine: Prob: 0.7358 -> Signal: BUY
2026-06-01 17:01:41 [INFO] STONKS - Decision Engine: Prob: 0.8024 -> Signal: BUY
2026-06-01 17:01:41 [INFO] STONKS - Decision Engine: Prob: 0.6946 -> Signal: BUY
2026-06-01 17:01:41 [INFO] STONKS - Decision Engine: Prob: 0.4557 -> Signal: HOLD
2026-06-01 17:01:41 [INFO] STONKS - Decision Engine: Prob: 0.4395 -> Signal: HOLD
2026-06-01 17:01:41 [INFO] STONKS - Decision Engine: Prob: 0.3567 -> Signal: SELL
2026-06-01 17:01:41 [INFO] STONKS - Decision Engine: Prob: 0.4848 -> Signal: HOLD
2026-06-01 17:01:41 [INFO] STONKS - Decision Engine: Prob: 0.6361 -> Signal: HOLD
2026-06-01 17:01:41 [INFO] STONKS - Decision Engine: Prob: 0.6933 -> Signal: BUY
2026-06-01 17:01:41 [INFO] STONKS - Decision Engine: Prob: 0.7166 -> Signal: BUY
2026-06-01 17:01:41 [INFO] STONKS - Decision Engine: Prob: 0.7147 -> Signal: BUY
2026-06-01 17:01:41 [INFO] STONKS - Decision Engine: Prob: 0.6299 -> Signal: HOLD
2026-06-01 17:01:41 [INFO] STONKS - Decision Engine: Prob: 0.6805 -> Signal: BUY
2026-06-01 17:01:41 [INFO] STONKS - Decision Engine: Prob: 0.6362 -> Signal: HOLD
2026-06-01 17:01:41 [INFO] STONKS - Decision Engine: Prob: 0.5849 -> Signal: HOLD
2026-06-01 17:01:41 [INFO] STONKS - Decision Engine: Prob: 0.5730 -> Signal: HOLD
2026-06-01 17:01:41 [INFO] STONKS - Decision Engine: Prob: 0.6488 -> Signal: HOLD
2026-06-01 17:01:41 [INFO] STONKS - Decision Engine: Prob: 0.6667 -> Signal: BUY
2026-06-01 17:01:41 [INFO] STONKS - Decision Engine: Prob: 0.6034 -> Signal: HOLD
2026-06-01 17:01:41 [INFO] STONKS - Decision Engine: Prob: 0.6512 -> Signal: BUY
2026-06-01 17:01:41 [INFO] STONKS - Decision Engine: Prob: 0.5608 -> Signal: HOLD
2026-06-01 17:01:41 [INFO] STONKS - Decision Engine: Prob: 0.5956 -> Signal: HOLD
2026-06-01 17:01:41 [INFO] STONKS - Decision Engine: Prob: 0.6071 -> Signal: HOLD
2026-06-01 17:01:41 [INFO] STONKS - Decision Engine: Prob: 0.6369 -> Signal: HOLD
2026-06-01 17:01:41 [INFO] STONKS - Decision Engine: Prob: 0.5432 -> Signal: HOLD
2026-06-01 17:01:41 [INFO] STONKS - Decision Engine: Prob: 0.5117 -> Signal: HOLD
2026-06-01 17:01:41 [INFO] STONKS - Decision Engine: Prob: 0.4914 -> Signal: HOLD
2026-06-01 17:01:41 [INFO] STONKS - Decision Engine: Prob: 0.6906 -> Signal: BUY
2026-06-01 17:01:41 [INFO] STONKS - Decision Engine: Prob: 0.4541 -> Signal: HOLD
2026-06-01 17:01:41 [INFO] STONKS - Decision Engine: Prob: 0.3938 -> Signal: SELL
2026-06-01 17:01:41 [INFO] STONKS - Decision Engine: Prob: 0.4305 -> Signal: HOLD
2026-06-01 17:01:41 [INFO] STONKS - Decision Engine: Prob: 0.3077 -> Signal: SELL
2026-06-01 17:01:41 [INFO] STONKS - Decision Engine: Prob: 0.5143 -> Signal: HOLD
2026-06-01 17:01:41 [INFO] STONKS - Decision Engine: Prob: 0.3935 -> Signal: SELL
2026-06-01 17:01:41 [INFO] STONKS - Decision Engine: Prob: 0.5408 -> Signal: HOLD
2026-06-01 17:01:41 [INFO] STONKS - Decision Engine: Prob: 0.5052 -> Signal: HOLD
2026-06-01 17:01:41 [INFO] STONKS - Decision Engine: Prob: 0.5513 -> Signal: HOLD
2026-06-01 17:01:41 [INFO] STONKS - Decision Engine: Prob: 0.6357 -> Signal: HOLD
2026-06-01 17:01:41 [INFO] STONKS - Decision Engine: Prob: 0.3550 -> Signal: SELL
2026-06-01 17:01:41 [INFO] STONKS - Decision Engine: Prob: 0.3938 -> Signal: SELL
2026-06-01 17:01:41 [INFO] STONKS - Decision Engine: Prob: 0.4646 -> Signal: HOLD
2026-06-01 17:01:41 [INFO] STONKS - Decision Engine: Prob: 0.5191 -> Signal: HOLD
2026-06-01 17:01:41 [INFO] STONKS - Decision Engine: Prob: 0.5588 -> Signal: HOLD
2026-06-01 17:01:41 [INFO] STONKS - Decision Engine: Prob: 0.5985 -> Signal: HOLD
2026-06-01 17:01:41 [INFO] STONKS - Decision Engine: Prob: 0.7386 -> Signal: BUY
2026-06-01 17:01:41 [INFO] STONKS - Decision Engine: Prob: 0.6641 -> Signal: BUY
2026-06-01 17:01:41 [INFO] STONKS - Decision Engine: Prob: 0.6824 -> Signal: BUY
2026-06-01 17:01:41 [INFO] STONKS - Decision Engine: Prob: 0.7227 -> Signal: BUY
2026-06-01 17:01:41 [INFO] STONKS - Decision Engine: Prob: 0.6965 -> Signal: BUY
2026-06-01 17:01:41 [INFO] STONKS - Decision Engine: Prob: 0.6611 -> Signal: BUY
2026-06-01 17:01:41 [INFO] STONKS - Decision Engine: Prob: 0.6595 -> Signal: BUY
2026-06-01 17:01:41 [INFO] STONKS - Decision Engine: Prob: 0.6300 -> Signal: HOLD
2026-06-01 17:01:41 [INFO] STONKS - Decision Engine: Prob: 0.6105 -> Signal: HOLD
2026-06-01 17:01:41 [INFO] STONKS - Decision Engine: Prob: 0.6053 -> Signal: HOLD
2026-06-01 17:01:41 [INFO] STONKS - Decision Engine: Prob: 0.6057 -> Signal: HOLD
2026-06-01 17:01:41 [INFO] STONKS - Decision Engine: Prob: 0.6312 -> Signal: HOLD
2026-06-01 17:01:41 [INFO] STONKS - Decision Engine: Prob: 0.6254 -> Signal: HOLD
2026-06-01 17:01:41 [INFO] STONKS - Decision Engine: Prob: 0.5714 -> Signal: HOLD
2026-06-01 17:01:41 [INFO] STONKS - Decision Engine: Prob: 0.5037 -> Signal: HOLD
2026-06-01 17:01:41 [INFO] STONKS - Decision Engine: Prob: 0.6000 -> Signal: HOLD
2026-06-01 17:01:41 [INFO] STONKS - Decision Engine: Prob: 0.6234 -> Signal: HOLD
2026-06-01 17:01:41 [INFO] STONKS - Decision Engine: Prob: 0.6803 -> Signal: BUY
2026-06-01 17:01:41 [INFO] STONKS - Decision Engine: Prob: 0.7096 -> Signal: BUY
2026-06-01 17:01:41 [INFO] STONKS - Decision Engine: Prob: 0.6381 -> Signal: HOLD
2026-06-01 17:01:41 [INFO] STONKS - Decision Engine: Prob: 0.6366 -> Signal: HOLD
2026-06-01 17:01:41 [INFO] STONKS - Decision Engine: Prob: 0.6366 -> Signal: HOLD
2026-06-01 17:01:41 [INFO] STONKS - Decision Engine: Prob: 0.6079 -> Signal: HOLD
2026-06-01 17:01:41 [INFO] STONKS - Decision Engine: Prob: 0.6647 -> Signal: BUY
2026-06-01 17:01:41 [INFO] STONKS - Decision Engine: Prob: 0.6114 -> Signal: HOLD
2026-06-01 17:01:41 [INFO] STONKS - Decision Engine: Prob: 0.6451 -> Signal: HOLD
2026-06-01 17:01:41 [INFO] STONKS - Decision Engine: Prob: 0.6405 -> Signal: HOLD
2026-06-01 17:01:41 [INFO] STONKS - Decision Engine: Prob: 0.5643 -> Signal: HOLD
2026-06-01 17:01:41 [INFO] STONKS - Decision Engine: Prob: 0.5924 -> Signal: HOLD
2026-06-01 17:01:41 [INFO] STONKS - Decision Engine: Prob: 0.6075 -> Signal: HOLD
2026-06-01 17:01:41 [INFO] STONKS - Decision Engine: Prob: 0.5456 -> Signal: HOLD
2026-06-01 17:01:41 [INFO] STONKS - Decision Engine: Prob: 0.5111 -> Signal: HOLD
2026-06-01 17:01:41 [INFO] STONKS - Decision Engine: Prob: 0.6208 -> Signal: HOLD
2026-06-01 17:01:41 [INFO] STONKS - Decision Engine: Prob: 0.5948 -> Signal: HOLD
2026-06-01 17:01:41 [INFO] STONKS - Decision Engine: Prob: 0.6023 -> Signal: HOLD
2026-06-01 17:01:41 [INFO] STONKS - Decision Engine: Prob: 0.5297 -> Signal: HOLD
2026-06-01 17:01:41 [INFO] STONKS - Decision Engine: Prob: 0.4751 -> Signal: HOLD
2026-06-01 17:01:41 [INFO] STONKS - Decision Engine: Prob: 0.4585 -> Signal: HOLD
2026-06-01 17:01:41 [INFO] STONKS - Decision Engine: Prob: 0.4435 -> Signal: HOLD
2026-06-01 17:01:41 [INFO] STONKS - Decision Engine: Prob: 0.5366 -> Signal: HOLD
2026-06-01 17:01:41 [INFO] STONKS - Decision Engine: Prob: 0.5459 -> Signal: HOLD
2026-06-01 17:01:41 [INFO] STONKS - Decision Engine: Prob: 0.5111 -> Signal: HOLD
2026-06-01 17:01:41 [INFO] STONKS - Decision Engine: Prob: 0.5141 -> Signal: HOLD
2026-06-01 17:01:41 [INFO] STONKS - Decision Engine: Prob: 0.5145 -> Signal: HOLD
2026-06-01 17:01:41 [INFO] STONKS - Decision Engine: Prob: 0.5507 -> Signal: HOLD
2026-06-01 17:01:41 [INFO] STONKS - Decision Engine: Prob: 0.3984 -> Signal: SELL
2026-06-01 17:01:41 [INFO] STONKS - Cache hit: Loading data for GOOGL (2y, 1d) from E:\Projects\StonksV2\cache\GOOGL_2y_1d.csv
2026-06-01 17:01:41 [INFO] STONKS - Initiating walk-forward backtest (rf) for GOOGL...
2026-06-01 17:01:41 [INFO] STONKS - Computing features for GOOGL (no active cache found).
2026-06-01 17:01:41 [INFO] STONKS - Prepared training dataset for GOOGL: Shape (451, 25)
2026-06-01 17:01:41 [INFO] STONKS - Training RandomForestModel: Samples=250, Features=25
2026-06-01 17:01:41 [INFO] STONKS - RandomForestModel training completed successfully.
2026-06-01 17:01:41 [INFO] STONKS - Training RandomForestModel: Samples=250, Features=25
2026-06-01 17:01:41 [INFO] STONKS - RandomForestModel training completed successfully.
2026-06-01 17:01:41 [INFO] STONKS - Training RandomForestModel: Samples=250, Features=25
2026-06-01 17:01:41 [INFO] STONKS - RandomForestModel training completed successfully.
2026-06-01 17:01:41 [INFO] STONKS - Training RandomForestModel: Samples=250, Features=25
2026-06-01 17:01:42 [INFO] STONKS - RandomForestModel training completed successfully.
2026-06-01 17:01:42 [INFO] STONKS - Training RandomForestModel: Samples=250, Features=25
2026-06-01 17:01:42 [INFO] STONKS - RandomForestModel training completed successfully.
2026-06-01 17:01:42 [INFO] STONKS - Decision Engine: Prob: 0.4333 -> Signal: HOLD
2026-06-01 17:01:42 [INFO] STONKS - Decision Engine: Prob: 0.2467 -> Signal: SELL
2026-06-01 17:01:42 [INFO] STONKS - Decision Engine: Prob: 0.4109 -> Signal: HOLD
2026-06-01 17:01:42 [INFO] STONKS - Decision Engine: Prob: 0.3033 -> Signal: SELL
2026-06-01 17:01:42 [INFO] STONKS - Decision Engine: Prob: 0.3698 -> Signal: SELL
2026-06-01 17:01:42 [INFO] STONKS - Decision Engine: Prob: 0.4509 -> Signal: HOLD
2026-06-01 17:01:42 [INFO] STONKS - Decision Engine: Prob: 0.4792 -> Signal: HOLD
2026-06-01 17:01:42 [INFO] STONKS - Decision Engine: Prob: 0.5264 -> Signal: HOLD
2026-06-01 17:01:42 [INFO] STONKS - Decision Engine: Prob: 0.4255 -> Signal: HOLD
2026-06-01 17:01:42 [INFO] STONKS - Decision Engine: Prob: 0.2911 -> Signal: SELL
2026-06-01 17:01:42 [INFO] STONKS - Decision Engine: Prob: 0.3260 -> Signal: SELL
2026-06-01 17:01:42 [INFO] STONKS - Decision Engine: Prob: 0.3708 -> Signal: SELL
2026-06-01 17:01:42 [INFO] STONKS - Decision Engine: Prob: 0.3183 -> Signal: SELL
2026-06-01 17:01:42 [INFO] STONKS - Decision Engine: Prob: 0.3032 -> Signal: SELL
2026-06-01 17:01:42 [INFO] STONKS - Decision Engine: Prob: 0.2194 -> Signal: SELL
2026-06-01 17:01:42 [INFO] STONKS - Decision Engine: Prob: 0.3500 -> Signal: SELL
2026-06-01 17:01:42 [INFO] STONKS - Decision Engine: Prob: 0.2714 -> Signal: SELL
2026-06-01 17:01:42 [INFO] STONKS - Decision Engine: Prob: 0.2684 -> Signal: SELL
2026-06-01 17:01:42 [INFO] STONKS - Decision Engine: Prob: 0.2616 -> Signal: SELL
2026-06-01 17:01:42 [INFO] STONKS - Decision Engine: Prob: 0.2566 -> Signal: SELL
2026-06-01 17:01:42 [INFO] STONKS - Decision Engine: Prob: 0.2716 -> Signal: SELL
2026-06-01 17:01:42 [INFO] STONKS - Decision Engine: Prob: 0.2292 -> Signal: SELL
2026-06-01 17:01:42 [INFO] STONKS - Decision Engine: Prob: 0.2392 -> Signal: SELL
2026-06-01 17:01:42 [INFO] STONKS - Decision Engine: Prob: 0.2292 -> Signal: SELL
2026-06-01 17:01:42 [INFO] STONKS - Decision Engine: Prob: 0.2434 -> Signal: SELL
2026-06-01 17:01:42 [INFO] STONKS - Decision Engine: Prob: 0.2310 -> Signal: SELL
2026-06-01 17:01:42 [INFO] STONKS - Decision Engine: Prob: 0.2590 -> Signal: SELL
2026-06-01 17:01:42 [INFO] STONKS - Decision Engine: Prob: 0.2360 -> Signal: SELL
2026-06-01 17:01:42 [INFO] STONKS - Decision Engine: Prob: 0.2434 -> Signal: SELL
2026-06-01 17:01:42 [INFO] STONKS - Decision Engine: Prob: 0.3270 -> Signal: SELL
2026-06-01 17:01:42 [INFO] STONKS - Decision Engine: Prob: 0.2534 -> Signal: SELL
2026-06-01 17:01:42 [INFO] STONKS - Decision Engine: Prob: 0.4050 -> Signal: HOLD
2026-06-01 17:01:42 [INFO] STONKS - Decision Engine: Prob: 0.3614 -> Signal: SELL
2026-06-01 17:01:42 [INFO] STONKS - Decision Engine: Prob: 0.3634 -> Signal: SELL
2026-06-01 17:01:42 [INFO] STONKS - Decision Engine: Prob: 0.4625 -> Signal: HOLD
2026-06-01 17:01:42 [INFO] STONKS - Decision Engine: Prob: 0.3814 -> Signal: SELL
2026-06-01 17:01:42 [INFO] STONKS - Decision Engine: Prob: 0.3770 -> Signal: SELL
2026-06-01 17:01:42 [INFO] STONKS - Decision Engine: Prob: 0.3553 -> Signal: SELL
2026-06-01 17:01:42 [INFO] STONKS - Decision Engine: Prob: 0.3599 -> Signal: SELL
2026-06-01 17:01:42 [INFO] STONKS - Decision Engine: Prob: 0.3422 -> Signal: SELL
2026-06-01 17:01:42 [INFO] STONKS - Decision Engine: Prob: 0.4138 -> Signal: HOLD
2026-06-01 17:01:42 [INFO] STONKS - Decision Engine: Prob: 0.3566 -> Signal: SELL
2026-06-01 17:01:42 [INFO] STONKS - Decision Engine: Prob: 0.4019 -> Signal: HOLD
2026-06-01 17:01:42 [INFO] STONKS - Decision Engine: Prob: 0.4152 -> Signal: HOLD
2026-06-01 17:01:42 [INFO] STONKS - Decision Engine: Prob: 0.3966 -> Signal: SELL
2026-06-01 17:01:42 [INFO] STONKS - Decision Engine: Prob: 0.3636 -> Signal: SELL
2026-06-01 17:01:42 [INFO] STONKS - Decision Engine: Prob: 0.3564 -> Signal: SELL
2026-06-01 17:01:42 [INFO] STONKS - Decision Engine: Prob: 0.3469 -> Signal: SELL
2026-06-01 17:01:42 [INFO] STONKS - Decision Engine: Prob: 0.3191 -> Signal: SELL
2026-06-01 17:01:42 [INFO] STONKS - Decision Engine: Prob: 0.3039 -> Signal: SELL
2026-06-01 17:01:42 [INFO] STONKS - Decision Engine: Prob: 0.6173 -> Signal: HOLD
2026-06-01 17:01:42 [INFO] STONKS - Decision Engine: Prob: 0.5069 -> Signal: HOLD
2026-06-01 17:01:42 [INFO] STONKS - Decision Engine: Prob: 0.4867 -> Signal: HOLD
2026-06-01 17:01:42 [INFO] STONKS - Decision Engine: Prob: 0.4291 -> Signal: HOLD
2026-06-01 17:01:42 [INFO] STONKS - Decision Engine: Prob: 0.3424 -> Signal: SELL
2026-06-01 17:01:42 [INFO] STONKS - Decision Engine: Prob: 0.3997 -> Signal: SELL
2026-06-01 17:01:42 [INFO] STONKS - Decision Engine: Prob: 0.3164 -> Signal: SELL
2026-06-01 17:01:42 [INFO] STONKS - Decision Engine: Prob: 0.2929 -> Signal: SELL
2026-06-01 17:01:42 [INFO] STONKS - Decision Engine: Prob: 0.3565 -> Signal: SELL
2026-06-01 17:01:42 [INFO] STONKS - Decision Engine: Prob: 0.3477 -> Signal: SELL
2026-06-01 17:01:42 [INFO] STONKS - Decision Engine: Prob: 0.3333 -> Signal: SELL
2026-06-01 17:01:42 [INFO] STONKS - Decision Engine: Prob: 0.3190 -> Signal: SELL
2026-06-01 17:01:42 [INFO] STONKS - Decision Engine: Prob: 0.4050 -> Signal: HOLD
2026-06-01 17:01:42 [INFO] STONKS - Decision Engine: Prob: 0.3978 -> Signal: SELL
2026-06-01 17:01:42 [INFO] STONKS - Decision Engine: Prob: 0.3507 -> Signal: SELL
2026-06-01 17:01:42 [INFO] STONKS - Decision Engine: Prob: 0.3837 -> Signal: SELL
2026-06-01 17:01:42 [INFO] STONKS - Decision Engine: Prob: 0.3472 -> Signal: SELL
2026-06-01 17:01:42 [INFO] STONKS - Decision Engine: Prob: 0.3887 -> Signal: SELL
2026-06-01 17:01:42 [INFO] STONKS - Decision Engine: Prob: 0.3946 -> Signal: SELL
2026-06-01 17:01:42 [INFO] STONKS - Decision Engine: Prob: 0.3448 -> Signal: SELL
2026-06-01 17:01:42 [INFO] STONKS - Decision Engine: Prob: 0.3595 -> Signal: SELL
2026-06-01 17:01:42 [INFO] STONKS - Decision Engine: Prob: 0.3523 -> Signal: SELL
2026-06-01 17:01:42 [INFO] STONKS - Decision Engine: Prob: 0.3641 -> Signal: SELL
2026-06-01 17:01:42 [INFO] STONKS - Decision Engine: Prob: 0.3393 -> Signal: SELL
2026-06-01 17:01:42 [INFO] STONKS - Decision Engine: Prob: 0.3234 -> Signal: SELL
2026-06-01 17:01:42 [INFO] STONKS - Decision Engine: Prob: 0.3047 -> Signal: SELL
2026-06-01 17:01:42 [INFO] STONKS - Decision Engine: Prob: 0.3673 -> Signal: SELL
2026-06-01 17:01:42 [INFO] STONKS - Decision Engine: Prob: 0.3642 -> Signal: SELL
2026-06-01 17:01:42 [INFO] STONKS - Decision Engine: Prob: 0.3444 -> Signal: SELL
2026-06-01 17:01:42 [INFO] STONKS - Decision Engine: Prob: 0.4102 -> Signal: HOLD
2026-06-01 17:01:42 [INFO] STONKS - Decision Engine: Prob: 0.3250 -> Signal: SELL
2026-06-01 17:01:42 [INFO] STONKS - Decision Engine: Prob: 0.3648 -> Signal: SELL
2026-06-01 17:01:42 [INFO] STONKS - Decision Engine: Prob: 0.3415 -> Signal: SELL
2026-06-01 17:01:42 [INFO] STONKS - Decision Engine: Prob: 0.3293 -> Signal: SELL
2026-06-01 17:01:42 [INFO] STONKS - Decision Engine: Prob: 0.3473 -> Signal: SELL
2026-06-01 17:01:42 [INFO] STONKS - Decision Engine: Prob: 0.3659 -> Signal: SELL
2026-06-01 17:01:42 [INFO] STONKS - Decision Engine: Prob: 0.3953 -> Signal: SELL
2026-06-01 17:01:42 [INFO] STONKS - Decision Engine: Prob: 0.3769 -> Signal: SELL
2026-06-01 17:01:42 [INFO] STONKS - Decision Engine: Prob: 0.3711 -> Signal: SELL
2026-06-01 17:01:42 [INFO] STONKS - Decision Engine: Prob: 0.4023 -> Signal: HOLD
2026-06-01 17:01:42 [INFO] STONKS - Decision Engine: Prob: 0.4550 -> Signal: HOLD
2026-06-01 17:01:42 [INFO] STONKS - Decision Engine: Prob: 0.4077 -> Signal: HOLD
2026-06-01 17:01:42 [INFO] STONKS - Decision Engine: Prob: 0.4203 -> Signal: HOLD
2026-06-01 17:01:42 [INFO] STONKS - Decision Engine: Prob: 0.4354 -> Signal: HOLD
2026-06-01 17:01:42 [INFO] STONKS - Decision Engine: Prob: 0.5008 -> Signal: HOLD
2026-06-01 17:01:42 [INFO] STONKS - Decision Engine: Prob: 0.4826 -> Signal: HOLD
2026-06-01 17:01:42 [INFO] STONKS - Decision Engine: Prob: 0.5302 -> Signal: HOLD
2026-06-01 17:01:42 [INFO] STONKS - Decision Engine: Prob: 0.5400 -> Signal: HOLD
2026-06-01 17:01:42 [INFO] STONKS - Decision Engine: Prob: 0.5176 -> Signal: HOLD
2026-06-01 17:01:42 [INFO] STONKS - Decision Engine: Prob: 0.5721 -> Signal: HOLD
2026-06-01 17:01:42 [INFO] STONKS - Decision Engine: Prob: 0.6710 -> Signal: BUY
2026-06-01 17:01:42 [INFO] STONKS - Decision Engine: Prob: 0.5876 -> Signal: HOLD
2026-06-01 17:01:42 [INFO] STONKS - Decision Engine: Prob: 0.6741 -> Signal: BUY
2026-06-01 17:01:42 [INFO] STONKS - Decision Engine: Prob: 0.5774 -> Signal: HOLD
2026-06-01 17:01:42 [INFO] STONKS - Decision Engine: Prob: 0.5835 -> Signal: HOLD
2026-06-01 17:01:42 [INFO] STONKS - Decision Engine: Prob: 0.5175 -> Signal: HOLD
2026-06-01 17:01:42 [INFO] STONKS - Decision Engine: Prob: 0.5198 -> Signal: HOLD
2026-06-01 17:01:42 [INFO] STONKS - Decision Engine: Prob: 0.4552 -> Signal: HOLD
2026-06-01 17:01:42 [INFO] STONKS - Decision Engine: Prob: 0.5008 -> Signal: HOLD
2026-06-01 17:01:42 [INFO] STONKS - Decision Engine: Prob: 0.4433 -> Signal: HOLD
2026-06-01 17:01:42 [INFO] STONKS - Decision Engine: Prob: 0.4709 -> Signal: HOLD
2026-06-01 17:01:42 [INFO] STONKS - Decision Engine: Prob: 0.4976 -> Signal: HOLD
2026-06-01 17:01:42 [INFO] STONKS - Decision Engine: Prob: 0.4691 -> Signal: HOLD
2026-06-01 17:01:42 [INFO] STONKS - Decision Engine: Prob: 0.4737 -> Signal: HOLD
2026-06-01 17:01:42 [INFO] STONKS - Decision Engine: Prob: 0.4891 -> Signal: HOLD
2026-06-01 17:01:42 [INFO] STONKS - Decision Engine: Prob: 0.4505 -> Signal: HOLD
2026-06-01 17:01:42 [INFO] STONKS - Decision Engine: Prob: 0.5006 -> Signal: HOLD
2026-06-01 17:01:42 [INFO] STONKS - Decision Engine: Prob: 0.4441 -> Signal: HOLD
2026-06-01 17:01:42 [INFO] STONKS - Decision Engine: Prob: 0.4184 -> Signal: HOLD
2026-06-01 17:01:42 [INFO] STONKS - Decision Engine: Prob: 0.4582 -> Signal: HOLD
2026-06-01 17:01:42 [INFO] STONKS - Decision Engine: Prob: 0.4370 -> Signal: HOLD
2026-06-01 17:01:42 [INFO] STONKS - Decision Engine: Prob: 0.4804 -> Signal: HOLD
2026-06-01 17:01:42 [INFO] STONKS - Decision Engine: Prob: 0.5185 -> Signal: HOLD
2026-06-01 17:01:42 [INFO] STONKS - Decision Engine: Prob: 0.4996 -> Signal: HOLD
2026-06-01 17:01:42 [INFO] STONKS - Decision Engine: Prob: 0.5171 -> Signal: HOLD
2026-06-01 17:01:42 [INFO] STONKS - Decision Engine: Prob: 0.5060 -> Signal: HOLD
2026-06-01 17:01:42 [INFO] STONKS - Decision Engine: Prob: 0.5389 -> Signal: HOLD
2026-06-01 17:01:42 [INFO] STONKS - Decision Engine: Prob: 0.5339 -> Signal: HOLD
2026-06-01 17:01:42 [INFO] STONKS - Decision Engine: Prob: 0.5465 -> Signal: HOLD
2026-06-01 17:01:42 [INFO] STONKS - Decision Engine: Prob: 0.4881 -> Signal: HOLD
2026-06-01 17:01:42 [INFO] STONKS - Decision Engine: Prob: 0.5083 -> Signal: HOLD
2026-06-01 17:01:42 [INFO] STONKS - Decision Engine: Prob: 0.4819 -> Signal: HOLD
2026-06-01 17:01:42 [INFO] STONKS - Decision Engine: Prob: 0.4633 -> Signal: HOLD
2026-06-01 17:01:42 [INFO] STONKS - Decision Engine: Prob: 0.5353 -> Signal: HOLD
2026-06-01 17:01:42 [INFO] STONKS - Decision Engine: Prob: 0.5724 -> Signal: HOLD
2026-06-01 17:01:42 [INFO] STONKS - Decision Engine: Prob: 0.5608 -> Signal: HOLD
2026-06-01 17:01:42 [INFO] STONKS - Decision Engine: Prob: 0.5523 -> Signal: HOLD
2026-06-01 17:01:42 [INFO] STONKS - Decision Engine: Prob: 0.5664 -> Signal: HOLD
2026-06-01 17:01:42 [INFO] STONKS - Decision Engine: Prob: 0.5830 -> Signal: HOLD
2026-06-01 17:01:42 [INFO] STONKS - Decision Engine: Prob: 0.5714 -> Signal: HOLD
2026-06-01 17:01:42 [INFO] STONKS - Decision Engine: Prob: 0.5530 -> Signal: HOLD
2026-06-01 17:01:42 [INFO] STONKS - Decision Engine: Prob: 0.6166 -> Signal: HOLD
2026-06-01 17:01:42 [INFO] STONKS - Decision Engine: Prob: 0.6077 -> Signal: HOLD
2026-06-01 17:01:42 [INFO] STONKS - Decision Engine: Prob: 0.6171 -> Signal: HOLD
2026-06-01 17:01:42 [INFO] STONKS - Decision Engine: Prob: 0.6252 -> Signal: HOLD
2026-06-01 17:01:42 [INFO] STONKS - Decision Engine: Prob: 0.6279 -> Signal: HOLD
2026-06-01 17:01:42 [INFO] STONKS - Decision Engine: Prob: 0.6307 -> Signal: HOLD
2026-06-01 17:01:42 [INFO] STONKS - Decision Engine: Prob: 0.6461 -> Signal: HOLD
2026-06-01 17:01:42 [INFO] STONKS - Decision Engine: Prob: 0.6933 -> Signal: BUY
2026-06-01 17:01:42 [INFO] STONKS - Decision Engine: Prob: 0.6846 -> Signal: BUY
2026-06-01 17:01:42 [INFO] STONKS - Decision Engine: Prob: 0.7469 -> Signal: BUY
2026-06-01 17:01:42 [INFO] STONKS - Decision Engine: Prob: 0.7256 -> Signal: BUY
2026-06-01 17:01:42 [INFO] STONKS - Decision Engine: Prob: 0.7914 -> Signal: BUY
2026-06-01 17:01:42 [INFO] STONKS - Decision Engine: Prob: 0.6193 -> Signal: HOLD
2026-06-01 17:01:42 [INFO] STONKS - Decision Engine: Prob: 0.6584 -> Signal: BUY
2026-06-01 17:01:42 [INFO] STONKS - Decision Engine: Prob: 0.6861 -> Signal: BUY
2026-06-01 17:01:42 [INFO] STONKS - Decision Engine: Prob: 0.7784 -> Signal: BUY
2026-06-01 17:01:42 [INFO] STONKS - Decision Engine: Prob: 0.6827 -> Signal: BUY
2026-06-01 17:01:42 [INFO] STONKS - Decision Engine: Prob: 0.6920 -> Signal: BUY
2026-06-01 17:01:42 [INFO] STONKS - Decision Engine: Prob: 0.7329 -> Signal: BUY
2026-06-01 17:01:42 [INFO] STONKS - Decision Engine: Prob: 0.6553 -> Signal: BUY
2026-06-01 17:01:42 [INFO] STONKS - Decision Engine: Prob: 0.7114 -> Signal: BUY
2026-06-01 17:01:42 [INFO] STONKS - Decision Engine: Prob: 0.6691 -> Signal: BUY
2026-06-01 17:01:42 [INFO] STONKS - Decision Engine: Prob: 0.5840 -> Signal: HOLD
2026-06-01 17:01:42 [INFO] STONKS - Decision Engine: Prob: 0.5829 -> Signal: HOLD
2026-06-01 17:01:42 [INFO] STONKS - Decision Engine: Prob: 0.5622 -> Signal: HOLD
2026-06-01 17:01:42 [INFO] STONKS - Decision Engine: Prob: 0.5904 -> Signal: HOLD
2026-06-01 17:01:42 [INFO] STONKS - Decision Engine: Prob: 0.6275 -> Signal: HOLD
2026-06-01 17:01:42 [INFO] STONKS - Decision Engine: Prob: 0.5643 -> Signal: HOLD
2026-06-01 17:01:42 [INFO] STONKS - Decision Engine: Prob: 0.4706 -> Signal: HOLD
2026-06-01 17:01:42 [INFO] STONKS - Decision Engine: Prob: 0.4132 -> Signal: HOLD
2026-06-01 17:01:42 [INFO] STONKS - Decision Engine: Prob: 0.4762 -> Signal: HOLD
2026-06-01 17:01:42 [INFO] STONKS - Decision Engine: Prob: 0.3674 -> Signal: SELL
2026-06-01 17:01:42 [INFO] STONKS - Decision Engine: Prob: 0.4754 -> Signal: HOLD
2026-06-01 17:01:42 [INFO] STONKS - Decision Engine: Prob: 0.4667 -> Signal: HOLD
2026-06-01 17:01:42 [INFO] STONKS - Decision Engine: Prob: 0.4109 -> Signal: HOLD
2026-06-01 17:01:42 [INFO] STONKS - Decision Engine: Prob: 0.4071 -> Signal: HOLD
2026-06-01 17:01:42 [INFO] STONKS - Decision Engine: Prob: 0.3349 -> Signal: SELL
2026-06-01 17:01:42 [INFO] STONKS - Decision Engine: Prob: 0.3614 -> Signal: SELL
2026-06-01 17:01:42 [INFO] STONKS - Decision Engine: Prob: 0.3676 -> Signal: SELL
2026-06-01 17:01:42 [INFO] STONKS - Decision Engine: Prob: 0.2924 -> Signal: SELL
2026-06-01 17:01:42 [INFO] STONKS - Decision Engine: Prob: 0.3433 -> Signal: SELL
2026-06-01 17:01:42 [INFO] STONKS - Decision Engine: Prob: 0.3277 -> Signal: SELL
2026-06-01 17:01:42 [INFO] STONKS - Decision Engine: Prob: 0.3777 -> Signal: SELL
2026-06-01 17:01:42 [INFO] STONKS - Decision Engine: Prob: 0.3423 -> Signal: SELL
2026-06-01 17:01:42 [INFO] STONKS - Decision Engine: Prob: 0.3000 -> Signal: SELL
2026-06-01 17:01:42 [INFO] STONKS - Decision Engine: Prob: 0.3411 -> Signal: SELL
2026-06-01 17:01:42 [INFO] STONKS - Decision Engine: Prob: 0.3222 -> Signal: SELL
2026-06-01 17:01:42 [INFO] STONKS - Decision Engine: Prob: 0.4300 -> Signal: HOLD
2026-06-01 17:01:42 [INFO] STONKS - Decision Engine: Prob: 0.3576 -> Signal: SELL
2026-06-01 17:01:42 [INFO] STONKS - Decision Engine: Prob: 0.3311 -> Signal: SELL
2026-06-01 17:01:42 [INFO] STONKS - Decision Engine: Prob: 0.3111 -> Signal: SELL
2026-06-01 17:01:42 [INFO] STONKS - Decision Engine: Prob: 0.3511 -> Signal: SELL
2026-06-01 17:01:42 [INFO] STONKS - Decision Engine: Prob: 0.3676 -> Signal: SELL
2026-06-01 17:01:42 [INFO] STONKS - Decision Engine: Prob: 0.4365 -> Signal: HOLD
2026-06-01 17:01:42 [INFO] STONKS - Decision Engine: Prob: 0.3700 -> Signal: SELL
2026-06-01 17:01:42 [INFO] STONKS - Decision Engine: Prob: 0.3800 -> Signal: SELL
2026-06-01 17:01:42 [INFO] STONKS - Decision Engine: Prob: 0.3800 -> Signal: SELL
2026-06-01 17:01:42 [INFO] STONKS - Decision Engine: Prob: 0.3276 -> Signal: SELL
2026-06-01 17:01:42 [INFO] STONKS - Decision Engine: Prob: 0.3465 -> Signal: SELL
2026-06-01 17:01:42 [INFO] STONKS - Decision Engine: Prob: 0.6850 -> Signal: BUY
2026-06-01 17:01:42 [INFO] STONKS - Initiating walk-forward backtest (ensemble) for GOOGL...
2026-06-01 17:01:42 [INFO] STONKS - Computing features for GOOGL (no active cache found).
2026-06-01 17:01:42 [INFO] STONKS - Prepared training dataset for GOOGL: Shape (451, 25)
2026-06-01 17:01:42 [INFO] STONKS - Training RandomForestModel: Samples=250, Features=25
2026-06-01 17:01:42 [INFO] STONKS - RandomForestModel training completed successfully.
2026-06-01 17:01:42 [INFO] STONKS - Registered model 'rf' in WeightedEnsemble.
2026-06-01 17:01:42 [INFO] STONKS - Registered model 'finbert' in WeightedEnsemble.
2026-06-01 17:01:42 [INFO] STONKS - Set ensemble weight for 'rf' to 1.0000
2026-06-01 17:01:42 [INFO] STONKS - Set ensemble weight for 'finbert' to 0.0000
2026-06-01 17:01:42 [INFO] STONKS - Training RandomForestModel: Samples=250, Features=25
2026-06-01 17:01:42 [INFO] STONKS - RandomForestModel training completed successfully.
2026-06-01 17:01:42 [INFO] STONKS - Registered model 'rf' in WeightedEnsemble.
2026-06-01 17:01:42 [INFO] STONKS - Registered model 'finbert' in WeightedEnsemble.
2026-06-01 17:01:42 [INFO] STONKS - Set ensemble weight for 'rf' to 1.0000
2026-06-01 17:01:42 [INFO] STONKS - Set ensemble weight for 'finbert' to 0.0000
2026-06-01 17:01:42 [INFO] STONKS - Training RandomForestModel: Samples=250, Features=25
2026-06-01 17:01:42 [INFO] STONKS - RandomForestModel training completed successfully.
2026-06-01 17:01:42 [INFO] STONKS - Registered model 'rf' in WeightedEnsemble.
2026-06-01 17:01:42 [INFO] STONKS - Registered model 'finbert' in WeightedEnsemble.
2026-06-01 17:01:42 [INFO] STONKS - Set ensemble weight for 'rf' to 1.0000
2026-06-01 17:01:42 [INFO] STONKS - Set ensemble weight for 'finbert' to 0.0000
2026-06-01 17:01:42 [INFO] STONKS - Training RandomForestModel: Samples=250, Features=25
2026-06-01 17:01:42 [INFO] STONKS - RandomForestModel training completed successfully.
2026-06-01 17:01:42 [INFO] STONKS - Registered model 'rf' in WeightedEnsemble.
2026-06-01 17:01:42 [INFO] STONKS - Registered model 'finbert' in WeightedEnsemble.
2026-06-01 17:01:42 [INFO] STONKS - Set ensemble weight for 'rf' to 1.0000
2026-06-01 17:01:42 [INFO] STONKS - Set ensemble weight for 'finbert' to 0.0000
2026-06-01 17:01:42 [INFO] STONKS - Training RandomForestModel: Samples=250, Features=25
2026-06-01 17:01:42 [INFO] STONKS - RandomForestModel training completed successfully.
2026-06-01 17:01:42 [INFO] STONKS - Registered model 'rf' in WeightedEnsemble.
2026-06-01 17:01:42 [INFO] STONKS - Registered model 'finbert' in WeightedEnsemble.
2026-06-01 17:01:42 [INFO] STONKS - Set ensemble weight for 'rf' to 1.0000
2026-06-01 17:01:42 [INFO] STONKS - Set ensemble weight for 'finbert' to 0.0000
2026-06-01 17:01:42 [INFO] STONKS - Decision Engine: Prob: 0.4333 -> Signal: HOLD
2026-06-01 17:01:42 [INFO] STONKS - Decision Engine: Prob: 0.2467 -> Signal: SELL
2026-06-01 17:01:42 [INFO] STONKS - Decision Engine: Prob: 0.4109 -> Signal: HOLD
2026-06-01 17:01:42 [INFO] STONKS - Decision Engine: Prob: 0.3033 -> Signal: SELL
2026-06-01 17:01:42 [INFO] STONKS - Decision Engine: Prob: 0.3698 -> Signal: SELL
2026-06-01 17:01:42 [INFO] STONKS - Decision Engine: Prob: 0.4509 -> Signal: HOLD
2026-06-01 17:01:42 [INFO] STONKS - Decision Engine: Prob: 0.4792 -> Signal: HOLD
2026-06-01 17:01:42 [INFO] STONKS - Decision Engine: Prob: 0.5264 -> Signal: HOLD
2026-06-01 17:01:42 [INFO] STONKS - Decision Engine: Prob: 0.4255 -> Signal: HOLD
2026-06-01 17:01:42 [INFO] STONKS - Decision Engine: Prob: 0.2911 -> Signal: SELL
2026-06-01 17:01:42 [INFO] STONKS - Decision Engine: Prob: 0.3260 -> Signal: SELL
2026-06-01 17:01:42 [INFO] STONKS - Decision Engine: Prob: 0.3708 -> Signal: SELL
2026-06-01 17:01:42 [INFO] STONKS - Decision Engine: Prob: 0.3183 -> Signal: SELL
2026-06-01 17:01:42 [INFO] STONKS - Decision Engine: Prob: 0.3032 -> Signal: SELL
2026-06-01 17:01:42 [INFO] STONKS - Decision Engine: Prob: 0.2194 -> Signal: SELL
2026-06-01 17:01:42 [INFO] STONKS - Decision Engine: Prob: 0.3500 -> Signal: SELL
2026-06-01 17:01:42 [INFO] STONKS - Decision Engine: Prob: 0.2714 -> Signal: SELL
2026-06-01 17:01:42 [INFO] STONKS - Decision Engine: Prob: 0.2684 -> Signal: SELL
2026-06-01 17:01:42 [INFO] STONKS - Decision Engine: Prob: 0.2616 -> Signal: SELL
2026-06-01 17:01:42 [INFO] STONKS - Decision Engine: Prob: 0.2566 -> Signal: SELL
2026-06-01 17:01:42 [INFO] STONKS - Decision Engine: Prob: 0.2716 -> Signal: SELL
2026-06-01 17:01:42 [INFO] STONKS - Decision Engine: Prob: 0.2292 -> Signal: SELL
2026-06-01 17:01:42 [INFO] STONKS - Decision Engine: Prob: 0.2392 -> Signal: SELL
2026-06-01 17:01:42 [INFO] STONKS - Decision Engine: Prob: 0.2292 -> Signal: SELL
2026-06-01 17:01:42 [INFO] STONKS - Decision Engine: Prob: 0.2434 -> Signal: SELL
2026-06-01 17:01:42 [INFO] STONKS - Decision Engine: Prob: 0.2310 -> Signal: SELL
2026-06-01 17:01:42 [INFO] STONKS - Decision Engine: Prob: 0.2590 -> Signal: SELL
2026-06-01 17:01:42 [INFO] STONKS - Decision Engine: Prob: 0.2360 -> Signal: SELL
2026-06-01 17:01:42 [INFO] STONKS - Decision Engine: Prob: 0.2434 -> Signal: SELL
2026-06-01 17:01:42 [INFO] STONKS - Decision Engine: Prob: 0.3270 -> Signal: SELL
2026-06-01 17:01:42 [INFO] STONKS - Decision Engine: Prob: 0.2534 -> Signal: SELL
2026-06-01 17:01:42 [INFO] STONKS - Decision Engine: Prob: 0.4050 -> Signal: HOLD
2026-06-01 17:01:42 [INFO] STONKS - Decision Engine: Prob: 0.3614 -> Signal: SELL
2026-06-01 17:01:42 [INFO] STONKS - Decision Engine: Prob: 0.3634 -> Signal: SELL
2026-06-01 17:01:42 [INFO] STONKS - Decision Engine: Prob: 0.4625 -> Signal: HOLD
2026-06-01 17:01:42 [INFO] STONKS - Decision Engine: Prob: 0.3814 -> Signal: SELL
2026-06-01 17:01:42 [INFO] STONKS - Decision Engine: Prob: 0.3770 -> Signal: SELL
2026-06-01 17:01:42 [INFO] STONKS - Decision Engine: Prob: 0.3553 -> Signal: SELL
2026-06-01 17:01:42 [INFO] STONKS - Decision Engine: Prob: 0.3599 -> Signal: SELL
2026-06-01 17:01:42 [INFO] STONKS - Decision Engine: Prob: 0.3422 -> Signal: SELL
2026-06-01 17:01:42 [INFO] STONKS - Decision Engine: Prob: 0.4138 -> Signal: HOLD
2026-06-01 17:01:42 [INFO] STONKS - Decision Engine: Prob: 0.3566 -> Signal: SELL
2026-06-01 17:01:42 [INFO] STONKS - Decision Engine: Prob: 0.4019 -> Signal: HOLD
2026-06-01 17:01:42 [INFO] STONKS - Decision Engine: Prob: 0.4152 -> Signal: HOLD
2026-06-01 17:01:42 [INFO] STONKS - Decision Engine: Prob: 0.3966 -> Signal: SELL
2026-06-01 17:01:42 [INFO] STONKS - Decision Engine: Prob: 0.3636 -> Signal: SELL
2026-06-01 17:01:42 [INFO] STONKS - Decision Engine: Prob: 0.3564 -> Signal: SELL
2026-06-01 17:01:42 [INFO] STONKS - Decision Engine: Prob: 0.3469 -> Signal: SELL
2026-06-01 17:01:42 [INFO] STONKS - Decision Engine: Prob: 0.3191 -> Signal: SELL
2026-06-01 17:01:42 [INFO] STONKS - Decision Engine: Prob: 0.3039 -> Signal: SELL
2026-06-01 17:01:42 [INFO] STONKS - Decision Engine: Prob: 0.6173 -> Signal: HOLD
2026-06-01 17:01:42 [INFO] STONKS - Decision Engine: Prob: 0.5069 -> Signal: HOLD
2026-06-01 17:01:42 [INFO] STONKS - Decision Engine: Prob: 0.4867 -> Signal: HOLD
2026-06-01 17:01:42 [INFO] STONKS - Decision Engine: Prob: 0.4291 -> Signal: HOLD
2026-06-01 17:01:42 [INFO] STONKS - Decision Engine: Prob: 0.3424 -> Signal: SELL
2026-06-01 17:01:42 [INFO] STONKS - Decision Engine: Prob: 0.3997 -> Signal: SELL
2026-06-01 17:01:42 [INFO] STONKS - Decision Engine: Prob: 0.3164 -> Signal: SELL
2026-06-01 17:01:42 [INFO] STONKS - Decision Engine: Prob: 0.2929 -> Signal: SELL
2026-06-01 17:01:42 [INFO] STONKS - Decision Engine: Prob: 0.3565 -> Signal: SELL
2026-06-01 17:01:42 [INFO] STONKS - Decision Engine: Prob: 0.3477 -> Signal: SELL
2026-06-01 17:01:42 [INFO] STONKS - Decision Engine: Prob: 0.3333 -> Signal: SELL
2026-06-01 17:01:42 [INFO] STONKS - Decision Engine: Prob: 0.3190 -> Signal: SELL
2026-06-01 17:01:42 [INFO] STONKS - Decision Engine: Prob: 0.4050 -> Signal: HOLD
2026-06-01 17:01:42 [INFO] STONKS - Decision Engine: Prob: 0.3978 -> Signal: SELL
2026-06-01 17:01:42 [INFO] STONKS - Decision Engine: Prob: 0.3507 -> Signal: SELL
2026-06-01 17:01:42 [INFO] STONKS - Decision Engine: Prob: 0.3837 -> Signal: SELL
2026-06-01 17:01:42 [INFO] STONKS - Decision Engine: Prob: 0.3472 -> Signal: SELL
2026-06-01 17:01:42 [INFO] STONKS - Decision Engine: Prob: 0.3887 -> Signal: SELL
2026-06-01 17:01:42 [INFO] STONKS - Decision Engine: Prob: 0.3946 -> Signal: SELL
2026-06-01 17:01:42 [INFO] STONKS - Decision Engine: Prob: 0.3448 -> Signal: SELL
2026-06-01 17:01:42 [INFO] STONKS - Decision Engine: Prob: 0.3595 -> Signal: SELL
2026-06-01 17:01:42 [INFO] STONKS - Decision Engine: Prob: 0.3523 -> Signal: SELL
2026-06-01 17:01:42 [INFO] STONKS - Decision Engine: Prob: 0.3641 -> Signal: SELL
2026-06-01 17:01:42 [INFO] STONKS - Decision Engine: Prob: 0.3393 -> Signal: SELL
2026-06-01 17:01:42 [INFO] STONKS - Decision Engine: Prob: 0.3234 -> Signal: SELL
2026-06-01 17:01:42 [INFO] STONKS - Decision Engine: Prob: 0.3047 -> Signal: SELL
2026-06-01 17:01:42 [INFO] STONKS - Decision Engine: Prob: 0.3673 -> Signal: SELL
2026-06-01 17:01:42 [INFO] STONKS - Decision Engine: Prob: 0.3642 -> Signal: SELL
2026-06-01 17:01:42 [INFO] STONKS - Decision Engine: Prob: 0.3444 -> Signal: SELL
2026-06-01 17:01:42 [INFO] STONKS - Decision Engine: Prob: 0.4102 -> Signal: HOLD
2026-06-01 17:01:42 [INFO] STONKS - Decision Engine: Prob: 0.3250 -> Signal: SELL
2026-06-01 17:01:42 [INFO] STONKS - Decision Engine: Prob: 0.3648 -> Signal: SELL
2026-06-01 17:01:42 [INFO] STONKS - Decision Engine: Prob: 0.3415 -> Signal: SELL
2026-06-01 17:01:42 [INFO] STONKS - Decision Engine: Prob: 0.3293 -> Signal: SELL
2026-06-01 17:01:42 [INFO] STONKS - Decision Engine: Prob: 0.3473 -> Signal: SELL
2026-06-01 17:01:42 [INFO] STONKS - Decision Engine: Prob: 0.3659 -> Signal: SELL
2026-06-01 17:01:42 [INFO] STONKS - Decision Engine: Prob: 0.3953 -> Signal: SELL
2026-06-01 17:01:42 [INFO] STONKS - Decision Engine: Prob: 0.3769 -> Signal: SELL
2026-06-01 17:01:42 [INFO] STONKS - Decision Engine: Prob: 0.3711 -> Signal: SELL
2026-06-01 17:01:42 [INFO] STONKS - Decision Engine: Prob: 0.4023 -> Signal: HOLD
2026-06-01 17:01:42 [INFO] STONKS - Decision Engine: Prob: 0.4550 -> Signal: HOLD
2026-06-01 17:01:42 [INFO] STONKS - Decision Engine: Prob: 0.4077 -> Signal: HOLD
2026-06-01 17:01:42 [INFO] STONKS - Decision Engine: Prob: 0.4203 -> Signal: HOLD
2026-06-01 17:01:42 [INFO] STONKS - Decision Engine: Prob: 0.4354 -> Signal: HOLD
2026-06-01 17:01:42 [INFO] STONKS - Decision Engine: Prob: 0.5008 -> Signal: HOLD
2026-06-01 17:01:42 [INFO] STONKS - Decision Engine: Prob: 0.4826 -> Signal: HOLD
2026-06-01 17:01:42 [INFO] STONKS - Decision Engine: Prob: 0.5302 -> Signal: HOLD
2026-06-01 17:01:42 [INFO] STONKS - Decision Engine: Prob: 0.5400 -> Signal: HOLD
2026-06-01 17:01:42 [INFO] STONKS - Decision Engine: Prob: 0.5176 -> Signal: HOLD
2026-06-01 17:01:42 [INFO] STONKS - Decision Engine: Prob: 0.5721 -> Signal: HOLD
2026-06-01 17:01:42 [INFO] STONKS - Decision Engine: Prob: 0.6710 -> Signal: BUY
2026-06-01 17:01:42 [INFO] STONKS - Decision Engine: Prob: 0.5876 -> Signal: HOLD
2026-06-01 17:01:42 [INFO] STONKS - Decision Engine: Prob: 0.6741 -> Signal: BUY
2026-06-01 17:01:42 [INFO] STONKS - Decision Engine: Prob: 0.5774 -> Signal: HOLD
2026-06-01 17:01:42 [INFO] STONKS - Decision Engine: Prob: 0.5835 -> Signal: HOLD
2026-06-01 17:01:42 [INFO] STONKS - Decision Engine: Prob: 0.5175 -> Signal: HOLD
2026-06-01 17:01:42 [INFO] STONKS - Decision Engine: Prob: 0.5198 -> Signal: HOLD
2026-06-01 17:01:42 [INFO] STONKS - Decision Engine: Prob: 0.4552 -> Signal: HOLD
2026-06-01 17:01:42 [INFO] STONKS - Decision Engine: Prob: 0.5008 -> Signal: HOLD
2026-06-01 17:01:42 [INFO] STONKS - Decision Engine: Prob: 0.4433 -> Signal: HOLD
2026-06-01 17:01:42 [INFO] STONKS - Decision Engine: Prob: 0.4709 -> Signal: HOLD
2026-06-01 17:01:42 [INFO] STONKS - Decision Engine: Prob: 0.4976 -> Signal: HOLD
2026-06-01 17:01:42 [INFO] STONKS - Decision Engine: Prob: 0.4691 -> Signal: HOLD
2026-06-01 17:01:42 [INFO] STONKS - Decision Engine: Prob: 0.4737 -> Signal: HOLD
2026-06-01 17:01:42 [INFO] STONKS - Decision Engine: Prob: 0.4891 -> Signal: HOLD
2026-06-01 17:01:42 [INFO] STONKS - Decision Engine: Prob: 0.4505 -> Signal: HOLD
2026-06-01 17:01:42 [INFO] STONKS - Decision Engine: Prob: 0.5006 -> Signal: HOLD
2026-06-01 17:01:42 [INFO] STONKS - Decision Engine: Prob: 0.4441 -> Signal: HOLD
2026-06-01 17:01:42 [INFO] STONKS - Decision Engine: Prob: 0.4184 -> Signal: HOLD
2026-06-01 17:01:42 [INFO] STONKS - Decision Engine: Prob: 0.4582 -> Signal: HOLD
2026-06-01 17:01:42 [INFO] STONKS - Decision Engine: Prob: 0.4370 -> Signal: HOLD
2026-06-01 17:01:42 [INFO] STONKS - Decision Engine: Prob: 0.4804 -> Signal: HOLD
2026-06-01 17:01:42 [INFO] STONKS - Decision Engine: Prob: 0.5185 -> Signal: HOLD
2026-06-01 17:01:42 [INFO] STONKS - Decision Engine: Prob: 0.4996 -> Signal: HOLD
2026-06-01 17:01:42 [INFO] STONKS - Decision Engine: Prob: 0.5171 -> Signal: HOLD
2026-06-01 17:01:42 [INFO] STONKS - Decision Engine: Prob: 0.5060 -> Signal: HOLD
2026-06-01 17:01:42 [INFO] STONKS - Decision Engine: Prob: 0.5389 -> Signal: HOLD
2026-06-01 17:01:42 [INFO] STONKS - Decision Engine: Prob: 0.5339 -> Signal: HOLD
2026-06-01 17:01:42 [INFO] STONKS - Decision Engine: Prob: 0.5465 -> Signal: HOLD
2026-06-01 17:01:42 [INFO] STONKS - Decision Engine: Prob: 0.4881 -> Signal: HOLD
2026-06-01 17:01:42 [INFO] STONKS - Decision Engine: Prob: 0.5083 -> Signal: HOLD
2026-06-01 17:01:42 [INFO] STONKS - Decision Engine: Prob: 0.4819 -> Signal: HOLD
2026-06-01 17:01:42 [INFO] STONKS - Decision Engine: Prob: 0.4633 -> Signal: HOLD
2026-06-01 17:01:42 [INFO] STONKS - Decision Engine: Prob: 0.5353 -> Signal: HOLD
2026-06-01 17:01:42 [INFO] STONKS - Decision Engine: Prob: 0.5724 -> Signal: HOLD
2026-06-01 17:01:42 [INFO] STONKS - Decision Engine: Prob: 0.5608 -> Signal: HOLD
2026-06-01 17:01:42 [INFO] STONKS - Decision Engine: Prob: 0.5523 -> Signal: HOLD
2026-06-01 17:01:42 [INFO] STONKS - Decision Engine: Prob: 0.5664 -> Signal: HOLD
2026-06-01 17:01:42 [INFO] STONKS - Decision Engine: Prob: 0.5830 -> Signal: HOLD
2026-06-01 17:01:42 [INFO] STONKS - Decision Engine: Prob: 0.5714 -> Signal: HOLD
2026-06-01 17:01:42 [INFO] STONKS - Decision Engine: Prob: 0.5530 -> Signal: HOLD
2026-06-01 17:01:42 [INFO] STONKS - Decision Engine: Prob: 0.6166 -> Signal: HOLD
2026-06-01 17:01:42 [INFO] STONKS - Decision Engine: Prob: 0.6077 -> Signal: HOLD
2026-06-01 17:01:42 [INFO] STONKS - Decision Engine: Prob: 0.6171 -> Signal: HOLD
2026-06-01 17:01:42 [INFO] STONKS - Decision Engine: Prob: 0.6252 -> Signal: HOLD
2026-06-01 17:01:42 [INFO] STONKS - Decision Engine: Prob: 0.6279 -> Signal: HOLD
2026-06-01 17:01:42 [INFO] STONKS - Decision Engine: Prob: 0.6307 -> Signal: HOLD
2026-06-01 17:01:42 [INFO] STONKS - Decision Engine: Prob: 0.6461 -> Signal: HOLD
2026-06-01 17:01:42 [INFO] STONKS - Decision Engine: Prob: 0.6933 -> Signal: BUY
2026-06-01 17:01:42 [INFO] STONKS - Decision Engine: Prob: 0.6846 -> Signal: BUY
2026-06-01 17:01:42 [INFO] STONKS - Decision Engine: Prob: 0.7469 -> Signal: BUY
2026-06-01 17:01:42 [INFO] STONKS - Decision Engine: Prob: 0.7256 -> Signal: BUY
2026-06-01 17:01:42 [INFO] STONKS - Decision Engine: Prob: 0.7914 -> Signal: BUY
2026-06-01 17:01:42 [INFO] STONKS - Decision Engine: Prob: 0.6193 -> Signal: HOLD
2026-06-01 17:01:42 [INFO] STONKS - Decision Engine: Prob: 0.6584 -> Signal: BUY
2026-06-01 17:01:42 [INFO] STONKS - Decision Engine: Prob: 0.6861 -> Signal: BUY
2026-06-01 17:01:42 [INFO] STONKS - Decision Engine: Prob: 0.7784 -> Signal: BUY
2026-06-01 17:01:42 [INFO] STONKS - Decision Engine: Prob: 0.6827 -> Signal: BUY
2026-06-01 17:01:42 [INFO] STONKS - Decision Engine: Prob: 0.6920 -> Signal: BUY
2026-06-01 17:01:42 [INFO] STONKS - Decision Engine: Prob: 0.7329 -> Signal: BUY
2026-06-01 17:01:42 [INFO] STONKS - Decision Engine: Prob: 0.6553 -> Signal: BUY
2026-06-01 17:01:42 [INFO] STONKS - Decision Engine: Prob: 0.7114 -> Signal: BUY
2026-06-01 17:01:42 [INFO] STONKS - Decision Engine: Prob: 0.6691 -> Signal: BUY
2026-06-01 17:01:42 [INFO] STONKS - Decision Engine: Prob: 0.5840 -> Signal: HOLD
2026-06-01 17:01:42 [INFO] STONKS - Decision Engine: Prob: 0.5829 -> Signal: HOLD
2026-06-01 17:01:42 [INFO] STONKS - Decision Engine: Prob: 0.5622 -> Signal: HOLD
2026-06-01 17:01:42 [INFO] STONKS - Decision Engine: Prob: 0.5904 -> Signal: HOLD
2026-06-01 17:01:42 [INFO] STONKS - Decision Engine: Prob: 0.6275 -> Signal: HOLD
2026-06-01 17:01:42 [INFO] STONKS - Decision Engine: Prob: 0.5643 -> Signal: HOLD
2026-06-01 17:01:42 [INFO] STONKS - Decision Engine: Prob: 0.4706 -> Signal: HOLD
2026-06-01 17:01:42 [INFO] STONKS - Decision Engine: Prob: 0.4132 -> Signal: HOLD
2026-06-01 17:01:42 [INFO] STONKS - Decision Engine: Prob: 0.4762 -> Signal: HOLD
2026-06-01 17:01:42 [INFO] STONKS - Decision Engine: Prob: 0.3674 -> Signal: SELL
2026-06-01 17:01:42 [INFO] STONKS - Decision Engine: Prob: 0.4754 -> Signal: HOLD
2026-06-01 17:01:42 [INFO] STONKS - Decision Engine: Prob: 0.4667 -> Signal: HOLD
2026-06-01 17:01:42 [INFO] STONKS - Decision Engine: Prob: 0.4109 -> Signal: HOLD
2026-06-01 17:01:42 [INFO] STONKS - Decision Engine: Prob: 0.4071 -> Signal: HOLD
2026-06-01 17:01:42 [INFO] STONKS - Decision Engine: Prob: 0.3349 -> Signal: SELL
2026-06-01 17:01:42 [INFO] STONKS - Decision Engine: Prob: 0.3614 -> Signal: SELL
2026-06-01 17:01:42 [INFO] STONKS - Decision Engine: Prob: 0.3676 -> Signal: SELL
2026-06-01 17:01:42 [INFO] STONKS - Decision Engine: Prob: 0.2924 -> Signal: SELL
2026-06-01 17:01:42 [INFO] STONKS - Decision Engine: Prob: 0.3433 -> Signal: SELL
2026-06-01 17:01:42 [INFO] STONKS - Decision Engine: Prob: 0.3277 -> Signal: SELL
2026-06-01 17:01:42 [INFO] STONKS - Decision Engine: Prob: 0.3777 -> Signal: SELL
2026-06-01 17:01:42 [INFO] STONKS - Decision Engine: Prob: 0.3423 -> Signal: SELL
2026-06-01 17:01:42 [INFO] STONKS - Decision Engine: Prob: 0.3000 -> Signal: SELL
2026-06-01 17:01:42 [INFO] STONKS - Decision Engine: Prob: 0.3411 -> Signal: SELL
2026-06-01 17:01:42 [INFO] STONKS - Decision Engine: Prob: 0.3222 -> Signal: SELL
2026-06-01 17:01:42 [INFO] STONKS - Decision Engine: Prob: 0.4300 -> Signal: HOLD
2026-06-01 17:01:42 [INFO] STONKS - Decision Engine: Prob: 0.3576 -> Signal: SELL
2026-06-01 17:01:42 [INFO] STONKS - Decision Engine: Prob: 0.3311 -> Signal: SELL
2026-06-01 17:01:42 [INFO] STONKS - Decision Engine: Prob: 0.3111 -> Signal: SELL
2026-06-01 17:01:42 [INFO] STONKS - Decision Engine: Prob: 0.3511 -> Signal: SELL
2026-06-01 17:01:42 [INFO] STONKS - Decision Engine: Prob: 0.3676 -> Signal: SELL
2026-06-01 17:01:42 [INFO] STONKS - Decision Engine: Prob: 0.4365 -> Signal: HOLD
2026-06-01 17:01:42 [INFO] STONKS - Decision Engine: Prob: 0.3700 -> Signal: SELL
2026-06-01 17:01:42 [INFO] STONKS - Decision Engine: Prob: 0.3800 -> Signal: SELL
2026-06-01 17:01:42 [INFO] STONKS - Decision Engine: Prob: 0.3800 -> Signal: SELL
2026-06-01 17:01:42 [INFO] STONKS - Decision Engine: Prob: 0.3276 -> Signal: SELL
2026-06-01 17:01:42 [INFO] STONKS - Decision Engine: Prob: 0.3465 -> Signal: SELL
2026-06-01 17:01:42 [INFO] STONKS - Decision Engine: Prob: 0.6850 -> Signal: BUY
2026-06-01 17:01:42 [INFO] STONKS - Cache hit: Loading data for TSLA (2y, 1d) from E:\Projects\StonksV2\cache\TSLA_2y_1d.csv
2026-06-01 17:01:42 [INFO] STONKS - Initiating walk-forward backtest (rf) for TSLA...
2026-06-01 17:01:42 [INFO] STONKS - Computing features for TSLA (no active cache found).
2026-06-01 17:01:42 [INFO] STONKS - Prepared training dataset for TSLA: Shape (451, 25)
2026-06-01 17:01:42 [INFO] STONKS - Training RandomForestModel: Samples=250, Features=25
2026-06-01 17:01:42 [INFO] STONKS - RandomForestModel training completed successfully.
2026-06-01 17:01:42 [INFO] STONKS - Training RandomForestModel: Samples=250, Features=25
2026-06-01 17:01:43 [INFO] STONKS - RandomForestModel training completed successfully.
2026-06-01 17:01:43 [INFO] STONKS - Training RandomForestModel: Samples=250, Features=25
2026-06-01 17:01:43 [INFO] STONKS - RandomForestModel training completed successfully.
2026-06-01 17:01:43 [INFO] STONKS - Training RandomForestModel: Samples=250, Features=25
2026-06-01 17:01:43 [INFO] STONKS - RandomForestModel training completed successfully.
2026-06-01 17:01:43 [INFO] STONKS - Training RandomForestModel: Samples=250, Features=25
2026-06-01 17:01:43 [INFO] STONKS - RandomForestModel training completed successfully.
2026-06-01 17:01:43 [INFO] STONKS - Decision Engine: Prob: 0.4893 -> Signal: HOLD
2026-06-01 17:01:43 [INFO] STONKS - Decision Engine: Prob: 0.5039 -> Signal: HOLD
2026-06-01 17:01:43 [INFO] STONKS - Decision Engine: Prob: 0.4584 -> Signal: HOLD
2026-06-01 17:01:43 [INFO] STONKS - Decision Engine: Prob: 0.4489 -> Signal: HOLD
2026-06-01 17:01:43 [INFO] STONKS - Decision Engine: Prob: 0.3499 -> Signal: SELL
2026-06-01 17:01:43 [INFO] STONKS - Decision Engine: Prob: 0.4426 -> Signal: HOLD
2026-06-01 17:01:43 [INFO] STONKS - Decision Engine: Prob: 0.3821 -> Signal: SELL
2026-06-01 17:01:43 [INFO] STONKS - Decision Engine: Prob: 0.3534 -> Signal: SELL
2026-06-01 17:01:43 [INFO] STONKS - Decision Engine: Prob: 0.5025 -> Signal: HOLD
2026-06-01 17:01:43 [INFO] STONKS - Decision Engine: Prob: 0.4468 -> Signal: HOLD
2026-06-01 17:01:43 [INFO] STONKS - Decision Engine: Prob: 0.4269 -> Signal: HOLD
2026-06-01 17:01:43 [INFO] STONKS - Decision Engine: Prob: 0.4453 -> Signal: HOLD
2026-06-01 17:01:43 [INFO] STONKS - Decision Engine: Prob: 0.4882 -> Signal: HOLD
2026-06-01 17:01:43 [INFO] STONKS - Decision Engine: Prob: 0.5000 -> Signal: HOLD
2026-06-01 17:01:43 [INFO] STONKS - Decision Engine: Prob: 0.5526 -> Signal: HOLD
2026-06-01 17:01:43 [INFO] STONKS - Decision Engine: Prob: 0.5348 -> Signal: HOLD
2026-06-01 17:01:43 [INFO] STONKS - Decision Engine: Prob: 0.5024 -> Signal: HOLD
2026-06-01 17:01:43 [INFO] STONKS - Decision Engine: Prob: 0.5155 -> Signal: HOLD
2026-06-01 17:01:43 [INFO] STONKS - Decision Engine: Prob: 0.5192 -> Signal: HOLD
2026-06-01 17:01:43 [INFO] STONKS - Decision Engine: Prob: 0.5264 -> Signal: HOLD
2026-06-01 17:01:43 [INFO] STONKS - Decision Engine: Prob: 0.4857 -> Signal: HOLD
2026-06-01 17:01:43 [INFO] STONKS - Decision Engine: Prob: 0.4857 -> Signal: HOLD
2026-06-01 17:01:43 [INFO] STONKS - Decision Engine: Prob: 0.5352 -> Signal: HOLD
2026-06-01 17:01:43 [INFO] STONKS - Decision Engine: Prob: 0.4177 -> Signal: HOLD
2026-06-01 17:01:43 [INFO] STONKS - Decision Engine: Prob: 0.4212 -> Signal: HOLD
2026-06-01 17:01:43 [INFO] STONKS - Decision Engine: Prob: 0.4494 -> Signal: HOLD
2026-06-01 17:01:43 [INFO] STONKS - Decision Engine: Prob: 0.3508 -> Signal: SELL
2026-06-01 17:01:43 [INFO] STONKS - Decision Engine: Prob: 0.4317 -> Signal: HOLD
2026-06-01 17:01:43 [INFO] STONKS - Decision Engine: Prob: 0.4784 -> Signal: HOLD
2026-06-01 17:01:43 [INFO] STONKS - Decision Engine: Prob: 0.4896 -> Signal: HOLD
2026-06-01 17:01:43 [INFO] STONKS - Decision Engine: Prob: 0.5536 -> Signal: HOLD
2026-06-01 17:01:43 [INFO] STONKS - Decision Engine: Prob: 0.4761 -> Signal: HOLD
2026-06-01 17:01:43 [INFO] STONKS - Decision Engine: Prob: 0.4574 -> Signal: HOLD
2026-06-01 17:01:43 [INFO] STONKS - Decision Engine: Prob: 0.4069 -> Signal: HOLD
2026-06-01 17:01:43 [INFO] STONKS - Decision Engine: Prob: 0.4506 -> Signal: HOLD
2026-06-01 17:01:43 [INFO] STONKS - Decision Engine: Prob: 0.4449 -> Signal: HOLD
2026-06-01 17:01:43 [INFO] STONKS - Decision Engine: Prob: 0.3120 -> Signal: SELL
2026-06-01 17:01:43 [INFO] STONKS - Decision Engine: Prob: 0.1811 -> Signal: SELL
2026-06-01 17:01:43 [INFO] STONKS - Decision Engine: Prob: 0.2387 -> Signal: SELL
2026-06-01 17:01:43 [INFO] STONKS - Decision Engine: Prob: 0.2103 -> Signal: SELL
2026-06-01 17:01:43 [INFO] STONKS - Decision Engine: Prob: 0.3294 -> Signal: SELL
2026-06-01 17:01:43 [INFO] STONKS - Decision Engine: Prob: 0.2059 -> Signal: SELL
2026-06-01 17:01:43 [INFO] STONKS - Decision Engine: Prob: 0.2466 -> Signal: SELL
2026-06-01 17:01:43 [INFO] STONKS - Decision Engine: Prob: 0.3921 -> Signal: SELL
2026-06-01 17:01:43 [INFO] STONKS - Decision Engine: Prob: 0.2910 -> Signal: SELL
2026-06-01 17:01:43 [INFO] STONKS - Decision Engine: Prob: 0.2960 -> Signal: SELL
2026-06-01 17:01:43 [INFO] STONKS - Decision Engine: Prob: 0.2196 -> Signal: SELL
2026-06-01 17:01:43 [INFO] STONKS - Decision Engine: Prob: 0.3174 -> Signal: SELL
2026-06-01 17:01:43 [INFO] STONKS - Decision Engine: Prob: 0.2303 -> Signal: SELL
2026-06-01 17:01:43 [INFO] STONKS - Decision Engine: Prob: 0.2196 -> Signal: SELL
2026-06-01 17:01:43 [INFO] STONKS - Decision Engine: Prob: 0.4768 -> Signal: HOLD
2026-06-01 17:01:43 [INFO] STONKS - Decision Engine: Prob: 0.3975 -> Signal: SELL
2026-06-01 17:01:43 [INFO] STONKS - Decision Engine: Prob: 0.3158 -> Signal: SELL
2026-06-01 17:01:43 [INFO] STONKS - Decision Engine: Prob: 0.4953 -> Signal: HOLD
2026-06-01 17:01:43 [INFO] STONKS - Decision Engine: Prob: 0.2950 -> Signal: SELL
2026-06-01 17:01:43 [INFO] STONKS - Decision Engine: Prob: 0.3011 -> Signal: SELL
2026-06-01 17:01:43 [INFO] STONKS - Decision Engine: Prob: 0.2925 -> Signal: SELL
2026-06-01 17:01:43 [INFO] STONKS - Decision Engine: Prob: 0.4191 -> Signal: HOLD
2026-06-01 17:01:43 [INFO] STONKS - Decision Engine: Prob: 0.3161 -> Signal: SELL
2026-06-01 17:01:43 [INFO] STONKS - Decision Engine: Prob: 0.3068 -> Signal: SELL
2026-06-01 17:01:43 [INFO] STONKS - Decision Engine: Prob: 0.4285 -> Signal: HOLD
2026-06-01 17:01:43 [INFO] STONKS - Decision Engine: Prob: 0.3161 -> Signal: SELL
2026-06-01 17:01:43 [INFO] STONKS - Decision Engine: Prob: 0.4781 -> Signal: HOLD
2026-06-01 17:01:43 [INFO] STONKS - Decision Engine: Prob: 0.5048 -> Signal: HOLD
2026-06-01 17:01:43 [INFO] STONKS - Decision Engine: Prob: 0.3691 -> Signal: SELL
2026-06-01 17:01:43 [INFO] STONKS - Decision Engine: Prob: 0.4263 -> Signal: HOLD
2026-06-01 17:01:43 [INFO] STONKS - Decision Engine: Prob: 0.5049 -> Signal: HOLD
2026-06-01 17:01:43 [INFO] STONKS - Decision Engine: Prob: 0.5982 -> Signal: HOLD
2026-06-01 17:01:43 [INFO] STONKS - Decision Engine: Prob: 0.4831 -> Signal: HOLD
2026-06-01 17:01:43 [INFO] STONKS - Decision Engine: Prob: 0.4680 -> Signal: HOLD
2026-06-01 17:01:43 [INFO] STONKS - Decision Engine: Prob: 0.5226 -> Signal: HOLD
2026-06-01 17:01:43 [INFO] STONKS - Decision Engine: Prob: 0.4796 -> Signal: HOLD
2026-06-01 17:01:43 [INFO] STONKS - Decision Engine: Prob: 0.5226 -> Signal: HOLD
2026-06-01 17:01:43 [INFO] STONKS - Decision Engine: Prob: 0.3884 -> Signal: SELL
2026-06-01 17:01:43 [INFO] STONKS - Decision Engine: Prob: 0.3787 -> Signal: SELL
2026-06-01 17:01:43 [INFO] STONKS - Decision Engine: Prob: 0.3574 -> Signal: SELL
2026-06-01 17:01:43 [INFO] STONKS - Decision Engine: Prob: 0.3629 -> Signal: SELL
2026-06-01 17:01:43 [INFO] STONKS - Decision Engine: Prob: 0.3684 -> Signal: SELL
2026-06-01 17:01:43 [INFO] STONKS - Decision Engine: Prob: 0.4389 -> Signal: HOLD
2026-06-01 17:01:43 [INFO] STONKS - Decision Engine: Prob: 0.4074 -> Signal: HOLD
2026-06-01 17:01:43 [INFO] STONKS - Decision Engine: Prob: 0.3391 -> Signal: SELL
2026-06-01 17:01:43 [INFO] STONKS - Decision Engine: Prob: 0.3744 -> Signal: SELL
2026-06-01 17:01:43 [INFO] STONKS - Decision Engine: Prob: 0.4363 -> Signal: HOLD
2026-06-01 17:01:43 [INFO] STONKS - Decision Engine: Prob: 0.4619 -> Signal: HOLD
2026-06-01 17:01:43 [INFO] STONKS - Decision Engine: Prob: 0.3971 -> Signal: SELL
2026-06-01 17:01:43 [INFO] STONKS - Decision Engine: Prob: 0.3497 -> Signal: SELL
2026-06-01 17:01:43 [INFO] STONKS - Decision Engine: Prob: 0.3379 -> Signal: SELL
2026-06-01 17:01:43 [INFO] STONKS - Decision Engine: Prob: 0.3933 -> Signal: SELL
2026-06-01 17:01:43 [INFO] STONKS - Decision Engine: Prob: 0.3787 -> Signal: SELL
2026-06-01 17:01:43 [INFO] STONKS - Decision Engine: Prob: 0.4019 -> Signal: HOLD
2026-06-01 17:01:43 [INFO] STONKS - Decision Engine: Prob: 0.3780 -> Signal: SELL
2026-06-01 17:01:43 [INFO] STONKS - Decision Engine: Prob: 0.3309 -> Signal: SELL
2026-06-01 17:01:43 [INFO] STONKS - Decision Engine: Prob: 0.3545 -> Signal: SELL
2026-06-01 17:01:43 [INFO] STONKS - Decision Engine: Prob: 0.3467 -> Signal: SELL
2026-06-01 17:01:43 [INFO] STONKS - Decision Engine: Prob: 0.3512 -> Signal: SELL
2026-06-01 17:01:43 [INFO] STONKS - Decision Engine: Prob: 0.3412 -> Signal: SELL
2026-06-01 17:01:43 [INFO] STONKS - Decision Engine: Prob: 0.3741 -> Signal: SELL
2026-06-01 17:01:43 [INFO] STONKS - Decision Engine: Prob: 0.3916 -> Signal: SELL
2026-06-01 17:01:43 [INFO] STONKS - Decision Engine: Prob: 0.3855 -> Signal: SELL
2026-06-01 17:01:43 [INFO] STONKS - Decision Engine: Prob: 0.4285 -> Signal: HOLD
2026-06-01 17:01:43 [INFO] STONKS - Decision Engine: Prob: 0.1208 -> Signal: SELL
2026-06-01 17:01:43 [INFO] STONKS - Decision Engine: Prob: 0.1436 -> Signal: SELL
2026-06-01 17:01:43 [INFO] STONKS - Decision Engine: Prob: 0.2702 -> Signal: SELL
2026-06-01 17:01:43 [INFO] STONKS - Decision Engine: Prob: 0.1908 -> Signal: SELL
2026-06-01 17:01:43 [INFO] STONKS - Decision Engine: Prob: 0.1920 -> Signal: SELL
2026-06-01 17:01:43 [INFO] STONKS - Decision Engine: Prob: 0.2092 -> Signal: SELL
2026-06-01 17:01:43 [INFO] STONKS - Decision Engine: Prob: 0.1897 -> Signal: SELL
2026-06-01 17:01:43 [INFO] STONKS - Decision Engine: Prob: 0.2442 -> Signal: SELL
2026-06-01 17:01:43 [INFO] STONKS - Decision Engine: Prob: 0.2957 -> Signal: SELL
2026-06-01 17:01:43 [INFO] STONKS - Decision Engine: Prob: 0.3262 -> Signal: SELL
2026-06-01 17:01:43 [INFO] STONKS - Decision Engine: Prob: 0.3680 -> Signal: SELL
2026-06-01 17:01:43 [INFO] STONKS - Decision Engine: Prob: 0.4317 -> Signal: HOLD
2026-06-01 17:01:43 [INFO] STONKS - Decision Engine: Prob: 0.3586 -> Signal: SELL
2026-06-01 17:01:43 [INFO] STONKS - Decision Engine: Prob: 0.3823 -> Signal: SELL
2026-06-01 17:01:43 [INFO] STONKS - Decision Engine: Prob: 0.4271 -> Signal: HOLD
2026-06-01 17:01:43 [INFO] STONKS - Decision Engine: Prob: 0.5559 -> Signal: HOLD
2026-06-01 17:01:43 [INFO] STONKS - Decision Engine: Prob: 0.5994 -> Signal: HOLD
2026-06-01 17:01:43 [INFO] STONKS - Decision Engine: Prob: 0.5772 -> Signal: HOLD
2026-06-01 17:01:43 [INFO] STONKS - Decision Engine: Prob: 0.7012 -> Signal: BUY
2026-06-01 17:01:43 [INFO] STONKS - Decision Engine: Prob: 0.5578 -> Signal: HOLD
2026-06-01 17:01:43 [INFO] STONKS - Decision Engine: Prob: 0.6325 -> Signal: HOLD
2026-06-01 17:01:43 [INFO] STONKS - Decision Engine: Prob: 0.5786 -> Signal: HOLD
2026-06-01 17:01:43 [INFO] STONKS - Decision Engine: Prob: 0.6833 -> Signal: BUY
2026-06-01 17:01:43 [INFO] STONKS - Decision Engine: Prob: 0.6212 -> Signal: HOLD
2026-06-01 17:01:43 [INFO] STONKS - Decision Engine: Prob: 0.4924 -> Signal: HOLD
2026-06-01 17:01:43 [INFO] STONKS - Decision Engine: Prob: 0.4835 -> Signal: HOLD
2026-06-01 17:01:43 [INFO] STONKS - Decision Engine: Prob: 0.4551 -> Signal: HOLD
2026-06-01 17:01:43 [INFO] STONKS - Decision Engine: Prob: 0.4644 -> Signal: HOLD
2026-06-01 17:01:43 [INFO] STONKS - Decision Engine: Prob: 0.5334 -> Signal: HOLD
2026-06-01 17:01:43 [INFO] STONKS - Decision Engine: Prob: 0.4813 -> Signal: HOLD
2026-06-01 17:01:43 [INFO] STONKS - Decision Engine: Prob: 0.5504 -> Signal: HOLD
2026-06-01 17:01:43 [INFO] STONKS - Decision Engine: Prob: 0.5068 -> Signal: HOLD
2026-06-01 17:01:43 [INFO] STONKS - Decision Engine: Prob: 0.5211 -> Signal: HOLD
2026-06-01 17:01:43 [INFO] STONKS - Decision Engine: Prob: 0.5703 -> Signal: HOLD
2026-06-01 17:01:43 [INFO] STONKS - Decision Engine: Prob: 0.5971 -> Signal: HOLD
2026-06-01 17:01:43 [INFO] STONKS - Decision Engine: Prob: 0.5377 -> Signal: HOLD
2026-06-01 17:01:43 [INFO] STONKS - Decision Engine: Prob: 0.5236 -> Signal: HOLD
2026-06-01 17:01:43 [INFO] STONKS - Decision Engine: Prob: 0.5470 -> Signal: HOLD
2026-06-01 17:01:43 [INFO] STONKS - Decision Engine: Prob: 0.5613 -> Signal: HOLD
2026-06-01 17:01:43 [INFO] STONKS - Decision Engine: Prob: 0.5676 -> Signal: HOLD
2026-06-01 17:01:43 [INFO] STONKS - Decision Engine: Prob: 0.5856 -> Signal: HOLD
2026-06-01 17:01:43 [INFO] STONKS - Decision Engine: Prob: 0.4886 -> Signal: HOLD
2026-06-01 17:01:43 [INFO] STONKS - Decision Engine: Prob: 0.6018 -> Signal: HOLD
2026-06-01 17:01:43 [INFO] STONKS - Decision Engine: Prob: 0.5916 -> Signal: HOLD
2026-06-01 17:01:43 [INFO] STONKS - Decision Engine: Prob: 0.5252 -> Signal: HOLD
2026-06-01 17:01:43 [INFO] STONKS - Decision Engine: Prob: 0.5583 -> Signal: HOLD
2026-06-01 17:01:43 [INFO] STONKS - Decision Engine: Prob: 0.4930 -> Signal: HOLD
2026-06-01 17:01:43 [INFO] STONKS - Decision Engine: Prob: 0.5676 -> Signal: HOLD
2026-06-01 17:01:43 [INFO] STONKS - Decision Engine: Prob: 0.5522 -> Signal: HOLD
2026-06-01 17:01:43 [INFO] STONKS - Decision Engine: Prob: 0.4776 -> Signal: HOLD
2026-06-01 17:01:43 [INFO] STONKS - Decision Engine: Prob: 0.6358 -> Signal: HOLD
2026-06-01 17:01:43 [INFO] STONKS - Decision Engine: Prob: 0.7693 -> Signal: BUY
2026-06-01 17:01:43 [INFO] STONKS - Decision Engine: Prob: 0.6948 -> Signal: BUY
2026-06-01 17:01:43 [INFO] STONKS - Decision Engine: Prob: 0.6570 -> Signal: BUY
2026-06-01 17:01:43 [INFO] STONKS - Decision Engine: Prob: 0.6638 -> Signal: BUY
2026-06-01 17:01:43 [INFO] STONKS - Decision Engine: Prob: 0.8079 -> Signal: BUY
2026-06-01 17:01:43 [INFO] STONKS - Decision Engine: Prob: 0.7530 -> Signal: BUY
2026-06-01 17:01:43 [INFO] STONKS - Decision Engine: Prob: 0.7476 -> Signal: BUY
2026-06-01 17:01:43 [INFO] STONKS - Decision Engine: Prob: 0.7480 -> Signal: BUY
2026-06-01 17:01:43 [INFO] STONKS - Decision Engine: Prob: 0.7779 -> Signal: BUY
2026-06-01 17:01:43 [INFO] STONKS - Decision Engine: Prob: 0.7598 -> Signal: BUY
2026-06-01 17:01:43 [INFO] STONKS - Decision Engine: Prob: 0.8033 -> Signal: BUY
2026-06-01 17:01:43 [INFO] STONKS - Decision Engine: Prob: 0.8140 -> Signal: BUY
2026-06-01 17:01:43 [INFO] STONKS - Decision Engine: Prob: 0.8112 -> Signal: BUY
2026-06-01 17:01:43 [INFO] STONKS - Decision Engine: Prob: 0.8144 -> Signal: BUY
2026-06-01 17:01:43 [INFO] STONKS - Decision Engine: Prob: 0.8045 -> Signal: BUY
2026-06-01 17:01:43 [INFO] STONKS - Decision Engine: Prob: 0.7729 -> Signal: BUY
2026-06-01 17:01:43 [INFO] STONKS - Decision Engine: Prob: 0.8377 -> Signal: BUY
2026-06-01 17:01:43 [INFO] STONKS - Decision Engine: Prob: 0.7170 -> Signal: BUY
2026-06-01 17:01:43 [INFO] STONKS - Decision Engine: Prob: 0.7792 -> Signal: BUY
2026-06-01 17:01:43 [INFO] STONKS - Decision Engine: Prob: 0.7324 -> Signal: BUY
2026-06-01 17:01:43 [INFO] STONKS - Decision Engine: Prob: 0.7160 -> Signal: BUY
2026-06-01 17:01:43 [INFO] STONKS - Decision Engine: Prob: 0.6515 -> Signal: BUY
2026-06-01 17:01:43 [INFO] STONKS - Decision Engine: Prob: 0.7200 -> Signal: BUY
2026-06-01 17:01:43 [INFO] STONKS - Decision Engine: Prob: 0.7700 -> Signal: BUY
2026-06-01 17:01:43 [INFO] STONKS - Decision Engine: Prob: 0.7045 -> Signal: BUY
2026-06-01 17:01:43 [INFO] STONKS - Decision Engine: Prob: 0.7068 -> Signal: BUY
2026-06-01 17:01:43 [INFO] STONKS - Decision Engine: Prob: 0.6934 -> Signal: BUY
2026-06-01 17:01:43 [INFO] STONKS - Decision Engine: Prob: 0.7264 -> Signal: BUY
2026-06-01 17:01:43 [INFO] STONKS - Decision Engine: Prob: 0.7646 -> Signal: BUY
2026-06-01 17:01:43 [INFO] STONKS - Decision Engine: Prob: 0.7966 -> Signal: BUY
2026-06-01 17:01:43 [INFO] STONKS - Decision Engine: Prob: 0.7787 -> Signal: BUY
2026-06-01 17:01:43 [INFO] STONKS - Decision Engine: Prob: 0.7428 -> Signal: BUY
2026-06-01 17:01:43 [INFO] STONKS - Decision Engine: Prob: 0.7243 -> Signal: BUY
2026-06-01 17:01:43 [INFO] STONKS - Decision Engine: Prob: 0.7632 -> Signal: BUY
2026-06-01 17:01:43 [INFO] STONKS - Decision Engine: Prob: 0.7026 -> Signal: BUY
2026-06-01 17:01:43 [INFO] STONKS - Decision Engine: Prob: 0.7276 -> Signal: BUY
2026-06-01 17:01:43 [INFO] STONKS - Decision Engine: Prob: 0.7516 -> Signal: BUY
2026-06-01 17:01:43 [INFO] STONKS - Decision Engine: Prob: 0.6797 -> Signal: BUY
2026-06-01 17:01:43 [INFO] STONKS - Decision Engine: Prob: 0.7725 -> Signal: BUY
2026-06-01 17:01:43 [INFO] STONKS - Decision Engine: Prob: 0.5749 -> Signal: HOLD
2026-06-01 17:01:43 [INFO] STONKS - Decision Engine: Prob: 0.6381 -> Signal: HOLD
2026-06-01 17:01:43 [INFO] STONKS - Decision Engine: Prob: 0.5854 -> Signal: HOLD
2026-06-01 17:01:43 [INFO] STONKS - Decision Engine: Prob: 0.5228 -> Signal: HOLD
2026-06-01 17:01:43 [INFO] STONKS - Decision Engine: Prob: 0.5348 -> Signal: HOLD
2026-06-01 17:01:43 [INFO] STONKS - Decision Engine: Prob: 0.4358 -> Signal: HOLD
2026-06-01 17:01:43 [INFO] STONKS - Decision Engine: Prob: 0.3980 -> Signal: SELL
2026-06-01 17:01:43 [INFO] STONKS - Decision Engine: Prob: 0.3274 -> Signal: SELL
2026-06-01 17:01:43 [INFO] STONKS - Decision Engine: Prob: 0.3641 -> Signal: SELL
2026-06-01 17:01:43 [INFO] STONKS - Decision Engine: Prob: 0.3954 -> Signal: SELL
2026-06-01 17:01:43 [INFO] STONKS - Decision Engine: Prob: 0.6431 -> Signal: HOLD
2026-06-01 17:01:43 [INFO] STONKS - Initiating walk-forward backtest (ensemble) for TSLA...
2026-06-01 17:01:43 [INFO] STONKS - Computing features for TSLA (no active cache found).
2026-06-01 17:01:43 [INFO] STONKS - Prepared training dataset for TSLA: Shape (451, 25)
2026-06-01 17:01:43 [INFO] STONKS - Training RandomForestModel: Samples=250, Features=25
2026-06-01 17:01:43 [INFO] STONKS - RandomForestModel training completed successfully.
2026-06-01 17:01:43 [INFO] STONKS - Registered model 'rf' in WeightedEnsemble.
2026-06-01 17:01:43 [INFO] STONKS - Registered model 'finbert' in WeightedEnsemble.
2026-06-01 17:01:43 [INFO] STONKS - Set ensemble weight for 'rf' to 1.0000
2026-06-01 17:01:43 [INFO] STONKS - Set ensemble weight for 'finbert' to 0.0000
2026-06-01 17:01:43 [INFO] STONKS - Training RandomForestModel: Samples=250, Features=25
2026-06-01 17:01:43 [INFO] STONKS - RandomForestModel training completed successfully.
2026-06-01 17:01:43 [INFO] STONKS - Registered model 'rf' in WeightedEnsemble.
2026-06-01 17:01:43 [INFO] STONKS - Registered model 'finbert' in WeightedEnsemble.
2026-06-01 17:01:43 [INFO] STONKS - Set ensemble weight for 'rf' to 1.0000
2026-06-01 17:01:43 [INFO] STONKS - Set ensemble weight for 'finbert' to 0.0000
2026-06-01 17:01:43 [INFO] STONKS - Training RandomForestModel: Samples=250, Features=25
2026-06-01 17:01:43 [INFO] STONKS - RandomForestModel training completed successfully.
2026-06-01 17:01:43 [INFO] STONKS - Registered model 'rf' in WeightedEnsemble.
2026-06-01 17:01:43 [INFO] STONKS - Registered model 'finbert' in WeightedEnsemble.
2026-06-01 17:01:43 [INFO] STONKS - Set ensemble weight for 'rf' to 1.0000
2026-06-01 17:01:43 [INFO] STONKS - Set ensemble weight for 'finbert' to 0.0000
2026-06-01 17:01:43 [INFO] STONKS - Training RandomForestModel: Samples=250, Features=25
2026-06-01 17:01:43 [INFO] STONKS - RandomForestModel training completed successfully.
2026-06-01 17:01:43 [INFO] STONKS - Registered model 'rf' in WeightedEnsemble.
2026-06-01 17:01:43 [INFO] STONKS - Registered model 'finbert' in WeightedEnsemble.
2026-06-01 17:01:43 [INFO] STONKS - Set ensemble weight for 'rf' to 1.0000
2026-06-01 17:01:43 [INFO] STONKS - Set ensemble weight for 'finbert' to 0.0000
2026-06-01 17:01:44 [INFO] STONKS - Training RandomForestModel: Samples=250, Features=25
2026-06-01 17:01:44 [INFO] STONKS - RandomForestModel training completed successfully.
2026-06-01 17:01:44 [INFO] STONKS - Registered model 'rf' in WeightedEnsemble.
2026-06-01 17:01:44 [INFO] STONKS - Registered model 'finbert' in WeightedEnsemble.
2026-06-01 17:01:44 [INFO] STONKS - Set ensemble weight for 'rf' to 1.0000
2026-06-01 17:01:44 [INFO] STONKS - Set ensemble weight for 'finbert' to 0.0000
2026-06-01 17:01:44 [INFO] STONKS - Decision Engine: Prob: 0.4893 -> Signal: HOLD
2026-06-01 17:01:44 [INFO] STONKS - Decision Engine: Prob: 0.5039 -> Signal: HOLD
2026-06-01 17:01:44 [INFO] STONKS - Decision Engine: Prob: 0.4584 -> Signal: HOLD
2026-06-01 17:01:44 [INFO] STONKS - Decision Engine: Prob: 0.4489 -> Signal: HOLD
2026-06-01 17:01:44 [INFO] STONKS - Decision Engine: Prob: 0.3499 -> Signal: SELL
2026-06-01 17:01:44 [INFO] STONKS - Decision Engine: Prob: 0.4426 -> Signal: HOLD
2026-06-01 17:01:44 [INFO] STONKS - Decision Engine: Prob: 0.3821 -> Signal: SELL
2026-06-01 17:01:44 [INFO] STONKS - Decision Engine: Prob: 0.3534 -> Signal: SELL
2026-06-01 17:01:44 [INFO] STONKS - Decision Engine: Prob: 0.5025 -> Signal: HOLD
2026-06-01 17:01:44 [INFO] STONKS - Decision Engine: Prob: 0.4468 -> Signal: HOLD
2026-06-01 17:01:44 [INFO] STONKS - Decision Engine: Prob: 0.4269 -> Signal: HOLD
2026-06-01 17:01:44 [INFO] STONKS - Decision Engine: Prob: 0.4453 -> Signal: HOLD
2026-06-01 17:01:44 [INFO] STONKS - Decision Engine: Prob: 0.4882 -> Signal: HOLD
2026-06-01 17:01:44 [INFO] STONKS - Decision Engine: Prob: 0.5000 -> Signal: HOLD
2026-06-01 17:01:44 [INFO] STONKS - Decision Engine: Prob: 0.5526 -> Signal: HOLD
2026-06-01 17:01:44 [INFO] STONKS - Decision Engine: Prob: 0.5348 -> Signal: HOLD
2026-06-01 17:01:44 [INFO] STONKS - Decision Engine: Prob: 0.5024 -> Signal: HOLD
2026-06-01 17:01:44 [INFO] STONKS - Decision Engine: Prob: 0.5155 -> Signal: HOLD
2026-06-01 17:01:44 [INFO] STONKS - Decision Engine: Prob: 0.5192 -> Signal: HOLD
2026-06-01 17:01:44 [INFO] STONKS - Decision Engine: Prob: 0.5264 -> Signal: HOLD
2026-06-01 17:01:44 [INFO] STONKS - Decision Engine: Prob: 0.4857 -> Signal: HOLD
2026-06-01 17:01:44 [INFO] STONKS - Decision Engine: Prob: 0.4857 -> Signal: HOLD
2026-06-01 17:01:44 [INFO] STONKS - Decision Engine: Prob: 0.5352 -> Signal: HOLD
2026-06-01 17:01:44 [INFO] STONKS - Decision Engine: Prob: 0.4177 -> Signal: HOLD
2026-06-01 17:01:44 [INFO] STONKS - Decision Engine: Prob: 0.4212 -> Signal: HOLD
2026-06-01 17:01:44 [INFO] STONKS - Decision Engine: Prob: 0.4494 -> Signal: HOLD
2026-06-01 17:01:44 [INFO] STONKS - Decision Engine: Prob: 0.3508 -> Signal: SELL
2026-06-01 17:01:44 [INFO] STONKS - Decision Engine: Prob: 0.4317 -> Signal: HOLD
2026-06-01 17:01:44 [INFO] STONKS - Decision Engine: Prob: 0.4784 -> Signal: HOLD
2026-06-01 17:01:44 [INFO] STONKS - Decision Engine: Prob: 0.4896 -> Signal: HOLD
2026-06-01 17:01:44 [INFO] STONKS - Decision Engine: Prob: 0.5536 -> Signal: HOLD
2026-06-01 17:01:44 [INFO] STONKS - Decision Engine: Prob: 0.4761 -> Signal: HOLD
2026-06-01 17:01:44 [INFO] STONKS - Decision Engine: Prob: 0.4574 -> Signal: HOLD
2026-06-01 17:01:44 [INFO] STONKS - Decision Engine: Prob: 0.4069 -> Signal: HOLD
2026-06-01 17:01:44 [INFO] STONKS - Decision Engine: Prob: 0.4506 -> Signal: HOLD
2026-06-01 17:01:44 [INFO] STONKS - Decision Engine: Prob: 0.4449 -> Signal: HOLD
2026-06-01 17:01:44 [INFO] STONKS - Decision Engine: Prob: 0.3120 -> Signal: SELL
2026-06-01 17:01:44 [INFO] STONKS - Decision Engine: Prob: 0.1811 -> Signal: SELL
2026-06-01 17:01:44 [INFO] STONKS - Decision Engine: Prob: 0.2387 -> Signal: SELL
2026-06-01 17:01:44 [INFO] STONKS - Decision Engine: Prob: 0.2103 -> Signal: SELL
2026-06-01 17:01:44 [INFO] STONKS - Decision Engine: Prob: 0.3294 -> Signal: SELL
2026-06-01 17:01:44 [INFO] STONKS - Decision Engine: Prob: 0.2059 -> Signal: SELL
2026-06-01 17:01:44 [INFO] STONKS - Decision Engine: Prob: 0.2466 -> Signal: SELL
2026-06-01 17:01:44 [INFO] STONKS - Decision Engine: Prob: 0.3921 -> Signal: SELL
2026-06-01 17:01:44 [INFO] STONKS - Decision Engine: Prob: 0.2910 -> Signal: SELL
2026-06-01 17:01:44 [INFO] STONKS - Decision Engine: Prob: 0.2960 -> Signal: SELL
2026-06-01 17:01:44 [INFO] STONKS - Decision Engine: Prob: 0.2196 -> Signal: SELL
2026-06-01 17:01:44 [INFO] STONKS - Decision Engine: Prob: 0.3174 -> Signal: SELL
2026-06-01 17:01:44 [INFO] STONKS - Decision Engine: Prob: 0.2303 -> Signal: SELL
2026-06-01 17:01:44 [INFO] STONKS - Decision Engine: Prob: 0.2196 -> Signal: SELL
2026-06-01 17:01:44 [INFO] STONKS - Decision Engine: Prob: 0.4768 -> Signal: HOLD
2026-06-01 17:01:44 [INFO] STONKS - Decision Engine: Prob: 0.3975 -> Signal: SELL
2026-06-01 17:01:44 [INFO] STONKS - Decision Engine: Prob: 0.3158 -> Signal: SELL
2026-06-01 17:01:44 [INFO] STONKS - Decision Engine: Prob: 0.4953 -> Signal: HOLD
2026-06-01 17:01:44 [INFO] STONKS - Decision Engine: Prob: 0.2950 -> Signal: SELL
2026-06-01 17:01:44 [INFO] STONKS - Decision Engine: Prob: 0.3011 -> Signal: SELL
2026-06-01 17:01:44 [INFO] STONKS - Decision Engine: Prob: 0.2925 -> Signal: SELL
2026-06-01 17:01:44 [INFO] STONKS - Decision Engine: Prob: 0.4191 -> Signal: HOLD
2026-06-01 17:01:44 [INFO] STONKS - Decision Engine: Prob: 0.3161 -> Signal: SELL
2026-06-01 17:01:44 [INFO] STONKS - Decision Engine: Prob: 0.3068 -> Signal: SELL
2026-06-01 17:01:44 [INFO] STONKS - Decision Engine: Prob: 0.4285 -> Signal: HOLD
2026-06-01 17:01:44 [INFO] STONKS - Decision Engine: Prob: 0.3161 -> Signal: SELL
2026-06-01 17:01:44 [INFO] STONKS - Decision Engine: Prob: 0.4781 -> Signal: HOLD
2026-06-01 17:01:44 [INFO] STONKS - Decision Engine: Prob: 0.5048 -> Signal: HOLD
2026-06-01 17:01:44 [INFO] STONKS - Decision Engine: Prob: 0.3691 -> Signal: SELL
2026-06-01 17:01:44 [INFO] STONKS - Decision Engine: Prob: 0.4263 -> Signal: HOLD
2026-06-01 17:01:44 [INFO] STONKS - Decision Engine: Prob: 0.5049 -> Signal: HOLD
2026-06-01 17:01:44 [INFO] STONKS - Decision Engine: Prob: 0.5982 -> Signal: HOLD
2026-06-01 17:01:44 [INFO] STONKS - Decision Engine: Prob: 0.4831 -> Signal: HOLD
2026-06-01 17:01:44 [INFO] STONKS - Decision Engine: Prob: 0.4680 -> Signal: HOLD
2026-06-01 17:01:44 [INFO] STONKS - Decision Engine: Prob: 0.5226 -> Signal: HOLD
2026-06-01 17:01:44 [INFO] STONKS - Decision Engine: Prob: 0.4796 -> Signal: HOLD
2026-06-01 17:01:44 [INFO] STONKS - Decision Engine: Prob: 0.5226 -> Signal: HOLD
2026-06-01 17:01:44 [INFO] STONKS - Decision Engine: Prob: 0.3884 -> Signal: SELL
2026-06-01 17:01:44 [INFO] STONKS - Decision Engine: Prob: 0.3787 -> Signal: SELL
2026-06-01 17:01:44 [INFO] STONKS - Decision Engine: Prob: 0.3574 -> Signal: SELL
2026-06-01 17:01:44 [INFO] STONKS - Decision Engine: Prob: 0.3629 -> Signal: SELL
2026-06-01 17:01:44 [INFO] STONKS - Decision Engine: Prob: 0.3684 -> Signal: SELL
2026-06-01 17:01:44 [INFO] STONKS - Decision Engine: Prob: 0.4389 -> Signal: HOLD
2026-06-01 17:01:44 [INFO] STONKS - Decision Engine: Prob: 0.4074 -> Signal: HOLD
2026-06-01 17:01:44 [INFO] STONKS - Decision Engine: Prob: 0.3391 -> Signal: SELL
2026-06-01 17:01:44 [INFO] STONKS - Decision Engine: Prob: 0.3744 -> Signal: SELL
2026-06-01 17:01:44 [INFO] STONKS - Decision Engine: Prob: 0.4363 -> Signal: HOLD
2026-06-01 17:01:44 [INFO] STONKS - Decision Engine: Prob: 0.4619 -> Signal: HOLD
2026-06-01 17:01:44 [INFO] STONKS - Decision Engine: Prob: 0.3971 -> Signal: SELL
2026-06-01 17:01:44 [INFO] STONKS - Decision Engine: Prob: 0.3497 -> Signal: SELL
2026-06-01 17:01:44 [INFO] STONKS - Decision Engine: Prob: 0.3379 -> Signal: SELL
2026-06-01 17:01:44 [INFO] STONKS - Decision Engine: Prob: 0.3933 -> Signal: SELL
2026-06-01 17:01:44 [INFO] STONKS - Decision Engine: Prob: 0.3787 -> Signal: SELL
2026-06-01 17:01:44 [INFO] STONKS - Decision Engine: Prob: 0.4019 -> Signal: HOLD
2026-06-01 17:01:44 [INFO] STONKS - Decision Engine: Prob: 0.3780 -> Signal: SELL
2026-06-01 17:01:44 [INFO] STONKS - Decision Engine: Prob: 0.3309 -> Signal: SELL
2026-06-01 17:01:44 [INFO] STONKS - Decision Engine: Prob: 0.3545 -> Signal: SELL
2026-06-01 17:01:44 [INFO] STONKS - Decision Engine: Prob: 0.3467 -> Signal: SELL
2026-06-01 17:01:44 [INFO] STONKS - Decision Engine: Prob: 0.3512 -> Signal: SELL
2026-06-01 17:01:44 [INFO] STONKS - Decision Engine: Prob: 0.3412 -> Signal: SELL
2026-06-01 17:01:44 [INFO] STONKS - Decision Engine: Prob: 0.3741 -> Signal: SELL
2026-06-01 17:01:44 [INFO] STONKS - Decision Engine: Prob: 0.3916 -> Signal: SELL
2026-06-01 17:01:44 [INFO] STONKS - Decision Engine: Prob: 0.3855 -> Signal: SELL
2026-06-01 17:01:44 [INFO] STONKS - Decision Engine: Prob: 0.4285 -> Signal: HOLD
2026-06-01 17:01:44 [INFO] STONKS - Decision Engine: Prob: 0.1208 -> Signal: SELL
2026-06-01 17:01:44 [INFO] STONKS - Decision Engine: Prob: 0.1436 -> Signal: SELL
2026-06-01 17:01:44 [INFO] STONKS - Decision Engine: Prob: 0.2702 -> Signal: SELL
2026-06-01 17:01:44 [INFO] STONKS - Decision Engine: Prob: 0.1908 -> Signal: SELL
2026-06-01 17:01:44 [INFO] STONKS - Decision Engine: Prob: 0.1920 -> Signal: SELL
2026-06-01 17:01:44 [INFO] STONKS - Decision Engine: Prob: 0.2092 -> Signal: SELL
2026-06-01 17:01:44 [INFO] STONKS - Decision Engine: Prob: 0.1897 -> Signal: SELL
2026-06-01 17:01:44 [INFO] STONKS - Decision Engine: Prob: 0.2442 -> Signal: SELL
2026-06-01 17:01:44 [INFO] STONKS - Decision Engine: Prob: 0.2957 -> Signal: SELL
2026-06-01 17:01:44 [INFO] STONKS - Decision Engine: Prob: 0.3262 -> Signal: SELL
2026-06-01 17:01:44 [INFO] STONKS - Decision Engine: Prob: 0.3680 -> Signal: SELL
2026-06-01 17:01:44 [INFO] STONKS - Decision Engine: Prob: 0.4317 -> Signal: HOLD
2026-06-01 17:01:44 [INFO] STONKS - Decision Engine: Prob: 0.3586 -> Signal: SELL
2026-06-01 17:01:44 [INFO] STONKS - Decision Engine: Prob: 0.3823 -> Signal: SELL
2026-06-01 17:01:44 [INFO] STONKS - Decision Engine: Prob: 0.4271 -> Signal: HOLD
2026-06-01 17:01:44 [INFO] STONKS - Decision Engine: Prob: 0.5559 -> Signal: HOLD
2026-06-01 17:01:44 [INFO] STONKS - Decision Engine: Prob: 0.5994 -> Signal: HOLD
2026-06-01 17:01:44 [INFO] STONKS - Decision Engine: Prob: 0.5772 -> Signal: HOLD
2026-06-01 17:01:44 [INFO] STONKS - Decision Engine: Prob: 0.7012 -> Signal: BUY
2026-06-01 17:01:44 [INFO] STONKS - Decision Engine: Prob: 0.5578 -> Signal: HOLD
2026-06-01 17:01:44 [INFO] STONKS - Decision Engine: Prob: 0.6325 -> Signal: HOLD
2026-06-01 17:01:44 [INFO] STONKS - Decision Engine: Prob: 0.5786 -> Signal: HOLD
2026-06-01 17:01:44 [INFO] STONKS - Decision Engine: Prob: 0.6833 -> Signal: BUY
2026-06-01 17:01:44 [INFO] STONKS - Decision Engine: Prob: 0.6212 -> Signal: HOLD
2026-06-01 17:01:44 [INFO] STONKS - Decision Engine: Prob: 0.4924 -> Signal: HOLD
2026-06-01 17:01:44 [INFO] STONKS - Decision Engine: Prob: 0.4835 -> Signal: HOLD
2026-06-01 17:01:44 [INFO] STONKS - Decision Engine: Prob: 0.4551 -> Signal: HOLD
2026-06-01 17:01:44 [INFO] STONKS - Decision Engine: Prob: 0.4644 -> Signal: HOLD
2026-06-01 17:01:44 [INFO] STONKS - Decision Engine: Prob: 0.5334 -> Signal: HOLD
2026-06-01 17:01:44 [INFO] STONKS - Decision Engine: Prob: 0.4813 -> Signal: HOLD
2026-06-01 17:01:44 [INFO] STONKS - Decision Engine: Prob: 0.5504 -> Signal: HOLD
2026-06-01 17:01:44 [INFO] STONKS - Decision Engine: Prob: 0.5068 -> Signal: HOLD
2026-06-01 17:01:44 [INFO] STONKS - Decision Engine: Prob: 0.5211 -> Signal: HOLD
2026-06-01 17:01:44 [INFO] STONKS - Decision Engine: Prob: 0.5703 -> Signal: HOLD
2026-06-01 17:01:44 [INFO] STONKS - Decision Engine: Prob: 0.5971 -> Signal: HOLD
2026-06-01 17:01:44 [INFO] STONKS - Decision Engine: Prob: 0.5377 -> Signal: HOLD
2026-06-01 17:01:44 [INFO] STONKS - Decision Engine: Prob: 0.5236 -> Signal: HOLD
2026-06-01 17:01:44 [INFO] STONKS - Decision Engine: Prob: 0.5470 -> Signal: HOLD
2026-06-01 17:01:44 [INFO] STONKS - Decision Engine: Prob: 0.5613 -> Signal: HOLD
2026-06-01 17:01:44 [INFO] STONKS - Decision Engine: Prob: 0.5676 -> Signal: HOLD
2026-06-01 17:01:44 [INFO] STONKS - Decision Engine: Prob: 0.5856 -> Signal: HOLD
2026-06-01 17:01:44 [INFO] STONKS - Decision Engine: Prob: 0.4886 -> Signal: HOLD
2026-06-01 17:01:44 [INFO] STONKS - Decision Engine: Prob: 0.6018 -> Signal: HOLD
2026-06-01 17:01:44 [INFO] STONKS - Decision Engine: Prob: 0.5916 -> Signal: HOLD
2026-06-01 17:01:44 [INFO] STONKS - Decision Engine: Prob: 0.5252 -> Signal: HOLD
2026-06-01 17:01:44 [INFO] STONKS - Decision Engine: Prob: 0.5583 -> Signal: HOLD
2026-06-01 17:01:44 [INFO] STONKS - Decision Engine: Prob: 0.4930 -> Signal: HOLD
2026-06-01 17:01:44 [INFO] STONKS - Decision Engine: Prob: 0.5676 -> Signal: HOLD
2026-06-01 17:01:44 [INFO] STONKS - Decision Engine: Prob: 0.5522 -> Signal: HOLD
2026-06-01 17:01:44 [INFO] STONKS - Decision Engine: Prob: 0.4776 -> Signal: HOLD
2026-06-01 17:01:44 [INFO] STONKS - Decision Engine: Prob: 0.6358 -> Signal: HOLD
2026-06-01 17:01:44 [INFO] STONKS - Decision Engine: Prob: 0.7693 -> Signal: BUY
2026-06-01 17:01:44 [INFO] STONKS - Decision Engine: Prob: 0.6948 -> Signal: BUY
2026-06-01 17:01:44 [INFO] STONKS - Decision Engine: Prob: 0.6570 -> Signal: BUY
2026-06-01 17:01:44 [INFO] STONKS - Decision Engine: Prob: 0.6638 -> Signal: BUY
2026-06-01 17:01:44 [INFO] STONKS - Decision Engine: Prob: 0.8079 -> Signal: BUY
2026-06-01 17:01:44 [INFO] STONKS - Decision Engine: Prob: 0.7530 -> Signal: BUY
2026-06-01 17:01:44 [INFO] STONKS - Decision Engine: Prob: 0.7476 -> Signal: BUY
2026-06-01 17:01:44 [INFO] STONKS - Decision Engine: Prob: 0.7480 -> Signal: BUY
2026-06-01 17:01:44 [INFO] STONKS - Decision Engine: Prob: 0.7779 -> Signal: BUY
2026-06-01 17:01:44 [INFO] STONKS - Decision Engine: Prob: 0.7598 -> Signal: BUY
2026-06-01 17:01:44 [INFO] STONKS - Decision Engine: Prob: 0.8033 -> Signal: BUY
2026-06-01 17:01:44 [INFO] STONKS - Decision Engine: Prob: 0.8140 -> Signal: BUY
2026-06-01 17:01:44 [INFO] STONKS - Decision Engine: Prob: 0.8112 -> Signal: BUY
2026-06-01 17:01:44 [INFO] STONKS - Decision Engine: Prob: 0.8144 -> Signal: BUY
2026-06-01 17:01:44 [INFO] STONKS - Decision Engine: Prob: 0.8045 -> Signal: BUY
2026-06-01 17:01:44 [INFO] STONKS - Decision Engine: Prob: 0.7729 -> Signal: BUY
2026-06-01 17:01:44 [INFO] STONKS - Decision Engine: Prob: 0.8377 -> Signal: BUY
2026-06-01 17:01:44 [INFO] STONKS - Decision Engine: Prob: 0.7170 -> Signal: BUY
2026-06-01 17:01:44 [INFO] STONKS - Decision Engine: Prob: 0.7792 -> Signal: BUY
2026-06-01 17:01:44 [INFO] STONKS - Decision Engine: Prob: 0.7324 -> Signal: BUY
2026-06-01 17:01:44 [INFO] STONKS - Decision Engine: Prob: 0.7160 -> Signal: BUY
2026-06-01 17:01:44 [INFO] STONKS - Decision Engine: Prob: 0.6515 -> Signal: BUY
2026-06-01 17:01:44 [INFO] STONKS - Decision Engine: Prob: 0.7200 -> Signal: BUY
2026-06-01 17:01:44 [INFO] STONKS - Decision Engine: Prob: 0.7700 -> Signal: BUY
2026-06-01 17:01:44 [INFO] STONKS - Decision Engine: Prob: 0.7045 -> Signal: BUY
2026-06-01 17:01:44 [INFO] STONKS - Decision Engine: Prob: 0.7068 -> Signal: BUY
2026-06-01 17:01:44 [INFO] STONKS - Decision Engine: Prob: 0.6934 -> Signal: BUY
2026-06-01 17:01:44 [INFO] STONKS - Decision Engine: Prob: 0.7264 -> Signal: BUY
2026-06-01 17:01:44 [INFO] STONKS - Decision Engine: Prob: 0.7646 -> Signal: BUY
2026-06-01 17:01:44 [INFO] STONKS - Decision Engine: Prob: 0.7966 -> Signal: BUY
2026-06-01 17:01:44 [INFO] STONKS - Decision Engine: Prob: 0.7787 -> Signal: BUY
2026-06-01 17:01:44 [INFO] STONKS - Decision Engine: Prob: 0.7428 -> Signal: BUY
2026-06-01 17:01:44 [INFO] STONKS - Decision Engine: Prob: 0.7243 -> Signal: BUY
2026-06-01 17:01:44 [INFO] STONKS - Decision Engine: Prob: 0.7632 -> Signal: BUY
2026-06-01 17:01:44 [INFO] STONKS - Decision Engine: Prob: 0.7026 -> Signal: BUY
2026-06-01 17:01:44 [INFO] STONKS - Decision Engine: Prob: 0.7276 -> Signal: BUY
2026-06-01 17:01:44 [INFO] STONKS - Decision Engine: Prob: 0.7516 -> Signal: BUY
2026-06-01 17:01:44 [INFO] STONKS - Decision Engine: Prob: 0.6797 -> Signal: BUY
2026-06-01 17:01:44 [INFO] STONKS - Decision Engine: Prob: 0.7725 -> Signal: BUY
2026-06-01 17:01:44 [INFO] STONKS - Decision Engine: Prob: 0.5749 -> Signal: HOLD
2026-06-01 17:01:44 [INFO] STONKS - Decision Engine: Prob: 0.6381 -> Signal: HOLD
2026-06-01 17:01:44 [INFO] STONKS - Decision Engine: Prob: 0.5854 -> Signal: HOLD
2026-06-01 17:01:44 [INFO] STONKS - Decision Engine: Prob: 0.5228 -> Signal: HOLD
2026-06-01 17:01:44 [INFO] STONKS - Decision Engine: Prob: 0.5348 -> Signal: HOLD
2026-06-01 17:01:44 [INFO] STONKS - Decision Engine: Prob: 0.4358 -> Signal: HOLD
2026-06-01 17:01:44 [INFO] STONKS - Decision Engine: Prob: 0.3980 -> Signal: SELL
2026-06-01 17:01:44 [INFO] STONKS - Decision Engine: Prob: 0.3274 -> Signal: SELL
2026-06-01 17:01:44 [INFO] STONKS - Decision Engine: Prob: 0.3641 -> Signal: SELL
2026-06-01 17:01:44 [INFO] STONKS - Decision Engine: Prob: 0.3954 -> Signal: SELL
2026-06-01 17:01:44 [INFO] STONKS - Decision Engine: Prob: 0.6431 -> Signal: HOLD
2026-06-01 17:01:44 [INFO] STONKS - Cache hit: Loading data for NVDA (2y, 1d) from E:\Projects\StonksV2\cache\NVDA_2y_1d.csv
2026-06-01 17:01:44 [INFO] STONKS - Initiating walk-forward backtest (rf) for NVDA...
2026-06-01 17:01:44 [INFO] STONKS - Computing features for NVDA (no active cache found).
2026-06-01 17:01:44 [INFO] STONKS - Prepared training dataset for NVDA: Shape (451, 25)
2026-06-01 17:01:44 [INFO] STONKS - Training RandomForestModel: Samples=250, Features=25
2026-06-01 17:01:44 [INFO] STONKS - RandomForestModel training completed successfully.
2026-06-01 17:01:44 [INFO] STONKS - Training RandomForestModel: Samples=250, Features=25
2026-06-01 17:01:44 [INFO] STONKS - RandomForestModel training completed successfully.
2026-06-01 17:01:44 [INFO] STONKS - Training RandomForestModel: Samples=250, Features=25
2026-06-01 17:01:44 [INFO] STONKS - RandomForestModel training completed successfully.
2026-06-01 17:01:44 [INFO] STONKS - Training RandomForestModel: Samples=250, Features=25
2026-06-01 17:01:44 [INFO] STONKS - RandomForestModel training completed successfully.
2026-06-01 17:01:44 [INFO] STONKS - Training RandomForestModel: Samples=250, Features=25
2026-06-01 17:01:44 [INFO] STONKS - RandomForestModel training completed successfully.
2026-06-01 17:01:44 [INFO] STONKS - Decision Engine: Prob: 0.6448 -> Signal: HOLD
2026-06-01 17:01:44 [INFO] STONKS - Decision Engine: Prob: 0.3689 -> Signal: SELL
2026-06-01 17:01:44 [INFO] STONKS - Decision Engine: Prob: 0.6068 -> Signal: HOLD
2026-06-01 17:01:44 [INFO] STONKS - Decision Engine: Prob: 0.4766 -> Signal: HOLD
2026-06-01 17:01:44 [INFO] STONKS - Decision Engine: Prob: 0.5782 -> Signal: HOLD
2026-06-01 17:01:44 [INFO] STONKS - Decision Engine: Prob: 0.4672 -> Signal: HOLD
2026-06-01 17:01:44 [INFO] STONKS - Decision Engine: Prob: 0.5496 -> Signal: HOLD
2026-06-01 17:01:44 [INFO] STONKS - Decision Engine: Prob: 0.4512 -> Signal: HOLD
2026-06-01 17:01:44 [INFO] STONKS - Decision Engine: Prob: 0.4191 -> Signal: HOLD
2026-06-01 17:01:44 [INFO] STONKS - Decision Engine: Prob: 0.3942 -> Signal: SELL
2026-06-01 17:01:44 [INFO] STONKS - Decision Engine: Prob: 0.3652 -> Signal: SELL
2026-06-01 17:01:44 [INFO] STONKS - Decision Engine: Prob: 0.2997 -> Signal: SELL
2026-06-01 17:01:44 [INFO] STONKS - Decision Engine: Prob: 0.3232 -> Signal: SELL
2026-06-01 17:01:44 [INFO] STONKS - Decision Engine: Prob: 0.3725 -> Signal: SELL
2026-06-01 17:01:44 [INFO] STONKS - Decision Engine: Prob: 0.4679 -> Signal: HOLD
2026-06-01 17:01:44 [INFO] STONKS - Decision Engine: Prob: 0.5018 -> Signal: HOLD
2026-06-01 17:01:44 [INFO] STONKS - Decision Engine: Prob: 0.5095 -> Signal: HOLD
2026-06-01 17:01:44 [INFO] STONKS - Decision Engine: Prob: 0.4849 -> Signal: HOLD
2026-06-01 17:01:44 [INFO] STONKS - Decision Engine: Prob: 0.5432 -> Signal: HOLD
2026-06-01 17:01:44 [INFO] STONKS - Decision Engine: Prob: 0.4828 -> Signal: HOLD
2026-06-01 17:01:44 [INFO] STONKS - Decision Engine: Prob: 0.3900 -> Signal: SELL
2026-06-01 17:01:44 [INFO] STONKS - Decision Engine: Prob: 0.4718 -> Signal: HOLD
2026-06-01 17:01:44 [INFO] STONKS - Decision Engine: Prob: 0.4372 -> Signal: HOLD
2026-06-01 17:01:44 [INFO] STONKS - Decision Engine: Prob: 0.4500 -> Signal: HOLD
2026-06-01 17:01:44 [INFO] STONKS - Decision Engine: Prob: 0.4200 -> Signal: HOLD
2026-06-01 17:01:44 [INFO] STONKS - Decision Engine: Prob: 0.5009 -> Signal: HOLD
2026-06-01 17:01:44 [INFO] STONKS - Decision Engine: Prob: 0.5394 -> Signal: HOLD
2026-06-01 17:01:44 [INFO] STONKS - Decision Engine: Prob: 0.4222 -> Signal: HOLD
2026-06-01 17:01:44 [INFO] STONKS - Decision Engine: Prob: 0.4782 -> Signal: HOLD
2026-06-01 17:01:44 [INFO] STONKS - Decision Engine: Prob: 0.3786 -> Signal: SELL
2026-06-01 17:01:44 [INFO] STONKS - Decision Engine: Prob: 0.4089 -> Signal: HOLD
2026-06-01 17:01:44 [INFO] STONKS - Decision Engine: Prob: 0.3717 -> Signal: SELL
2026-06-01 17:01:44 [INFO] STONKS - Decision Engine: Prob: 0.4436 -> Signal: HOLD
2026-06-01 17:01:44 [INFO] STONKS - Decision Engine: Prob: 0.4332 -> Signal: HOLD
2026-06-01 17:01:44 [INFO] STONKS - Decision Engine: Prob: 0.4460 -> Signal: HOLD
2026-06-01 17:01:44 [INFO] STONKS - Decision Engine: Prob: 0.4296 -> Signal: HOLD
2026-06-01 17:01:44 [INFO] STONKS - Decision Engine: Prob: 0.3897 -> Signal: SELL
2026-06-01 17:01:44 [INFO] STONKS - Decision Engine: Prob: 0.4000 -> Signal: HOLD
2026-06-01 17:01:44 [INFO] STONKS - Decision Engine: Prob: 0.4741 -> Signal: HOLD
2026-06-01 17:01:44 [INFO] STONKS - Decision Engine: Prob: 0.5247 -> Signal: HOLD
2026-06-01 17:01:44 [INFO] STONKS - Decision Engine: Prob: 0.5252 -> Signal: HOLD
2026-06-01 17:01:44 [INFO] STONKS - Decision Engine: Prob: 0.4799 -> Signal: HOLD
2026-06-01 17:01:44 [INFO] STONKS - Decision Engine: Prob: 0.4187 -> Signal: HOLD
2026-06-01 17:01:44 [INFO] STONKS - Decision Engine: Prob: 0.4953 -> Signal: HOLD
2026-06-01 17:01:44 [INFO] STONKS - Decision Engine: Prob: 0.4691 -> Signal: HOLD
2026-06-01 17:01:44 [INFO] STONKS - Decision Engine: Prob: 0.4251 -> Signal: HOLD
2026-06-01 17:01:44 [INFO] STONKS - Decision Engine: Prob: 0.5286 -> Signal: HOLD
2026-06-01 17:01:44 [INFO] STONKS - Decision Engine: Prob: 0.4674 -> Signal: HOLD
2026-06-01 17:01:44 [INFO] STONKS - Decision Engine: Prob: 0.4887 -> Signal: HOLD
2026-06-01 17:01:44 [INFO] STONKS - Decision Engine: Prob: 0.4719 -> Signal: HOLD
2026-06-01 17:01:44 [INFO] STONKS - Decision Engine: Prob: 0.2261 -> Signal: SELL
2026-06-01 17:01:44 [INFO] STONKS - Decision Engine: Prob: 0.2614 -> Signal: SELL
2026-06-01 17:01:44 [INFO] STONKS - Decision Engine: Prob: 0.3196 -> Signal: SELL
2026-06-01 17:01:44 [INFO] STONKS - Decision Engine: Prob: 0.3212 -> Signal: SELL
2026-06-01 17:01:44 [INFO] STONKS - Decision Engine: Prob: 0.2574 -> Signal: SELL
2026-06-01 17:01:44 [INFO] STONKS - Decision Engine: Prob: 0.2623 -> Signal: SELL
2026-06-01 17:01:44 [INFO] STONKS - Decision Engine: Prob: 0.2940 -> Signal: SELL
2026-06-01 17:01:44 [INFO] STONKS - Decision Engine: Prob: 0.2626 -> Signal: SELL
2026-06-01 17:01:44 [INFO] STONKS - Decision Engine: Prob: 0.3126 -> Signal: SELL
2026-06-01 17:01:44 [INFO] STONKS - Decision Engine: Prob: 0.2435 -> Signal: SELL
2026-06-01 17:01:44 [INFO] STONKS - Decision Engine: Prob: 0.4183 -> Signal: HOLD
2026-06-01 17:01:44 [INFO] STONKS - Decision Engine: Prob: 0.4840 -> Signal: HOLD
2026-06-01 17:01:44 [INFO] STONKS - Decision Engine: Prob: 0.4660 -> Signal: HOLD
2026-06-01 17:01:44 [INFO] STONKS - Decision Engine: Prob: 0.4568 -> Signal: HOLD
2026-06-01 17:01:44 [INFO] STONKS - Decision Engine: Prob: 0.3926 -> Signal: SELL
2026-06-01 17:01:44 [INFO] STONKS - Decision Engine: Prob: 0.5100 -> Signal: HOLD
2026-06-01 17:01:44 [INFO] STONKS - Decision Engine: Prob: 0.4713 -> Signal: HOLD
2026-06-01 17:01:44 [INFO] STONKS - Decision Engine: Prob: 0.3994 -> Signal: SELL
2026-06-01 17:01:44 [INFO] STONKS - Decision Engine: Prob: 0.4661 -> Signal: HOLD
2026-06-01 17:01:44 [INFO] STONKS - Decision Engine: Prob: 0.4844 -> Signal: HOLD
2026-06-01 17:01:44 [INFO] STONKS - Decision Engine: Prob: 0.5286 -> Signal: HOLD
2026-06-01 17:01:44 [INFO] STONKS - Decision Engine: Prob: 0.5154 -> Signal: HOLD
2026-06-01 17:01:44 [INFO] STONKS - Decision Engine: Prob: 0.4709 -> Signal: HOLD
2026-06-01 17:01:44 [INFO] STONKS - Decision Engine: Prob: 0.5512 -> Signal: HOLD
2026-06-01 17:01:44 [INFO] STONKS - Decision Engine: Prob: 0.4238 -> Signal: HOLD
2026-06-01 17:01:44 [INFO] STONKS - Decision Engine: Prob: 0.5072 -> Signal: HOLD
2026-06-01 17:01:44 [INFO] STONKS - Decision Engine: Prob: 0.5013 -> Signal: HOLD
2026-06-01 17:01:44 [INFO] STONKS - Decision Engine: Prob: 0.4751 -> Signal: HOLD
2026-06-01 17:01:44 [INFO] STONKS - Decision Engine: Prob: 0.5084 -> Signal: HOLD
2026-06-01 17:01:44 [INFO] STONKS - Decision Engine: Prob: 0.4911 -> Signal: HOLD
2026-06-01 17:01:44 [INFO] STONKS - Decision Engine: Prob: 0.4775 -> Signal: HOLD
2026-06-01 17:01:44 [INFO] STONKS - Decision Engine: Prob: 0.3478 -> Signal: SELL
2026-06-01 17:01:44 [INFO] STONKS - Decision Engine: Prob: 0.4160 -> Signal: HOLD
2026-06-01 17:01:44 [INFO] STONKS - Decision Engine: Prob: 0.3551 -> Signal: SELL
2026-06-01 17:01:44 [INFO] STONKS - Decision Engine: Prob: 0.3860 -> Signal: SELL
2026-06-01 17:01:44 [INFO] STONKS - Decision Engine: Prob: 0.3681 -> Signal: SELL
2026-06-01 17:01:44 [INFO] STONKS - Decision Engine: Prob: 0.5000 -> Signal: HOLD
2026-06-01 17:01:44 [INFO] STONKS - Decision Engine: Prob: 0.5108 -> Signal: HOLD
2026-06-01 17:01:44 [INFO] STONKS - Decision Engine: Prob: 0.4808 -> Signal: HOLD
2026-06-01 17:01:44 [INFO] STONKS - Decision Engine: Prob: 0.4701 -> Signal: HOLD
2026-06-01 17:01:44 [INFO] STONKS - Decision Engine: Prob: 0.5501 -> Signal: HOLD
2026-06-01 17:01:44 [INFO] STONKS - Decision Engine: Prob: 0.5300 -> Signal: HOLD
2026-06-01 17:01:44 [INFO] STONKS - Decision Engine: Prob: 0.3701 -> Signal: SELL
2026-06-01 17:01:44 [INFO] STONKS - Decision Engine: Prob: 0.4235 -> Signal: HOLD
2026-06-01 17:01:44 [INFO] STONKS - Decision Engine: Prob: 0.4199 -> Signal: HOLD
2026-06-01 17:01:44 [INFO] STONKS - Decision Engine: Prob: 0.4073 -> Signal: HOLD
2026-06-01 17:01:44 [INFO] STONKS - Decision Engine: Prob: 0.3385 -> Signal: SELL
2026-06-01 17:01:44 [INFO] STONKS - Decision Engine: Prob: 0.4213 -> Signal: HOLD
2026-06-01 17:01:44 [INFO] STONKS - Decision Engine: Prob: 0.4317 -> Signal: HOLD
2026-06-01 17:01:44 [INFO] STONKS - Decision Engine: Prob: 0.5394 -> Signal: HOLD
2026-06-01 17:01:44 [INFO] STONKS - Decision Engine: Prob: 0.4254 -> Signal: HOLD
2026-06-01 17:01:44 [INFO] STONKS - Decision Engine: Prob: 0.4542 -> Signal: HOLD
2026-06-01 17:01:44 [INFO] STONKS - Decision Engine: Prob: 0.4590 -> Signal: HOLD
2026-06-01 17:01:44 [INFO] STONKS - Decision Engine: Prob: 0.4147 -> Signal: HOLD
2026-06-01 17:01:44 [INFO] STONKS - Decision Engine: Prob: 0.4239 -> Signal: HOLD
2026-06-01 17:01:44 [INFO] STONKS - Decision Engine: Prob: 0.4871 -> Signal: HOLD
2026-06-01 17:01:44 [INFO] STONKS - Decision Engine: Prob: 0.5080 -> Signal: HOLD
2026-06-01 17:01:44 [INFO] STONKS - Decision Engine: Prob: 0.5784 -> Signal: HOLD
2026-06-01 17:01:44 [INFO] STONKS - Decision Engine: Prob: 0.5911 -> Signal: HOLD
2026-06-01 17:01:44 [INFO] STONKS - Decision Engine: Prob: 0.4644 -> Signal: HOLD
2026-06-01 17:01:44 [INFO] STONKS - Decision Engine: Prob: 0.5840 -> Signal: HOLD
2026-06-01 17:01:44 [INFO] STONKS - Decision Engine: Prob: 0.6591 -> Signal: BUY
2026-06-01 17:01:44 [INFO] STONKS - Decision Engine: Prob: 0.5923 -> Signal: HOLD
2026-06-01 17:01:44 [INFO] STONKS - Decision Engine: Prob: 0.5616 -> Signal: HOLD
2026-06-01 17:01:44 [INFO] STONKS - Decision Engine: Prob: 0.6026 -> Signal: HOLD
2026-06-01 17:01:44 [INFO] STONKS - Decision Engine: Prob: 0.5931 -> Signal: HOLD
2026-06-01 17:01:44 [INFO] STONKS - Decision Engine: Prob: 0.5224 -> Signal: HOLD
2026-06-01 17:01:44 [INFO] STONKS - Decision Engine: Prob: 0.5634 -> Signal: HOLD
2026-06-01 17:01:44 [INFO] STONKS - Decision Engine: Prob: 0.4941 -> Signal: HOLD
2026-06-01 17:01:44 [INFO] STONKS - Decision Engine: Prob: 0.5301 -> Signal: HOLD
2026-06-01 17:01:44 [INFO] STONKS - Decision Engine: Prob: 0.5046 -> Signal: HOLD
2026-06-01 17:01:44 [INFO] STONKS - Decision Engine: Prob: 0.5569 -> Signal: HOLD
2026-06-01 17:01:44 [INFO] STONKS - Decision Engine: Prob: 0.6576 -> Signal: BUY
2026-06-01 17:01:44 [INFO] STONKS - Decision Engine: Prob: 0.6478 -> Signal: HOLD
2026-06-01 17:01:44 [INFO] STONKS - Decision Engine: Prob: 0.5164 -> Signal: HOLD
2026-06-01 17:01:44 [INFO] STONKS - Decision Engine: Prob: 0.4466 -> Signal: HOLD
2026-06-01 17:01:44 [INFO] STONKS - Decision Engine: Prob: 0.5712 -> Signal: HOLD
2026-06-01 17:01:44 [INFO] STONKS - Decision Engine: Prob: 0.5188 -> Signal: HOLD
2026-06-01 17:01:44 [INFO] STONKS - Decision Engine: Prob: 0.5785 -> Signal: HOLD
2026-06-01 17:01:44 [INFO] STONKS - Decision Engine: Prob: 0.6599 -> Signal: BUY
2026-06-01 17:01:44 [INFO] STONKS - Decision Engine: Prob: 0.5848 -> Signal: HOLD
2026-06-01 17:01:44 [INFO] STONKS - Decision Engine: Prob: 0.5369 -> Signal: HOLD
2026-06-01 17:01:44 [INFO] STONKS - Decision Engine: Prob: 0.5945 -> Signal: HOLD
2026-06-01 17:01:44 [INFO] STONKS - Decision Engine: Prob: 0.4921 -> Signal: HOLD
2026-06-01 17:01:44 [INFO] STONKS - Decision Engine: Prob: 0.4962 -> Signal: HOLD
2026-06-01 17:01:44 [INFO] STONKS - Decision Engine: Prob: 0.4792 -> Signal: HOLD
2026-06-01 17:01:44 [INFO] STONKS - Decision Engine: Prob: 0.3982 -> Signal: SELL
2026-06-01 17:01:44 [INFO] STONKS - Decision Engine: Prob: 0.5581 -> Signal: HOLD
2026-06-01 17:01:44 [INFO] STONKS - Decision Engine: Prob: 0.6619 -> Signal: BUY
2026-06-01 17:01:44 [INFO] STONKS - Decision Engine: Prob: 0.5270 -> Signal: HOLD
2026-06-01 17:01:44 [INFO] STONKS - Decision Engine: Prob: 0.6736 -> Signal: BUY
2026-06-01 17:01:44 [INFO] STONKS - Decision Engine: Prob: 0.5229 -> Signal: HOLD
2026-06-01 17:01:44 [INFO] STONKS - Decision Engine: Prob: 0.5924 -> Signal: HOLD
2026-06-01 17:01:44 [INFO] STONKS - Decision Engine: Prob: 0.6553 -> Signal: BUY
2026-06-01 17:01:44 [INFO] STONKS - Decision Engine: Prob: 0.5913 -> Signal: HOLD
2026-06-01 17:01:44 [INFO] STONKS - Decision Engine: Prob: 0.5056 -> Signal: HOLD
2026-06-01 17:01:44 [INFO] STONKS - Decision Engine: Prob: 0.5338 -> Signal: HOLD
2026-06-01 17:01:44 [INFO] STONKS - Decision Engine: Prob: 0.6297 -> Signal: HOLD
2026-06-01 17:01:44 [INFO] STONKS - Decision Engine: Prob: 0.6070 -> Signal: HOLD
2026-06-01 17:01:44 [INFO] STONKS - Decision Engine: Prob: 0.5257 -> Signal: HOLD
2026-06-01 17:01:44 [INFO] STONKS - Decision Engine: Prob: 0.5613 -> Signal: HOLD
2026-06-01 17:01:44 [INFO] STONKS - Decision Engine: Prob: 0.4564 -> Signal: HOLD
2026-06-01 17:01:44 [INFO] STONKS - Decision Engine: Prob: 0.4479 -> Signal: HOLD
2026-06-01 17:01:44 [INFO] STONKS - Decision Engine: Prob: 0.5988 -> Signal: HOLD
2026-06-01 17:01:44 [INFO] STONKS - Decision Engine: Prob: 0.5217 -> Signal: HOLD
2026-06-01 17:01:44 [INFO] STONKS - Decision Engine: Prob: 0.6450 -> Signal: HOLD
2026-06-01 17:01:44 [INFO] STONKS - Decision Engine: Prob: 0.6021 -> Signal: HOLD
2026-06-01 17:01:44 [INFO] STONKS - Decision Engine: Prob: 0.6964 -> Signal: BUY
2026-06-01 17:01:44 [INFO] STONKS - Decision Engine: Prob: 0.7469 -> Signal: BUY
2026-06-01 17:01:44 [INFO] STONKS - Decision Engine: Prob: 0.8119 -> Signal: BUY
2026-06-01 17:01:44 [INFO] STONKS - Decision Engine: Prob: 0.7367 -> Signal: BUY
2026-06-01 17:01:44 [INFO] STONKS - Decision Engine: Prob: 0.6772 -> Signal: BUY
2026-06-01 17:01:44 [INFO] STONKS - Decision Engine: Prob: 0.5245 -> Signal: HOLD
2026-06-01 17:01:44 [INFO] STONKS - Decision Engine: Prob: 0.6207 -> Signal: HOLD
2026-06-01 17:01:44 [INFO] STONKS - Decision Engine: Prob: 0.6056 -> Signal: HOLD
2026-06-01 17:01:44 [INFO] STONKS - Decision Engine: Prob: 0.5758 -> Signal: HOLD
2026-06-01 17:01:44 [INFO] STONKS - Decision Engine: Prob: 0.5456 -> Signal: HOLD
2026-06-01 17:01:44 [INFO] STONKS - Decision Engine: Prob: 0.3919 -> Signal: SELL
2026-06-01 17:01:44 [INFO] STONKS - Decision Engine: Prob: 0.3586 -> Signal: SELL
2026-06-01 17:01:44 [INFO] STONKS - Decision Engine: Prob: 0.3813 -> Signal: SELL
2026-06-01 17:01:44 [INFO] STONKS - Decision Engine: Prob: 0.3579 -> Signal: SELL
2026-06-01 17:01:44 [INFO] STONKS - Decision Engine: Prob: 0.4268 -> Signal: HOLD
2026-06-01 17:01:44 [INFO] STONKS - Decision Engine: Prob: 0.2117 -> Signal: SELL
2026-06-01 17:01:44 [INFO] STONKS - Decision Engine: Prob: 0.2441 -> Signal: SELL
2026-06-01 17:01:44 [INFO] STONKS - Decision Engine: Prob: 0.3621 -> Signal: SELL
2026-06-01 17:01:44 [INFO] STONKS - Decision Engine: Prob: 0.2849 -> Signal: SELL
2026-06-01 17:01:44 [INFO] STONKS - Decision Engine: Prob: 0.4308 -> Signal: HOLD
2026-06-01 17:01:44 [INFO] STONKS - Decision Engine: Prob: 0.3322 -> Signal: SELL
2026-06-01 17:01:44 [INFO] STONKS - Decision Engine: Prob: 0.2602 -> Signal: SELL
2026-06-01 17:01:44 [INFO] STONKS - Decision Engine: Prob: 0.3815 -> Signal: SELL
2026-06-01 17:01:44 [INFO] STONKS - Decision Engine: Prob: 0.4136 -> Signal: HOLD
2026-06-01 17:01:44 [INFO] STONKS - Decision Engine: Prob: 0.4392 -> Signal: HOLD
2026-06-01 17:01:44 [INFO] STONKS - Decision Engine: Prob: 0.4057 -> Signal: HOLD
2026-06-01 17:01:44 [INFO] STONKS - Decision Engine: Prob: 0.4175 -> Signal: HOLD
2026-06-01 17:01:44 [INFO] STONKS - Decision Engine: Prob: 0.4070 -> Signal: HOLD
2026-06-01 17:01:44 [INFO] STONKS - Decision Engine: Prob: 0.3015 -> Signal: SELL
2026-06-01 17:01:44 [INFO] STONKS - Decision Engine: Prob: 0.3227 -> Signal: SELL
2026-06-01 17:01:44 [INFO] STONKS - Decision Engine: Prob: 0.3164 -> Signal: SELL
2026-06-01 17:01:44 [INFO] STONKS - Decision Engine: Prob: 0.3031 -> Signal: SELL
2026-06-01 17:01:44 [INFO] STONKS - Decision Engine: Prob: 0.3492 -> Signal: SELL
2026-06-01 17:01:44 [INFO] STONKS - Decision Engine: Prob: 0.3528 -> Signal: SELL
2026-06-01 17:01:44 [INFO] STONKS - Decision Engine: Prob: 0.3271 -> Signal: SELL
2026-06-01 17:01:44 [INFO] STONKS - Decision Engine: Prob: 0.4510 -> Signal: HOLD
2026-06-01 17:01:44 [INFO] STONKS - Decision Engine: Prob: 0.3892 -> Signal: SELL
2026-06-01 17:01:44 [INFO] STONKS - Decision Engine: Prob: 0.3692 -> Signal: SELL
2026-06-01 17:01:44 [INFO] STONKS - Decision Engine: Prob: 0.2713 -> Signal: SELL
2026-06-01 17:01:44 [INFO] STONKS - Decision Engine: Prob: 0.3970 -> Signal: SELL
2026-06-01 17:01:44 [INFO] STONKS - Decision Engine: Prob: 0.3994 -> Signal: SELL
2026-06-01 17:01:44 [INFO] STONKS - Decision Engine: Prob: 0.3154 -> Signal: SELL
2026-06-01 17:01:44 [INFO] STONKS - Decision Engine: Prob: 0.3423 -> Signal: SELL
2026-06-01 17:01:44 [INFO] STONKS - Decision Engine: Prob: 0.5489 -> Signal: HOLD
2026-06-01 17:01:44 [INFO] STONKS - Initiating walk-forward backtest (ensemble) for NVDA...
2026-06-01 17:01:44 [INFO] STONKS - Computing features for NVDA (no active cache found).
2026-06-01 17:01:44 [INFO] STONKS - Prepared training dataset for NVDA: Shape (451, 25)
2026-06-01 17:01:44 [INFO] STONKS - Training RandomForestModel: Samples=250, Features=25
2026-06-01 17:01:44 [INFO] STONKS - RandomForestModel training completed successfully.
2026-06-01 17:01:44 [INFO] STONKS - Registered model 'rf' in WeightedEnsemble.
2026-06-01 17:01:44 [INFO] STONKS - Registered model 'finbert' in WeightedEnsemble.
2026-06-01 17:01:44 [INFO] STONKS - Set ensemble weight for 'rf' to 1.0000
2026-06-01 17:01:44 [INFO] STONKS - Set ensemble weight for 'finbert' to 0.0000
2026-06-01 17:01:44 [INFO] STONKS - Training RandomForestModel: Samples=250, Features=25
2026-06-01 17:01:44 [INFO] STONKS - RandomForestModel training completed successfully.
2026-06-01 17:01:44 [INFO] STONKS - Registered model 'rf' in WeightedEnsemble.
2026-06-01 17:01:44 [INFO] STONKS - Registered model 'finbert' in WeightedEnsemble.
2026-06-01 17:01:44 [INFO] STONKS - Set ensemble weight for 'rf' to 1.0000
2026-06-01 17:01:44 [INFO] STONKS - Set ensemble weight for 'finbert' to 0.0000
2026-06-01 17:01:44 [INFO] STONKS - Training RandomForestModel: Samples=250, Features=25
2026-06-01 17:01:45 [INFO] STONKS - RandomForestModel training completed successfully.
2026-06-01 17:01:45 [INFO] STONKS - Registered model 'rf' in WeightedEnsemble.
2026-06-01 17:01:45 [INFO] STONKS - Registered model 'finbert' in WeightedEnsemble.
2026-06-01 17:01:45 [INFO] STONKS - Set ensemble weight for 'rf' to 1.0000
2026-06-01 17:01:45 [INFO] STONKS - Set ensemble weight for 'finbert' to 0.0000
2026-06-01 17:01:45 [INFO] STONKS - Training RandomForestModel: Samples=250, Features=25
2026-06-01 17:01:45 [INFO] STONKS - RandomForestModel training completed successfully.
2026-06-01 17:01:45 [INFO] STONKS - Registered model 'rf' in WeightedEnsemble.
2026-06-01 17:01:45 [INFO] STONKS - Registered model 'finbert' in WeightedEnsemble.
2026-06-01 17:01:45 [INFO] STONKS - Set ensemble weight for 'rf' to 1.0000
2026-06-01 17:01:45 [INFO] STONKS - Set ensemble weight for 'finbert' to 0.0000
2026-06-01 17:01:45 [INFO] STONKS - Training RandomForestModel: Samples=250, Features=25
2026-06-01 17:01:45 [INFO] STONKS - RandomForestModel training completed successfully.
2026-06-01 17:01:45 [INFO] STONKS - Registered model 'rf' in WeightedEnsemble.
2026-06-01 17:01:45 [INFO] STONKS - Registered model 'finbert' in WeightedEnsemble.
2026-06-01 17:01:45 [INFO] STONKS - Set ensemble weight for 'rf' to 1.0000
2026-06-01 17:01:45 [INFO] STONKS - Set ensemble weight for 'finbert' to 0.0000
2026-06-01 17:01:45 [INFO] STONKS - Decision Engine: Prob: 0.6448 -> Signal: HOLD
2026-06-01 17:01:45 [INFO] STONKS - Decision Engine: Prob: 0.3689 -> Signal: SELL
2026-06-01 17:01:45 [INFO] STONKS - Decision Engine: Prob: 0.6068 -> Signal: HOLD
2026-06-01 17:01:45 [INFO] STONKS - Decision Engine: Prob: 0.4766 -> Signal: HOLD
2026-06-01 17:01:45 [INFO] STONKS - Decision Engine: Prob: 0.5782 -> Signal: HOLD
2026-06-01 17:01:45 [INFO] STONKS - Decision Engine: Prob: 0.4672 -> Signal: HOLD
2026-06-01 17:01:45 [INFO] STONKS - Decision Engine: Prob: 0.5496 -> Signal: HOLD
2026-06-01 17:01:45 [INFO] STONKS - Decision Engine: Prob: 0.4512 -> Signal: HOLD
2026-06-01 17:01:45 [INFO] STONKS - Decision Engine: Prob: 0.4191 -> Signal: HOLD
2026-06-01 17:01:45 [INFO] STONKS - Decision Engine: Prob: 0.3942 -> Signal: SELL
2026-06-01 17:01:45 [INFO] STONKS - Decision Engine: Prob: 0.3652 -> Signal: SELL
2026-06-01 17:01:45 [INFO] STONKS - Decision Engine: Prob: 0.2997 -> Signal: SELL
2026-06-01 17:01:45 [INFO] STONKS - Decision Engine: Prob: 0.3232 -> Signal: SELL
2026-06-01 17:01:45 [INFO] STONKS - Decision Engine: Prob: 0.3725 -> Signal: SELL
2026-06-01 17:01:45 [INFO] STONKS - Decision Engine: Prob: 0.4679 -> Signal: HOLD
2026-06-01 17:01:45 [INFO] STONKS - Decision Engine: Prob: 0.5018 -> Signal: HOLD
2026-06-01 17:01:45 [INFO] STONKS - Decision Engine: Prob: 0.5095 -> Signal: HOLD
2026-06-01 17:01:45 [INFO] STONKS - Decision Engine: Prob: 0.4849 -> Signal: HOLD
2026-06-01 17:01:45 [INFO] STONKS - Decision Engine: Prob: 0.5432 -> Signal: HOLD
2026-06-01 17:01:45 [INFO] STONKS - Decision Engine: Prob: 0.4828 -> Signal: HOLD
2026-06-01 17:01:45 [INFO] STONKS - Decision Engine: Prob: 0.3900 -> Signal: SELL
2026-06-01 17:01:45 [INFO] STONKS - Decision Engine: Prob: 0.4718 -> Signal: HOLD
2026-06-01 17:01:45 [INFO] STONKS - Decision Engine: Prob: 0.4372 -> Signal: HOLD
2026-06-01 17:01:45 [INFO] STONKS - Decision Engine: Prob: 0.4500 -> Signal: HOLD
2026-06-01 17:01:45 [INFO] STONKS - Decision Engine: Prob: 0.4200 -> Signal: HOLD
2026-06-01 17:01:45 [INFO] STONKS - Decision Engine: Prob: 0.5009 -> Signal: HOLD
2026-06-01 17:01:45 [INFO] STONKS - Decision Engine: Prob: 0.5394 -> Signal: HOLD
2026-06-01 17:01:45 [INFO] STONKS - Decision Engine: Prob: 0.4222 -> Signal: HOLD
2026-06-01 17:01:45 [INFO] STONKS - Decision Engine: Prob: 0.4782 -> Signal: HOLD
2026-06-01 17:01:45 [INFO] STONKS - Decision Engine: Prob: 0.3786 -> Signal: SELL
2026-06-01 17:01:45 [INFO] STONKS - Decision Engine: Prob: 0.4089 -> Signal: HOLD
2026-06-01 17:01:45 [INFO] STONKS - Decision Engine: Prob: 0.3717 -> Signal: SELL
2026-06-01 17:01:45 [INFO] STONKS - Decision Engine: Prob: 0.4436 -> Signal: HOLD
2026-06-01 17:01:45 [INFO] STONKS - Decision Engine: Prob: 0.4332 -> Signal: HOLD
2026-06-01 17:01:45 [INFO] STONKS - Decision Engine: Prob: 0.4460 -> Signal: HOLD
2026-06-01 17:01:45 [INFO] STONKS - Decision Engine: Prob: 0.4296 -> Signal: HOLD
2026-06-01 17:01:45 [INFO] STONKS - Decision Engine: Prob: 0.3897 -> Signal: SELL
2026-06-01 17:01:45 [INFO] STONKS - Decision Engine: Prob: 0.4000 -> Signal: HOLD
2026-06-01 17:01:45 [INFO] STONKS - Decision Engine: Prob: 0.4741 -> Signal: HOLD
2026-06-01 17:01:45 [INFO] STONKS - Decision Engine: Prob: 0.5247 -> Signal: HOLD
2026-06-01 17:01:45 [INFO] STONKS - Decision Engine: Prob: 0.5252 -> Signal: HOLD
2026-06-01 17:01:45 [INFO] STONKS - Decision Engine: Prob: 0.4799 -> Signal: HOLD
2026-06-01 17:01:45 [INFO] STONKS - Decision Engine: Prob: 0.4187 -> Signal: HOLD
2026-06-01 17:01:45 [INFO] STONKS - Decision Engine: Prob: 0.4953 -> Signal: HOLD
2026-06-01 17:01:45 [INFO] STONKS - Decision Engine: Prob: 0.4691 -> Signal: HOLD
2026-06-01 17:01:45 [INFO] STONKS - Decision Engine: Prob: 0.4251 -> Signal: HOLD
2026-06-01 17:01:45 [INFO] STONKS - Decision Engine: Prob: 0.5286 -> Signal: HOLD
2026-06-01 17:01:45 [INFO] STONKS - Decision Engine: Prob: 0.4674 -> Signal: HOLD
2026-06-01 17:01:45 [INFO] STONKS - Decision Engine: Prob: 0.4887 -> Signal: HOLD
2026-06-01 17:01:45 [INFO] STONKS - Decision Engine: Prob: 0.4719 -> Signal: HOLD
2026-06-01 17:01:45 [INFO] STONKS - Decision Engine: Prob: 0.2261 -> Signal: SELL
2026-06-01 17:01:45 [INFO] STONKS - Decision Engine: Prob: 0.2614 -> Signal: SELL
2026-06-01 17:01:45 [INFO] STONKS - Decision Engine: Prob: 0.3196 -> Signal: SELL
2026-06-01 17:01:45 [INFO] STONKS - Decision Engine: Prob: 0.3212 -> Signal: SELL
2026-06-01 17:01:45 [INFO] STONKS - Decision Engine: Prob: 0.2574 -> Signal: SELL
2026-06-01 17:01:45 [INFO] STONKS - Decision Engine: Prob: 0.2623 -> Signal: SELL
2026-06-01 17:01:45 [INFO] STONKS - Decision Engine: Prob: 0.2940 -> Signal: SELL
2026-06-01 17:01:45 [INFO] STONKS - Decision Engine: Prob: 0.2626 -> Signal: SELL
2026-06-01 17:01:45 [INFO] STONKS - Decision Engine: Prob: 0.3126 -> Signal: SELL
2026-06-01 17:01:45 [INFO] STONKS - Decision Engine: Prob: 0.2435 -> Signal: SELL
2026-06-01 17:01:45 [INFO] STONKS - Decision Engine: Prob: 0.4183 -> Signal: HOLD
2026-06-01 17:01:45 [INFO] STONKS - Decision Engine: Prob: 0.4840 -> Signal: HOLD
2026-06-01 17:01:45 [INFO] STONKS - Decision Engine: Prob: 0.4660 -> Signal: HOLD
2026-06-01 17:01:45 [INFO] STONKS - Decision Engine: Prob: 0.4568 -> Signal: HOLD
2026-06-01 17:01:45 [INFO] STONKS - Decision Engine: Prob: 0.3926 -> Signal: SELL
2026-06-01 17:01:45 [INFO] STONKS - Decision Engine: Prob: 0.5100 -> Signal: HOLD
2026-06-01 17:01:45 [INFO] STONKS - Decision Engine: Prob: 0.4713 -> Signal: HOLD
2026-06-01 17:01:45 [INFO] STONKS - Decision Engine: Prob: 0.3994 -> Signal: SELL
2026-06-01 17:01:45 [INFO] STONKS - Decision Engine: Prob: 0.4661 -> Signal: HOLD
2026-06-01 17:01:45 [INFO] STONKS - Decision Engine: Prob: 0.4844 -> Signal: HOLD
2026-06-01 17:01:45 [INFO] STONKS - Decision Engine: Prob: 0.5286 -> Signal: HOLD
2026-06-01 17:01:45 [INFO] STONKS - Decision Engine: Prob: 0.5154 -> Signal: HOLD
2026-06-01 17:01:45 [INFO] STONKS - Decision Engine: Prob: 0.4709 -> Signal: HOLD
2026-06-01 17:01:45 [INFO] STONKS - Decision Engine: Prob: 0.5512 -> Signal: HOLD
2026-06-01 17:01:45 [INFO] STONKS - Decision Engine: Prob: 0.4238 -> Signal: HOLD
2026-06-01 17:01:45 [INFO] STONKS - Decision Engine: Prob: 0.5072 -> Signal: HOLD
2026-06-01 17:01:45 [INFO] STONKS - Decision Engine: Prob: 0.5013 -> Signal: HOLD
2026-06-01 17:01:45 [INFO] STONKS - Decision Engine: Prob: 0.4751 -> Signal: HOLD
2026-06-01 17:01:45 [INFO] STONKS - Decision Engine: Prob: 0.5084 -> Signal: HOLD
2026-06-01 17:01:45 [INFO] STONKS - Decision Engine: Prob: 0.4911 -> Signal: HOLD
2026-06-01 17:01:45 [INFO] STONKS - Decision Engine: Prob: 0.4775 -> Signal: HOLD
2026-06-01 17:01:45 [INFO] STONKS - Decision Engine: Prob: 0.3478 -> Signal: SELL
2026-06-01 17:01:45 [INFO] STONKS - Decision Engine: Prob: 0.4160 -> Signal: HOLD
2026-06-01 17:01:45 [INFO] STONKS - Decision Engine: Prob: 0.3551 -> Signal: SELL
2026-06-01 17:01:45 [INFO] STONKS - Decision Engine: Prob: 0.3860 -> Signal: SELL
2026-06-01 17:01:45 [INFO] STONKS - Decision Engine: Prob: 0.3681 -> Signal: SELL
2026-06-01 17:01:45 [INFO] STONKS - Decision Engine: Prob: 0.5000 -> Signal: HOLD
2026-06-01 17:01:45 [INFO] STONKS - Decision Engine: Prob: 0.5108 -> Signal: HOLD
2026-06-01 17:01:45 [INFO] STONKS - Decision Engine: Prob: 0.4808 -> Signal: HOLD
2026-06-01 17:01:45 [INFO] STONKS - Decision Engine: Prob: 0.4701 -> Signal: HOLD
2026-06-01 17:01:45 [INFO] STONKS - Decision Engine: Prob: 0.5501 -> Signal: HOLD
2026-06-01 17:01:45 [INFO] STONKS - Decision Engine: Prob: 0.5300 -> Signal: HOLD
2026-06-01 17:01:45 [INFO] STONKS - Decision Engine: Prob: 0.3701 -> Signal: SELL
2026-06-01 17:01:45 [INFO] STONKS - Decision Engine: Prob: 0.4235 -> Signal: HOLD
2026-06-01 17:01:45 [INFO] STONKS - Decision Engine: Prob: 0.4199 -> Signal: HOLD
2026-06-01 17:01:45 [INFO] STONKS - Decision Engine: Prob: 0.4073 -> Signal: HOLD
2026-06-01 17:01:45 [INFO] STONKS - Decision Engine: Prob: 0.3385 -> Signal: SELL
2026-06-01 17:01:45 [INFO] STONKS - Decision Engine: Prob: 0.4213 -> Signal: HOLD
2026-06-01 17:01:45 [INFO] STONKS - Decision Engine: Prob: 0.4317 -> Signal: HOLD
2026-06-01 17:01:45 [INFO] STONKS - Decision Engine: Prob: 0.5394 -> Signal: HOLD
2026-06-01 17:01:45 [INFO] STONKS - Decision Engine: Prob: 0.4254 -> Signal: HOLD
2026-06-01 17:01:45 [INFO] STONKS - Decision Engine: Prob: 0.4542 -> Signal: HOLD
2026-06-01 17:01:45 [INFO] STONKS - Decision Engine: Prob: 0.4590 -> Signal: HOLD
2026-06-01 17:01:45 [INFO] STONKS - Decision Engine: Prob: 0.4147 -> Signal: HOLD
2026-06-01 17:01:45 [INFO] STONKS - Decision Engine: Prob: 0.4239 -> Signal: HOLD
2026-06-01 17:01:45 [INFO] STONKS - Decision Engine: Prob: 0.4871 -> Signal: HOLD
2026-06-01 17:01:45 [INFO] STONKS - Decision Engine: Prob: 0.5080 -> Signal: HOLD
2026-06-01 17:01:45 [INFO] STONKS - Decision Engine: Prob: 0.5784 -> Signal: HOLD
2026-06-01 17:01:45 [INFO] STONKS - Decision Engine: Prob: 0.5911 -> Signal: HOLD
2026-06-01 17:01:45 [INFO] STONKS - Decision Engine: Prob: 0.4644 -> Signal: HOLD
2026-06-01 17:01:45 [INFO] STONKS - Decision Engine: Prob: 0.5840 -> Signal: HOLD
2026-06-01 17:01:45 [INFO] STONKS - Decision Engine: Prob: 0.6591 -> Signal: BUY
2026-06-01 17:01:45 [INFO] STONKS - Decision Engine: Prob: 0.5923 -> Signal: HOLD
2026-06-01 17:01:45 [INFO] STONKS - Decision Engine: Prob: 0.5616 -> Signal: HOLD
2026-06-01 17:01:45 [INFO] STONKS - Decision Engine: Prob: 0.6026 -> Signal: HOLD
2026-06-01 17:01:45 [INFO] STONKS - Decision Engine: Prob: 0.5931 -> Signal: HOLD
2026-06-01 17:01:45 [INFO] STONKS - Decision Engine: Prob: 0.5224 -> Signal: HOLD
2026-06-01 17:01:45 [INFO] STONKS - Decision Engine: Prob: 0.5634 -> Signal: HOLD
2026-06-01 17:01:45 [INFO] STONKS - Decision Engine: Prob: 0.4941 -> Signal: HOLD
2026-06-01 17:01:45 [INFO] STONKS - Decision Engine: Prob: 0.5301 -> Signal: HOLD
2026-06-01 17:01:45 [INFO] STONKS - Decision Engine: Prob: 0.5046 -> Signal: HOLD
2026-06-01 17:01:45 [INFO] STONKS - Decision Engine: Prob: 0.5569 -> Signal: HOLD
2026-06-01 17:01:45 [INFO] STONKS - Decision Engine: Prob: 0.6576 -> Signal: BUY
2026-06-01 17:01:45 [INFO] STONKS - Decision Engine: Prob: 0.6478 -> Signal: HOLD
2026-06-01 17:01:45 [INFO] STONKS - Decision Engine: Prob: 0.5164 -> Signal: HOLD
2026-06-01 17:01:45 [INFO] STONKS - Decision Engine: Prob: 0.4466 -> Signal: HOLD
2026-06-01 17:01:45 [INFO] STONKS - Decision Engine: Prob: 0.5712 -> Signal: HOLD
2026-06-01 17:01:45 [INFO] STONKS - Decision Engine: Prob: 0.5188 -> Signal: HOLD
2026-06-01 17:01:45 [INFO] STONKS - Decision Engine: Prob: 0.5785 -> Signal: HOLD
2026-06-01 17:01:45 [INFO] STONKS - Decision Engine: Prob: 0.6599 -> Signal: BUY
2026-06-01 17:01:45 [INFO] STONKS - Decision Engine: Prob: 0.5848 -> Signal: HOLD
2026-06-01 17:01:45 [INFO] STONKS - Decision Engine: Prob: 0.5369 -> Signal: HOLD
2026-06-01 17:01:45 [INFO] STONKS - Decision Engine: Prob: 0.5945 -> Signal: HOLD
2026-06-01 17:01:45 [INFO] STONKS - Decision Engine: Prob: 0.4921 -> Signal: HOLD
2026-06-01 17:01:45 [INFO] STONKS - Decision Engine: Prob: 0.4962 -> Signal: HOLD
2026-06-01 17:01:45 [INFO] STONKS - Decision Engine: Prob: 0.4792 -> Signal: HOLD
2026-06-01 17:01:45 [INFO] STONKS - Decision Engine: Prob: 0.3982 -> Signal: SELL
2026-06-01 17:01:45 [INFO] STONKS - Decision Engine: Prob: 0.5581 -> Signal: HOLD
2026-06-01 17:01:45 [INFO] STONKS - Decision Engine: Prob: 0.6619 -> Signal: BUY
2026-06-01 17:01:45 [INFO] STONKS - Decision Engine: Prob: 0.5270 -> Signal: HOLD
2026-06-01 17:01:45 [INFO] STONKS - Decision Engine: Prob: 0.6736 -> Signal: BUY
2026-06-01 17:01:45 [INFO] STONKS - Decision Engine: Prob: 0.5229 -> Signal: HOLD
2026-06-01 17:01:45 [INFO] STONKS - Decision Engine: Prob: 0.5924 -> Signal: HOLD
2026-06-01 17:01:45 [INFO] STONKS - Decision Engine: Prob: 0.6553 -> Signal: BUY
2026-06-01 17:01:45 [INFO] STONKS - Decision Engine: Prob: 0.5913 -> Signal: HOLD
2026-06-01 17:01:45 [INFO] STONKS - Decision Engine: Prob: 0.5056 -> Signal: HOLD
2026-06-01 17:01:45 [INFO] STONKS - Decision Engine: Prob: 0.5338 -> Signal: HOLD
2026-06-01 17:01:45 [INFO] STONKS - Decision Engine: Prob: 0.6297 -> Signal: HOLD
2026-06-01 17:01:45 [INFO] STONKS - Decision Engine: Prob: 0.6070 -> Signal: HOLD
2026-06-01 17:01:45 [INFO] STONKS - Decision Engine: Prob: 0.5257 -> Signal: HOLD
2026-06-01 17:01:45 [INFO] STONKS - Decision Engine: Prob: 0.5613 -> Signal: HOLD
2026-06-01 17:01:45 [INFO] STONKS - Decision Engine: Prob: 0.4564 -> Signal: HOLD
2026-06-01 17:01:45 [INFO] STONKS - Decision Engine: Prob: 0.4479 -> Signal: HOLD
2026-06-01 17:01:45 [INFO] STONKS - Decision Engine: Prob: 0.5988 -> Signal: HOLD
2026-06-01 17:01:45 [INFO] STONKS - Decision Engine: Prob: 0.5217 -> Signal: HOLD
2026-06-01 17:01:45 [INFO] STONKS - Decision Engine: Prob: 0.6450 -> Signal: HOLD
2026-06-01 17:01:45 [INFO] STONKS - Decision Engine: Prob: 0.6021 -> Signal: HOLD
2026-06-01 17:01:45 [INFO] STONKS - Decision Engine: Prob: 0.6964 -> Signal: BUY
2026-06-01 17:01:45 [INFO] STONKS - Decision Engine: Prob: 0.7469 -> Signal: BUY
2026-06-01 17:01:45 [INFO] STONKS - Decision Engine: Prob: 0.8119 -> Signal: BUY
2026-06-01 17:01:45 [INFO] STONKS - Decision Engine: Prob: 0.7367 -> Signal: BUY
2026-06-01 17:01:45 [INFO] STONKS - Decision Engine: Prob: 0.6772 -> Signal: BUY
2026-06-01 17:01:45 [INFO] STONKS - Decision Engine: Prob: 0.5245 -> Signal: HOLD
2026-06-01 17:01:45 [INFO] STONKS - Decision Engine: Prob: 0.6207 -> Signal: HOLD
2026-06-01 17:01:45 [INFO] STONKS - Decision Engine: Prob: 0.6056 -> Signal: HOLD
2026-06-01 17:01:45 [INFO] STONKS - Decision Engine: Prob: 0.5758 -> Signal: HOLD
2026-06-01 17:01:45 [INFO] STONKS - Decision Engine: Prob: 0.5456 -> Signal: HOLD
2026-06-01 17:01:45 [INFO] STONKS - Decision Engine: Prob: 0.3919 -> Signal: SELL
2026-06-01 17:01:45 [INFO] STONKS - Decision Engine: Prob: 0.3586 -> Signal: SELL
2026-06-01 17:01:45 [INFO] STONKS - Decision Engine: Prob: 0.3813 -> Signal: SELL
2026-06-01 17:01:45 [INFO] STONKS - Decision Engine: Prob: 0.3579 -> Signal: SELL
2026-06-01 17:01:45 [INFO] STONKS - Decision Engine: Prob: 0.4268 -> Signal: HOLD
2026-06-01 17:01:45 [INFO] STONKS - Decision Engine: Prob: 0.2117 -> Signal: SELL
2026-06-01 17:01:45 [INFO] STONKS - Decision Engine: Prob: 0.2441 -> Signal: SELL
2026-06-01 17:01:45 [INFO] STONKS - Decision Engine: Prob: 0.3621 -> Signal: SELL
2026-06-01 17:01:45 [INFO] STONKS - Decision Engine: Prob: 0.2849 -> Signal: SELL
2026-06-01 17:01:45 [INFO] STONKS - Decision Engine: Prob: 0.4308 -> Signal: HOLD
2026-06-01 17:01:45 [INFO] STONKS - Decision Engine: Prob: 0.3322 -> Signal: SELL
2026-06-01 17:01:45 [INFO] STONKS - Decision Engine: Prob: 0.2602 -> Signal: SELL
2026-06-01 17:01:45 [INFO] STONKS - Decision Engine: Prob: 0.3815 -> Signal: SELL
2026-06-01 17:01:45 [INFO] STONKS - Decision Engine: Prob: 0.4136 -> Signal: HOLD
2026-06-01 17:01:45 [INFO] STONKS - Decision Engine: Prob: 0.4392 -> Signal: HOLD
2026-06-01 17:01:45 [INFO] STONKS - Decision Engine: Prob: 0.4057 -> Signal: HOLD
2026-06-01 17:01:45 [INFO] STONKS - Decision Engine: Prob: 0.4175 -> Signal: HOLD
2026-06-01 17:01:45 [INFO] STONKS - Decision Engine: Prob: 0.4070 -> Signal: HOLD
2026-06-01 17:01:45 [INFO] STONKS - Decision Engine: Prob: 0.3015 -> Signal: SELL
2026-06-01 17:01:45 [INFO] STONKS - Decision Engine: Prob: 0.3227 -> Signal: SELL
2026-06-01 17:01:45 [INFO] STONKS - Decision Engine: Prob: 0.3164 -> Signal: SELL
2026-06-01 17:01:45 [INFO] STONKS - Decision Engine: Prob: 0.3031 -> Signal: SELL
2026-06-01 17:01:45 [INFO] STONKS - Decision Engine: Prob: 0.3492 -> Signal: SELL
2026-06-01 17:01:45 [INFO] STONKS - Decision Engine: Prob: 0.3528 -> Signal: SELL
2026-06-01 17:01:45 [INFO] STONKS - Decision Engine: Prob: 0.3271 -> Signal: SELL
2026-06-01 17:01:45 [INFO] STONKS - Decision Engine: Prob: 0.4510 -> Signal: HOLD
2026-06-01 17:01:45 [INFO] STONKS - Decision Engine: Prob: 0.3892 -> Signal: SELL
2026-06-01 17:01:45 [INFO] STONKS - Decision Engine: Prob: 0.3692 -> Signal: SELL
2026-06-01 17:01:45 [INFO] STONKS - Decision Engine: Prob: 0.2713 -> Signal: SELL
2026-06-01 17:01:45 [INFO] STONKS - Decision Engine: Prob: 0.3970 -> Signal: SELL
2026-06-01 17:01:45 [INFO] STONKS - Decision Engine: Prob: 0.3994 -> Signal: SELL
2026-06-01 17:01:45 [INFO] STONKS - Decision Engine: Prob: 0.3154 -> Signal: SELL
2026-06-01 17:01:45 [INFO] STONKS - Decision Engine: Prob: 0.3423 -> Signal: SELL
2026-06-01 17:01:45 [INFO] STONKS - Decision Engine: Prob: 0.5489 -> Signal: HOLD
